timestamp,open,high,low,close,volume,datetime
1672531200000,30145.847769536336,30214.574719479395,30109.03246342208,30127.640348482433,617.6559048780725,2023-01-01 00:00:00
1672534800000,30127.640348482433,30335.58561230893,30064.62544494539,30092.056205272514,579.9766247395721,2023-01-01 01:00:00
1672538400000,30258.712073242656,30447.27356475738,30258.712073242656,30259.110911059353,1727.8778577836497,2023-01-01 02:00:00
1672542000000,30555.67343457863,30866.213955280382,30555.67343457863,30655.601074321836,764.4660917325596,2023-01-01 03:00:00
1672545600000,30655.601074321836,30708.4436709874,30511.946266624396,30594.3076816571,3148.292594543428,2023-01-01 04:00:00
1672549200000,30594.3076816571,30641.37984337184,30507.848624385915,30533.141124901107,887.8644640572495,2023-01-01 05:00:00
1672552800000,30930.55316337472,31151.871801073114,30930.55316337472,30948.080349527652,1522.9744619715448,2023-01-01 06:00:00
1672556400000,31114.827183542617,31159.73470913185,31114.827183542617,31151.755611054432,942.8774286066841,2023-01-01 07:00:00
1672560000000,31140.33038418754,31140.33038418754,30982.573305028956,31026.999656972588,2695.158435666306,2023-01-01 08:00:00
1672563600000,31146.73012489137,31573.474442667604,31146.73012489137,31171.222129192764,1381.5627605399604,2023-01-01 09:00:00
1672567200000,31134.10055122001,31134.10055122001,31022.904637540305,31047.995511842553,1647.64672952438,2023-01-01 10:00:00
1672570800000,31031.317312811698,31031.317312811698,30795.97728096017,30924.64488838839,2228.980713981719,2023-01-01 11:00:00
1672574400000,30924.64488838839,31020.000685628478,30807.267643013744,30988.668398730682,1234.3231800466301,2023-01-01 12:00:00
1672578000000,30537.13738137545,30537.13738137545,30419.697326712736,30486.00980648946,816.6432691086065,2023-01-01 13:00:00
1672581600000,30275.19931491149,30275.19931491149,30036.225141992938,30039.830615457577,643.6721949072962,2023-01-01 14:00:00
1672585200000,29962.762500130764,29962.762500130764,29876.33548425212,29895.80138409774,1880.8899279180805,2023-01-01 15:00:00
1672588800000,29717.422674948466,29717.422674948466,29636.158006955713,29638.1059935149,823.1981099097798,2023-01-01 16:00:00
1672592400000,29698.111425013965,29759.46626420006,29698.111425013965,29717.82160347106,2328.455564214786,2023-01-01 17:00:00
1672596000000,29596.250528312878,29596.250528312878,29346.213610889237,29488.06499553855,607.4653827437935,2023-01-01 18:00:00
1672599600000,29301.813055048722,29301.813055048722,29032.228316189237,29134.235835504423,2349.6761371370294,2023-01-01 19:00:00
1672603200000,29417.83058016855,29631.052716203314,29417.83058016855,29501.513608469464,2724.440907704028,2023-01-01 20:00:00
1672606800000,29501.513608469464,29551.711834433034,29427.349281118262,29444.635964585967,973.7194105595161,2023-01-01 21:00:00
1672610400000,29444.635964585967,29469.88937572966,29212.118744847867,29461.63618958839,990.4493137625132,2023-01-01 22:00:00
1672614000000,29281.99988143679,29281.99988143679,28989.818702638295,29105.02811463255,504.3728164917464,2023-01-01 23:00:00
1672617600000,29034.573042247626,29034.573042247626,28868.83529487456,28969.914138025822,1597.7688851674723,2023-01-02 00:00:00
1672621200000,28972.940979783958,29008.380871718855,28972.940979783958,28997.393777955825,853.8962490032648,2023-01-02 01:00:00
1672624800000,28738.46161651263,28738.46161651263,28678.578882554764,28713.513489721125,1533.243797452025,2023-01-02 02:00:00
1672628400000,28750.446310247655,28823.035603104636,28750.446310247655,28805.868546766607,3641.9105125441147,2023-01-02 03:00:00
1672632000000,28805.868546766607,29005.282044892843,28656.291021392954,28658.359768170478,1111.9351970499988,2023-01-02 04:00:00
1672635600000,28654.257368168153,28654.257368168153,28437.85791877722,28586.996439537932,961.7390844520373,2023-01-02 05:00:00
1672639200000,28586.996439537932,28590.473725734464,28401.442757206238,28440.34885298772,2399.4426877388573,2023-01-02 06:00:00
1672642800000,28753.57819404824,28971.04252109687,28753.57819404824,28894.208469770816,1139.1928577607432,2023-01-02 07:00:00
1672646400000,28894.208469770816,28924.585525493152,28845.792436813823,28890.875217653993,1632.6237783834447,2023-01-02 08:00:00
1672650000000,28820.976065581905,28820.976065581905,28530.779282491432,28630.85691005033,646.8782424806875,2023-01-02 09:00:00
1672653600000,28733.041484299803,28989.921129392744,28733.041484299803,28832.8606865588,879.2526906601768,2023-01-02 10:00:00
1672657200000,28678.593093270792,28678.593093270792,28333.23470299786,28533.55034243145,1748.9941708327506,2023-01-02 11:00:00
1672660800000,28566.42822704678,28608.026607011492,28566.42822704678,28584.535552969213,838.8484927346187,2023-01-02 12:00:00
1672664400000,28175.09193651528,28175.09193651528,28090.16865458468,28109.725554791166,618.2343763567113,2023-01-02 13:00:00
1672668000000,27999.540470545846,27999.540470545846,27778.273854941155,27792.41056284884,2304.724507747006,2023-01-02 14:00:00
1672671600000,27792.41056284884,27866.413550365964,27720.91007146769,27839.215298376934,1178.977219233992,2023-01-02 15:00:00
1672675200000,27839.215298376934,28108.760831674164,27726.954846609282,28015.492898484747,1404.1933879635167,2023-01-02 16:00:00
1672678800000,28025.036828949545,28058.868563251686,28025.036828949545,28056.559120551887,3810.422221009638,2023-01-02 17:00:00
1672682400000,28056.559120551887,28270.55989603098,28002.926735706667,28028.838886296537,873.7685796898804,2023-01-02 18:00:00
1672686000000,28028.838886296537,28042.26824004578,27870.985611383025,27956.794461221478,1236.6729262027566,2023-01-02 19:00:00
1672689600000,27633.753050151747,27633.753050151747,27583.030101037883,27605.70987840224,808.6780643480349,2023-01-02 20:00:00
1672693200000,27448.320763345408,27448.320763345408,27254.745758143774,27436.3775116721,927.8573430933416,2023-01-02 21:00:00
1672696800000,27436.3775116721,27444.036419604985,27170.722375013593,27328.56466841655,4157.165454285179,2023-01-02 22:00:00
1672700400000,27547.86595391458,27597.04634356302,27547.86595391458,27576.617118651193,2015.8388483489996,2023-01-02 23:00:00
1672704000000,27576.617118651193,27926.462207787536,27547.05951490041,27657.730616067656,860.8489699823131,2023-01-03 00:00:00
1672707600000,27256.088265403603,27256.088265403603,27052.742834589822,27244.06589947602,1876.1238826067156,2023-01-03 01:00:00
1672711200000,27314.832493034504,27400.79052475018,27314.832493034504,27319.639317341236,3665.093404396757,2023-01-03 02:00:00
1672714800000,27232.2956757412,27232.2956757412,27203.017615244356,27229.86504573968,3790.5960797829002,2023-01-03 03:00:00
1672718400000,27096.57171952612,27096.57171952612,26997.560455584964,27072.768639845064,755.384329398591,2023-01-03 04:00:00
1672722000000,27177.730612210904,27258.32206449855,27177.730612210904,27214.683559172023,1473.955972391981,2023-01-03 05:00:00
1672725600000,27289.773415345782,27501.716692064976,27289.773415345782,27455.57129536789,658.9520156678252,2023-01-03 06:00:00
1672729200000,27540.14050520055,27733.91992190693,27540.14050520055,27674.992406487872,991.2937947777808,2023-01-03 07:00:00
1672732800000,27614.580190808356,27614.580190808356,27377.537772601492,27477.18466696882,923.4135344939629,2023-01-03 08:00:00
1672736400000,27432.067233719958,27432.067233719958,27350.038694568495,27404.65874748305,1134.8561371298943,2023-01-03 09:00:00
1672740000000,27409.552221598613,27521.131017444324,27409.552221598613,27482.364079205945,564.2220124740727,2023-01-03 10:00:00
1672743600000,27482.364079205945,27811.39336578168,27465.006061584336,27712.482463477616,644.1878005901035,2023-01-03 11:00:00
1672747200000,27603.677601008687,27603.677601008687,27530.260318933233,27599.211719534764,776.9311303092047,2023-01-03 12:00:00
1672750800000,27599.211719534764,27793.758369921365,27554.64804517555,27555.448827378656,579.3021347700508,2023-01-03 13:00:00
1672754400000,27394.27207557428,27394.27207557428,27224.051142571567,27296.102407100912,1115.5657215573474,2023-01-03 14:00:00
1672758000000,27273.83709687294,27273.83709687294,26841.368861754483,27018.43402164071,544.892708900157,2023-01-03 15:00:00
1672761600000,27063.4647137648,27230.073389141005,27063.4647137648,27206.731389849898,734.691808249024,2023-01-03 16:00:00
1672765200000,27454.72705253222,27574.450798427682,27454.72705253222,27523.95869139669,3734.6743548587883,2023-01-03 17:00:00
1672768800000,27512.661017037884,27512.661017037884,27468.011932718284,27507.022773986453,800.4860724923195,2023-01-03 18:00:00
1672772400000,27582.35162453621,27984.007354321173,27582.35162453621,27743.983889008978,575.8897022138439,2023-01-03 19:00:00
1672776000000,27824.953794001995,27849.23175089436,27824.953794001995,27829.87531952556,710.8539411153337,2023-01-03 20:00:00
1672779600000,27727.215097801745,27727.215097801745,27674.574769729945,27676.839637262015,1915.9712237241736,2023-01-03 21:00:00
1672783200000,27676.839637262015,27772.538283429127,27614.946361849754,27762.466147335483,1767.0232789212519,2023-01-03 22:00:00
1672786800000,27974.373542928548,28216.379357672588,27974.373542928548,28129.850329625184,1598.413745518963,2023-01-03 23:00:00
1672790400000,28129.850329625184,28149.13881795822,27976.641800696598,28121.23766259753,1976.774632041396,2023-01-04 00:00:00
1672794000000,28499.76400388487,28537.981062960764,28499.76400388487,28499.85031134599,509.07956385090426,2023-01-04 01:00:00
1672797600000,27942.432026713315,27942.432026713315,27844.05632953086,27868.767695782313,759.647770963917,2023-01-04 02:00:00
1672801200000,27992.732796884808,28215.218755091293,27992.732796884808,28065.24047901536,888.1213685465557,2023-01-04 03:00:00
1672804800000,28065.24047901536,28142.493715672786,28000.41388617522,28086.12970869436,600.261623036669,2023-01-04 04:00:00
1672808400000,28066.72687323728,28066.72687323728,28006.522177164778,28014.43999629946,1155.6397546358057,2023-01-04 05:00:00
1672812000000,28014.43999629946,28131.818424563586,27995.802652903163,28036.42098809885,840.9210323270345,2023-01-04 06:00:00
1672815600000,27651.808978117675,27651.808978117675,27542.793168521028,27564.141726220845,5498.956075902351,2023-01-04 07:00:00
1672819200000,27564.141726220845,27670.47699538739,27323.921851164072,27512.43473946213,1903.5014509953419,2023-01-04 08:00:00
1672822800000,27512.43473946213,27816.68278515262,27477.715739162948,27596.54231022718,2049.044309577099,2023-01-04 09:00:00
1672826400000,27758.691483240593,27995.909848929783,27758.691483240593,27947.360297833497,944.0684118766535,2023-01-04 10:00:00
1672830000000,27947.360297833497,27967.852626501743,27736.93357046123,27823.830026555515,712.6895672844425,2023-01-04 11:00:00
1672833600000,27812.455764230384,27812.455764230384,27628.367121472147,27632.21406441812,539.7079937138667,2023-01-04 12:00:00
1672837200000,27561.82235287945,27561.82235287945,27433.257533656026,27513.959983381235,3504.9581125357595,2023-01-04 13:00:00
1672840800000,27513.959983381235,27912.620514701994,27495.0306980564,27730.084033743013,1367.7121011941033,2023-01-04 14:00:00
1672844400000,27795.71280314549,28000.311940823773,27795.71280314549,27808.114943794513,831.9768483987264,2023-01-04 15:00:00
1672848000000,27774.675399989366,27774.675399989366,27648.10404341248,27682.48131096461,3427.2611169441507,2023-01-04 16:00:00
1672851600000,27694.677358599216,27826.6678370736,27694.677358599216,27804.195066319233,2015.7904915515273,2023-01-04 17:00:00
1672855200000,27804.195066319233,27870.195227569366,27414.4306767056,27827.27567507857,729.010866716045,2023-01-04 18:00:00
1672858800000,28015.022197586106,28208.80825186488,28015.022197586106,28058.627199664264,902.8156695729183,2023-01-04 19:00:00
1672862400000,27934.411651324375,27934.411651324375,27837.848108303657,27890.757656490092,573.8169370030263,2023-01-04 20:00:00
1672866000000,27890.757656490092,28122.302131093224,27789.10586479814,27812.753723758113,2165.366041661833,2023-01-04 21:00:00
1672869600000,27776.388621921422,27776.388621921422,27606.235472413067,27719.694329039372,1682.9227771663489,2023-01-04 22:00:00
1672873200000,27454.67972963823,27454.67972963823,27235.582282805175,27375.098519377327,664.3972510280494,2023-01-04 23:00:00
1672876800000,27375.098519377327,27457.314741268725,27321.02322542426,27444.474878615492,831.9439019404438,2023-01-05 00:00:00
1672880400000,27496.198667326822,27565.04947092207,27496.198667326822,27505.78186274583,636.813115846664,2023-01-05 01:00:00
1672884000000,27505.78186274583,27588.126708091106,27206.228300555103,27506.984088416768,556.1835691564969,2023-01-05 02:00:00
1672887600000,27506.984088416768,27579.442377503052,27324.492957649738,27451.884321319365,761.9060302253947,2023-01-05 03:00:00
1672891200000,27262.883851234055,27262.883851234055,27026.66469357561,27121.776403040956,2386.6772280370346,2023-01-05 04:00:00
1672894800000,27121.776403040956,27223.759031178764,26946.1807590179,27024.4363407185,893.4799193146354,2023-01-05 05:00:00
1672898400000,27024.4363407185,27044.83796358045,26878.638006195728,26945.38829544062,700.4211316416398,2023-01-05 06:00:00
1672902000000,26850.840649871567,26850.840649871567,26732.475199211425,26761.24384153586,2143.478368729371,2023-01-05 07:00:00
1672905600000,26761.24384153586,26891.096936340982,26527.918522049935,26724.376586585026,1581.7972204129242,2023-01-05 08:00:00
1672909200000,26724.376586585026,26826.61001672171,26724.19804555465,26816.83186437765,1735.5351233568276,2023-01-05 09:00:00
1672912800000,27186.363694772394,27308.621765464617,27186.363694772394,27252.68028526714,1376.5239671469428,2023-01-05 10:00:00
1672916400000,27252.68028526714,27369.248677516414,27118.050653184688,27293.377086103428,851.7725691046353,2023-01-05 11:00:00
1672920000000,27293.377086103428,27466.967826609318,27259.61223707316,27353.527073321184,608.1599460385941,2023-01-05 12:00:00
1672923600000,27353.527073321184,27569.275639848904,26972.80301053712,27336.126883920053,960.8944761872567,2023-01-05 13:00:00
1672927200000,27015.79739685176,27015.79739685176,26777.039406511107,26891.45300260545,1119.3692442292759,2023-01-05 14:00:00
1672930800000,26891.45300260545,26911.794729703248,26828.1681953844,26885.359370875332,1805.5665773552832,2023-01-05 15:00:00
1672934400000,26885.359370875332,26947.789978705052,26821.42213879564,26899.203956211983,2145.432535124599,2023-01-05 16:00:00
1672938000000,27342.39256275926,27537.105663075836,27342.39256275926,27471.55754706882,908.8866362702279,2023-01-05 17:00:00
1672941600000,27471.55754706882,27550.461915022046,27316.531318562273,27426.425900452712,1325.7025796841308,2023-01-05 18:00:00
1672945200000,27426.425900452712,27497.865462105834,27418.620080982386,27497.207841062693,978.8711656821708,2023-01-05 19:00:00
1672948800000,27497.207841062693,27542.408581601554,27426.229680060864,27489.050683324826,1825.9292819722025,2023-01-05 20:00:00
1672952400000,27250.014936553984,27250.014936553984,27207.494722854306,27215.82266863737,2326.3343161106413,2023-01-05 21:00:00
1672956000000,27429.558368554564,27490.057605618997,27429.558368554564,27482.976358983,767.8446810487069,2023-01-05 22:00:00
1672959600000,27592.18552251299,27765.43619272535,27592.18552251299,27660.18187778885,1290.6063631889006,2023-01-05 23:00:00
1672963200000,27843.082092336925,28064.348785703456,27843.082092336925,27847.83509721573,2485.153492430679,2023-01-06 00:00:00
1672966800000,27690.317764038748,27690.317764038748,27570.092897877406,27632.213853909587,1304.54158739983,2023-01-06 01:00:00
1672970400000,27932.07841630174,28084.61420299629,27932.07841630174,27965.52810652125,2504.6737106042547,2023-01-06 02:00:00
1672974000000,27688.984374373147,27688.984374373147,27530.548162480198,27632.436636538903,842.5544405277208,2023-01-06 03:00:00
1672977600000,27675.273093906093,27816.08792727553,27675.273093906093,27771.393234621908,2092.981058310641,2023-01-06 04:00:00
1672981200000,28131.06539384375,28378.916049601758,28131.06539384375,28296.251479924613,1348.038762122536,2023-01-06 05:00:00
1672984800000,28066.05357965452,28066.05357965452,27980.975198750344,28057.69014931231,839.1616705698859,2023-01-06 06:00:00
1672988400000,28045.044575058935,28045.044575058935,27760.790261437178,27922.20739720002,1470.9910051382612,2023-01-06 07:00:00
1672992000000,27922.20739720002,28091.44121218416,27842.279467538807,27946.000764393324,1018.3998787738292,2023-01-06 08:00:00
1672995600000,27889.7131082562,27889.7131082562,27622.95429196413,27825.99504937197,1656.5927870318258,2023-01-06 09:00:00
1672999200000,27510.34085449738,27510.34085449738,27440.448942069404,27459.615490365566,968.2787928521474,2023-01-06 10:00:00
1673002800000,27459.615490365566,27494.502633474494,27416.791311288613,27475.71265186598,1613.1549686950416,2023-01-06 11:00:00
1673006400000,27365.3054596255,27365.3054596255,27166.740728171444,27227.36195050155,1041.8586455108923,2023-01-06 12:00:00
1673010000000,27307.39247398591,27386.109290422493,27307.39247398591,27337.80224705126,825.526249643295,2023-01-06 13:00:00
1673013600000,27182.583302772015,27182.583302772015,26930.39610731638,27123.803077327342,4430.632133279656,2023-01-06 14:00:00
1673017200000,27396.433401917493,27489.383322441958,27396.433401917493,27485.530791587124,697.6764606755113,2023-01-06 15:00:00
1673020800000,27478.74407915423,27478.74407915423,27230.56589096875,27302.134167736927,1719.270648703156,2023-01-06 16:00:00
1673024400000,27302.134167736927,27441.904877380533,27118.920639489425,27227.07984076177,1006.8541514341259,2023-01-06 17:00:00
1673028000000,27339.402953057903,27514.143572692174,27339.402953057903,27417.063636431438,1159.7891918683802,2023-01-06 18:00:00
1673031600000,27237.013611998398,27237.013611998398,27013.72076161528,27130.126672309834,1569.3138993831842,2023-01-06 19:00:00
1673035200000,27136.92768417382,27193.098803421057,27136.92768417382,27182.92460442607,580.1037988599451,2023-01-06 20:00:00
1673038800000,27456.422717767036,27552.55906613345,27456.422717767036,27488.336205643587,1413.9050477588241,2023-01-06 21:00:00
1673042400000,27286.879408610006,27286.879408610006,26968.647717464388,27113.23136454251,811.158196669566,2023-01-06 22:00:00
1673046000000,27113.23136454251,27250.22294773621,27022.788997282718,27156.053990603898,1726.3202244500762,2023-01-06 23:00:00
1673049600000,27156.053990603898,27399.63917978077,27108.72809035217,27216.443927056334,816.213591032566,2023-01-07 00:00:00
1673053200000,27367.138972277364,27518.093893719106,27367.138972277364,27398.9299491604,3432.4519609425633,2023-01-07 01:00:00
1673056800000,27135.67278515688,27135.67278515688,27078.701843631752,27110.772336624734,1385.727267264709,2023-01-07 02:00:00
1673060400000,26926.489836818513,26926.489836818513,26672.51204449641,26806.5049411453,1024.5049115039433,2023-01-07 03:00:00
1673064000000,26896.922286218458,26931.40153115547,26896.922286218458,26926.363520910436,791.8260323785146,2023-01-07 04:00:00
1673067600000,26987.62720642884,27060.799641309146,26987.62720642884,26994.802104655242,1009.2191109697121,2023-01-07 05:00:00
1673071200000,27004.05107035385,27097.218584141898,27004.05107035385,27052.662104685125,1616.1466144629726,2023-01-07 06:00:00
1673074800000,27112.67282437141,27135.621829473326,27112.67282437141,27132.89074848452,597.19999573861,2023-01-07 07:00:00
1673078400000,27012.131326580933,27012.131326580933,26953.772998242708,26975.638398119856,1069.1982557212377,2023-01-07 08:00:00
1673082000000,26975.638398119856,27079.696390338464,26843.657945382543,27029.243169697344,1785.3557519560595,2023-01-07 09:00:00
1673085600000,27086.990311211957,27098.867720104823,27086.990311211957,27097.037117201227,1450.0845778521457,2023-01-07 10:00:00
1673089200000,27080.829695738823,27080.829695738823,26852.703493278183,26932.08934810811,1751.9478326323365,2023-01-07 11:00:00
1673092800000,27298.614984218257,27407.04316275706,27298.614984218257,27365.036343275216,513.8408988589265,2023-01-07 12:00:00
1673096400000,27395.004340442065,27568.125733308458,27395.004340442065,27476.091557475494,815.8159142692778,2023-01-07 13:00:00
1673100000000,27395.916068201575,27395.916068201575,27162.767884542838,27197.73205615896,1433.2632656949172,2023-01-07 14:00:00
1673103600000,27322.807427828946,27418.593948630045,27322.807427828946,27350.791450674453,3525.999956634014,2023-01-07 15:00:00
1673107200000,27171.157874097567,27171.157874097567,27071.419048737873,27123.87665306806,2231.5140536547306,2023-01-07 16:00:00
1673110800000,27220.29694991573,27315.834299042555,27220.29694991573,27306.97010298785,723.496135799347,2023-01-07 17:00:00
1673114400000,27498.43074112017,27745.752475181744,27498.43074112017,27578.736348425282,1839.0955323734006,2023-01-07 18:00:00
1673118000000,27475.290311163364,27475.290311163364,27381.51473409277,27385.954993845327,963.8035907562944,2023-01-07 19:00:00
1673121600000,27521.94448832278,27630.547303313455,27521.94448832278,27612.3938836504,1272.9091380348864,2023-01-07 20:00:00
1673125200000,27612.3938836504,27803.06956619988,27546.438432587755,27709.988977846777,2757.096460059006,2023-01-07 21:00:00
1673128800000,27828.91187631881,28037.396931238494,27828.91187631881,27905.379986764427,1105.7691464212985,2023-01-07 22:00:00
1673132400000,28277.503211880085,28523.743467697615,28277.503211880085,28361.491598672234,1722.3432806039843,2023-01-07 23:00:00
1673136000000,28361.491598672234,28497.454821380466,28055.85823151068,28302.067151223953,1547.8877810532038,2023-01-08 00:00:00
1673139600000,28186.361139731438,28186.361139731438,28017.011675998183,28120.315981323158,1086.8421292278963,2023-01-08 01:00:00
1673143200000,27989.666467973613,27989.666467973613,27906.836849146886,27907.325016472616,1175.4953535639747,2023-01-08 02:00:00
1673146800000,27771.806198662962,27771.806198662962,27542.41729379921,27713.400817309193,1564.714509120123,2023-01-08 03:00:00
1673150400000,27713.400817309193,27777.906099990345,27636.866621602407,27695.14300802991,674.904270128219,2023-01-08 04:00:00
1673154000000,27735.652970464067,27869.842616253776,27735.652970464067,27776.019589927597,2182.6845626614077,2023-01-08 05:00:00
1673157600000,27802.52407748558,27924.408471151393,27802.52407748558,27841.787844752715,841.3465214844297,2023-01-08 06:00:00
1673161200000,27940.42476118707,28169.372619024052,27940.42476118707,28039.336006147398,1223.618057617327,2023-01-08 07:00:00
1673164800000,28039.336006147398,28299.498537356067,27978.594288934026,28042.452285208612,936.6294487848321,2023-01-08 08:00:00
1673168400000,28326.618847817375,28451.49808139982,28326.618847817375,28393.026348728596,867.8743259567037,2023-01-08 09:00:00
1673172000000,28393.026348728596,28467.560227059894,28163.805941721785,28328.869709720304,1204.47945577086,2023-01-08 10:00:00
1673175600000,28889.744606709606,29023.72562008369,28889.744606709606,28995.249283907997,1306.0274314681737,2023-01-08 11:00:00
1673179200000,29148.94215993472,29325.227271865053,29148.94215993472,29150.727685001628,2457.6967369558533,2023-01-08 12:00:00
1673182800000,29051.936453705446,29051.936453705446,28878.23880973397,28937.93434707824,2457.3250068054285,2023-01-08 13:00:00
1673186400000,28721.981335649656,28721.981335649656,28479.302119698674,28674.261619718203,1443.0114594270499,2023-01-08 14:00:00
1673190000000,28678.76248840639,28851.037905729987,28678.76248840639,28792.75619574709,697.5406893939021,2023-01-08 15:00:00
1673193600000,28792.75619574709,28865.177599148108,28646.4594021596,28737.81328205465,625.0546223461629,2023-01-08 16:00:00
1673197200000,28800.2404549031,29034.315039820278,28800.2404549031,28913.73362678779,1223.468974627051,2023-01-08 17:00:00
1673200800000,28978.200388944024,29065.792455582276,28978.200388944024,29030.926183566007,937.3758746010938,2023-01-08 18:00:00
1673204400000,29030.926183566007,29039.768632135627,28974.610133757735,29012.859955706375,1232.3550010191643,2023-01-08 19:00:00
1673208000000,28978.13277676707,28978.13277676707,28729.782291696778,28803.62446573618,559.4657127876816,2023-01-08 20:00:00
1673211600000,28600.47768414964,28600.47768414964,28364.446953622664,28433.075765295853,747.889629472023,2023-01-08 21:00:00
1673215200000,28338.390144019093,28338.390144019093,28270.892817010827,28324.765582918906,1313.9111519309452,2023-01-08 22:00:00
1673218800000,28324.765582918906,28726.262950728575,28303.623228770844,28532.864971139814,1278.4981270198164,2023-01-08 23:00:00
1673222400000,28532.864971139814,28717.789434913706,28456.215628887174,28585.12681450744,688.3725162262277,2023-01-09 00:00:00
1673226000000,28585.12681450744,28600.955951467644,28281.961301645795,28282.36930401807,2544.2826532666186,2023-01-09 01:00:00
1673229600000,28282.36930401807,28390.70762355331,28055.63013515926,28324.265563812703,622.6136567936069,2023-01-09 02:00:00
1673233200000,28386.68875934158,28530.097746390893,28386.68875934158,28417.70507517796,911.2919143687304,2023-01-09 03:00:00
1673236800000,28256.07632897147,28256.07632897147,28106.665335556485,28203.825311158234,730.9893918794464,2023-01-09 04:00:00
1673240400000,28212.591062353073,28344.518535940802,28212.591062353073,28240.908417404207,728.5536387301536,2023-01-09 05:00:00
1673244000000,28240.908417404207,28579.16258570119,28223.618200260215,28254.962829304324,518.2902933165651,2023-01-09 06:00:00
1673247600000,28254.962829304324,28293.664984579824,27847.30020989108,27980.269620029856,1490.0084710640917,2023-01-09 07:00:00
1673251200000,27980.269620029856,28197.47903688158,27965.425600471975,28065.969273818093,510.02889836454807,2023-01-09 08:00:00
1673254800000,28065.969273818093,28234.643736028353,27988.866519019513,28200.82061405208,2308.606811312885,2023-01-09 09:00:00
1673258400000,28421.939971519812,28507.064952988512,28421.939971519812,28463.09775756646,1163.7722009982695,2023-01-09 10:00:00
1673262000000,28643.834487529908,28855.218454160487,28643.834487529908,28720.632916249684,1100.1927060322705,2023-01-09 11:00:00
1673265600000,28424.897504523204,28424.897504523204,28348.311331994533,28384.413791662835,2641.826664834698,2023-01-09 12:00:00
1673269200000,28254.06864543793,28254.06864543793,28150.148285341995,28157.7927717388,990.7388700351496,2023-01-09 13:00:00
1673272800000,28168.321803198323,28315.347835732035,28168.321803198323,28282.02371947706,1280.3643189371355,2023-01-09 14:00:00
1673276400000,28380.84917633772,28480.1540260568,28380.84917633772,28406.49942822799,970.7541963972017,2023-01-09 15:00:00
1673280000000,28406.49942822799,28567.775360500298,28367.680966030588,28531.830687544738,6371.853459960933,2023-01-09 16:00:00
1673283600000,29408.96222531903,29723.54136900818,29408.96222531903,29487.058245665903,748.60409500367,2023-01-09 17:00:00
1673287200000,29487.058245665903,29790.137002438794,29445.026484284557,29631.2970933942,571.1885062626451,2023-01-09 18:00:00
1673290800000,29638.276162800365,29997.63497545488,29638.276162800365,29920.305332531625,1782.791477852921,2023-01-09 19:00:00
1673294400000,30040.48820093306,30331.50931124197,30040.48820093306,30165.28216855728,508.39885371211676,2023-01-09 20:00:00
1673298000000,30186.215744654222,30418.16560929072,30186.215744654222,30333.703396810655,1161.6279094100246,2023-01-09 21:00:00
1673301600000,30286.790097499827,30286.790097499827,30056.45536705531,30252.071488618538,568.775029976428,2023-01-09 22:00:00
1673305200000,30259.515380823967,30508.4691657189,30259.515380823967,30448.962853854544,2023.0766420252808,2023-01-09 23:00:00
1673308800000,30345.59061962614,30345.59061962614,30167.812544573957,30248.488833339674,1229.8279003508778,2023-01-10 00:00:00
1673312400000,30240.18633479414,30240.18633479414,30076.23043229635,30187.32172316247,1468.8316069352845,2023-01-10 01:00:00
1673316000000,30154.93177920904,30154.93177920904,29994.401498787396,30062.345003651808,716.8821944608369,2023-01-10 02:00:00
1673319600000,30062.345003651808,30121.520801768846,30023.83952237702,30083.390516276308,2888.4533639455603,2023-01-10 03:00:00
1673323200000,30495.43862274119,30755.500658197496,30495.43862274119,30684.501804391366,1561.7002105589254,2023-01-10 04:00:00
1673326800000,30223.2558356171,30223.2558356171,30077.16557173221,30198.652188799024,1500.736287931406,2023-01-10 05:00:00
1673330400000,30218.30471126519,30388.3069855115,30218.30471126519,30376.31178222912,1760.1803008714285,2023-01-10 06:00:00
1673334000000,30068.991420604427,30068.991420604427,29876.962172744836,29960.457694301876,876.6252169752993,2023-01-10 07:00:00
1673337600000,29936.522702238675,29936.522702238675,29752.185289700337,29839.84582722458,1053.1258681164363,2023-01-10 08:00:00
1673341200000,30002.743820546617,30120.89554783915,30002.743820546617,30118.88515219169,708.1568904442586,2023-01-10 09:00:00
1673344800000,30118.88515219169,30164.06385057982,30073.70371381772,30135.437977685124,982.5601566098269,2023-01-10 10:00:00
1673348400000,29924.287290745662,29924.287290745662,29727.592716022606,29859.10510975226,2090.819567208323,2023-01-10 11:00:00
1673352000000,29794.625632938823,29794.625632938823,29537.770653765845,29677.102243396395,806.6093821336808,2023-01-10 12:00:00
1673355600000,29779.414777349604,29871.91535223841,29779.414777349604,29849.993624662377,892.3195905358594,2023-01-10 13:00:00
1673359200000,29767.854534721886,29767.854534721886,29586.947512177518,29664.22678183783,1686.2670107574804,2023-01-10 14:00:00
1673362800000,29664.22678183783,29777.994312040006,29545.518788246492,29719.161590113592,807.388341009099,2023-01-10 15:00:00
1673366400000,29719.161590113592,29863.45759570915,29662.48553230968,29730.7401790836,2005.1916114338844,2023-01-10 16:00:00
1673370000000,29653.655021863073,29653.655021863073,29492.07155604726,29565.61393064809,592.5374690050799,2023-01-10 17:00:00
1673373600000,29927.768118177435,30234.591669902762,29927.768118177435,30112.407827892013,1066.2435996412855,2023-01-10 18:00:00
1673377200000,30112.407827892013,30321.25381504366,30073.539403126895,30276.011981450676,539.7593516805459,2023-01-10 19:00:00
1673380800000,29913.548481531678,29913.548481531678,29608.336270373064,29756.448231514692,2781.990494660967,2023-01-10 20:00:00
1673384400000,29756.448231514692,29845.872426998187,29710.687926043323,29803.909307556678,2812.2405138111794,2023-01-10 21:00:00
1673388000000,29695.216674226427,29695.216674226427,29554.15049867651,29635.796302816118,1359.6797985106655,2023-01-10 22:00:00
1673391600000,29774.37595367511,29949.068347501925,29774.37595367511,29852.515851979155,2452.092115143325,2023-01-10 23:00:00
1673395200000,29663.31129826624,29663.31129826624,29587.136248660096,29650.976726109686,639.3547955739564,2023-01-11 00:00:00
1673398800000,29626.88821496595,29626.88821496595,29604.885261830128,29621.912057632762,2031.265804358061,2023-01-11 01:00:00
1673402400000,29668.607492085986,29980.437175619118,29668.607492085986,29750.04744452785,1562.3054479496666,2023-01-11 02:00:00
1673406000000,29800.794257420763,30050.694913329644,29800.794257420763,29971.01503897241,1936.7569459094216,2023-01-11 03:00:00
1673409600000,29800.933655110333,29800.933655110333,29408.995600989638,29665.099193304828,1479.8005772521858,2023-01-11 04:00:00
1673413200000,29611.920931278055,29611.920931278055,29448.284667544714,29580.40361092748,1369.7659409838188,2023-01-11 05:00:00
1673416800000,29580.40361092748,29683.26318107578,29398.598706764504,29460.562892302405,993.0355950481086,2023-01-11 06:00:00
1673420400000,29359.090074458418,29359.090074458418,29121.303324766286,29296.504288779714,3133.6215041162345,2023-01-11 07:00:00
1673424000000,29670.70383972668,29768.191890459246,29670.70383972668,29741.946237245164,1250.0931924870727,2023-01-11 08:00:00
1673427600000,29741.946237245164,29924.862101151444,29732.167188734213,29845.078516665904,1399.3309136890182,2023-01-11 09:00:00
1673431200000,29533.500085329935,29533.500085329935,29442.74501667303,29525.153941428813,1623.2727809391317,2023-01-11 10:00:00
1673434800000,29569.268754420045,29892.370019961145,29569.268754420045,29757.701717882403,3342.015744951548,2023-01-11 11:00:00
1673438400000,30137.056440409866,30302.583018150577,30137.056440409866,30302.40434706759,1674.0385921414738,2023-01-11 12:00:00
1673442000000,30395.73854380812,30703.155857656075,30395.73854380812,30571.005701666003,821.9812389614335,2023-01-11 13:00:00
1673445600000,30228.669318016422,30228.669318016422,30044.7530367058,30176.553662268012,1414.5475424606411,2023-01-11 14:00:00
1673449200000,30124.204693442756,30124.204693442756,29938.913562296784,30051.911647556546,1107.2851152877793,2023-01-11 15:00:00
1673452800000,30317.608300095977,30502.787103731764,30317.608300095977,30379.109000633416,686.0024372223012,2023-01-11 16:00:00
1673456400000,30379.109000633416,30396.470314609796,30085.701739331962,30195.906833136374,2321.116037350109,2023-01-11 17:00:00
1673460000000,30195.906833136374,30437.656575836543,29914.029374290123,30310.673650035766,1013.9759138744405,2023-01-11 18:00:00
1673463600000,30361.938802913424,30543.500034942776,30361.938802913424,30512.03154800005,824.3633796926085,2023-01-11 19:00:00
1673467200000,30290.791762245677,30290.791762245677,30172.237534850618,30271.242397649057,1398.5494937326825,2023-01-11 20:00:00
1673470800000,30271.242397649057,30316.07581377389,30236.340405539217,30255.844561159945,532.2585215406048,2023-01-11 21:00:00
1673474400000,29530.674725797406,29530.674725797406,29410.38092632758,29429.12166313509,1433.5563168130257,2023-01-11 22:00:00
1673478000000,29313.52767813825,29313.52767813825,29094.930073788615,29172.56716943408,2487.751224654121,2023-01-11 23:00:00
1673481600000,29130.366700618317,29130.366700618317,29083.297562739415,29109.656765984484,1837.2226585696405,2023-01-12 00:00:00
1673485200000,28911.04729178368,28911.04729178368,28723.101274939545,28800.840446266266,6391.763984102353,2023-01-12 01:00:00
1673488800000,29196.181829048808,29241.543998964436,29196.181829048808,29205.51515848316,1125.5063220133939,2023-01-12 02:00:00
1673492400000,28914.353119755706,28914.353119755706,28826.452838128487,28850.67721658914,4202.699856597469,2023-01-12 03:00:00
1673496000000,28784.507293215844,28784.507293215844,28704.47665473925,28742.36584974898,3280.060267792967,2023-01-12 04:00:00
1673499600000,28742.36584974898,28799.81895837329,28682.693207212244,28774.503456356197,573.684096356841,2023-01-12 05:00:00
1673503200000,29043.420783449677,29213.296061260444,29043.420783449677,29131.176220376215,1133.1951821699681,2023-01-12 06:00:00
1673506800000,28836.236632235083,28836.236632235083,28740.8002542219,28775.83435326434,683.3113533939617,2023-01-12 07:00:00
1673510400000,29005.86796964776,29274.784424516485,29005.86796964776,29063.353923121485,2100.94010731847,2023-01-12 08:00:00
1673514000000,29063.353923121485,29215.357769490736,28936.453318651606,29065.896114383733,764.6246069881767,2023-01-12 09:00:00
1673517600000,28870.067047956887,28870.067047956887,28751.606634056774,28823.07004142422,939.000819171165,2023-01-12 10:00:00
1673521200000,28914.704086967136,28993.54943439786,28914.704086967136,28937.141075696654,736.3642352748416,2023-01-12 11:00:00
1673524800000,28945.281953771544,29033.419089395145,28945.281953771544,28986.418319692344,919.5312944675591,2023-01-12 12:00:00
1673528400000,28841.963723553996,28841.963723553996,28733.52314098639,28838.08895744346,860.1373759277892,2023-01-12 13:00:00
1673532000000,28838.08895744346,29022.031966187023,28820.50045728528,28855.29980942893,647.512663134719,2023-01-12 14:00:00
1673535600000,28783.01831600847,28783.01831600847,28429.409437458875,28760.42238422384,655.5769468113575,2023-01-12 15:00:00
1673539200000,28760.42238422384,28963.834667442246,28692.20779076865,28788.341787512774,1169.107109694989,2023-01-12 16:00:00
1673542800000,28848.656870545492,28961.705451911275,28848.656870545492,28951.732673044626,865.9513629547137,2023-01-12 17:00:00
1673546400000,29055.665641621054,29495.61927667962,29055.665641621054,29346.887554452773,1791.0062771928367,2023-01-12 18:00:00
1673550000000,29265.450459034768,29265.450459034768,28936.991413644402,29038.02841099851,2000.8045438400286,2023-01-12 19:00:00
1673553600000,29470.455117844354,29624.645410179062,29470.455117844354,29572.306994217503,1272.2395349174067,2023-01-12 20:00:00
1673557200000,29117.63745098821,29117.63745098821,28977.926950020814,29082.974190444704,717.119876648513,2023-01-12 21:00:00
1673560800000,29082.974190444704,29256.625904596898,29035.98886527969,29045.266998930223,1178.3946773351386,2023-01-12 22:00:00
1673564400000,29183.95720995079,29347.251976352567,29183.95720995079,29191.692685002607,948.4829164564949,2023-01-12 23:00:00
1673568000000,29191.692685002607,29296.044765721505,29130.023970127782,29261.888723866374,897.8438820868781,2023-01-13 00:00:00
1673571600000,29261.888723866374,29300.969465786417,29072.47274112902,29106.555783413572,634.6772235398131,2023-01-13 01:00:00
1673575200000,29087.350659462034,29087.350659462034,28898.973434830918,29054.823573092915,1365.8696760982289,2023-01-13 02:00:00
1673578800000,29054.823573092915,29207.000072233102,28912.980615248867,28932.646645200202,761.1397580185179,2023-01-13 03:00:00
1673582400000,28932.646645200202,29045.21497325719,28680.990932222267,28787.26257563623,1583.7254287744831,2023-01-13 04:00:00
1673586000000,28861.091043235287,29023.93937303826,28861.091043235287,28997.075262958355,704.8989451706991,2023-01-13 05:00:00
1673589600000,28997.075262958355,29198.646822894352,28996.81353133966,29085.69735446376,701.9176479796174,2023-01-13 06:00:00
1673593200000,28981.692608531444,28981.692608531444,28810.967094302774,28913.942689184278,3118.9929190405373,2023-01-13 07:00:00
1673596800000,29081.703748864293,29145.532517269177,29081.703748864293,29137.127902835186,654.3186703802286,2023-01-13 08:00:00
1673600400000,29149.687539396575,29365.8257223254,29149.687539396575,29213.76111836389,957.9023123486684,2023-01-13 09:00:00
1673604000000,29311.22005216362,29432.048325948548,29311.22005216362,29417.44276053357,2365.1101532481334,2023-01-13 10:00:00
1673607600000,29515.024067458937,29643.332461288926,29515.024067458937,29576.186504364636,1617.0755334398084,2023-01-13 11:00:00
1673611200000,29453.001639979986,29453.001639979986,29282.408089773093,29367.355839961452,2572.0431637373576,2023-01-13 12:00:00
1673614800000,29331.823910690673,29331.823910690673,29116.322772365478,29227.077095617242,500.6536043140704,2023-01-13 13:00:00
1673618400000,29367.19355876101,29451.594996569114,29367.19355876101,29414.361815491502,1487.059111922587,2023-01-13 14:00:00
1673622000000,29510.296361294073,29648.75581043206,29510.296361294073,29568.221242114912,1113.0864938250957,2023-01-13 15:00:00
1673625600000,29568.221242114912,29653.21809673572,29529.874241507205,29562.9391770591,1165.7859080413011,2023-01-13 16:00:00
1673629200000,29562.9391770591,29711.04226594414,29508.146559593148,29592.601332995182,772.0012006969439,2023-01-13 17:00:00
1673632800000,29803.75404449392,29926.443906346994,29803.75404449392,29917.547652335765,1127.9202956612405,2023-01-13 18:00:00
1673636400000,29843.855387915923,29843.855387915923,29708.428553070087,29766.65310146868,1167.9968270904792,2023-01-13 19:00:00
1673640000000,29766.65310146868,30154.027426756275,29727.113117884408,29906.17694064152,8223.529522062461,2023-01-13 20:00:00
1673643600000,29906.17694064152,29921.68083165229,29677.3979305757,29854.536614781668,2257.6656392285076,2023-01-13 21:00:00
1673647200000,29854.536614781668,29875.371464007392,29657.677539805878,29799.040161210436,1214.5358101105603,2023-01-13 22:00:00
1673650800000,30052.53392548028,30178.981112111018,30052.53392548028,30080.22422545924,1213.0519925597378,2023-01-13 23:00:00
1673654400000,30292.958456794357,30377.457634141025,30292.958456794357,30293.19744376147,535.5355265647149,2023-01-14 00:00:00
1673658000000,30293.19744376147,30776.276692207928,30279.72763384328,30504.57386921783,2327.472007904813,2023-01-14 01:00:00
1673661600000,30807.120042310686,31051.618509853775,30807.120042310686,30846.866874037725,550.8874539506987,2023-01-14 02:00:00
1673665200000,30846.866874037725,30927.540688157955,30808.95789391396,30852.405304574822,1437.3088225665997,2023-01-14 03:00:00
1673668800000,30960.320312885684,31140.80482476261,30960.320312885684,31032.768428610656,977.6351117446677,2023-01-14 04:00:00
1673672400000,31010.103928538425,31010.103928538425,30784.28961591185,30950.578622946174,1889.3777065919564,2023-01-14 05:00:00
1673676000000,30977.26515771613,31079.565966665457,30977.26515771613,31036.455541438252,770.4098660721168,2023-01-14 06:00:00
1673679600000,31036.455541438252,31092.775763379577,30757.01995223906,31001.94994683433,3147.1157526284796,2023-01-14 07:00:00
1673683200000,31005.621761609724,31112.528965036665,31005.621761609724,31027.663414912946,519.3413289728915,2023-01-14 08:00:00
1673686800000,31027.663414912946,31198.976596955246,31013.191798965458,31185.906115519745,1992.740140285175,2023-01-14 09:00:00
1673690400000,31061.568585603505,31061.568585603505,30809.11845593458,30968.56145662982,530.5662979726272,2023-01-14 10:00:00
1673694000000,31493.418396661174,31539.76795732717,31493.418396661174,31527.405238269213,3206.1283654016365,2023-01-14 11:00:00
1673697600000,31350.311360615,31350.311360615,31062.133066265244,31257.46616311483,1634.7576366812573,2023-01-14 12:00:00
1673701200000,31049.65425803664,31049.65425803664,30874.520406099386,30934.74592592831,3440.5144851815085,2023-01-14 13:00:00
1673704800000,31171.266460042945,31286.72879705483,31171.266460042945,31242.487325201368,824.9889739966056,2023-01-14 14:00:00
1673708400000,31256.643996343413,31572.37924331881,31256.643996343413,31454.613333141515,5116.114465417972,2023-01-14 15:00:00
1673712000000,31454.613333141515,31769.94507309723,31449.95689420615,31622.861048911673,582.2294500449138,2023-01-14 16:00:00
1673715600000,31739.829760560333,32015.922977097372,31739.829760560333,31793.157022112497,920.6600215727315,2023-01-14 17:00:00
1673719200000,31793.157022112497,31853.471205374797,31632.950659181894,31789.82912017198,3139.885542104075,2023-01-14 18:00:00
1673722800000,31590.647623158515,31590.647623158515,31392.22143402101,31546.957138843958,663.0746968560788,2023-01-14 19:00:00
1673726400000,31546.957138843958,31574.85106495519,31501.988840719427,31567.40422542871,1196.1877190159892,2023-01-14 20:00:00
1673730000000,31410.28788084748,31410.28788084748,31166.52009388341,31385.21908480625,1584.4538913974354,2023-01-14 21:00:00
1673733600000,31537.53332608207,31759.453522993164,31537.53332608207,31647.90221489067,1362.4919714380526,2023-01-14 22:00:00
1673737200000,31647.90221489067,31736.33109815132,31372.104282991393,31608.146755914702,1014.8441192801495,2023-01-14 23:00:00
1673740800000,31422.145185488083,31422.145185488083,31306.240775903483,31385.907232237416,1674.594642150482,2023-01-15 00:00:00
1673744400000,31385.907232237416,31410.10020691116,31218.397928394606,31299.80726505672,704.1162948189311,2023-01-15 01:00:00
1673748000000,31299.80726505672,31522.714948596156,31157.461795705007,31410.475813662822,2277.555846291423,2023-01-15 02:00:00
1673751600000,31306.58377628805,31306.58377628805,31183.29488790194,31259.490914634665,1258.1229475460696,2023-01-15 03:00:00
1673755200000,31048.88523436221,31048.88523436221,30795.068730472893,31040.572203389802,856.5921899015459,2023-01-15 04:00:00
1673758800000,31040.572203389802,31287.19250829493,30841.114021131856,31105.294328343523,679.6118662183135,2023-01-15 05:00:00
1673762400000,31105.294328343523,31186.85679194127,31036.12355936499,31170.492260925246,2827.0113322475054,2023-01-15 06:00:00
1673766000000,31170.492260925246,31203.33628792838,30923.46594331665,31035.720067076392,1574.8802004719741,2023-01-15 07:00:00
1673769600000,31035.720067076392,31163.260489892393,30804.02469107575,30911.015602074658,2786.578549795433,2023-01-15 08:00:00
1673773200000,30911.015602074658,31191.440575184955,30845.307343199456,30972.386635128274,510.8699480430147,2023-01-15 09:00:00
1673776800000,30652.407974581096,30652.407974581096,30525.187466915777,30591.389681877907,610.3222693798757,2023-01-15 10:00:00
1673780400000,30371.56744958141,30371.56744958141,29914.040838125457,30225.572039807517,626.3675094893069,2023-01-15 11:00:00
1673784000000,30059.64688671376,30059.64688671376,29953.29874275462,30040.529012519804,1842.7241864990604,2023-01-15 12:00:00
1673787600000,29995.003618496197,29995.003618496197,29958.577132580624,29985.7719977473,1259.9108441883163,2023-01-15 13:00:00
1673791200000,29990.750454193632,30289.697587610193,29990.750454193632,30065.564420125862,3285.7263019839534,2023-01-15 14:00:00
1673794800000,30335.153249402243,30695.358716599527,30335.153249402243,30447.10911124741,551.6612852135049,2023-01-15 15:00:00
1673798400000,30631.593407453838,30688.10666601016,30631.593407453838,30671.131695833563,1112.3582795438192,2023-01-15 16:00:00
1673802000000,30671.131695833563,30702.084270956275,30454.41443110313,30629.230732019143,791.5001764766147,2023-01-15 17:00:00
1673805600000,30629.230732019143,30868.41527079264,30489.622311200405,30624.252643149644,2234.7303478796616,2023-01-15 18:00:00
1673809200000,30375.10216336796,30375.10216336796,30190.91185560489,30362.951621277633,932.0438789798166,2023-01-15 19:00:00
1673812800000,30362.951621277633,30507.813877017918,30290.861708202403,30358.147349673258,897.7640616296516,2023-01-15 20:00:00
1673816400000,30358.147349673258,30479.97534805385,29916.79068207109,30283.336928442666,2338.2770931126533,2023-01-15 21:00:00
1673820000000,30283.336928442666,30439.08879418217,30198.097604968425,30366.98669414784,2152.375366366252,2023-01-15 22:00:00
1673823600000,30206.045987870988,30206.045987870988,30004.328279228237,30153.02702482817,1114.5652746364185,2023-01-15 23:00:00
1673827200000,30262.997196830296,30340.34577011718,30262.997196830296,30287.176929168552,626.293382608067,2023-01-16 00:00:00
1673830800000,30627.667928508174,30711.55476837901,30627.667928508174,30686.581356536568,1258.3731970333133,2023-01-16 01:00:00
1673834400000,30661.583234029687,30661.583234029687,30590.742123879954,30658.067603466527,1023.8232362906697,2023-01-16 02:00:00
1673838000000,30658.067603466527,30823.14190024168,30634.3694127874,30763.516740768104,4045.676737763038,2023-01-16 03:00:00
1673841600000,30879.521115363703,31173.46033328215,30879.521115363703,30945.526721994458,570.9058993363171,2023-01-16 04:00:00
1673845200000,30945.526721994458,30966.471648976232,30812.35176546019,30839.583196571355,1448.803168308293,2023-01-16 05:00:00
1673848800000,30839.583196571355,30922.457958576684,30834.3462487299,30898.710723679935,579.9126851341232,2023-01-16 06:00:00
1673852400000,30898.710723679935,30996.413161011886,30631.306582412773,30902.03663145588,1016.1862263788674,2023-01-16 07:00:00
1673856000000,30902.03663145588,30981.15427500406,30871.325630799605,30927.847026200205,1446.3145189701982,2023-01-16 08:00:00
1673859600000,30904.282050605943,30904.282050605943,30631.016970989505,30724.1715924255,611.908930035361,2023-01-16 09:00:00
1673863200000,30724.1715924255,30871.04333022449,30495.92120977934,30730.608985196577,1626.4653850249829,2023-01-16 10:00:00
1673866800000,30834.738726085383,30934.97032214552,30834.738726085383,30861.69658036175,1002.9555333827071,2023-01-16 11:00:00
1673870400000,31200.189175787447,31297.227951702167,31200.189175787447,31246.877104022256,2256.211741719636,2023-01-16 12:00:00
1673874000000,31432.86476152996,31516.707911205114,31432.86476152996,31504.134264425913,684.1676466896179,2023-01-16 13:00:00
1673877600000,31949.68202694392,32110.310079568404,31949.68202694392,32089.313468292385,763.1594078000812,2023-01-16 14:00:00
1673881200000,32089.313468292385,32118.632524965684,31877.024926230915,31879.532052392882,3672.8993515940024,2023-01-16 15:00:00
1673884800000,32082.98851879632,32166.64823236386,32082.98851879632,32118.11868355497,3222.7189759620637,2023-01-16 16:00:00
1673888400000,32118.11868355497,32199.460064195406,32073.255490153202,32168.490817444635,1493.7676730375315,2023-01-16 17:00:00
1673892000000,32697.602349699613,32981.40466724464,32697.602349699613,32776.26801313771,1257.779611922265,2023-01-16 18:00:00
1673895600000,32652.574391724855,32652.574391724855,32297.684559969086,32550.60015524739,1814.891195820636,2023-01-16 19:00:00
1673899200000,32359.046106765047,32359.046106765047,32279.95650232713,32317.80456931527,2289.3406902791594,2023-01-16 20:00:00
1673902800000,32317.621845846574,32317.621845846574,32133.367212803758,32152.654348091393,1064.4052250976836,2023-01-16 21:00:00
1673906400000,31673.03067810281,31673.03067810281,31545.427835928305,31574.222975544195,789.2423123912024,2023-01-16 22:00:00
1673910000000,31440.25239500507,31440.25239500507,31268.90023265568,31432.650584490224,1221.7430582178054,2023-01-16 23:00:00
1673913600000,31319.169897076008,31319.169897076008,30993.841073100375,31229.354796229494,893.3555204399868,2023-01-17 00:00:00
1673917200000,31229.354796229494,31282.148804868557,31213.44981039111,31269.525552621068,1803.3175780816855,2023-01-17 01:00:00
1673920800000,31269.525552621068,31536.31327386967,31203.006825716886,31361.0021110962,2136.963504735342,2023-01-17 02:00:00
1673924400000,31789.00396751559,31885.617516904036,31789.00396751559,31867.97786343576,2029.232062481517,2023-01-17 03:00:00
1673928000000,32081.73207494157,32138.002015769398,32081.73207494157,32127.91899201524,1577.3577208048118,2023-01-17 04:00:00
1673931600000,32069.570172754502,32069.570172754502,31920.503133822403,31969.88391494357,3289.2025055890326,2023-01-17 05:00:00
1673935200000,31785.454189336204,31785.454189336204,31569.14477451182,31725.32168632497,751.8981289020826,2023-01-17 06:00:00
1673938800000,31725.32168632497,31920.349773732316,31604.408335824824,31858.996955976436,1039.8999119392918,2023-01-17 07:00:00
1673942400000,31545.634438873883,31545.634438873883,31455.928667835,31501.499829459335,1041.5336391128353,2023-01-17 08:00:00
1673946000000,31964.12561495788,32051.70957627617,31964.12561495788,31998.51545713838,587.8782932996094,2023-01-17 09:00:00
1673949600000,32291.685470823315,32438.83331435773,32291.685470823315,32322.731583663066,516.7316777376166,2023-01-17 10:00:00
1673953200000,32322.731583663066,32337.65578644448,31965.607428745105,32193.36833054086,677.9540448524372,2023-01-17 11:00:00
1673956800000,31776.05953234834,31776.05953234834,31656.61724480166,31725.396169039064,2528.0606331272174,2023-01-17 12:00:00
1673960400000,31993.207128566064,32113.781354945157,31993.207128566064,32094.661051331463,551.94874311459,2023-01-17 13:00:00
1673964000000,32074.69431388823,32074.69431388823,31992.002730193308,32063.25489820479,999.0537003688611,2023-01-17 14:00:00
1673967600000,32347.305044585857,32414.357029451985,32347.305044585857,32404.29168775641,511.36689566241824,2023-01-17 15:00:00
1673971200000,32058.11278908571,32058.11278908571,31828.43045099459,31965.670817571023,541.0907837754675,2023-01-17 16:00:00
1673974800000,31965.670817571023,32037.620768139164,31599.140601071365,31802.324858122778,4142.011645329983,2023-01-17 17:00:00
1673978400000,31802.324858122778,32039.413538687524,31757.407683178764,31803.750283051908,1735.9412760671196,2023-01-17 18:00:00
1673982000000,31803.750283051908,31880.904716890826,31780.131506067442,31816.524137750428,969.5588809727146,2023-01-17 19:00:00
1673985600000,31779.728760928076,31779.728760928076,31684.891344598083,31694.363502946395,1055.3371209164525,2023-01-17 20:00:00
1673989200000,31799.538803180305,31922.41180285808,31799.538803180305,31863.547760718757,754.013357069355,2023-01-17 21:00:00
1673992800000,31659.876702824386,31659.876702824386,31500.052972255584,31574.100877610577,3164.968013182787,2023-01-17 22:00:00
1673996400000,31550.613992704733,31550.613992704733,31414.85378014677,31535.699031257296,911.6657106188567,2023-01-17 23:00:00
1674000000000,31535.699031257296,31659.52674269287,31463.578527419933,31568.14147411364,552.6561689753751,2023-01-18 00:00:00
1674003600000,31656.465503564235,32101.178767402274,31656.465503564235,31707.257086910977,907.0681607939375,2023-01-18 01:00:00
1674007200000,31707.257086910977,31992.476210071967,31577.555571133886,31900.7045762068,675.9825210683183,2023-01-18 02:00:00
1674010800000,31774.92469464529,31774.92469464529,31553.227422679694,31595.51702766293,1927.7871213455,2023-01-18 03:00:00
1674014400000,31206.831511687855,31206.831511687855,31161.303686183463,31183.91568388869,812.2130006984853,2023-01-18 04:00:00
1674018000000,31290.30567451253,31681.87233080336,31290.30567451253,31526.33890018199,1638.4885331551513,2023-01-18 05:00:00
1674021600000,31526.33890018199,31827.853458560257,31499.880649905343,31616.015073656577,714.9712147065438,2023-01-18 06:00:00
1674025200000,31591.2258872002,31591.2258872002,31310.204749803495,31414.391846975625,2672.3124564704276,2023-01-18 07:00:00
1674028800000,31750.677979386423,31876.18833228919,31750.677979386423,31833.67088905492,761.3566524312562,2023-01-18 08:00:00
1674032400000,31833.67088905492,32064.912982383295,31796.878609334995,31865.161240528112,1615.912609817942,2023-01-18 09:00:00
1674036000000,32054.138507341533,32259.04055268475,32054.138507341533,32187.98686663245,2239.2644465266,2023-01-18 10:00:00
1674039600000,32187.98686663245,32358.48014041868,32161.037683689283,32206.568322560237,1839.2235690718926,2023-01-18 11:00:00
1674043200000,32618.95180594608,32975.21070126569,32618.95180594608,32778.88677124163,815.5932464334956,2023-01-18 12:00:00
1674046800000,33014.217368208236,33401.38396584521,33014.217368208236,33274.40049262604,2510.673567634917,2023-01-18 13:00:00
1674050400000,33243.43859453824,33243.43859453824,32944.55326368567,33203.66734661557,1465.9799696762552,2023-01-18 14:00:00
1674054000000,33211.54941074387,33700.199165083686,33211.54941074387,33480.55465679197,900.9025337516593,2023-01-18 15:00:00
1674057600000,33635.58172727259,33830.439374466456,33635.58172727259,33665.75498964928,725.0558511023859,2023-01-18 16:00:00
1674061200000,33999.96855599745,34088.857579273725,33999.96855599745,34061.90126963171,2233.1503134101567,2023-01-18 17:00:00
1674064800000,33994.29799195944,33994.29799195944,33739.47298932683,33782.12558992777,516.3330585033407,2023-01-18 18:00:00
1674068400000,33882.48956953275,34119.10646129825,33882.48956953275,33980.80624103172,1949.7171906671585,2023-01-18 19:00:00
1674072000000,34231.570343835025,34375.54468039189,34231.570343835025,34289.6205911026,608.5239497739826,2023-01-18 20:00:00
1674075600000,33907.98728670245,33907.98728670245,33712.869065793646,33778.00721630429,892.0495662842343,2023-01-18 21:00:00
1674079200000,33566.94957905447,33566.94957905447,33196.81444199055,33438.10245616135,1424.1972061363579,2023-01-18 22:00:00
1674082800000,32963.624856445196,32963.624856445196,32610.0873306868,32860.31675243362,1060.4753034927771,2023-01-18 23:00:00
1674086400000,32860.31675243362,32913.35431173682,32677.427511311216,32784.73475783562,756.5354440990673,2023-01-19 00:00:00
1674090000000,32879.639023392105,33134.47114637982,32879.639023392105,32986.42717593969,1481.7100940501914,2023-01-19 01:00:00
1674093600000,33311.3732540741,33528.16070030462,33311.3732540741,33412.74925283117,561.8150873045081,2023-01-19 02:00:00
1674097200000,33412.74925283117,33474.46159592072,33292.761967516235,33433.917031821846,2393.436153371088,2023-01-19 03:00:00
1674100800000,33596.16552074727,33944.05339920214,33596.16552074727,33902.590195738034,3143.0991847557534,2023-01-19 04:00:00
1674104400000,33564.85294428107,33564.85294428107,33214.9329990133,33505.01178414871,513.7768816776158,2023-01-19 05:00:00
1674108000000,33046.92024295864,33046.92024295864,32975.32573828885,33020.72554508192,528.2474704587223,2023-01-19 06:00:00
1674111600000,33020.72554508192,33156.10030875525,32735.43613258961,33005.051267907984,1294.3943957336257,2023-01-19 07:00:00
1674115200000,33005.051267907984,33190.82494752599,32990.420384667224,33113.57797570574,1590.121859148712,2023-01-19 08:00:00
1674118800000,33113.57797570574,33130.458122834345,32971.62986146761,33104.325427489246,1329.9285727291362,2023-01-19 09:00:00
1674122400000,32631.923193646933,32631.923193646933,32524.39427137721,32524.463780942366,594.1753608647562,2023-01-19 10:00:00
1674126000000,32524.463780942366,32731.458095956335,32352.645338468014,32499.697656670993,2992.1496157845495,2023-01-19 11:00:00
1674129600000,32285.986372838823,32285.986372838823,32100.941097816347,32139.34124078191,1754.2800359175762,2023-01-19 12:00:00
1674133200000,32139.34124078191,32355.469078145918,32067.17746675807,32323.834688768202,1696.7747244569955,2023-01-19 13:00:00
1674136800000,32404.155980395477,32440.70037731423,32404.155980395477,32425.279958254087,1628.1267916175996,2023-01-19 14:00:00
1674140400000,32216.367845949007,32216.367845949007,32145.47414420036,32165.831752592243,850.727092523681,2023-01-19 15:00:00
1674144000000,32114.185718001925,32114.185718001925,31869.150101972562,32024.860694512172,1504.3342770903525,2023-01-19 16:00:00
1674147600000,31768.524343781446,31768.524343781446,31729.989407588317,31736.228867890255,1804.8178060225275,2023-01-19 17:00:00
1674151200000,31736.228867890255,31877.162193838067,31550.37846465381,31719.230796250795,1313.234332785188,2023-01-19 18:00:00
1674154800000,31927.585659785706,32099.28959866454,31927.585659785706,31979.248355698182,599.1784393089007,2023-01-19 19:00:00
1674158400000,31813.964153747736,31813.964153747736,31672.026502579993,31710.940038823148,1014.2100392583,2023-01-19 20:00:00
1674162000000,31749.702525754525,31967.8236858936,31749.702525754525,31847.855831187462,625.8111247787906,2023-01-19 21:00:00
1674165600000,31847.855831187462,31879.641000216274,31601.151459242315,31703.836353801966,512.9813642848354,2023-01-19 22:00:00
1674169200000,31647.187785846083,31647.187785846083,31471.630441473637,31489.70389724325,3661.353569773724,2023-01-19 23:00:00
1674172800000,31489.70389724325,31542.712932856244,31089.007330411885,31460.909044817927,588.8928390909301,2023-01-20 00:00:00
1674176400000,31460.909044817927,31470.5993607795,31066.942372521287,31183.74865506035,1434.2899525391647,2023-01-20 01:00:00
1674180000000,31183.74865506035,31220.753833191153,30957.590574864375,31036.526282292776,599.7819661049211,2023-01-20 02:00:00
1674183600000,30802.785456372505,30802.785456372505,30682.552892706466,30720.369754053754,694.6738745078903,2023-01-20 03:00:00
1674187200000,31203.94478301571,31244.83409172042,31203.94478301571,31240.62674681862,1259.0130174021006,2023-01-20 04:00:00
1674190800000,31240.62674681862,31420.58903520409,31204.89997814232,31250.04454067446,895.9223221762986,2023-01-20 05:00:00
1674194400000,31172.25772133095,31172.25772133095,30846.958066808762,31063.69934739102,1616.2894002554692,2023-01-20 06:00:00
1674198000000,31063.69934739102,31273.963436914662,30969.302325449982,31120.56647998621,642.9584585509444,2023-01-20 07:00:00
1674201600000,31120.56647998621,31212.536692462047,31047.301586202277,31090.70129734156,1363.9177276277924,2023-01-20 08:00:00
1674205200000,31090.70129734156,31178.02871371482,30891.2727098602,31032.03469832196,1900.2801505590126,2023-01-20 09:00:00
1674208800000,31050.936191821245,31195.383937611845,31050.936191821245,31195.368052625465,1810.2566703241107,2023-01-20 10:00:00
1674212400000,31337.693001627267,31556.598483946455,31337.693001627267,31398.006497810344,526.0253863300023,2023-01-20 11:00:00
1674216000000,31317.34267401688,31317.34267401688,31023.779654171507,31255.95622693833,1459.996945374312,2023-01-20 12:00:00
1674219600000,31150.545886899094,31150.545886899094,31047.143180048035,31102.498830134053,634.1599214199144,2023-01-20 13:00:00
1674223200000,31102.498830134053,31368.244376247752,30944.300210687165,31029.462804456693,1279.5211336363259,2023-01-20 14:00:00
1674226800000,30450.40856778393,30450.40856778393,30307.35169592232,30424.905968793846,1286.019088162905,2023-01-20 15:00:00
1674230400000,30117.78781850132,30117.78781850132,29870.348528133487,30033.411774035092,2215.1735098465683,2023-01-20 16:00:00
1674234000000,30309.83491541957,30386.67187895876,30309.83491541957,30386.359708116277,1668.9609749009921,2023-01-20 17:00:00
1674237600000,30674.461132284516,30926.94761296054,30674.461132284516,30816.619462170795,1450.980274077799,2023-01-20 18:00:00
1674241200000,30816.619462170795,30960.03206983021,30675.64639547242,30751.092054609824,953.850744687199,2023-01-20 19:00:00
1674244800000,30751.092054609824,30971.576590832792,30617.207313802748,30903.01076430373,710.6421905441134,2023-01-20 20:00:00
1674248400000,30903.01076430373,31051.91503165546,30747.454824241177,30985.33470102649,944.1356404862513,2023-01-20 21:00:00
1674252000000,31790.439905002615,31862.461207822293,31790.439905002615,31811.58974778987,1954.6901946764356,2023-01-20 22:00:00
1674255600000,31948.641352366325,32258.354459033217,31948.641352366325,32117.473297329663,1625.9718787702627,2023-01-20 23:00:00
1674259200000,32117.473297329663,32277.882951021274,32002.982239922774,32082.376120966335,1105.4727384638722,2023-01-21 00:00:00
1674262800000,31913.743966869675,31913.743966869675,31802.7808700277,31821.411762092794,788.8548931247548,2023-01-21 01:00:00
1674266400000,31416.702387970414,31416.702387970414,31256.156231795943,31387.456114578607,3984.203374768196,2023-01-21 02:00:00
1674270000000,31419.83278996531,31521.88312108038,31419.83278996531,31442.089554868144,914.4633722946608,2023-01-21 03:00:00
1674273600000,31406.455148229048,31406.455148229048,31236.545829838033,31239.475533347355,1573.2434698001364,2023-01-21 04:00:00
1674277200000,31014.126334886136,31014.126334886136,30639.452030427896,30862.00624028821,622.3328209447349,2023-01-21 05:00:00
1674280800000,30719.89804670213,30719.89804670213,30565.998975274735,30691.91574335489,989.8380964941422,2023-01-21 06:00:00
1674284400000,30501.63750759798,30501.63750759798,30155.641695250808,30409.491574999534,1544.787587099343,2023-01-21 07:00:00
1674288000000,30783.84086244526,30873.94577046189,30783.84086244526,30851.19812257338,3591.4929897284223,2023-01-21 08:00:00
1674291600000,30925.773089572645,31094.852791552712,30925.773089572645,31084.564637007064,1420.8177984579845,2023-01-21 09:00:00
1674295200000,31084.564637007064,31321.121947307074,30884.467027028968,31082.446421459812,912.617237770347,2023-01-21 10:00:00
1674298800000,31348.371580372266,31515.77285759808,31348.371580372266,31478.130169598386,677.5260517571392,2023-01-21 11:00:00
1674302400000,31478.130169598386,31612.085732426964,31407.892222056296,31498.953661881373,560.3502963119342,2023-01-21 12:00:00
1674306000000,31498.953661881373,31557.234299986514,31108.82184922045,31267.915922180648,2555.0460368743375,2023-01-21 13:00:00
1674309600000,31553.138871282623,31927.57182419163,31553.138871282623,31677.65013690366,2124.611864379357,2023-01-21 14:00:00
1674313200000,31813.276147088967,31934.915447201274,31813.276147088967,31823.904153954238,1334.3664730746036,2023-01-21 15:00:00
1674316800000,31570.545981380415,31570.545981380415,31434.6320353804,31543.005631210093,851.4398167324398,2023-01-21 16:00:00
1674320400000,31501.685366814712,31501.685366814712,31481.545912253696,31491.72955033374,1066.993030595318,2023-01-21 17:00:00
1674324000000,31357.94758336301,31357.94758336301,31233.86504281154,31256.91496671177,3306.2462599678925,2023-01-21 18:00:00
1674327600000,30956.395175068712,30956.395175068712,30693.065970353804,30889.650172760925,2262.8144724468802,2023-01-21 19:00:00
1674331200000,31024.546186874362,31141.260463904455,31024.546186874362,31135.15800323992,1494.503999244885,2023-01-21 20:00:00
1674334800000,31570.41290331471,31713.942039414374,31570.41290331471,31647.474717410732,824.441842480381,2023-01-21 21:00:00
1674338400000,31346.19112899486,31346.19112899486,31162.68107735405,31271.40599955678,541.1194541507331,2023-01-21 22:00:00
1674342000000,31271.40599955678,31480.792919869367,31082.189096901802,31422.24558488962,1369.0380011158259,2023-01-21 23:00:00
1674345600000,31272.921699447077,31272.921699447077,31184.858314786343,31247.980431054886,1156.3870907573178,2023-01-22 00:00:00
1674349200000,31207.90394280707,31207.90394280707,31064.5385212558,31118.143922567848,1079.5607422488072,2023-01-22 01:00:00
1674352800000,31118.143922567848,31128.31846102568,30758.621107735657,30960.976272660715,556.1105717881485,2023-01-22 02:00:00
1674356400000,30843.60020491585,30843.60020491585,30705.879542983497,30733.17347648413,983.235369409178,2023-01-22 03:00:00
1674360000000,30733.17347648413,30784.47581284415,30555.468523652613,30745.922319308957,549.5713157901519,2023-01-22 04:00:00
1674363600000,30583.88209847904,30583.88209847904,30473.7589173044,30528.322249061745,1386.7330544624383,2023-01-22 05:00:00
1674367200000,30528.322249061745,30748.248522179565,30525.832215498504,30598.97692339586,1308.9779289437242,2023-01-22 06:00:00
1674370800000,30598.97692339586,30643.904041318532,30441.87986492776,30585.840265623898,2034.355826228695,2023-01-22 07:00:00
1674374400000,30585.840265623898,30721.926465161872,30295.57474606466,30523.435406326622,3668.797441431948,2023-01-22 08:00:00
1674378000000,30523.435406326622,30581.716134067035,30172.491582811817,30287.56957037992,749.0867335410724,2023-01-22 09:00:00
1674381600000,30280.683283895673,30280.683283895673,29889.343006965133,30138.62113672561,704.3689006695159,2023-01-22 10:00:00
1674385200000,30254.232228024524,30352.71162897725,30254.232228024524,30333.846417302557,1942.6203799216212,2023-01-22 11:00:00
1674388800000,30446.780305854907,30665.072063668376,30446.780305854907,30464.001584876387,1598.1783129283094,2023-01-22 12:00:00
1674392400000,30224.91323432422,30224.91323432422,30106.585417510774,30210.5161240517,678.369486599447,2023-01-22 13:00:00
1674396000000,30210.5161240517,30303.008150101352,30165.342085169203,30236.176970266057,988.9125730917281,2023-01-22 14:00:00
1674399600000,30358.083335417705,30447.59467375156,30358.083335417705,30430.992658673338,1216.8405591360865,2023-01-22 15:00:00
1674403200000,30304.536042299504,30304.536042299504,29956.425864208482,29999.849992953867,2327.2619379891485,2023-01-22 16:00:00
1674406800000,29999.849992953867,30141.928158200724,29988.58523585434,30139.504107323035,564.0494854886571,2023-01-22 17:00:00
1674410400000,29985.488854298015,29985.488854298015,29875.200803995565,29969.28365094621,1334.7531994414878,2023-01-22 18:00:00
1674414000000,29984.070588383245,30135.973819304607,29984.070588383245,30115.806227326553,3713.664935287522,2023-01-22 19:00:00
1674417600000,30115.806227326553,30188.968977082197,29843.710641611637,29919.972014921383,546.6568571339644,2023-01-22 20:00:00
1674421200000,29519.16647498371,29519.16647498371,29434.40198982176,29461.933191641074,686.1935310837393,2023-01-22 21:00:00
1674424800000,29258.261151326613,29258.261151326613,29040.06352723936,29054.914663264542,943.3846259688029,2023-01-22 22:00:00
1674428400000,29054.914663264542,29188.327139113582,28805.286626869296,29066.858831955156,579.8639573631247,2023-01-22 23:00:00
1674432000000,29066.858831955156,29270.09152758514,28911.071845526174,29131.458124634442,1172.646906542572,2023-01-23 00:00:00
1674435600000,28951.787772899814,28951.787772899814,28899.221473274505,28907.150887363798,908.5272008587851,2023-01-23 01:00:00
1674439200000,29002.337066008215,29079.08012263496,29002.337066008215,29065.36776681205,1804.368937895508,2023-01-23 02:00:00
1674442800000,28768.732180075232,28768.732180075232,28459.852602464114,28655.504390685805,770.3976378446512,2023-01-23 03:00:00
1674446400000,28655.504390685805,28715.301511722224,28512.007948063765,28639.323886141086,1291.7061591687816,2023-01-23 04:00:00
1674450000000,28443.190444357686,28443.190444357686,28338.57817398422,28344.403450643207,575.5158295586109,2023-01-23 05:00:00
1674453600000,28295.03519197638,28295.03519197638,28028.85006989853,28186.92019541772,2025.2153933379457,2023-01-23 06:00:00
1674457200000,28192.172152086667,28203.792025381183,28192.172152086667,28198.342130967398,754.4502797528553,2023-01-23 07:00:00
1674460800000,28174.4312999706,28174.4312999706,27788.096845210745,27991.721988636673,4326.793856464401,2023-01-23 08:00:00
1674464400000,27959.511853086915,27959.511853086915,27836.240065304242,27899.864818042806,906.7550109348952,2023-01-23 09:00:00
1674468000000,27948.548588394508,28207.508361586726,27948.548588394508,28140.873940736394,1363.6028477808202,2023-01-23 10:00:00
1674471600000,28054.48486981114,28054.48486981114,27945.556447474268,28002.453691674633,2513.078562426349,2023-01-23 11:00:00
1674475200000,28159.048727000132,28222.444231153408,28159.048727000132,28203.192963035755,650.8082116117995,2023-01-23 12:00:00
1674478800000,28084.91178731986,28084.91178731986,27667.53724413967,27932.169519478284,1015.4018868145539,2023-01-23 13:00:00
1674482400000,28058.202034213304,28077.804775860885,28058.202034213304,28058.94687885856,645.2770333395755,2023-01-23 14:00:00
1674486000000,28209.035494579708,28524.056627957376,28209.035494579708,28406.82170933508,642.7276043500418,2023-01-23 15:00:00
1674489600000,27975.60447032379,27975.60447032379,27674.061970567684,27812.98486650746,1161.2659120131907,2023-01-23 16:00:00
1674493200000,27812.98486650746,27840.427734800083,27500.06592324881,27624.1820242689,1400.8619498880007,2023-01-23 17:00:00
1674496800000,27729.507403839205,27900.806744922647,27729.507403839205,27760.77519314755,1138.1663846557594,2023-01-23 18:00:00
1674500400000,27760.77519314755,27960.861939817827,27523.797159659684,27712.637437493206,735.8580299582401,2023-01-23 19:00:00
1674504000000,27726.540549252488,27943.822361230297,27726.540549252488,27800.691517017494,1329.8674718767224,2023-01-23 20:00:00
1674507600000,27761.486957748566,27761.486957748566,27530.191884238833,27657.538907598642,1337.9208321549434,2023-01-23 21:00:00
1674511200000,27657.538907598642,27755.725854687284,27580.065719421647,27678.016498641406,1441.8853013231987,2023-01-23 22:00:00
1674514800000,27678.016498641406,27772.523733884813,27636.979183671385,27641.211306110083,802.9080927326902,2023-01-23 23:00:00
1674518400000,27742.5955073073,28134.40083320221,27742.5955073073,27918.496118187413,1220.9457147263106,2023-01-24 00:00:00
1674522000000,27975.415324133202,28199.304641956965,27975.415324133202,27979.275313843696,1826.548433799724,2023-01-24 01:00:00
1674525600000,28016.94583693374,28067.825367682442,28016.94583693374,28060.13033962494,3338.288237173423,2023-01-24 02:00:00
1674529200000,27975.036913794458,27975.036913794458,27806.261453197956,27961.51808725757,595.8745300188066,2023-01-24 03:00:00
1674532800000,27946.68413426012,27946.68413426012,27592.86812043864,27845.222507433708,1023.1774683712669,2023-01-24 04:00:00
1674536400000,27845.222507433708,27856.091055770055,27736.335845474572,27742.460978653675,718.5221244655463,2023-01-24 05:00:00
1674540000000,27814.168647028844,27947.53008540115,27814.168647028844,27836.154501777903,1408.6828042203383,2023-01-24 06:00:00
1674543600000,27771.432818686506,27771.432818686506,27580.651335356368,27736.170130513994,1885.7342431683176,2023-01-24 07:00:00
1674547200000,27736.170130513994,27822.105934214967,27706.7227200928,27804.953441490416,699.4088981062736,2023-01-24 08:00:00
1674550800000,28225.393336601384,28403.230199939342,28225.393336601384,28302.59867715982,783.5001988145518,2023-01-24 09:00:00
1674554400000,28302.59867715982,28577.804428686966,28290.530829270003,28514.12403609707,1386.7116130036375,2023-01-24 10:00:00
1674558000000,28514.12403609707,28668.14336608744,28286.165333194836,28434.77494845261,585.0949515371022,2023-01-24 11:00:00
1674561600000,28716.672312452713,28911.06143396149,28716.672312452713,28728.228601527982,833.0761746627113,2023-01-24 12:00:00
1674565200000,28728.228601527982,28779.861069274182,28579.720192668763,28628.198669075755,513.9591125642377,2023-01-24 13:00:00
1674568800000,28294.537490935087,28294.537490935087,27991.603384857182,28133.7909056443,2102.7393001009114,2023-01-24 14:00:00
1674572400000,28133.7909056443,28167.019846386484,27716.05787420049,27892.414853143873,1587.7530751021566,2023-01-24 15:00:00
1674576000000,27506.219959480517,27506.219959480517,27426.607298540133,27449.94686191633,6292.422694036066,2023-01-24 16:00:00
1674579600000,27449.94686191633,27481.44409060784,27249.799532629208,27367.595807530546,2618.2023476955583,2023-01-24 17:00:00
1674583200000,27367.595807530546,27404.265609430997,27319.159209868238,27371.904645637118,749.2963996704411,2023-01-24 18:00:00
1674586800000,27766.8676947037,28010.197211160958,27766.8676947037,27766.948723925256,773.2091576127359,2023-01-24 19:00:00
1674590400000,27766.948723925256,27938.87367920539,27751.137097097522,27844.64931390497,874.8360412919455,2023-01-24 20:00:00
1674594000000,27844.64931390497,27952.851952632784,27743.23355728097,27792.551858477964,4253.354972346815,2023-01-24 21:00:00
1674597600000,27967.848372066765,28057.235482334025,27967.848372066765,27990.282351342717,861.5231685080828,2023-01-24 22:00:00
1674601200000,27547.573956229106,27547.573956229106,27380.009734981697,27466.244092854948,1676.5381070998153,2023-01-24 23:00:00
1674604800000,27472.57504906709,27532.824719370466,27472.57504906709,27521.61437272507,640.0869173020116,2023-01-25 00:00:00
1674608400000,27597.627510652466,27845.008925148097,27597.627510652466,27703.551710066906,1355.8086460009313,2023-01-25 01:00:00
1674612000000,27358.228234148042,27358.228234148042,27184.834425399436,27355.632354013054,874.2422589800525,2023-01-25 02:00:00
1674615600000,27512.470697789053,27848.427485381104,27512.470697789053,27624.378312205863,1867.3342168122133,2023-01-25 03:00:00
1674619200000,27624.378312205863,27763.78223545019,27536.519051339983,27704.419390771167,813.5628710108327,2023-01-25 04:00:00
1674622800000,27676.62160786068,27676.62160786068,27531.41809776814,27606.252348246715,2899.6764970437134,2023-01-25 05:00:00
1674626400000,27673.794689449278,27915.093507252423,27673.794689449278,27755.970488383882,2772.9805574721777,2023-01-25 06:00:00
1674630000000,28255.181821430913,28340.955098351766,28255.181821430913,28299.93943245512,3630.2214164088514,2023-01-25 07:00:00
1674633600000,28299.93943245512,28526.659708559368,28203.815595233867,28343.96583119104,564.4652729165866,2023-01-25 08:00:00
1674637200000,28399.91627828945,28524.338853343725,28399.91627828945,28404.165921226275,785.7370597857689,2023-01-25 09:00:00
1674640800000,28404.165921226275,28412.595075813162,28221.885419268074,28292.859126281375,2583.3584057535872,2023-01-25 10:00:00
1674644400000,28182.06077732542,28182.06077732542,28036.33093757226,28088.083735068565,2446.5269007961115,2023-01-25 11:00:00
1674648000000,28236.976982995962,28356.445836351148,28236.976982995962,28288.14171633287,1672.2249657953291,2023-01-25 12:00:00
1674651600000,28099.828589913304,28099.828589913304,28038.20058434923,28081.90277533315,902.8936906992657,2023-01-25 13:00:00
1674655200000,28098.025877650587,28365.76382764828,28098.025877650587,28099.08603238897,1214.5146654134442,2023-01-25 14:00:00
1674658800000,28027.658196216635,28027.658196216635,27897.520728365616,27984.59791314338,2121.490405578803,2023-01-25 15:00:00
1674662400000,28058.49465292262,28114.883076989223,28058.49465292262,28099.40363825863,1585.6380356598943,2023-01-25 16:00:00
1674666000000,28108.55066098553,28267.738593875736,28108.55066098553,28179.65665503642,3414.1467976536856,2023-01-25 17:00:00
1674669600000,28378.88121439873,28529.928852135105,28378.88121439873,28430.675089946442,641.2029190351665,2023-01-25 18:00:00
1674673200000,28430.675089946442,28431.545893552106,28201.47561779352,28307.00548630785,1632.344603221023,2023-01-25 19:00:00
1674676800000,28307.00548630785,28308.573435986214,28197.43784083389,28241.783562292094,684.9551777757217,2023-01-25 20:00:00
1674680400000,28015.260612908878,28015.260612908878,27988.516533586186,28006.499485489854,1145.2635514220833,2023-01-25 21:00:00
1674684000000,27942.162362769017,27942.162362769017,27775.144063837914,27900.344079760973,684.2577361893991,2023-01-25 22:00:00
1674687600000,27900.344079760973,28011.843184033394,27843.423509921817,27990.467018912692,709.7286749633356,2023-01-25 23:00:00
1674691200000,27990.467018912692,28183.13069886405,27954.654522486115,28172.16211335363,1427.1317394188782,2023-01-26 00:00:00
1674694800000,28103.3287362757,28103.3287362757,27932.853654754934,27950.97672721454,2269.387883844236,2023-01-26 01:00:00
1674698400000,28121.634840823554,28230.882684837554,28121.634840823554,28159.508603856182,2325.4436356623237,2023-01-26 02:00:00
1674702000000,28358.965044321158,28636.012502647343,28358.965044321158,28487.698548651373,950.9586856313101,2023-01-26 03:00:00
1674705600000,28514.233793552277,28632.704922305453,28514.233793552277,28588.547183439856,619.4486969456036,2023-01-26 04:00:00
1674709200000,29023.20710506534,29166.712403299684,29023.20710506534,29050.859165898262,548.3467992524319,2023-01-26 05:00:00
1674712800000,28868.322039841598,28868.322039841598,28836.2518471587,28859.35237895415,1497.978063985518,2023-01-26 06:00:00
1674716400000,28665.77560709696,28665.77560709696,28451.823788863374,28553.955009089288,3348.316556850679,2023-01-26 07:00:00
1674720000000,28242.889528043834,28242.889528043834,28035.417385388497,28123.116391883374,999.4271640815944,2023-01-26 08:00:00
1674723600000,28480.2450021259,28536.67209203197,28480.2450021259,28485.047192719845,960.6652777867604,2023-01-26 09:00:00
1674727200000,28491.386431766015,28812.3195420657,28491.386431766015,28644.81544473315,1235.1028117886722,2023-01-26 10:00:00
1674730800000,28644.81544473315,28755.117918427353,28611.857208431982,28631.20927649326,1204.2501747557835,2023-01-26 11:00:00
1674734400000,28696.812837404534,28839.35631525008,28696.812837404534,28699.806531012557,4559.3369952093235,2023-01-26 12:00:00
1674738000000,28447.0781882814,28447.0781882814,28412.1176004856,28425.035543629823,1588.1064160436101,2023-01-26 13:00:00
1674741600000,28808.944897387195,29218.214582738237,28808.944897387195,29025.515806314386,1048.5140501969202,2023-01-26 14:00:00
1674745200000,29025.515806314386,29134.83974980228,28985.22563239027,29057.592637149897,2216.2067467789284,2023-01-26 15:00:00
1674748800000,29057.592637149897,29208.505018577776,28857.64570376706,29084.77563065648,1112.5420770615797,2023-01-26 16:00:00
1674752400000,29162.17705852268,29373.078511384327,29162.17705852268,29265.76305831928,1219.2339863118927,2023-01-26 17:00:00
1674756000000,29265.76305831928,29498.936580411213,29176.317428779235,29386.33445341515,5957.184630633821,2023-01-26 18:00:00
1674759600000,29427.264805480234,29542.42861585111,29427.264805480234,29442.623263028563,923.1457534858857,2023-01-26 19:00:00
1674763200000,29420.476953059482,29420.476953059482,29193.29044033368,29244.362883523052,500.2270639953335,2023-01-26 20:00:00
1674766800000,29297.037415595427,29452.134941762884,29297.037415595427,29362.451495045552,628.2466116659132,2023-01-26 21:00:00
1674770400000,29801.835509403074,29857.666314766047,29801.835509403074,29838.611981494523,3142.374274229241,2023-01-26 22:00:00
1674774000000,30160.321640514703,30312.10662988136,30160.321640514703,30183.735074452874,1218.2451578002847,2023-01-26 23:00:00
1674777600000,30402.786314545676,30758.87993628348,30402.786314545676,30597.58032344614,1471.091813876365,2023-01-27 00:00:00
1674781200000,30540.458074575552,30540.458074575552,30421.324335422443,30464.17269052151,536.239002911492,2023-01-27 01:00:00
1674784800000,30221.321971084843,30221.321971084843,30148.99018346567,30207.57446289892,2121.5195243332564,2023-01-27 02:00:00
1674788400000,30207.57446289892,30264.386895642252,29921.20051698549,30175.11391657766,1625.7371855851006,2023-01-27 03:00:00
1674792000000,30185.875688121585,30336.370598568603,30185.875688121585,30189.489970025326,2510.181746161922,2023-01-27 04:00:00
1674795600000,30470.262475809148,30509.285557789623,30470.262475809148,30473.16396378006,1160.1613947623755,2023-01-27 05:00:00
1674799200000,30067.372667952786,30067.372667952786,29826.835011963707,30035.5032614783,5345.41405265386,2023-01-27 06:00:00
1674802800000,30261.234166892707,30557.608803581817,30261.234166892707,30430.759422199917,507.00675193472443,2023-01-27 07:00:00
1674806400000,30430.759422199917,30574.264256265644,30322.523815148703,30389.688327132968,2208.536246104378,2023-01-27 08:00:00
1674810000000,30389.688327132968,30408.64651216234,30214.617886108244,30279.005816957484,500.5981176715129,2023-01-27 09:00:00
1674813600000,30154.667226256413,30154.667226256413,29916.864298435652,30018.19375395968,766.0084659001128,2023-01-27 10:00:00
1674817200000,29820.598785995127,29820.598785995127,29536.935323373087,29596.579795093083,1040.2454786595356,2023-01-27 11:00:00
1674820800000,29767.168603309132,29922.748705190483,29767.168603309132,29805.55658495868,2857.0307087352544,2023-01-27 12:00:00
1674824400000,29813.270563752667,30088.797627670738,29813.270563752667,29824.241093326567,612.945547196431,2023-01-27 13:00:00
1674828000000,29630.372146966387,29630.372146966387,29363.769373443763,29497.20789958865,886.2527816820527,2023-01-27 14:00:00
1674831600000,29230.380140255238,29230.380140255238,29103.844188522206,29172.4845635569,630.6758871390892,2023-01-27 15:00:00
1674835200000,29172.4845635569,29199.670837082846,29049.140132504224,29088.876306972263,573.1468131613134,2023-01-27 16:00:00
1674838800000,29342.480941679685,29529.662954895986,29342.480941679685,29506.830132969226,581.0544488872824,2023-01-27 17:00:00
1674842400000,29466.963538294935,29466.963538294935,29413.70568929216,29441.431453161327,2423.757515573203,2023-01-27 18:00:00
1674846000000,29066.56408559264,29066.56408559264,29025.138234825405,29065.5852192264,1967.2553344303774,2023-01-27 19:00:00
1674849600000,29065.5852192264,29083.83530359898,28894.164570580753,29004.59752133359,841.0385814119751,2023-01-27 20:00:00
1674853200000,29004.59752133359,29108.78397669882,28739.15906168001,28937.063694964767,1286.4810288349036,2023-01-27 21:00:00
1674856800000,28336.636336981577,28336.636336981577,28172.741621484187,28277.64824885211,683.4019874143787,2023-01-27 22:00:00
1674860400000,28268.721340366108,28268.721340366108,28026.742226108272,28264.52808614502,2091.797235781115,2023-01-27 23:00:00
1674864000000,28264.52808614502,28304.07720924947,28052.00393612511,28208.79154813169,669.3341718640597,2023-01-28 00:00:00
1674867600000,28365.311977430705,28481.030252111916,28365.311977430705,28377.15710345674,973.7918784843434,2023-01-28 01:00:00
1674871200000,28817.53120935276,28891.22560707203,28817.53120935276,28829.189656941297,820.1888723770476,2023-01-28 02:00:00
1674874800000,29092.743160158174,29155.757780947366,29092.743160158174,29108.135109830222,697.3478148621479,2023-01-28 03:00:00
1674878400000,29108.135109830222,29110.481931161983,29024.662699731867,29041.312124492382,652.2181225463228,2023-01-28 04:00:00
1674882000000,28817.10034416094,28817.10034416094,28734.825222782674,28767.93410389905,4476.9657357820215,2023-01-28 05:00:00
1674885600000,29336.64239728929,29572.959053396597,29336.64239728929,29407.716357933314,919.4490535165588,2023-01-28 06:00:00
1674889200000,29407.716357933314,29570.502727373514,29361.2973412708,29422.605376486226,657.8486982563754,2023-01-28 07:00:00
1674892800000,29422.605376486226,29461.19451548633,29317.727006387053,29426.108649265636,2151.657816993581,2023-01-28 08:00:00
1674896400000,29426.108649265636,29445.505449820816,29353.61668831946,29420.041357479768,876.4449821263705,2023-01-28 09:00:00
1674900000000,29420.041357479768,29646.460943745704,29303.622611791772,29469.89535495819,660.7637432607055,2023-01-28 10:00:00
1674903600000,29469.89535495819,29589.240457865122,29385.782897934758,29433.554367310266,981.4666707162233,2023-01-28 11:00:00
1674907200000,29324.398089963855,29324.398089963855,29247.376361454528,29289.584231133726,771.130875880435,2023-01-28 12:00:00
1674910800000,29274.958533300072,29274.958533300072,28982.08784416058,29152.99645003141,1418.6572411940529,2023-01-28 13:00:00
1674914400000,29152.99645003141,29267.549241912704,28969.840011481232,29144.83598306365,2237.257942441951,2023-01-28 14:00:00
1674918000000,29028.36441902694,29028.36441902694,28832.092307185187,29009.774740306308,2114.142569706346,2023-01-28 15:00:00
1674921600000,28873.96595506791,28873.96595506791,28734.83977247344,28833.554632920383,1651.6021527080916,2023-01-28 16:00:00
1674925200000,28841.135609635785,28904.877955885,28841.135609635785,28859.796737816505,1441.12855647433,2023-01-28 17:00:00
1674928800000,28859.796737816505,28871.323179032457,28626.70413313693,28796.96784422541,584.0131260067169,2023-01-28 18:00:00
1674932400000,29071.15119407938,29225.893911544004,29071.15119407938,29169.552529962548,594.0464292896677,2023-01-28 19:00:00
1674936000000,28645.368618478224,28645.368618478224,28510.48790613446,28516.028724952233,867.7056873312893,2023-01-28 20:00:00
1674939600000,28579.902243532433,28822.62311125309,28579.902243532433,28783.31762399601,2658.3005893272903,2023-01-28 21:00:00
1674943200000,28791.365247556318,29283.644981345948,28791.365247556318,29091.523832031104,717.4821080309616,2023-01-28 22:00:00
1674946800000,28714.536748842896,28714.536748842896,28400.098225216916,28580.498066746393,1926.381868893206,2023-01-28 23:00:00
1674950400000,28543.336106263112,28543.336106263112,28480.350652238492,28496.90500825643,1839.1351223725042,2023-01-29 00:00:00
1674954000000,28496.90500825643,28521.908238292533,28377.072838009182,28406.57416233099,550.8785470907684,2023-01-29 01:00:00
1674957600000,28095.698947010205,28095.698947010205,27866.57005581622,28066.871462642113,757.4484681300528,2023-01-29 02:00:00
1674961200000,27916.84068635006,27916.84068635006,27859.975298252954,27880.891429542302,1051.2486005622604,2023-01-29 03:00:00
1674964800000,27652.58237239363,27652.58237239363,27605.474887329685,27617.480890702547,1088.5213137801088,2023-01-29 04:00:00
1674968400000,28014.810402949963,28297.354875860525,28014.810402949963,28034.23463630136,2902.9411851621444,2023-01-29 05:00:00
1674972000000,28211.271655531356,28442.112931675078,28211.271655531356,28259.342710315384,2170.2857504004905,2023-01-29 06:00:00
1674975600000,28335.203622628498,28665.824004876642,28335.203622628498,28568.157004172386,2386.983363836401,2023-01-29 07:00:00
1674979200000,28676.70496177741,28891.56082817741,28676.70496177741,28744.923603874093,3330.0877176850545,2023-01-29 08:00:00
1674982800000,28638.39314237741,28638.39314237741,28382.402315154195,28468.853711863663,2135.2548810867347,2023-01-29 09:00:00
1674986400000,28381.797107490667,28381.797107490667,28209.031055002237,28341.504280585734,552.6241365926836,2023-01-29 10:00:00
1674990000000,28345.657639164176,28663.3148308782,28345.657639164176,28460.302750506642,1098.4742688237761,2023-01-29 11:00:00
1674993600000,28253.86174331035,28253.86174331035,28009.079289842775,28164.550739240214,1507.1571876970356,2023-01-29 12:00:00
1674997200000,28247.493504310045,28407.674294157645,28247.493504310045,28336.719112610477,1288.988632853167,2023-01-29 13:00:00
1675000800000,28336.719112610477,28357.65813504276,28166.09463312624,28278.57025494681,1880.744623767398,2023-01-29 14:00:00
1675004400000,28278.57025494681,28368.701544577365,28177.052717425628,28188.117131230367,3919.4995605254085,2023-01-29 15:00:00
1675008000000,28188.117131230367,28467.098037635562,28046.21170401986,28359.935425182066,2782.3435050455755,2023-01-29 16:00:00
1675011600000,28440.55088830712,28693.58028210048,28440.55088830712,28467.83219963508,790.5834473663516,2023-01-29 17:00:00
1675015200000,28467.83219963508,28505.77922181561,28362.35835590678,28380.134333830265,730.6466743193133,2023-01-29 18:00:00
1675018800000,28606.107953463543,28780.395469643394,28606.107953463543,28662.760875963948,1299.9764615179965,2023-01-29 19:00:00
1675022400000,28456.648042627276,28456.648042627276,28311.663752998964,28399.126453351488,1416.919454727911,2023-01-29 20:00:00
1675026000000,28456.201725082185,28657.318800098485,28456.201725082185,28549.033463447944,4205.430375478479,2023-01-29 21:00:00
1675029600000,28588.14757529192,28922.27980386421,28588.14757529192,28694.130815181146,1545.4447389605757,2023-01-29 22:00:00
1675033200000,28661.04999157689,28661.04999157689,28523.82035257587,28618.311054350303,2191.436676998317,2023-01-29 23:00:00
1675036800000,28618.311054350303,28900.0287938904,28513.546163952884,28698.199169022766,1141.3817504585445,2023-01-30 00:00:00
1675040400000,28442.96014418451,28442.96014418451,28282.09507715356,28392.93963121694,2537.5297205938223,2023-01-30 01:00:00
1675044000000,28600.430500035996,28629.937858763853,28600.430500035996,28618.07780697065,2380.9030796253464,2023-01-30 02:00:00
1675047600000,28607.075013231366,28607.075013231366,28416.69785905698,28572.884181854635,680.9222658547063,2023-01-30 03:00:00
1675051200000,28483.73721238843,28483.73721238843,28222.050937726333,28445.506366281286,1508.7441994171234,2023-01-30 04:00:00
1675054800000,28626.711815815135,28772.930925948225,28626.711815815135,28701.706522823148,542.3829262133264,2023-01-30 05:00:00
1675058400000,28606.263332696824,28606.263332696824,28300.607681911435,28529.430977654385,2451.4699742606404,2023-01-30 06:00:00
1675062000000,28276.16869713924,28276.16869713924,27960.292172702997,28188.03028847719,3560.166573864348,2023-01-30 07:00:00
1675065600000,27855.07972753203,27855.07972753203,27795.275014744308,27815.465477017628,1249.9037362026554,2023-01-30 08:00:00
1675069200000,27916.529471636582,28032.5984284763,27916.529471636582,27959.919386062866,860.647292237577,2023-01-30 09:00:00
1675072800000,27949.28752528164,27949.28752528164,27507.532092208377,27655.58215662877,1417.7497882472496,2023-01-30 10:00:00
1675076400000,27941.26736896797,28121.171486266463,27941.26736896797,28073.516442601573,1460.2275388403696,2023-01-30 11:00:00
1675080000000,27587.433603858113,27587.433603858113,27563.736616967613,27578.36016313347,1395.7946413840687,2023-01-30 12:00:00
1675083600000,27855.64919875694,28049.107591566815,27855.64919875694,27981.171419911574,1476.5174049636921,2023-01-30 13:00:00
1675087200000,27981.171419911574,28061.55951730836,27731.988368601727,28031.685674898727,1252.1683720353626,2023-01-30 14:00:00
1675090800000,28031.685674898727,28037.596014777188,27759.293265134085,28008.522770589167,720.0930908015006,2023-01-30 15:00:00
1675094400000,27940.55378989109,27940.55378989109,27817.97943269221,27878.37127969316,588.7943727343963,2023-01-30 16:00:00
1675098000000,27881.036944651314,28203.595603240537,27881.036944651314,27973.643741691638,1075.749685763407,2023-01-30 17:00:00
1675101600000,27973.643741691638,28017.653690189683,27761.219074730012,27964.64657825744,926.1817261473234,2023-01-30 18:00:00
1675105200000,28226.17982431078,28478.75709019302,28226.17982431078,28229.61311715194,1836.1048487108292,2023-01-30 19:00:00
1675108800000,28229.61311715194,28260.78050680609,28191.2383323095,28257.188790629516,909.9602877117508,2023-01-30 20:00:00
1675112400000,28257.188790629516,28492.22992582572,28249.904942293913,28293.514153098986,1163.623306159519,2023-01-30 21:00:00
1675116000000,28293.514153098986,28493.90751141151,28160.259221498713,28205.71535417096,769.9859534079594,2023-01-30 22:00:00
1675119600000,28205.71535417096,28517.828945797468,28116.098045267063,28191.98980542422,577.8489445678823,2023-01-30 23:00:00
1675123200000,28192.580974691733,28352.640062937346,28192.580974691733,28266.258569887206,1203.0186460483492,2023-01-31 00:00:00
1675126800000,27973.34127318629,27973.34127318629,27832.425469188172,27856.078243292155,537.1423672697514,2023-01-31 01:00:00
1675130400000,27675.498899618895,27675.498899618895,27511.901414894197,27536.91885581133,804.3649632159809,2023-01-31 02:00:00
1675134000000,27701.98554622808,27773.731933488936,27701.98554622808,27712.41868810493,1096.1629738751385,2023-01-31 03:00:00
1675137600000,27712.41868810493,27952.727227158506,27534.21889263104,27752.921368551622,904.1060702801168,2023-01-31 04:00:00
1675141200000,27752.921368551622,27789.678115338902,27671.62517337501,27709.311609249577,956.9662988092903,2023-01-31 05:00:00
1675144800000,27709.311609249577,27739.42897148793,27674.992316483196,27713.677932571893,3889.495054219591,2023-01-31 06:00:00
1675148400000,27713.677932571893,27986.032020622657,27700.848638948828,27796.13621830536,835.7606136375007,2023-01-31 07:00:00
1675152000000,27754.352475536958,27754.352475536958,27414.14097086472,27668.191794318223,1157.8135117557792,2023-01-31 08:00:00
1675155600000,27579.810850511378,27579.810850511378,27372.36205790128,27484.738887124953,882.783704488999,2023-01-31 09:00:00
1675159200000,27527.20922688079,27633.57698533904,27527.20922688079,27530.786397537475,1442.5397625891,2023-01-31 10:00:00
1675162800000,27490.05784208652,27490.05784208652,27266.554156696442,27301.51691169546,920.4906620785935,2023-01-31 11:00:00
1675166400000,27301.51691169546,27419.49919646131,27262.915879130072,27396.952817298745,1223.0749700078632,2023-01-31 12:00:00
1675170000000,27013.178421227614,27013.178421227614,26955.751719528755,27001.13770116779,1424.3558227107892,2023-01-31 13:00:00
1675173600000,27176.829637570874,27267.10057292552,27176.829637570874,27239.705943456993,3196.616446896824,2023-01-31 14:00:00
1675177200000,27325.842792842526,27469.152426636814,27325.842792842526,27349.963716814218,1371.6078660550047,2023-01-31 15:00:00
1675180800000,27349.963716814218,27468.59945090123,27242.767235551895,27409.882141586935,2618.912348977063,2023-01-31 16:00:00
1675184400000,27608.091731151973,27729.668131952832,27608.091731151973,27641.081851393217,1476.85133874033,2023-01-31 17:00:00
1675188000000,27945.41680261246,28084.851443000614,27945.41680261246,28037.383458343887,725.3897574630221,2023-01-31 18:00:00
1675191600000,28245.60572732766,28304.41672096111,28245.60572732766,28281.533010869156,1628.242053359348,2023-01-31 19:00:00
1675195200000,27948.79268337744,27948.79268337744,27771.48420320844,27840.010648727064,1912.4374859492198,2023-01-31 20:00:00
1675198800000,27718.132508706334,27718.132508706334,27520.125884363286,27537.179226258366,1458.7337743884373,2023-01-31 21:00:00
1675202400000,27401.390116952953,27401.390116952953,27361.72303291714,27390.505564731495,1132.1593204234969,2023-01-31 22:00:00
1675206000000,27390.505564731495,27442.084651126796,27360.83096653444,27396.61467508719,727.5719345038183,2023-01-31 23:00:00
1675209600000,27396.61467508719,27566.014624745494,27345.06096143342,27518.10446545263,1333.3658886675275,2023-02-01 00:00:00
1675213200000,27501.17687039737,27501.17687039737,27321.7124348779,27347.930365355358,2664.9025171565568,2023-02-01 01:00:00
1675216800000,27347.930365355358,27400.959714546647,27291.03723438232,27391.623046066117,2944.490723639544,2023-02-01 02:00:00
1675220400000,27347.878619677405,27347.878619677405,27170.280974193443,27215.335518940337,643.5189938218563,2023-02-01 03:00:00
1675224000000,27092.78086785043,27092.78086785043,27025.15922972224,27073.45387501567,951.6199407153103,2023-02-01 04:00:00
1675227600000,26762.86124072819,26762.86124072819,26724.558890474582,26749.88790360867,903.7254053615225,2023-02-01 05:00:00
1675231200000,26655.05630292272,26655.05630292272,26452.26238383957,26539.62682631647,3150.7744820058047,2023-02-01 06:00:00
1675234800000,26301.53268513571,26301.53268513571,26168.626620414925,26234.765931625243,1841.4971234034583,2023-02-01 07:00:00
1675238400000,26034.808492720535,26034.808492720535,25947.365710028414,26016.845213557805,832.3523748026487,2023-02-01 08:00:00
1675242000000,26152.784336587,26403.79436245417,26152.784336587,26252.21062920003,4255.773272227464,2023-02-01 09:00:00
1675245600000,26174.93600098843,26174.93600098843,25985.155657441144,26040.03691330681,1070.0997387791122,2023-02-01 10:00:00
1675249200000,26606.196400257206,26655.38910069647,26606.196400257206,26632.58482978012,3450.4946419583875,2023-02-01 11:00:00
1675252800000,26632.58482978012,26822.41699268765,26620.03379829175,26745.121504330273,1911.375208901592,2023-02-01 12:00:00
1675256400000,26745.121504330273,26965.862944432294,26612.1981854076,26787.409049389516,1088.0189938133617,2023-02-01 13:00:00
1675260000000,26687.125838525582,26687.125838525582,26506.36611644054,26591.594570586713,560.2363086589305,2023-02-01 14:00:00
1675263600000,26591.594570586713,26778.993302649666,26535.16532316807,26751.24608183696,683.9469396444902,2023-02-01 15:00:00
1675267200000,26751.24608183696,26751.72087691774,26428.63905676156,26619.94651480963,559.1046115363869,2023-02-01 16:00:00
1675270800000,26624.079311129834,26756.800777049524,26624.079311129834,26647.722300789635,664.5715204491362,2023-02-01 17:00:00
1675274400000,27120.854020913874,27433.32795288875,27120.854020913874,27237.26147981851,1043.5807301359346,2023-02-01 18:00:00
1675278000000,27237.26147981851,27300.417753039746,27022.27438852028,27214.906966352486,1202.465033184062,2023-02-01 19:00:00
1675281600000,27471.99757201175,27516.666773875637,27471.99757201175,27483.5669492414,959.2617027101013,2023-02-01 20:00:00
1675285200000,27325.404497872918,27325.404497872918,27279.4177755268,27318.87557701054,1197.0455797169077,2023-02-01 21:00:00
1675288800000,27318.87557701054,27340.61263471433,27254.28019289363,27310.706725135646,1372.4416383427993,2023-02-01 22:00:00
1675292400000,27690.291929833184,27772.407217421383,27690.291929833184,27727.222449262932,1110.4398508926483,2023-02-01 23:00:00
1675296000000,27727.222449262932,27856.8785960376,27518.33537847715,27579.03007579388,3902.382283935487,2023-02-02 00:00:00
1675299600000,27980.455254385048,28071.229654799692,27980.455254385048,28009.607216427517,2487.4796762325905,2023-02-02 01:00:00
1675303200000,28175.407175006283,28271.79280289467,28175.407175006283,28179.564707464928,1297.8795716699965,2023-02-02 02:00:00
1675306800000,28163.087616032368,28163.087616032368,28018.387623886865,28044.41175603508,728.1493137755422,2023-02-02 03:00:00
1675310400000,28044.41175603508,28223.29942533614,28044.28079944934,28196.41601653291,556.1580589407639,2023-02-02 04:00:00
1675314000000,28373.482783800682,28433.34538469167,28373.482783800682,28431.786575971295,843.7260781550874,2023-02-02 05:00:00
1675317600000,28571.331358255986,28723.315473945055,28571.331358255986,28583.30114277525,863.7040537571318,2023-02-02 06:00:00
1675321200000,28238.07691435032,28238.07691435032,28172.538142258938,28202.234480817126,853.6216078176968,2023-02-02 07:00:00
1675324800000,28045.799915090352,28045.799915090352,27846.834694087687,28027.495865408615,758.0994565048401,2023-02-02 08:00:00
1675328400000,28026.134745896088,28026.134745896088,27852.767409468583,27968.261900367263,3312.1510585578067,2023-02-02 09:00:00
1675332000000,27968.261900367263,28109.248817115113,27943.164504276006,27950.47364755468,2717.693469201768,2023-02-02 10:00:00
1675335600000,28057.97420125235,28316.91924122115,28057.97420125235,28099.149981018596,4617.301050112322,2023-02-02 11:00:00
1675339200000,28099.149981018596,28258.78377402232,28023.717569518867,28141.8620742676,703.710351255344,2023-02-02 12:00:00
1675342800000,27879.409198530975,27879.409198530975,27779.738094028373,27822.48192690566,1130.586769538705,2023-02-02 13:00:00
1675346400000,27822.48192690566,28069.172777243442,27682.285508272467,27913.044618616193,527.4808146603052,2023-02-02 14:00:00
1675350000000,28027.498404127386,28106.565812478668,28027.498404127386,28059.102696831713,1067.1136889230938,2023-02-02 15:00:00
1675353600000,28059.102696831713,28399.496925363055,27875.859245165117,28193.6814856926,992.9998161226719,2023-02-02 16:00:00
1675357200000,28264.940467243334,28588.78341124242,28264.940467243334,28455.339989162505,3116.0303669054815,2023-02-02 17:00:00
1675360800000,28590.17242297682,28660.224698200724,28590.17242297682,28658.892261268044,1102.9862449957473,2023-02-02 18:00:00
1675364400000,28658.892261268044,28801.555242368056,28637.540097138353,28771.59459714413,832.0523930620525,2023-02-02 19:00:00
1675368000000,28771.59459714413,28837.394096731197,28561.215354743224,28754.344300251872,7219.564161523771,2023-02-02 20:00:00
1675371600000,28362.394325961493,28362.394325961493,28273.120292913318,28349.002284657454,586.181348506174,2023-02-02 21:00:00
1675375200000,28349.002284657454,28478.25166711523,28310.637380739958,28453.295497145467,1214.2893726192501,2023-02-02 22:00:00
1675378800000,28453.295497145467,28608.23079206375,28366.6771648822,28503.850809282438,590.9832766473793,2023-02-02 23:00:00
1675382400000,28517.58255091346,28589.591786703153,28517.58255091346,28570.094048230912,1345.9579431278557,2023-02-03 00:00:00
1675386000000,28265.498565766247,28265.498565766247,28192.570728025326,28260.00429329729,514.2983707095092,2023-02-03 01:00:00
1675389600000,28040.67076263956,28040.67076263956,27803.51982237057,28000.075970692356,1680.6108686439713,2023-02-03 02:00:00
1675393200000,28035.453776849532,28292.4423369459,28035.453776849532,28253.2649130548,1262.1190833944656,2023-02-03 03:00:00
1675396800000,28253.2649130548,28385.667166597872,28203.22932472283,28243.714190285144,4292.311305678069,2023-02-03 04:00:00
1675400400000,28265.632180333647,28409.392169751867,28265.632180333647,28408.71708657103,1424.4373826138894,2023-02-03 05:00:00
1675404000000,28408.71708657103,28445.251439301443,28230.867003181622,28415.594267707067,1687.3455829771035,2023-02-03 06:00:00
1675407600000,28421.783084913815,28456.41923468099,28421.783084913815,28422.822406669246,1445.0546149855404,2023-02-03 07:00:00
1675411200000,28576.99629409671,28809.235906834267,28576.99629409671,28651.688803383488,686.8869763784519,2023-02-03 08:00:00
1675414800000,28651.688803383488,28716.138865248126,28381.798952922687,28525.587943885454,1065.2942966301168,2023-02-03 09:00:00
1675418400000,28525.587943885454,28559.382857289893,28364.783644830022,28549.03391519196,2079.949259575116,2023-02-03 10:00:00
1675422000000,28549.03391519196,28660.296800253294,28328.03811506511,28436.45104916685,2160.619337729086,2023-02-03 11:00:00
1675425600000,28422.998947598615,28422.998947598615,28243.717673422958,28331.03830089332,1202.1938264501641,2023-02-03 12:00:00
1675429200000,28276.10857932844,28276.10857932844,27991.052672805687,28256.26835988745,1089.7205998370382,2023-02-03 13:00:00
1675432800000,28256.26835988745,28318.665859618624,28252.929800319063,28309.96902814508,2490.929528330529,2023-02-03 14:00:00
1675436400000,28219.606606992777,28219.606606992777,28062.822995721857,28194.358714041056,2524.799025357708,2023-02-03 15:00:00
1675440000000,28422.86384388385,28697.33241634964,28422.86384388385,28498.61412103996,965.284490417675,2023-02-03 16:00:00
1675443600000,28292.610976447428,28292.610976447428,28174.223876845976,28281.526666713296,1001.6666799684822,2023-02-03 17:00:00
1675447200000,28281.526666713296,28282.365897226395,28170.467642256375,28236.389178189256,3903.226264506965,2023-02-03 18:00:00
1675450800000,28221.76990663775,28221.76990663775,28095.383464832474,28130.45933681495,3899.86489669791,2023-02-03 19:00:00
1675454400000,28407.942594849268,28710.284864476253,28407.942594849268,28480.537561819467,1246.7463171522045,2023-02-03 20:00:00
1675458000000,28480.537561819467,28665.13186844704,28415.10994783151,28528.426431554115,1833.6001120802155,2023-02-03 21:00:00
1675461600000,28630.95417055139,28974.689707253132,28630.95417055139,28781.150494938363,879.2612702387685,2023-02-03 22:00:00
1675465200000,28663.553565332848,28663.553565332848,28405.703209410018,28418.003865651972,713.5124774429952,2023-02-03 23:00:00
1675468800000,28418.003865651972,28643.73952372333,28224.4319787905,28482.94506028191,1359.308004184084,2023-02-04 00:00:00
1675472400000,28580.99923233177,28842.564903862083,28580.99923233177,28700.35775031405,1434.771496038803,2023-02-04 01:00:00
1675476000000,28700.35775031405,28752.735716807056,28645.68430650764,28720.550400240976,566.2409946287563,2023-02-04 02:00:00
1675479600000,28908.293301070593,29170.239622721394,28908.293301070593,28983.307975023086,736.9507974194624,2023-02-04 03:00:00
1675483200000,28872.588619328955,28872.588619328955,28706.82772265444,28855.440849555638,745.3737461825311,2023-02-04 04:00:00
1675486800000,29014.532428156028,29355.749105807787,29014.532428156028,29205.146121472113,1287.0207803470635,2023-02-04 05:00:00
1675490400000,29698.07445163706,29833.350611564583,29698.07445163706,29784.6961416923,772.795786510522,2023-02-04 06:00:00
1675494000000,29746.22008450045,29746.22008450045,29519.17245036849,29692.466341766216,1717.5020890595358,2023-02-04 07:00:00
1675497600000,29653.60154922873,29653.60154922873,29422.814684767578,29579.61473272837,995.801432353727,2023-02-04 08:00:00
1675501200000,29855.680207352296,30030.00793766909,29855.680207352296,29949.367410016137,570.4625016770758,2023-02-04 09:00:00
1675504800000,30240.63472207906,30503.99907139002,30240.63472207906,30356.466503394215,1205.0695709406195,2023-02-04 10:00:00
1675508400000,30284.996833834233,30284.996833834233,30171.578742308116,30221.10209342948,2363.453677968022,2023-02-04 11:00:00
1675512000000,30221.10209342948,30292.236546579235,29978.24369990076,30112.756564093073,875.1796731187616,2023-02-04 12:00:00
1675515600000,30060.15041994411,30060.15041994411,29997.107715388087,30040.315835305017,509.8761616992535,2023-02-04 13:00:00
1675519200000,29915.52612271033,29915.52612271033,29580.80427609783,29697.078709712605,1682.1380553414715,2023-02-04 14:00:00
1675522800000,29560.825860637888,29560.825860637888,29334.309412935097,29464.80572259374,2169.3313158941355,2023-02-04 15:00:00
1675526400000,29271.136745873173,29271.136745873173,28989.757646355552,29212.995300212944,1798.3513506207153,2023-02-04 16:00:00
1675530000000,29106.416719116332,29106.416719116332,28878.81116198697,29021.905963262958,1440.7932524898306,2023-02-04 17:00:00
1675533600000,29021.905963262958,29065.642632727617,28820.25718247437,29013.303164230354,821.122861037019,2023-02-04 18:00:00
1675537200000,29032.01556505038,29327.80932358267,29032.01556505038,29071.444379989127,1365.8671471970724,2023-02-04 19:00:00
1675540800000,29339.0122132634,29480.717374815875,29339.0122132634,29459.28871648221,1498.9183271273994,2023-02-04 20:00:00
1675544400000,29290.597254354696,29290.597254354696,29205.560568719226,29208.970138847886,765.0840837639221,2023-02-04 21:00:00
1675548000000,29445.324709702356,29703.239045759372,29445.324709702356,29455.755724505812,700.6039838399917,2023-02-04 22:00:00
1675551600000,29455.755724505812,29657.792115857956,29395.960636951248,29401.928483403863,798.5511180009521,2023-02-04 23:00:00
1675555200000,29401.928483403863,29527.61931158308,29375.93581602131,29389.500272040183,3127.563895953608,2023-02-05 00:00:00
1675558800000,29469.072936861037,29610.572914060635,29469.072936861037,29559.50886082086,612.2887131646137,2023-02-05 01:00:00
1675562400000,29358.458290072085,29358.458290072085,29204.405558750394,29277.199541547492,1960.0038428355447,2023-02-05 02:00:00
1675566000000,29277.199541547492,29411.6419048779,29269.53685256064,29373.052691211637,2297.726008169606,2023-02-05 03:00:00
1675569600000,29373.052691211637,29648.56766216183,29291.401672120966,29414.872838820735,1113.1601287606568,2023-02-05 04:00:00
1675573200000,29534.856213293875,29605.303891647636,29534.856213293875,29538.947330865958,1518.7748936881085,2023-02-05 05:00:00
1675576800000,29538.947330865958,29627.864639161187,29510.176982934026,29612.047935960803,846.2368928147023,2023-02-05 06:00:00
1675580400000,30222.580887278935,30381.215496942725,30222.580887278935,30240.071765916204,1676.4983799247518,2023-02-05 07:00:00
1675584000000,30139.99696936054,30139.99696936054,30019.316466672783,30075.679549265365,610.1643549194253,2023-02-05 08:00:00
1675587600000,30075.679549265365,30242.947024317888,29678.194829762448,29939.484844243114,612.8460391940159,2023-02-05 09:00:00
1675591200000,29893.56026725631,29893.56026725631,29734.471443188886,29780.442715278594,2261.3420220777934,2023-02-05 10:00:00
1675594800000,29723.852832067594,29723.852832067594,29614.3121638242,29639.38245964191,619.2307386458606,2023-02-05 11:00:00
1675598400000,29529.52417497987,29529.52417497987,29400.63459988691,29478.34464044479,986.2274151745636,2023-02-05 12:00:00
1675602000000,29704.972457795862,29798.02385909708,29704.972457795862,29779.46330450057,2301.6509430520837,2023-02-05 13:00:00
1675605600000,30099.649306811974,30223.54413535761,30099.649306811974,30143.241402090207,1831.5047302673324,2023-02-05 14:00:00
1675609200000,30104.19021736347,30104.19021736347,29822.51727873701,29996.54749487692,916.9740430229774,2023-02-05 15:00:00
1675612800000,29824.737135384286,29824.737135384286,29762.946493057658,29783.893223413066,524.953161282465,2023-02-05 16:00:00
1675616400000,29783.893223413066,30042.18082678727,29783.65622890144,29904.146959988262,2310.199918461819,2023-02-05 17:00:00
1675620000000,29904.146959988262,29932.55404393658,29595.288634136457,29763.328587213393,637.3672276016639,2023-02-05 18:00:00
1675623600000,29816.475300410857,29940.79228873908,29816.475300410857,29924.783643731582,540.7678014950719,2023-02-05 19:00:00
1675627200000,29924.783643731582,30115.314918772532,29918.26370814706,29976.73261645136,1708.982335987063,2023-02-05 20:00:00
1675630800000,29675.386787124946,29675.386787124946,29583.14158472969,29590.86543515185,1056.685858065787,2023-02-05 21:00:00
1675634400000,29977.678251197198,30084.39696501042,29977.678251197198,29984.87171914619,1524.6727621079945,2023-02-05 22:00:00
1675638000000,30195.000974428433,30482.799678216554,30195.000974428433,30448.69698554204,568.3380585903191,2023-02-05 23:00:00
1675641600000,30298.450436749714,30298.450436749714,30259.84324495729,30289.62983152985,1149.833614018005,2023-02-06 00:00:00
1675645200000,30289.62983152985,30366.141209796944,30049.29547333408,30189.420065264472,1585.396478458099,2023-02-06 01:00:00
1675648800000,30189.420065264472,30391.486774566118,30144.20821342505,30263.275927907587,879.3128021166588,2023-02-06 02:00:00
1675652400000,30263.275927907587,30395.360882309968,30240.399959138984,30349.915202780976,540.6106911543552,2023-02-06 03:00:00
1675656000000,30486.72096344322,30651.851316896285,30486.72096344322,30521.23330887978,2714.8686572717234,2023-02-06 04:00:00
1675659600000,30754.201862869522,31286.546184388913,30754.201862869522,31050.18579955151,580.0926571796778,2023-02-06 05:00:00
1675663200000,31050.18579955151,31135.200204127636,30933.126391180464,31003.259369537005,780.580752753342,2023-02-06 06:00:00
1675666800000,30946.854579914994,30946.854579914994,30756.564432344472,30792.43098945698,2596.55081543546,2023-02-06 07:00:00
1675670400000,30471.95822914433,30471.95822914433,30226.212326738136,30431.529133309108,713.8037417365647,2023-02-06 08:00:00
1675674000000,30313.326824420437,30313.326824420437,30154.080259503404,30241.997556411414,549.9955250789013,2023-02-06 09:00:00
1675677600000,30241.997556411414,30260.892943481966,30081.104003324388,30233.43568549802,919.1510193550425,2023-02-06 10:00:00
1675681200000,30687.653691338855,30815.993861245857,30687.653691338855,30700.75956056587,1913.2403630308565,2023-02-06 11:00:00
1675684800000,30700.75956056587,30731.614026468713,30521.468025076505,30565.231120876968,708.5409400216104,2023-02-06 12:00:00
1675688400000,30584.93756101222,30774.219601642446,30584.93756101222,30623.75293082894,517.6531174158322,2023-02-06 13:00:00
1675692000000,30623.75293082894,30631.98239101822,30541.81222225042,30619.454443912095,2212.000597816509,2023-02-06 14:00:00
1675695600000,30755.83101796707,31085.030330598296,30755.83101796707,30932.06465871881,1407.1984360990505,2023-02-06 15:00:00
1675699200000,31418.50612607434,31708.34645448147,31418.50612607434,31607.430442610053,1369.302187398866,2023-02-06 16:00:00
1675702800000,31577.706484866703,31577.706484866703,31307.966539893096,31464.33383031232,730.5231992809348,2023-02-06 17:00:00
1675706400000,31449.379287395237,31449.379287395237,31287.05250602325,31332.9786129829,639.0977284446424,2023-02-06 18:00:00
1675710000000,31557.442614979536,31728.728961861176,31557.442614979536,31613.87522480825,3789.6358960708026,2023-02-06 19:00:00
1675713600000,31735.374963640574,31954.468088415953,31735.374963640574,31798.673190450325,611.6584677999375,2023-02-06 20:00:00
1675717200000,32127.342178022438,32349.20710351104,32127.342178022438,32304.587676957224,1463.0810771759911,2023-02-06 21:00:00
1675720800000,32330.362462277542,32564.3501674869,32330.362462277542,32466.22655667041,2298.531867370704,2023-02-06 22:00:00
1675724400000,32430.466479128172,32430.466479128172,32262.021296828178,32366.674391838365,1522.8944477442633,2023-02-06 23:00:00
1675728000000,32519.240270485025,32558.2280499686,32519.240270485025,32530.49424246279,533.9949068284867,2023-02-07 00:00:00
1675731600000,32800.12600314612,33007.89066255615,32800.12600314612,32840.238663094824,1745.5596926124358,2023-02-07 01:00:00
1675735200000,32978.94016132419,33146.81262722094,32978.94016132419,33071.3584600278,1181.9517064981524,2023-02-07 02:00:00
1675738800000,33133.02702020423,33274.78368053924,33133.02702020423,33215.06431747748,1194.387013503127,2023-02-07 03:00:00
1675742400000,33422.51472408281,33696.418135034866,33422.51472408281,33519.283320900555,670.5041723289947,2023-02-07 04:00:00
1675746000000,33613.27009962413,33979.93005208315,33613.27009962413,33855.97242477028,1905.7930647238663,2023-02-07 05:00:00
1675749600000,33986.07917295459,34332.65569072893,33986.07917295459,34258.31790445808,1019.9869211441636,2023-02-07 06:00:00
1675753200000,34258.31790445808,34589.95848228771,34249.6788399936,34448.80216134864,1331.4765365449189,2023-02-07 07:00:00
1675756800000,34445.83359925566,34445.83359925566,34372.07326414386,34399.62931441259,808.817956357811,2023-02-07 08:00:00
1675760400000,34403.69591727833,34544.43183524206,34403.69591727833,34442.79460453589,684.8240114011489,2023-02-07 09:00:00
1675764000000,34727.088255395065,34807.14545006616,34727.088255395065,34799.82743119896,3413.5093309244207,2023-02-07 10:00:00
1675767600000,34732.98336050161,34732.98336050161,34401.44668234892,34557.675752686824,708.6275758729269,2023-02-07 11:00:00
1675771200000,34625.782798069,34751.69066750803,34625.782798069,34666.74658217413,655.3306698089038,2023-02-07 12:00:00
1675774800000,34576.66203607194,34576.66203607194,34415.605749706076,34550.39080120232,2087.5706349447,2023-02-07 13:00:00
1675778400000,34550.39080120232,34727.77944655739,34478.8820329817,34558.880726892145,602.7085220912049,2023-02-07 14:00:00
1675782000000,34778.177389334574,35011.418486558825,34778.177389334574,34938.59509250442,1566.592732084178,2023-02-07 15:00:00
1675785600000,34938.59509250442,35290.76948498803,34933.6160905102,34995.71094724813,1647.8166688708511,2023-02-07 16:00:00
1675789200000,34995.71094724813,35217.25955404635,34895.313808396284,35009.60403809965,539.7875513690432,2023-02-07 17:00:00
1675792800000,34748.87454061956,34748.87454061956,34588.68391843157,34605.03134316275,1342.8015870012387,2023-02-07 18:00:00
1675796400000,34695.716604884976,34901.01133609522,34695.716604884976,34826.46795547238,1621.7588361608691,2023-02-07 19:00:00
1675800000000,34900.268483195956,35182.41220560773,34900.268483195956,35019.145710492885,2102.2430483087755,2023-02-07 20:00:00
1675803600000,35626.43868735171,35705.720726275824,35626.43868735171,35672.68614325338,2910.127143633191,2023-02-07 21:00:00
1675807200000,35672.68614325338,35810.62429152435,35371.18891478384,35578.96436471679,1062.3693566980703,2023-02-07 22:00:00
1675810800000,35578.96436471679,35923.097476166346,35554.62384888256,35645.67271192912,1936.0293774129016,2023-02-07 23:00:00
1675814400000,35704.22278200359,35741.91640714076,35704.22278200359,35721.7361126515,1837.2430555351211,2023-02-08 00:00:00
1675818000000,36197.7622520548,36222.19014260421,36197.7622520548,36206.642758623224,811.971031263285,2023-02-08 01:00:00
1675821600000,36206.642758623224,36213.16777575611,36065.72331868138,36177.163139426375,1776.7394335517256,2023-02-08 02:00:00
1675825200000,36177.163139426375,36398.81722292112,36113.81026128943,36263.546110137824,528.5244887944258,2023-02-08 03:00:00
1675828800000,36263.546110137824,36678.33138646813,36230.28803700317,36452.461194084906,657.9371659913159,2023-02-08 04:00:00
1675832400000,36452.461194084906,36594.54323453477,36408.38339096488,36510.650619171545,1556.3609211055277,2023-02-08 05:00:00
1675836000000,36510.650619171545,36624.8023329473,36121.66030976184,36371.59579854363,613.6733636461348,2023-02-08 06:00:00
1675839600000,36371.59579854363,36555.27872734733,36343.13645897134,36431.985617384715,7839.000566875333,2023-02-08 07:00:00
1675843200000,36635.326055828526,36875.70332634894,36635.326055828526,36767.85496585753,1587.2563747276574,2023-02-08 08:00:00
1675846800000,36672.847635467995,36672.847635467995,36444.45676915146,36446.660708108204,645.8884019274092,2023-02-08 09:00:00
1675850400000,36446.660708108204,36567.10785998347,36355.66292511875,36488.10789939263,605.5327499412622,2023-02-08 10:00:00
1675854000000,36395.79614175079,36395.79614175079,36179.808836916796,36270.40538345495,975.3227220355632,2023-02-08 11:00:00
1675857600000,36538.980621395895,36682.58597750079,36538.980621395895,36642.79294146216,4483.698090905679,2023-02-08 12:00:00
1675861200000,36350.747892473,36350.747892473,35887.40520303712,36168.81771887973,682.1677848141956,2023-02-08 13:00:00
1675864800000,36048.54090655619,36048.54090655619,35969.95536191175,35996.437926836414,558.2919992107844,2023-02-08 14:00:00
1675868400000,35996.437926836414,36145.014106756804,35960.73608051067,36112.68529610293,3141.748845373203,2023-02-08 15:00:00
1675872000000,36597.34302126345,36791.23502582713,36597.34302126345,36599.16687893214,1090.3859558815343,2023-02-08 16:00:00
1675875600000,36599.16687893214,36738.294799142,36434.952411701466,36578.60396848087,691.1165668421385,2023-02-08 17:00:00
1675879200000,36578.60396848087,36617.66321942019,36190.90515751381,36405.429417221836,573.3200145647123,2023-02-08 18:00:00
1675882800000,36652.18363820291,37081.8229956957,36652.18363820291,36995.52908715579,6079.220612486673,2023-02-08 19:00:00
1675886400000,36750.56299158335,36750.56299158335,36523.53339835286,36540.462365439445,1065.752326902208,2023-02-08 20:00:00
1675890000000,35924.76593365904,35924.76593365904,35659.32945768745,35860.125271058096,2676.79369010487,2023-02-08 21:00:00
1675893600000,35860.125271058096,36261.36530091712,35768.034102790414,35995.24962323284,1494.30276277743,2023-02-08 22:00:00
1675897200000,35995.24962323284,36008.40366465085,35802.25730603032,35841.114278102,598.2297853112447,2023-02-08 23:00:00
1675900800000,35640.96210194169,35640.96210194169,35427.914151761106,35529.61997538165,1831.9402773500024,2023-02-09 00:00:00
1675904400000,35529.61997538165,35755.75576084579,35436.81516975068,35745.392311434836,677.3472276656689,2023-02-09 01:00:00
1675908000000,35745.392311434836,35860.62187377231,35661.283992100434,35819.95912108227,1937.0034628429898,2023-02-09 02:00:00
1675911600000,35656.18149241016,35656.18149241016,35600.495918475855,35647.67068708222,1107.694343751239,2023-02-09 03:00:00
1675915200000,35295.7960638166,35295.7960638166,35258.37115311962,35259.6917287882,1049.3700397326484,2023-02-09 04:00:00
1675918800000,35261.543623267535,35592.48746490553,35261.543623267535,35523.617002213585,1817.5865671626402,2023-02-09 05:00:00
1675922400000,35634.16365601444,35824.136578749305,35634.16365601444,35721.591949917216,1387.7791779354786,2023-02-09 06:00:00
1675926000000,35721.591949917216,35793.09340718659,35579.51977596634,35691.32346609079,1488.9433220666194,2023-02-09 07:00:00
1675929600000,36073.075780239364,36306.73033353984,36073.075780239364,36259.14792732109,798.8110088127895,2023-02-09 08:00:00
1675933200000,35988.34434368012,35988.34434368012,35800.375107975735,35929.01481910012,1094.362112964813,2023-02-09 09:00:00
1675936800000,35682.863448732074,35682.863448732074,35454.59128443902,35463.56353844318,1485.647857367232,2023-02-09 10:00:00
1675940400000,35463.56353844318,35558.39756458992,34827.70686515441,35254.44857397718,1334.369299518789,2023-02-09 11:00:00
1675944000000,35254.44857397718,35504.06682739885,35181.86653966504,35240.714515432664,1382.4583046410203,2023-02-09 12:00:00
1675947600000,35308.87481874084,35524.285376078864,35308.87481874084,35314.089308801755,1123.502213515987,2023-02-09 13:00:00
1675951200000,35283.80854116267,35283.80854116267,35215.33181182125,35241.34810300608,908.5801751399958,2023-02-09 14:00:00
1675954800000,35253.37981887442,35354.43873317639,35253.37981887442,35347.55557048936,1498.4350052052564,2023-02-09 15:00:00
1675958400000,35132.10318877455,35132.10318877455,34952.825663898206,34971.440278018854,971.318443648194,2023-02-09 16:00:00
1675962000000,35284.284069640235,35442.91681434227,35284.284069640235,35405.68076594938,1092.1698082161454,2023-02-09 17:00:00
1675965600000,35405.68076594938,35485.37130898523,35276.86263510335,35380.82814409295,679.8039986198335,2023-02-09 18:00:00
1675969200000,35696.25420867838,35830.00891655384,35696.25420867838,35720.335764033676,1739.3299493894106,2023-02-09 19:00:00
1675972800000,35720.335764033676,35910.65941770994,35423.64893457173,35825.129654761295,587.971486303941,2023-02-09 20:00:00
1675976400000,35825.129654761295,36065.53093986895,35714.521243055686,35965.267475412686,615.9523741677353,2023-02-09 21:00:00
1675980000000,36027.84757020235,36335.15827014035,36027.84757020235,36140.84813899019,1764.294035716798,2023-02-09 22:00:00
1675983600000,36140.84813899019,36386.82908915156,36107.958109097715,36279.41612712841,1453.212685863501,2023-02-09 23:00:00
1675987200000,36356.31508159374,36662.31281347546,36356.31508159374,36479.271294172606,4924.012812043892,2023-02-10 00:00:00
1675990800000,36785.77248089386,37128.03066670226,36785.77248089386,36896.071797122866,1654.3105249436946,2023-02-10 01:00:00
1675994400000,36896.071797122866,37064.61239686413,36840.60418108444,36958.10043029142,830.2897764484748,2023-02-10 02:00:00
1675998000000,37106.014798068645,37412.155927646934,37106.014798068645,37182.75369326376,519.8471406886708,2023-02-10 03:00:00
1676001600000,37182.75369326376,37356.129178107636,36956.190432392956,37154.244943846265,507.1170792059845,2023-02-10 04:00:00
1676005200000,37529.715597628994,37767.343093539195,37529.715597628994,37614.41664022809,658.5366345000549,2023-02-10 05:00:00
1676008800000,37466.85915192269,37466.85915192269,37316.29606993077,37397.5782869775,1457.8701703549252,2023-02-10 06:00:00
1676012400000,37901.568337640514,37998.21312188712,37901.568337640514,37977.711467736815,869.4963926120577,2023-02-10 07:00:00
1676016000000,37977.711467736815,38173.23306663103,37863.176738975235,37964.677887414786,2165.6654267857493,2023-02-10 08:00:00
1676019600000,37595.754902418725,37595.754902418725,37482.594293021786,37503.21569195983,1021.655249638398,2023-02-10 09:00:00
1676023200000,37503.21569195983,37559.113879403514,37294.58648881597,37544.3030607433,2778.207910849886,2023-02-10 10:00:00
1676026800000,37423.42837325979,37423.42837325979,37231.85998829643,37326.38231582878,2135.367234301898,2023-02-10 11:00:00
1676030400000,37471.95505831212,37669.98277197043,37471.95505831212,37595.55249184671,3541.9872995123424,2023-02-10 12:00:00
1676034000000,37595.55249184671,37768.0310348869,37197.19725519075,37386.41750878908,1536.0603487607946,2023-02-10 13:00:00
1676037600000,37250.09591833133,37250.09591833133,37200.57329633698,37244.10687725713,3192.1800594457327,2023-02-10 14:00:00
1676041200000,36805.158475325596,36805.158475325596,36566.28693021902,36647.41603371867,513.3701873953047,2023-02-10 15:00:00
1676044800000,36647.41603371867,36823.1907329857,36176.445059882375,36506.00779595634,1191.0851963529035,2023-02-10 16:00:00
1676048400000,35789.63906136042,35789.63906136042,35682.807516567875,35757.4554598537,1199.6088419178136,2023-02-10 17:00:00
1676052000000,35289.90572810091,35289.90572810091,35037.13171070067,35276.61990938371,661.791707195591,2023-02-10 18:00:00
1676055600000,35434.81377077193,35665.396357176505,35434.81377077193,35506.65151931196,2558.8123020419102,2023-02-10 19:00:00
1676059200000,35691.289626814556,35911.550639378045,35691.289626814556,35745.9385018747,3779.1051766586825,2023-02-10 20:00:00
1676062800000,35870.954125903496,35997.43066476423,35870.954125903496,35876.16842949377,1485.7289822107596,2023-02-10 21:00:00
1676066400000,35697.70196121339,35697.70196121339,35485.918472448735,35580.86654594258,2202.7714516941887,2023-02-10 22:00:00
1676070000000,35566.60530504457,35566.60530504457,35503.31318480992,35566.3592101473,1106.8903676830764,2023-02-10 23:00:00
1676073600000,35566.3592101473,35649.48138815857,35507.18149454242,35565.26404564179,1291.6766671208309,2023-02-11 00:00:00
1676077200000,35345.53901424898,35345.53901424898,35200.14568103225,35214.866496380215,1041.2574871347138,2023-02-11 01:00:00
1676080800000,35613.86751243866,35759.43913128517,35613.86751243866,35670.30676044021,638.0014657584096,2023-02-11 02:00:00
1676084400000,35893.5066924968,36020.94719365436,35893.5066924968,35938.81226782889,1475.8758182125312,2023-02-11 03:00:00
1676088000000,35938.81226782889,36052.54910794112,35780.55368140466,35870.99918933745,766.1690770685294,2023-02-11 04:00:00
1676091600000,35870.99918933745,36073.98319287944,35776.684566927666,35879.243510550616,1750.57635177767,2023-02-11 05:00:00
1676095200000,35879.243510550616,35983.32652880503,35786.03086425426,35943.20667272628,635.9462957195433,2023-02-11 06:00:00
1676098800000,35499.966486658304,35499.966486658304,35283.22331792621,35321.37902701387,1705.133106771773,2023-02-11 07:00:00
1676102400000,35307.72664500853,35307.72664500853,35206.84464321792,35246.832808427134,1205.5029044960638,2023-02-11 08:00:00
1676106000000,35138.65143127214,35138.65143127214,35039.06554454344,35041.96808268816,1267.2006290284821,2023-02-11 09:00:00
1676109600000,34903.38748215043,34903.38748215043,34694.57944094864,34743.243010882274,1179.2101743118283,2023-02-11 10:00:00
1676113200000,34743.243010882274,34822.10504232163,34189.309445939165,34659.8656870958,2375.913127444893,2023-02-11 11:00:00
1676116800000,35021.042145888816,35247.56320357991,35021.042145888816,35196.55093914817,905.4148991744415,2023-02-11 12:00:00
1676120400000,35343.649475967824,35806.590756579346,35343.649475967824,35389.872181896724,772.2513548749382,2023-02-11 13:00:00
1676124000000,35227.5827634477,35227.5827634477,34998.573980717556,35217.51497791262,906.5340018014808,2023-02-11 14:00:00
1676127600000,35329.8156907391,35430.46921317848,35329.8156907391,35390.2968231321,3481.4580715645056,2023-02-11 15:00:00
1676131200000,35736.45362205131,35951.530193906474,35736.45362205131,35816.14035619321,1117.4328266877546,2023-02-11 16:00:00
1676134800000,35816.14035619321,36175.33726725969,35799.571431681616,36100.32704642112,1302.3202258370031,2023-02-11 17:00:00
1676138400000,36100.32704642112,36234.64203634081,35803.22550344495,36118.73168341884,3867.3154589873475,2023-02-11 18:00:00
1676142000000,36118.73168341884,36133.77435896508,35810.885977784514,35919.557949259,779.0091830102767,2023-02-11 19:00:00
1676145600000,36094.79492968817,36378.96202017903,36094.79492968817,36134.56854008222,730.656936471009,2023-02-11 20:00:00
1676149200000,36191.313399603954,36477.46571278637,36191.313399603954,36256.304799098056,913.5975203753619,2023-02-11 21:00:00
1676152800000,36487.9382724681,36751.648625498005,36487.9382724681,36534.789185001246,1854.777830368031,2023-02-11 22:00:00
1676156400000,36694.78552941642,36781.93044812457,36694.78552941642,36733.68021645901,934.681646737881,2023-02-11 23:00:00
1676160000000,36881.3396268992,37213.555094579024,36881.3396268992,37064.70165492821,2863.5212702069534,2023-02-12 00:00:00
1676163600000,36920.48314045652,36920.48314045652,36866.53083249117,36895.52124660862,1179.3036956154765,2023-02-12 01:00:00
1676167200000,37281.617264781875,37421.79950741457,37281.617264781875,37313.32731656372,1287.0726060607685,2023-02-12 02:00:00
1676170800000,37313.32731656372,37523.920422126364,37208.57857689789,37376.40195819724,1575.5848858918712,2023-02-12 03:00:00
1676174400000,38021.68069369861,38106.827172933255,38021.68069369861,38045.3087843796,620.6389033008978,2023-02-12 04:00:00
1676178000000,37916.87109271523,37916.87109271523,37721.67465359866,37821.84965989599,1212.791014052415,2023-02-12 05:00:00
1676181600000,38311.00807773297,38520.20506104395,38311.00807773297,38387.23872157371,835.0179290243875,2023-02-12 06:00:00
1676185200000,38387.23872157371,38674.22300043988,38344.80876742905,38452.230983456764,1275.7938181417403,2023-02-12 07:00:00
1676188800000,38271.161457530776,38271.161457530776,38094.60308877355,38238.72466937711,3205.946171860229,2023-02-12 08:00:00
1676192400000,38238.72466937711,38270.72003205094,37994.48069142543,38080.89580584906,1128.061174015892,2023-02-12 09:00:00
1676196000000,38080.89580584906,38108.615384248034,37930.19083408405,37976.76680036075,2586.9337155425405,2023-02-12 10:00:00
1676199600000,38036.61911625196,38206.223047501735,38036.61911625196,38114.703311234014,1217.9739580963646,2023-02-12 11:00:00
1676203200000,38246.806364904696,38667.96596203557,38246.806364904696,38285.416200031505,3422.238235371163,2023-02-12 12:00:00
1676206800000,38285.416200031505,38290.52063008932,37716.53884599985,38098.13603976025,551.6332815815566,2023-02-12 13:00:00
1676210400000,38098.13603976025,38200.44412227891,38022.559465887694,38090.205964254834,2308.3700693350847,2023-02-12 14:00:00
1676214000000,38657.13487938767,38872.985715719406,38657.13487938767,38794.100810622804,786.3188675863776,2023-02-12 15:00:00
1676217600000,39251.63462240916,39600.89148308336,39251.63462240916,39371.18995370669,1171.289659022416,2023-02-12 16:00:00
1676221200000,39512.1617247476,39550.54169000492,39512.1617247476,39518.29763265116,557.5510969479906,2023-02-12 17:00:00
1676224800000,39518.29763265116,39621.394215455875,39505.640834502556,39531.1365985838,2310.5737778139796,2023-02-12 18:00:00
1676228400000,39531.1365985838,40092.07101154606,39341.693315804274,39571.71497310651,1324.6110153980521,2023-02-12 19:00:00
1676232000000,39695.894771466126,39856.80739671992,39695.894771466126,39779.77532099621,883.9247604538332,2023-02-12 20:00:00
1676235600000,39659.364906282084,39659.364906282084,39360.68361728433,39433.52447770097,623.673543709076,2023-02-12 21:00:00
1676239200000,39433.52447770097,39445.09574577089,39243.64255432829,39346.86923083255,852.703005177472,2023-02-12 22:00:00
1676242800000,38954.42594498969,38954.42594498969,38561.916435603176,38789.679765303954,2026.6866036488427,2023-02-12 23:00:00
1676246400000,38857.23937126826,38950.79935370988,38857.23937126826,38922.26983795062,669.4268952956718,2023-02-13 00:00:00
1676250000000,39058.86623930468,39243.9685950084,39058.86623930468,39138.18028965209,734.8443340554421,2023-02-13 01:00:00
1676253600000,39010.35641894908,39010.35641894908,38906.45746763419,38976.87195542789,1015.0451057562609,2023-02-13 02:00:00
1676257200000,39397.4226307716,39543.20392419349,39397.4226307716,39504.7950763895,594.7712006505147,2023-02-13 03:00:00
1676260800000,39262.3063788533,39262.3063788533,38811.16562682613,39093.05599697043,552.5828585753158,2023-02-13 04:00:00
1676264400000,38782.38043432393,38782.38043432393,38605.16476814834,38606.78911548587,1012.4441440107728,2023-02-13 05:00:00
1676268000000,38606.78911548587,38880.77839768729,38571.57441036145,38680.927208113295,2125.417466324188,2023-02-13 06:00:00
1676271600000,38858.91583630449,39094.04165276711,38858.91583630449,39028.67725179762,967.3721522712178,2023-02-13 07:00:00
1676275200000,39519.19973064866,39658.95571940169,39519.19973064866,39594.49221271737,1728.3622513549935,2023-02-13 08:00:00
1676278800000,39523.1872564475,39523.1872564475,39245.06894422465,39439.49480426269,611.8314345857824,2023-02-13 09:00:00
1676282400000,39753.18911319294,39957.25397202524,39753.18911319294,39804.80843316925,4764.006729289723,2023-02-13 10:00:00
1676286000000,39804.80843316925,39879.842536060474,39566.33322892546,39791.70882642628,1364.0871910500846,2023-02-13 11:00:00
1676289600000,39752.16859324224,39752.16859324224,39587.58225214931,39733.03834737242,691.7641820657373,2023-02-13 12:00:00
1676293200000,39970.01126894443,40216.09716177024,39970.01126894443,40034.28070316021,1533.4230867400067,2023-02-13 13:00:00
1676296800000,40195.1682076312,40411.34063128498,40195.1682076312,40258.12389398178,2744.062042285001,2023-02-13 14:00:00
1676300400000,40001.73560982282,40001.73560982282,39667.50199679241,39719.317008846665,1914.3928320876785,2023-02-13 15:00:00
1676304000000,40161.12278871533,40419.41795923239,40161.12278871533,40223.77900808582,2096.623143161346,2023-02-13 16:00:00
1676307600000,40659.5847635249,40779.10251873455,40659.5847635249,40701.08038899717,1123.2663761276578,2023-02-13 17:00:00
1676311200000,40570.90842830541,40570.90842830541,40309.76068063104,40484.03320644849,518.2465526583342,2023-02-13 18:00:00
1676314800000,40484.03320644849,40811.593068770846,40240.81602098405,40621.2275531181,1466.4861891767073,2023-02-13 19:00:00
1676318400000,40710.94677159347,40962.1521256422,40710.94677159347,40793.12195620701,742.6614259328373,2023-02-13 20:00:00
1676322000000,40793.12195620701,40884.66456176603,40669.20079425711,40884.114565702424,4485.746239712025,2023-02-13 21:00:00
1676325600000,40742.79610726475,40742.79610726475,40588.93718442623,40692.25868697636,1516.7311904444864,2023-02-13 22:00:00
1676329200000,40560.871532947895,40560.871532947895,40423.77083241359,40459.32647479359,567.8785870087861,2023-02-13 23:00:00
1676332800000,40459.32647479359,40831.770714328806,40243.15507565848,40450.49019923949,1557.647300850289,2023-02-14 00:00:00
1676336400000,40624.954918090974,40987.17600362574,40624.954918090974,40857.9998231257,2355.8534790312865,2023-02-14 01:00:00
1676340000000,40968.23548697878,41134.056885097416,40968.23548697878,41048.28455972551,1327.033888650658,2023-02-14 02:00:00
1676343600000,41048.28455972551,41056.59387115759,40748.90366075747,40918.45683231465,732.577278553416,2023-02-14 03:00:00
1676347200000,41154.37269739146,41375.62959035591,41154.37269739146,41189.250224383075,1065.8385234599873,2023-02-14 04:00:00
1676350800000,40207.34235374463,40207.34235374463,40112.06098995446,40198.490826164,654.0672594193694,2023-02-14 05:00:00
1676354400000,40572.934178020536,40685.889681503075,40572.934178020536,40595.14594795695,885.2520493738068,2023-02-14 06:00:00
1676358000000,40108.0337489003,40108.0337489003,39955.664916113084,39995.95557012019,1789.3778690672982,2023-02-14 07:00:00
1676361600000,39995.95557012019,40048.40569302928,39754.8786077903,39872.2416062691,1084.570568956086,2023-02-14 08:00:00
1676365200000,39750.493178158824,39750.493178158824,39478.79139182694,39492.47036933394,981.8549087530512,2023-02-14 09:00:00
1676368800000,39403.75904166461,39403.75904166461,38898.948315018424,39057.84569601724,957.8229404056283,2023-02-14 10:00:00
1676372400000,39427.78551129281,39679.70482779562,39427.78551129281,39447.312088162085,949.0539141026325,2023-02-14 11:00:00
1676376000000,39447.312088162085,39632.98416990557,39241.19301406512,39289.92973208594,813.9431577342576,2023-02-14 12:00:00
1676379600000,39381.67726903574,39454.76501378075,39381.67726903574,39406.4685426656,1785.6695050099072,2023-02-14 13:00:00
1676383200000,39406.4685426656,39703.44142536755,39227.2371050932,39390.667646188704,529.7372445579485,2023-02-14 14:00:00
1676386800000,39390.667646188704,39584.166094197135,39147.26477307445,39551.61081317018,1289.10686676265,2023-02-14 15:00:00
1676390400000,39551.61081317018,39690.70576727369,39539.596567794055,39577.590247888045,714.852062921371,2023-02-14 16:00:00
1676394000000,39165.14618501263,39165.14618501263,39051.1191946956,39145.939825338006,1128.6395770831905,2023-02-14 17:00:00
1676397600000,39179.95916167954,39533.46676798744,39179.95916167954,39480.71309093968,1210.7125202527045,2023-02-14 18:00:00
1676401200000,39450.206815853315,39450.206815853315,39171.94919492272,39314.44086873879,684.207228486038,2023-02-14 19:00:00
1676404800000,38823.40469984127,38823.40469984127,38569.33688146152,38794.83253791321,837.2643572226334,2023-02-14 20:00:00
1676408400000,38774.18836312199,38774.18836312199,38442.635166396845,38653.12985996206,1552.6024007975489,2023-02-14 21:00:00
1676412000000,38946.71129352976,39204.25143316169,38946.71129352976,39152.154815207505,575.8935094591295,2023-02-14 22:00:00
1676415600000,39314.08280218485,39707.111261591504,39314.08280218485,39437.71971757188,507.3850319694256,2023-02-14 23:00:00
1676419200000,39413.706172300364,39413.706172300364,39316.69204575324,39320.36647355307,1342.181466362131,2023-02-15 00:00:00
1676422800000,39320.36647355307,39555.797768367476,38861.004756250586,39203.15951309,3400.7329465774733,2023-02-15 01:00:00
1676426400000,39174.759550272,39174.759550272,39063.9185878522,39095.53144684789,1126.8456725239998,2023-02-15 02:00:00
1676430000000,39523.691122829936,39827.331895135525,39523.691122829936,39795.710518061016,1107.8241099695138,2023-02-15 03:00:00
1676433600000,39795.710518061016,40237.44609608335,39747.126923694195,39925.83926802297,679.4502223700712,2023-02-15 04:00:00
1676437200000,40070.382741917325,40293.46464468217,40070.382741917325,40072.86756697539,1590.6805127395164,2023-02-15 05:00:00
1676440800000,40394.71610318226,40515.17464112289,40394.71610318226,40427.320645455846,2932.78001496574,2023-02-15 06:00:00
1676444400000,40427.320645455846,40636.47614246597,40416.70028668932,40509.918883200735,3937.7959932127733,2023-02-15 07:00:00
1676448000000,40460.48390654037,40460.48390654037,40264.59298121482,40420.32279943288,1255.133950505363,2023-02-15 08:00:00
1676451600000,40420.32279943288,40729.375622617554,40234.114109038535,40352.54243541916,1314.754143080812,2023-02-15 09:00:00
1676455200000,40352.54243541916,40478.45294071716,40161.93521599113,40327.85382716529,1332.3003059024982,2023-02-15 10:00:00
1676458800000,40327.85382716529,40344.38207526739,40174.97916093469,40315.02531106503,1886.937899965005,2023-02-15 11:00:00
1676462400000,40315.02531106503,40569.087970855726,40254.21378039042,40566.541775610494,899.7769371310967,2023-02-15 12:00:00
1676466000000,40566.541775610494,40779.14196458194,40552.178521027585,40584.55757325473,1652.6749147124845,2023-02-15 13:00:00
1676469600000,40789.606646089946,40878.188170778216,40789.606646089946,40839.50460271412,2566.4156903706216,2023-02-15 14:00:00
1676473200000,40839.50460271412,41023.53055778766,40615.724296130604,40811.33820249881,1217.6213992322657,2023-02-15 15:00:00
1676476800000,40811.33820249881,41002.83690065199,40770.78948707588,40838.77804861658,1004.271279544665,2023-02-15 16:00:00
1676480400000,40204.71263138036,40204.71263138036,39917.09392009467,40147.19192214654,987.0317913667741,2023-02-15 17:00:00
1676484000000,40423.66625046226,40487.59093814226,40423.66625046226,40462.87098701886,1203.430989613681,2023-02-15 18:00:00
1676487600000,40532.72734483894,40586.449579021486,40532.72734483894,40582.88354302064,560.0025106142859,2023-02-15 19:00:00
1676491200000,40646.16307467257,41007.03450182777,40646.16307467257,40930.55533887555,670.6728165552315,2023-02-15 20:00:00
1676494800000,40033.74608091381,40033.74608091381,39664.30760999334,39929.73093328102,1778.1546765266114,2023-02-15 21:00:00
1676498400000,40634.055558929584,40917.06487649775,40634.055558929584,40648.889500647274,1325.8669114197817,2023-02-15 22:00:00
1676502000000,40648.889500647274,40772.821893152315,40576.833613819515,40600.418642508885,634.8324191825476,2023-02-15 23:00:00
1676505600000,40948.02142004126,41290.466285452625,40948.02142004126,40986.819726356895,521.2613311972726,2023-02-16 00:00:00
1676509200000,40790.14870184087,40790.14870184087,40220.51728024865,40624.119764534815,3967.8081469049494,2023-02-16 01:00:00
1676512800000,40832.81037664455,40965.81059536085,40832.81037664455,40837.45372825849,1302.2657885790045,2023-02-16 02:00:00
1676516400000,40786.32821635673,40786.32821635673,40349.32836182317,40471.40189759764,2871.4347277969923,2023-02-16 03:00:00
1676520000000,40333.97183240761,40333.97183240761,40048.15807117657,40256.19672612757,1020.3953077789556,2023-02-16 04:00:00
1676523600000,40859.71539763449,40940.34120270073,40859.71539763449,40920.21055738106,808.1957430830057,2023-02-16 05:00:00
1676527200000,40908.23945842953,40908.23945842953,40830.90260896606,40853.5709338766,812.0392307307135,2023-02-16 06:00:00
1676530800000,40917.660638445166,41063.7095907198,40917.660638445166,40929.56799415164,3218.6005275459243,2023-02-16 07:00:00
1676534400000,41025.24829812219,41359.53071438628,41025.24829812219,41235.091096984055,2236.6827164148863,2023-02-16 08:00:00
1676538000000,41396.34278728575,41454.11541561816,41396.34278728575,41410.167769209205,1751.6164435330732,2023-02-16 09:00:00
1676541600000,41410.167769209205,41469.20225293964,41320.68877230796,41463.44315014515,624.5030289233325,2023-02-16 10:00:00
1676545200000,41578.577104344375,41783.846416055494,41578.577104344375,41592.99013936536,1397.6983444081588,2023-02-16 11:00:00
1676548800000,42395.6583768251,42880.70567024314,42395.6583768251,42456.27767951845,510.0977925904956,2023-02-16 12:00:00
1676552400000,42442.608462026874,42442.608462026874,42180.7036709046,42435.37330891428,3505.8545632917644,2023-02-16 13:00:00
1676556000000,42435.37330891428,42732.48791510383,42163.473663784316,42508.37774966818,1754.2003125027056,2023-02-16 14:00:00
1676559600000,42742.1079448221,43181.913633925426,42742.1079448221,42891.841120138466,1029.0174216094636,2023-02-16 15:00:00
1676563200000,43125.65427828376,43359.23774445189,43125.65427828376,43299.06674317948,526.1786627416602,2023-02-16 16:00:00
1676566800000,43612.82441427608,43869.449877954445,43612.82441427608,43740.620251821696,724.6136717730346,2023-02-16 17:00:00
1676570400000,43824.162927509075,43989.561625138886,43824.162927509075,43980.0766238681,510.01926031061225,2023-02-16 18:00:00
1676574000000,43580.336789883775,43580.336789883775,43534.28306553266,43552.49182911905,2427.6852867320713,2023-02-16 19:00:00
1676577600000,44138.7925143957,44228.44333864298,44138.7925143957,44164.824106854176,2027.1605556957813,2023-02-16 20:00:00
1676581200000,43807.58106333099,43807.58106333099,43649.41541362933,43734.19440681401,1210.250685793965,2023-02-16 21:00:00
1676584800000,43763.01721742697,43956.66122591232,43763.01721742697,43847.4711402546,1798.8800343725943,2023-02-16 22:00:00
1676588400000,43694.59665837206,43694.59665837206,43442.983562218586,43565.689003589236,2072.8156088659844,2023-02-16 23:00:00
1676592000000,43565.689003589236,43620.87982784863,43344.9284347036,43541.81192209304,2342.7294038461077,2023-02-17 00:00:00
1676595600000,43641.297806851006,43833.77518996288,43641.297806851006,43664.340370277474,3106.301516859094,2023-02-17 01:00:00
1676599200000,43664.340370277474,43933.77772227299,43564.25950195628,43784.44216253817,2691.689691718487,2023-02-17 02:00:00
1676602800000,43784.44216253817,44370.028032990034,43782.582403999266,43942.62959958133,708.8707106295547,2023-02-17 03:00:00
1676606400000,44218.81155556175,44560.407587061876,44218.81155556175,44552.93666436394,590.0517511626483,2023-02-17 04:00:00
1676610000000,44552.93666436394,44752.239154138886,44168.184032308156,44725.984617869544,655.9949442855404,2023-02-17 05:00:00
1676613600000,44725.984617869544,45001.04987415341,44504.12227826757,44632.742251990465,1237.79079171612,2023-02-17 06:00:00
1676617200000,44998.97642718631,45019.74429669901,44998.97642718631,45002.058522087165,1931.3167606257016,2023-02-17 07:00:00
1676620800000,45189.10819254951,45633.1810877137,45189.10819254951,45461.92694107117,554.3885382096764,2023-02-17 08:00:00
1676624400000,45134.68895373901,45134.68895373901,44770.5050298735,44987.39123568555,703.1116481981207,2023-02-17 09:00:00
1676628000000,45168.209118288374,45439.71013138311,45168.209118288374,45217.696197873964,940.3577526770248,2023-02-17 10:00:00
1676631600000,45217.696197873964,45596.375281056295,45139.29470687674,45489.51122310134,988.5139968524393,2023-02-17 11:00:00
1676635200000,45489.51122310134,45675.26688279103,44987.08054011845,45373.95943013817,505.88199294007563,2023-02-17 12:00:00
1676638800000,45823.08040497034,45953.556177093335,45823.08040497034,45910.65300779777,3026.205809496616,2023-02-17 13:00:00
1676642400000,45910.65300779777,46006.118482293605,45578.56988500206,45851.80590428202,1341.4648524741815,2023-02-17 14:00:00
1676646000000,45859.105232322756,45973.42241267884,45859.105232322756,45901.04790511989,1606.1027387808258,2023-02-17 15:00:00
1676649600000,45901.04790511989,45990.272671245795,45352.31744686604,45833.195427022394,550.3972647264502,2023-02-17 16:00:00
1676653200000,45833.195427022394,45948.226658339205,45723.46330322524,45839.299052685026,1105.060908731227,2023-02-17 17:00:00
1676656800000,45584.55213180773,45584.55213180773,45116.306037011695,45411.773298154454,2426.8888006817324,2023-02-17 18:00:00
1676660400000,45018.499495153905,45018.499495153905,44678.77991710316,44856.234810745475,624.9985754033446,2023-02-17 19:00:00
1676664000000,45441.53660204114,45523.050681465524,45441.53660204114,45471.765219453606,1371.2906884079193,2023-02-17 20:00:00
1676667600000,45471.765219453606,45603.27670557219,44984.16554975235,45143.76640370812,955.7509087351677,2023-02-17 21:00:00
1676671200000,44782.97542172484,44782.97542172484,44497.26943540068,44762.83874995857,624.1446182976919,2023-02-17 22:00:00
1676674800000,43966.59592930689,43966.59592930689,43743.9061015709,43946.46773578537,3257.8217813185797,2023-02-17 23:00:00
1676678400000,43849.0746307379,43849.0746307379,43633.48241876305,43707.10785784729,1944.3285838790794,2023-02-18 00:00:00
1676682000000,43269.3440787292,43269.3440787292,43121.96462376954,43215.60516473862,722.7308090548245,2023-02-18 01:00:00
1676685600000,43390.10572208314,43832.1753956817,43390.10572208314,43826.416292207105,1792.6880628254264,2023-02-18 02:00:00
1676689200000,44030.8630963508,44248.817025157616,44030.8630963508,44206.33636508944,1163.729959491407,2023-02-18 03:00:00
1676692800000,44195.141233002,44195.141233002,43915.26841719368,43947.080155691896,688.3535467735712,2023-02-18 04:00:00
1676696400000,44617.96029061787,44916.29731716342,44617.96029061787,44801.37492606024,1311.6397998589237,2023-02-18 05:00:00
1676700000000,44857.04122793731,45320.842792990006,44857.04122793731,45178.91280198354,648.961351342728,2023-02-18 06:00:00
1676703600000,45112.92039403592,45112.92039403592,44655.416269671,45053.64803810092,1519.9160886323018,2023-02-18 07:00:00
1676707200000,44228.84895697072,44228.84895697072,44050.581018887235,44101.3478639439,1385.2036528378235,2023-02-18 08:00:00
1676710800000,44811.52186809832,44993.04526648727,44811.52186809832,44973.44140003323,1912.0473601702179,2023-02-18 09:00:00
1676714400000,44447.51732571476,44447.51732571476,44165.82806331097,44442.436318574706,2751.393726698347,2023-02-18 10:00:00
1676718000000,43934.1086367404,43934.1086367404,43529.83831209539,43821.77229327288,2788.651720527551,2023-02-18 11:00:00
1676721600000,44081.57065096657,44265.007398478454,44081.57065096657,44206.47074467558,2458.8574344478834,2023-02-18 12:00:00
1676725200000,45034.124585522506,45324.32708717544,45034.124585522506,45138.019804145275,773.6080265594233,2023-02-18 13:00:00
1676728800000,45576.98881556549,45973.35149232288,45576.98881556549,45675.266750884955,886.497514674119,2023-02-18 14:00:00
1676732400000,45751.05945194491,45976.85961402471,45751.05945194491,45895.95297033267,1349.2954214491729,2023-02-18 15:00:00
1676736000000,45982.18724051658,46519.166351796746,45982.18724051658,46129.86594656827,1872.2026329787393,2023-02-18 16:00:00
1676739600000,46384.68830061101,46521.693090673914,46384.68830061101,46467.59283361876,903.4681565204137,2023-02-18 17:00:00
1676743200000,46677.56782141841,46901.60920148619,46677.56782141841,46770.00440297475,639.62763769942,2023-02-18 18:00:00
1676746800000,46772.76987317244,47101.36885624412,46772.76987317244,46882.55023825545,782.8248840364063,2023-02-18 19:00:00
1676750400000,46882.55023825545,46996.72589820193,46730.17956168921,46924.32508830162,791.9594251223933,2023-02-18 20:00:00
1676754000000,46924.32508830162,47157.93986441399,46380.51905824135,46899.22666429207,1565.4753667251664,2023-02-18 21:00:00
1676757600000,46700.452189578726,46700.452189578726,46522.91037389139,46597.95664743999,870.1489724443733,2023-02-18 22:00:00
1676761200000,46597.95664743999,46778.44174596268,46235.424341117556,46486.29917021287,1284.1324690863962,2023-02-18 23:00:00
1676764800000,45951.07072058822,45951.07072058822,45607.06899636103,45818.46237311885,2125.628898111523,2023-02-19 00:00:00
1676768400000,45818.46237311885,46096.68397476622,45698.608441036966,45779.965585716374,1584.2961914043326,2023-02-19 01:00:00
1676772000000,45612.20707385914,45612.20707385914,45293.04287892527,45394.75651788964,849.1339770434301,2023-02-19 02:00:00
1676775600000,45271.0117581992,45271.0117581992,44880.79732399043,44968.56540066054,976.3532008773319,2023-02-19 03:00:00
1676779200000,44968.56540066054,45111.87584124327,44678.211803033286,45037.7641025467,2203.5480315197647,2023-02-19 04:00:00
1676782800000,45429.022385714816,45592.3284268464,45429.022385714816,45576.828819585775,1583.131355050817,2023-02-19 05:00:00
1676786400000,45743.498085767664,46086.0633897355,45743.498085767664,45935.98226946627,2235.8204160092264,2023-02-19 06:00:00
1676790000000,45373.305546934986,45373.305546934986,45113.860524440504,45323.46637211947,593.585560336827,2023-02-19 07:00:00
1676793600000,45229.89352770311,45229.89352770311,44875.107910427745,44941.70008826327,844.176878288175,2023-02-19 08:00:00
1676797200000,45065.66967200973,45357.287043098666,45065.66967200973,45304.54307918579,1406.498658841598,2023-02-19 09:00:00
1676800800000,44975.63198177854,44975.63198177854,44799.64321409764,44925.67815920997,593.982073045001,2023-02-19 10:00:00
1676804400000,44925.67815920997,45128.874191223884,44797.23927102475,44839.5015193148,3209.878450079134,2023-02-19 11:00:00
1676808000000,44963.927827404535,45240.35590161917,44963.927827404535,45050.81337620323,1328.1983296099347,2023-02-19 12:00:00
1676811600000,44886.497008998085,44886.497008998085,44639.31409514464,44679.47111847568,1148.3838134355817,2023-02-19 13:00:00
1676815200000,44679.47111847568,45027.34416274742,44586.46178066723,44719.73180991847,1316.1720939335726,2023-02-19 14:00:00
1676818800000,44314.50968572632,44314.50968572632,44164.53577521491,44212.70891116133,501.42936413354573,2023-02-19 15:00:00
1676822400000,44212.70891116133,44216.4007103886,43951.552598404785,43986.03088647042,1349.3687697106216,2023-02-19 16:00:00
1676826000000,44012.55815948606,44251.89624489994,44012.55815948606,44106.42362787356,679.202731308679,2023-02-19 17:00:00
1676829600000,43679.492483892944,43679.492483892944,43385.55972203725,43509.93728159091,2861.8765044427655,2023-02-19 18:00:00
1676833200000,43530.187284370215,43738.861558422854,43530.187284370215,43674.05867727576,619.7305434006043,2023-02-19 19:00:00
1676836800000,43674.05867727576,43729.533295022935,43495.983413302245,43666.72844312415,680.0013259099305,2023-02-19 20:00:00
1676840400000,43768.17479194002,44192.540377790785,43768.17479194002,43873.42766122692,1834.8204441443306,2023-02-19 21:00:00
1676844000000,43952.81232537218,44006.47641923894,43952.81232537218,43957.47745888446,556.3005278513097,2023-02-19 22:00:00
1676847600000,44054.63793386429,44525.25018199165,44054.63793386429,44473.01959257013,1199.4340108252934,2023-02-19 23:00:00
1676851200000,44473.01959257013,44736.88271978825,44347.02444194193,44520.64693098425,2577.420173932642,2023-02-20 00:00:00
1676854800000,44389.307488536,44389.307488536,44137.208311395145,44357.54080015417,2248.0578091459183,2023-02-20 01:00:00
1676858400000,44357.54080015417,44561.274247501526,44099.39790377243,44403.93353726279,881.1330685435719,2023-02-20 02:00:00
1676862000000,44558.21688182627,44955.13713581418,44558.21688182627,44610.6172678702,3759.995839168159,2023-02-20 03:00:00
1676865600000,44610.6172678702,44749.125340174454,44573.43736988718,44629.25190518828,1248.2734240583432,2023-02-20 04:00:00
1676869200000,44629.25190518828,44681.03694369475,44359.02627279003,44644.73900259462,1067.8386346051643,2023-02-20 05:00:00
1676872800000,44499.54645450829,44499.54645450829,44225.12708139365,44377.66113251713,1055.6805556127365,2023-02-20 06:00:00
1676876400000,44361.194007253915,44361.194007253915,43914.65154124103,44126.922553660166,1987.198542308982,2023-02-20 07:00:00
1676880000000,43621.8302037286,43621.8302037286,43332.38977479887,43601.05506567741,640.2753835001093,2023-02-20 08:00:00
1676883600000,44118.07793669485,44339.62722238482,44118.07793669485,44257.9853716604,1158.2149388799057,2023-02-20 09:00:00
1676887200000,43873.43700522294,43873.43700522294,43786.36073363672,43789.93179758197,3874.665794221674,2023-02-20 10:00:00
1676890800000,43644.59857385692,43644.59857385692,43427.69897150143,43531.348432838524,719.7028101676269,2023-02-20 11:00:00
1676894400000,43386.84046117094,43386.84046117094,43066.42659588622,43264.86019531904,1019.1957198038394,2023-02-20 12:00:00
1676898000000,43592.7551229696,43754.01600261942,43592.7551229696,43597.07705577072,2844.5917522807667,2023-02-20 13:00:00
1676901600000,43561.6419666852,43561.6419666852,43295.84855840954,43487.30396198017,1465.2745899236133,2023-02-20 14:00:00
1676905200000,43544.45733535921,44203.54786452465,43544.45733535921,43953.580089446645,1413.8213937345665,2023-02-20 15:00:00
1676908800000,43905.25152114563,43905.25152114563,43425.5258654783,43701.281801811696,821.8460196170109,2023-02-20 16:00:00
1676912400000,43701.281801811696,43850.48200820433,43668.38258770272,43805.62043865425,574.623031114606,2023-02-20 17:00:00
1676916000000,43505.53045907771,43505.53045907771,43342.93499619011,43493.95748506172,861.492647909042,2023-02-20 18:00:00
1676919600000,44223.58011566518,44523.671434579766,44223.58011566518,44298.80194678696,1362.9208373933093,2023-02-20 19:00:00
1676923200000,43852.14570083479,43852.14570083479,43740.36480314236,43851.40075655251,586.5546610033257,2023-02-20 20:00:00
1676926800000,43851.40075655251,44255.46653249923,43751.53872189503,43967.68129197156,2437.4225975811323,2023-02-20 21:00:00
1676930400000,44152.9052188954,44458.568086313695,44152.9052188954,44206.509021169884,712.0869300160701,2023-02-20 22:00:00
1676934000000,44206.509021169884,44508.028660432574,44197.02207021322,44363.141548624175,1957.7190191153024,2023-02-20 23:00:00
1676937600000,44363.141548624175,44412.991679058745,44094.91836451723,44292.93738642063,1126.3991754552214,2023-02-21 00:00:00
1676941200000,44292.93738642063,44351.65414342802,44020.862016734805,44243.81545559882,661.8125772042124,2023-02-21 01:00:00
1676944800000,44243.81545559882,44841.31755260583,44113.22770903204,44260.386873526004,2810.215757108007,2023-02-21 02:00:00
1676948400000,44238.3601874703,44238.3601874703,44080.8977843442,44204.808789401985,1176.7581042149468,2023-02-21 03:00:00
1676952000000,44490.19847155139,44847.97742227176,44490.19847155139,44570.5048382266,722.6082145024576,2023-02-21 04:00:00
1676955600000,45353.64514971989,45441.42522382464,45353.64514971989,45420.64366458726,804.5031440630216,2023-02-21 05:00:00
1676959200000,45285.587844439106,45285.587844439106,45135.262541210344,45204.72242610211,1159.8405465197245,2023-02-21 06:00:00
1676962800000,44743.80529953238,44743.80529953238,44667.0718667867,44678.53569766597,723.8496250106723,2023-02-21 07:00:00
1676966400000,44678.53569766597,44777.939952853354,44462.80057448718,44644.83449343311,689.6571787364242,2023-02-21 08:00:00
1676970000000,45596.90654641613,45787.582601165464,45596.90654641613,45640.186790170184,1455.4158352324916,2023-02-21 09:00:00
1676973600000,45459.5441376549,45459.5441376549,45301.0249253444,45327.740942494216,549.6780022806865,2023-02-21 10:00:00
1676977200000,45690.869346580206,46030.12411853211,45690.869346580206,45967.266293584784,1455.948360763483,2023-02-21 11:00:00
1676980800000,46535.07910217156,46651.430380821665,46535.07910217156,46631.190895906344,1547.4077979914794,2023-02-21 12:00:00
1676984400000,46604.65989469616,46604.65989469616,46133.477065343446,46411.063442464314,886.4910951370396,2023-02-21 13:00:00
1676988000000,46465.73414163401,46668.09643399853,46465.73414163401,46637.327358953204,637.8314100257454,2023-02-21 14:00:00
1676991600000,47157.67462934847,47298.3912357639,47157.67462934847,47290.99605993045,881.6399560776199,2023-02-21 15:00:00
1676995200000,47140.45689580421,47140.45689580421,46818.21776764288,47137.99358206305,871.1129927695891,2023-02-21 16:00:00
1676998800000,47115.07208400776,47115.07208400776,47005.88096242424,47056.040158202464,1617.8200817565917,2023-02-21 17:00:00
1677002400000,46839.86342757536,46839.86342757536,46705.16854800278,46822.662682649614,1940.9402671177359,2023-02-21 18:00:00
1677006000000,46492.36607272896,46492.36607272896,46319.068297403166,46418.2973709961,2641.2752872710516,2023-02-21 19:00:00
1677009600000,46418.2973709961,46678.1149227461,45906.80734712784,46161.40394998924,507.1218326482407,2023-02-21 20:00:00
1677013200000,45775.16046192556,45775.16046192556,45466.446011278655,45680.99903884365,1278.1945920487244,2023-02-21 21:00:00
1677016800000,45680.99903884365,45925.56252738847,45491.96260123464,45694.30911593695,3623.1125392334716,2023-02-21 22:00:00
1677020400000,45694.30911593695,45857.13355694002,45250.004668291665,45394.56729423572,3572.691646912401,2023-02-21 23:00:00
1677024000000,45394.56729423572,45752.442864743556,45297.338349473015,45485.36902869498,635.2062176797085,2023-02-22 00:00:00
1677027600000,44963.30912564192,44963.30912564192,44688.492210657525,44884.46448879212,1580.1921499938887,2023-02-22 01:00:00
1677031200000,44985.270698262335,45283.065953324956,44985.270698262335,45011.586010354105,1420.5161680201927,2023-02-22 02:00:00
1677034800000,45207.16167622106,45358.32425140949,45207.16167622106,45333.419284261516,1291.0134917464006,2023-02-22 03:00:00
1677038400000,44868.603396009006,44868.603396009006,44489.96139756278,44567.41932942083,2259.824586541489,2023-02-22 04:00:00
1677042000000,44567.41932942083,44741.74533381729,44446.06494573482,44710.14009437028,3230.6339108157363,2023-02-22 05:00:00
1677045600000,45125.966188892104,45238.84622755166,45125.966188892104,45181.77492716427,861.2686126399562,2023-02-22 06:00:00
1677049200000,44917.92766910149,44917.92766910149,44233.186550818085,44717.03017562943,671.2292050473263,2023-02-22 07:00:00
1677052800000,45208.825721331355,45513.439503259324,45208.825721331355,45360.90864657824,587.0612550721675,2023-02-22 08:00:00
1677056400000,45381.924692911496,45550.03723754079,45381.924692911496,45523.66253084455,1599.723477185524,2023-02-22 09:00:00
1677060000000,45298.9068448257,45298.9068448257,45120.19549228539,45250.158543894635,1471.558522375958,2023-02-22 10:00:00
1677063600000,45250.158543894635,45326.12684882052,45107.48677185973,45228.593616796024,931.7721613221278,2023-02-22 11:00:00
1677067200000,45228.593616796024,45564.22619627466,45007.063100458814,45444.953272001185,500.24103373143066,2023-02-22 12:00:00
1677070800000,45444.953272001185,45619.4572878694,45345.91840160727,45474.48637454042,788.3262088627874,2023-02-22 13:00:00
1677074400000,45516.001405670846,45805.652410699644,45516.001405670846,45684.379491939784,712.6009726691307,2023-02-22 14:00:00
1677078000000,45542.973299579055,45542.973299579055,45323.75338215064,45326.28004896194,776.2143506300231,2023-02-22 15:00:00
1677081600000,45326.28004896194,45434.551895948476,45266.879429706576,45391.942237185925,1876.9454965171412,2023-02-22 16:00:00
1677085200000,45098.87522804689,45098.87522804689,44806.39624555767,44846.74064801579,3708.731146793607,2023-02-22 17:00:00
1677088800000,44846.74064801579,44892.47915389037,44555.01928801983,44804.125014245226,1179.9182461512898,2023-02-22 18:00:00
1677092400000,44659.875664684485,44659.875664684485,44392.09343344778,44459.29634625739,1598.738862867656,2023-02-22 19:00:00
1677096000000,44302.8880242969,44302.8880242969,43873.28900594222,44180.660875110116,1383.7458773871454,2023-02-22 20:00:00
1677099600000,44612.214950633104,44883.48177714646,44612.214950633104,44649.925303645374,807.8399665631455,2023-02-22 21:00:00
1677103200000,44649.925303645374,45395.474453514,44622.57771835867,45068.36604806865,1589.527839812185,2023-02-22 22:00:00
1677106800000,45068.36604806865,45398.88132718895,45046.497777691606,45303.63066429683,1538.5909850842663,2023-02-22 23:00:00
1677110400000,45160.99564604203,45160.99564604203,44740.78898914047,44882.62093810596,520.5508106353657,2023-02-23 00:00:00
1677114000000,44773.56168144916,44773.56168144916,44483.83980518508,44761.40015773892,2605.8057860736963,2023-02-23 01:00:00
1677117600000,45218.496286322654,45376.92607664944,45218.496286322654,45227.94232782072,1161.2549796715198,2023-02-23 02:00:00
1677121200000,45277.67896207056,45485.098972679385,45277.67896207056,45282.76112611481,2122.808117364815,2023-02-23 03:00:00
1677124800000,46139.647250828275,46268.03214353952,46139.647250828275,46189.42272600039,2917.1458046343446,2023-02-23 04:00:00
1677128400000,46208.28679446564,46351.20452771567,46208.28679446564,46344.967111534526,1630.3933532880815,2023-02-23 05:00:00
1677132000000,46354.17646930399,46509.77719504032,46354.17646930399,46421.10649037026,1418.6865871384102,2023-02-23 06:00:00
1677135600000,46299.167403029365,46299.167403029365,46193.13449541344,46298.616120396226,668.2324933561249,2023-02-23 07:00:00
1677139200000,46298.616120396226,46446.15305103953,46129.085716204165,46351.49328289825,1066.4038163132388,2023-02-23 08:00:00
1677142800000,46351.49328289825,46423.3087174931,46252.86841115795,46291.12586005248,1200.5580961586938,2023-02-23 09:00:00
1677146400000,46318.504421937476,46631.276385524165,46318.504421937476,46572.1544790365,1514.4677007124556,2023-02-23 10:00:00
1677150000000,46876.06636706917,47284.36649312704,46876.06636706917,46954.55457874181,908.8848150076158,2023-02-23 11:00:00
1677153600000,46716.27969029052,46716.27969029052,46340.01440169025,46640.16050298649,1162.0061323273185,2023-02-23 12:00:00
1677157200000,46346.22163014513,46346.22163014513,45808.90917012837,46112.464841968904,870.8421360110393,2023-02-23 13:00:00
1677160800000,45437.920891724454,45437.920891724454,45297.03376554432,45394.38311861465,635.9372715983237,2023-02-23 14:00:00
1677164400000,45394.38311861465,45811.10684163942,45252.34056975672,45591.916070674844,2305.280701015106,2023-02-23 15:00:00
1677168000000,45442.59374975978,45442.59374975978,45031.379950072034,45163.95988518394,569.3405330526388,2023-02-23 16:00:00
1677171600000,44380.99190916107,44380.99190916107,44156.58819015134,44340.46266342799,1774.1569893093647,2023-02-23 17:00:00
1677175200000,44341.83538988331,44520.107837989824,44341.83538988331,44487.97843793476,712.2992773717565,2023-02-23 18:00:00
1677178800000,45438.81713151121,45620.68268156481,45438.81713151121,45446.138745023236,2131.552722868948,2023-02-23 19:00:00
1677182400000,45446.138745023236,45479.477125966354,45363.29991810753,45443.78056171639,1348.3926785528504,2023-02-23 20:00:00
1677186000000,45752.42230071845,45973.808734253944,45752.42230071845,45770.64516760801,1027.673059406533,2023-02-23 21:00:00
1677189600000,45796.29827487345,45954.67586267119,45796.29827487345,45802.66993647453,825.9291078722686,2023-02-23 22:00:00
1677193200000,45802.66993647453,45840.320351692346,45733.8699821456,45763.97126551887,832.2156136661943,2023-02-23 23:00:00
1677196800000,46035.1160411688,46517.94074696375,46035.1160411688,46124.89901255511,676.9560239340831,2023-02-24 00:00:00
1677200400000,46124.89901255511,46348.011078538904,45991.42256450377,46010.599689539675,2516.3181190249948,2023-02-24 01:00:00
1677204000000,46010.599689539675,46409.222084151486,45896.79204100665,46115.87854100965,634.9992952775938,2023-02-24 02:00:00
1677207600000,46115.87854100965,46389.20105110153,46071.94293061471,46242.85808041605,3211.9549703191674,2023-02-24 03:00:00
1677211200000,46166.888294371674,46166.888294371674,45817.183124305615,45979.54135736682,747.2558977745158,2023-02-24 04:00:00
1677214800000,46171.33487677958,46784.22463470793,46171.33487677958,46371.08066930045,1969.5612731873182,2023-02-24 05:00:00
1677218400000,46365.007437922395,46365.007437922395,46194.36147869074,46301.78619224207,2230.25190385655,2023-02-24 06:00:00
1677222000000,46301.78619224207,46560.64908420055,45736.42688317313,46003.65384505306,877.5106588685586,2023-02-24 07:00:00
1677225600000,46103.864087291164,46530.93338147685,46103.864087291164,46215.102112476736,1029.2151883424053,2023-02-24 08:00:00
1677229200000,46145.31482140761,46145.31482140761,45677.57267469293,45861.54635680408,1741.7501918945475,2023-02-24 09:00:00
1677232800000,45861.54635680408,46202.29334161751,45814.6622388257,45872.59471536253,776.7612654414295,2023-02-24 10:00:00
1677236400000,45872.59471536253,46067.06568279883,45860.32306893381,45869.01934224427,975.3741554317398,2023-02-24 11:00:00
1677240000000,46248.83372932215,46374.090337500755,46248.83372932215,46296.742235832564,1146.371810728192,2023-02-24 12:00:00
1677243600000,46296.742235832564,46486.43429234839,46191.23663814383,46484.97158811797,766.0833644975273,2023-02-24 13:00:00
1677247200000,46484.97158811797,46750.216938731086,46386.17048799274,46475.0287096572,1975.0154837956147,2023-02-24 14:00:00
1677250800000,46534.22206109551,47147.09868764879,46534.22206109551,46801.01964036331,1197.0258544615067,2023-02-24 15:00:00
1677254400000,46941.476293825406,47599.28435128776,46941.476293825406,47360.46252751718,1166.3203310473193,2023-02-24 16:00:00
1677258000000,47582.72113397962,47855.05360332403,47582.72113397962,47586.81025812477,2175.2193619788795,2023-02-24 17:00:00
1677261600000,47586.81025812477,47811.547389966545,47566.058655261295,47591.02134315551,1953.1057633824503,2023-02-24 18:00:00
1677265200000,47251.67482326746,47251.67482326746,46991.62062372135,47060.36909568954,1230.6406097242573,2023-02-24 19:00:00
1677268800000,46748.791534141405,46748.791534141405,46486.79837078717,46633.874234657706,1021.9481282693781,2023-02-24 20:00:00
1677272400000,46633.874234657706,46761.86965023456,46413.441443518415,46512.36963459363,1109.3885925002235,2023-02-24 21:00:00
1677276000000,46376.58577303267,46376.58577303267,46120.89899782668,46270.68001206556,1211.542104917539,2023-02-24 22:00:00
1677279600000,46262.27056970238,46262.27056970238,45990.04890594401,46196.792373521086,1334.1286713496943,2023-02-24 23:00:00
1677283200000,46196.792373521086,46275.54146802549,46191.51414796932,46219.166920153606,2933.3153963478317,2023-02-25 00:00:00
1677286800000,46281.04042115451,46508.25046361205,46281.04042115451,46428.90031782011,2754.6064272033714,2023-02-25 01:00:00
1677290400000,46428.90031782011,46433.11280154767,46395.90480634739,46400.9313089058,1084.102194254841,2023-02-25 02:00:00
1677294000000,46474.03738822964,46605.90827599642,46474.03738822964,46594.2848957332,913.3269728927252,2023-02-25 03:00:00
1677297600000,46594.2848957332,47088.54046506507,46509.97975405628,46619.96978322352,2531.040754777,2023-02-25 04:00:00
1677301200000,45990.91271678499,45990.91271678499,45467.41568746608,45839.38841963755,2211.624878411772,2023-02-25 05:00:00
1677304800000,45823.27468345689,45823.27468345689,45420.8863497543,45472.8199233098,548.2045934202475,2023-02-25 06:00:00
1677308400000,45472.8199233098,45583.143261820594,45339.58969510549,45416.85075063646,677.8149123609272,2023-02-25 07:00:00
1677312000000,45019.16294960653,45019.16294960653,44888.23089852937,44949.667341932334,2957.374474523459,2023-02-25 08:00:00
1677315600000,45130.212594606564,45267.74224352892,45130.212594606564,45180.7556944685,886.6375954000039,2023-02-25 09:00:00
1677319200000,45761.49487085543,45898.536508416255,45761.49487085543,45775.787518395635,544.8729891143292,2023-02-25 10:00:00
1677322800000,45914.70215180983,46340.911003570014,45914.70215180983,46255.14186589308,796.1072990317938,2023-02-25 11:00:00
1677326400000,46255.14186589308,46282.80904979473,45966.85232107556,46170.83100920432,500.40162466572986,2023-02-25 12:00:00
1677330000000,46520.11942007696,46852.427504911546,46520.11942007696,46762.90135242323,1163.314124116132,2023-02-25 13:00:00
1677333600000,46762.90135242323,47096.12278378605,46600.9494399238,46822.36222265759,3821.9060597734465,2023-02-25 14:00:00
1677337200000,46716.55791318153,46716.55791318153,46679.062197508705,46687.650177110845,1062.4275770896227,2023-02-25 15:00:00
1677340800000,46518.75223127839,46518.75223127839,46301.3792589569,46443.50531335428,599.3302286354651,2023-02-25 16:00:00
1677344400000,46438.2836703512,46438.2836703512,46044.04168055359,46323.58755559079,1344.6970969015556,2023-02-25 17:00:00
1677348000000,46323.58755559079,46415.95252466543,46067.042497586226,46170.1437235924,1201.3206520549275,2023-02-25 18:00:00
1677351600000,46170.1437235924,46587.02176292961,46164.973920874894,46237.44548578989,3464.7212358605443,2023-02-25 19:00:00
1677355200000,46237.44548578989,46397.9462719469,46151.57200996543,46300.95006025015,581.2034029632989,2023-02-25 20:00:00
1677358800000,46300.95006025015,46305.696674740764,46108.942292219326,46302.15555760691,675.2029731681642,2023-02-25 21:00:00
1677362400000,46433.829163969065,46926.18052224162,46433.829163969065,46475.40440942918,1519.9483134978468,2023-02-25 22:00:00
1677366000000,46741.6630890901,46990.08593378076,46741.6630890901,46950.80055394675,821.1768555685196,2023-02-25 23:00:00
1677369600000,47196.60170640655,47528.94043702065,47196.60170640655,47333.417576388325,531.7110838878157,2023-02-26 00:00:00
1677373200000,46742.33048248544,46742.33048248544,46633.25779783253,46736.45203460908,861.3731433072074,2023-02-26 01:00:00
1677376800000,45841.893162556764,45841.893162556764,45690.942998442275,45727.2699183213,5042.149758012238,2023-02-26 02:00:00
1677380400000,46031.102922918544,46115.032781568356,46031.102922918544,46093.91352815432,1084.7160539286126,2023-02-26 03:00:00
1677384000000,45861.88010124299,45861.88010124299,45006.81900610176,45558.51527247701,1713.5735579236946,2023-02-26 04:00:00
1677387600000,45558.51527247701,45606.63642401191,45308.594393795254,45471.07332011628,709.6582583906932,2023-02-26 05:00:00
1677391200000,45289.99482917919,45289.99482917919,44948.50682951551,45018.56042202298,2477.787527223345,2023-02-26 06:00:00
1677394800000,44336.01015896371,44336.01015896371,44198.24383851705,44330.47981729991,934.341369436942,2023-02-26 07:00:00
1677398400000,44330.47981729991,44697.74518274819,44293.53645809838,44536.12299610243,1262.7479467257417,2023-02-26 08:00:00
1677402000000,44712.80455589122,44852.50444851743,44712.80455589122,44826.051350330745,1683.7236830249842,2023-02-26 09:00:00
1677405600000,44826.051350330745,45142.525113118616,44149.94269649748,44605.70494707188,811.6664991572763,2023-02-26 10:00:00
1677409200000,43931.78193233089,43931.78193233089,43161.3175906924,43628.68689975715,1726.363351345916,2023-02-26 11:00:00
1677412800000,43457.321723623776,43457.321723623776,43343.198714183934,43425.45885280123,543.1167803004114,2023-02-26 12:00:00
1677416400000,43523.0564986331,44148.07106652623,43523.0564986331,43571.13170935528,684.4524869721133,2023-02-26 13:00:00
1677420000000,43093.47435256724,43093.47435256724,42895.95647021913,43023.81724981015,1104.8553240469219,2023-02-26 14:00:00
1677423600000,43066.11643466276,43308.09132060335,43066.11643466276,43091.2998263558,1154.1860003869983,2023-02-26 15:00:00
1677427200000,43091.2998263558,43108.590409272205,42655.11754099259,43085.66124274133,1365.4308159647344,2023-02-26 16:00:00
1677430800000,43085.66124274133,43503.679461802654,43032.69542656066,43299.52810426821,604.8009235705081,2023-02-26 17:00:00
1677434400000,43299.52810426821,43519.01943946076,43295.65298527296,43343.807629086106,581.9670394745797,2023-02-26 18:00:00
1677438000000,43343.807629086106,43432.18089353331,42859.11517071589,42984.79991438192,1388.7005412139429,2023-02-26 19:00:00
1677441600000,43270.25156413508,43452.9740935034,43270.25156413508,43426.69004428465,692.1133988418684,2023-02-26 20:00:00
1677445200000,43374.13511015327,43374.13511015327,43318.10357955763,43367.88551939291,1662.9487852247962,2023-02-26 21:00:00
1677448800000,43367.88551939291,43478.082338733744,43305.93411733669,43357.76528991263,4224.3351556221005,2023-02-26 22:00:00
1677452400000,43122.9981676593,43122.9981676593,42705.459011883846,43013.27250607417,1549.433404924422,2023-02-26 23:00:00
1677456000000,43013.27250607417,43173.733372723094,42797.313202729914,42850.60595338067,563.5874911552805,2023-02-27 00:00:00
1677459600000,42728.2629680377,42728.2629680377,42378.61878456486,42527.756440937475,567.8514855568716,2023-02-27 01:00:00
1677463200000,42527.756440937475,42587.00695798553,42143.58132796564,42464.93612454659,1018.3866773879795,2023-02-27 02:00:00
1677466800000,42981.909847252406,43316.88697097026,42981.909847252406,43090.7988978772,1607.4853073391696,2023-02-27 03:00:00
1677470400000,42853.570993596826,42853.570993596826,42248.84868621537,42588.45462680196,1091.8345456687275,2023-02-27 04:00:00
1677474000000,42134.544320990295,42134.544320990295,41907.240556169934,42005.11176958228,1164.0848202578184,2023-02-27 05:00:00
1677477600000,42461.12296774201,42876.38310543759,42461.12296774201,42536.652414148426,700.6588202367116,2023-02-27 06:00:00
1677481200000,42504.73490105317,42504.73490105317,42375.28862300385,42460.61433486916,718.447447401131,2023-02-27 07:00:00
1677484800000,42382.09603591518,42382.09603591518,41934.787663820265,42218.480046234,1037.46875574042,2023-02-27 08:00:00
1677488400000,42501.10416835222,43000.1974430151,42501.10416835222,42595.414312217166,606.0496166140175,2023-02-27 09:00:00
1677492000000,42571.50569596313,42571.50569596313,42147.58836848968,42375.4895066827,1595.96898966969,2023-02-27 10:00:00
1677495600000,42712.07225943527,43103.65218032114,42712.07225943527,43042.064994223765,714.9859502183439,2023-02-27 11:00:00
1677499200000,43251.94217984914,43321.55221198104,43251.94217984914,43292.198644083765,758.1671248112702,2023-02-27 12:00:00
1677502800000,43232.42854842241,43232.42854842241,43040.80820358595,43112.028315522206,1519.6057941803028,2023-02-27 13:00:00
1677506400000,43683.93734509162,44169.60605175246,43683.93734509162,43914.36903784626,1730.8228169935942,2023-02-27 14:00:00
1677510000000,43914.36903784626,43989.65573489902,43616.50238129177,43687.597212515364,1552.1904997131023,2023-02-27 15:00:00
1677513600000,43774.756308359094,43983.69778282366,43774.756308359094,43965.59025002281,1074.7387494730083,2023-02-27 16:00:00
1677517200000,43965.59025002281,44204.852627404034,43795.54898962558,44078.206851281655,2550.532211194819,2023-02-27 17:00:00
1677520800000,44479.50666930247,44836.332681857784,44479.50666930247,44571.386201802416,797.1885688661107,2023-02-27 18:00:00
1677524400000,45102.551079055316,45607.71945945216,45102.551079055316,45170.26737614157,2951.2535914335804,2023-02-27 19:00:00
1677528000000,45170.26737614157,45451.14769895189,44903.178232767365,45182.62560640095,983.7529391839626,2023-02-27 20:00:00
1677531600000,44979.11376091404,44979.11376091404,44699.44200803046,44892.59243166989,1452.355441279677,2023-02-27 21:00:00
1677535200000,44966.692668835436,45266.378492891046,44966.692668835436,45069.43962268898,539.1191341225349,2023-02-27 22:00:00
1677538800000,44816.30740822357,44816.30740822357,44600.03465633967,44809.11805360446,1007.9135926196764,2023-02-27 23:00:00
1677542400000,45580.03393047772,45994.42359279706,45580.03393047772,45586.928859430656,512.8476046836224,2023-02-28 00:00:00
1677546000000,45586.928859430656,45669.803209518075,45433.37593607697,45640.16134677174,920.0203024352991,2023-02-28 01:00:00
1677549600000,45533.59487956431,45533.59487956431,45284.36920712874,45497.86868106681,1185.8196352817865,2023-02-28 02:00:00
1677553200000,45497.86868106681,45895.246334135416,45394.2003113121,45569.746086997715,1046.2741105691282,2023-02-28 03:00:00
1677556800000,45067.49252540812,45067.49252540812,44957.63620627832,45048.04120014299,2147.5445118325842,2023-02-28 04:00:00
1677560400000,44720.32763717444,44720.32763717444,44504.87325714621,44675.4732436757,910.750603934765,2023-02-28 05:00:00
1677564000000,45095.82082304147,45346.220363604174,45095.82082304147,45136.22612586799,581.5769532688018,2023-02-28 06:00:00
1677567600000,45007.40084051565,45007.40084051565,44672.68674046216,44883.50590490667,1282.8052548429985,2023-02-28 07:00:00
1677571200000,44514.66067336419,44514.66067336419,44281.66494431752,44483.65988175521,3425.808031949795,2023-02-28 08:00:00
1677574800000,44523.78947710708,45022.85508270472,44523.78947710708,44688.17633270554,1433.155453200115,2023-02-28 09:00:00
1677578400000,44970.27563020182,45192.3318288157,44970.27563020182,45143.38393394841,2218.0060076229356,2023-02-28 10:00:00
1677582000000,45267.12267536894,45609.31129630853,45267.12267536894,45421.654862326126,2046.3495017981054,2023-02-28 11:00:00
1677585600000,45705.05768999506,45840.91410022985,45705.05768999506,45810.011788098025,1204.8336472616727,2023-02-28 12:00:00
1677589200000,45810.011788098025,45840.15145535104,45428.709924013216,45514.637463424224,938.2658023077688,2023-02-28 13:00:00
1677592800000,45225.71107573217,45225.71107573217,44620.548633476086,44964.85042732308,1293.2241247937977,2023-02-28 14:00:00
1677596400000,45395.431933296626,45802.69409295994,45395.431933296626,45545.58522941161,588.447411504311,2023-02-28 15:00:00
1677600000000,45476.83494193022,45476.83494193022,45341.764610808226,45420.13909699224,1193.543129983144,2023-02-28 16:00:00
1677603600000,45418.333786712115,45418.333786712115,45161.39579140389,45322.86311660488,2056.089601000968,2023-02-28 17:00:00
1677607200000,45503.920782682566,46055.56920135169,45503.920782682566,45840.3321587779,1000.3504900363955,2023-02-28 18:00:00
1677610800000,46053.795732725215,46085.68092576211,46053.795732725215,46058.79265289357,682.5172218754336,2023-02-28 19:00:00
1677614400000,46134.3428325574,46377.5535806904,46134.3428325574,46238.61963559456,1717.1818848236032,2023-02-28 20:00:00
1677618000000,46980.94467423109,47127.03338982637,46980.94467423109,47102.245695673766,1584.620155085518,2023-02-28 21:00:00
1677621600000,47102.245695673766,47285.99514740282,46724.88511963318,46843.87304516379,1097.1080047336873,2023-02-28 22:00:00
1677625200000,46939.2866599184,47223.89454652101,46939.2866599184,47216.85442096862,1252.0147749081377,2023-02-28 23:00:00
1677628800000,47216.85442096862,47361.602601992396,47079.328720100144,47239.86966873224,1590.024144401978,2023-03-01 00:00:00
1677632400000,47239.86966873224,47416.83385585561,47228.60407776957,47348.44690119643,1193.7576795855878,2023-03-01 01:00:00
1677636000000,47893.53870609874,47993.37412089602,47893.53870609874,47971.09141118985,1281.541278058568,2023-03-01 02:00:00
1677639600000,48048.283034567045,48271.8098010178,48048.283034567045,48179.772802870735,508.3898003284163,2023-03-01 03:00:00
1677643200000,48179.772802870735,48462.561464134,48153.40491141843,48401.96223115941,1753.1194991754016,2023-03-01 04:00:00
1677646800000,48746.19104685492,48897.78753331367,48746.19104685492,48847.71426572297,1614.0689403916667,2023-03-01 05:00:00
1677650400000,48715.19556758864,48715.19556758864,48479.89477697586,48695.57490110268,1624.3298252853062,2023-03-01 06:00:00
1677654000000,48676.1418623542,48676.1418623542,48229.92517664596,48347.52523918686,1237.8565029000956,2023-03-01 07:00:00
1677657600000,48019.788832481354,48019.788832481354,47763.324993977934,47917.68073155159,2751.5307037607613,2023-03-01 08:00:00
1677661200000,47320.07351797914,47320.07351797914,47014.568378168864,47119.04003790236,1368.0448400777336,2023-03-01 09:00:00
1677664800000,47823.295878760655,48012.88677828748,47823.295878760655,47954.49542567807,1609.4325452113408,2023-03-01 10:00:00
1677668400000,47599.43073817508,47599.43073817508,47266.83460652933,47504.42674423752,910.1516003039928,2023-03-01 11:00:00
1677672000000,47504.42674423752,47549.31332016238,47206.540228562415,47414.67315765581,697.0386054481221,2023-03-01 12:00:00
1677675600000,47345.91245232576,47345.91245232576,47133.38169940865,47302.620034274485,781.4075385413298,2023-03-01 13:00:00
1677679200000,47315.91802454458,47813.729110573106,47315.91802454458,47427.073543396815,1864.2168872242078,2023-03-01 14:00:00
1677682800000,47667.77194062184,47770.89948207401,47667.77194062184,47758.91410815378,2473.5216622952034,2023-03-01 15:00:00
1677686400000,48064.946649999554,48353.586448727925,48064.946649999554,48111.46997149499,1673.1938473628784,2023-03-01 16:00:00
1677690000000,48111.46997149499,48318.006525475954,47832.52719112022,47872.28658000369,2704.437239303356,2023-03-01 17:00:00
1677693600000,47872.28658000369,47988.857851960485,47776.497057463595,47803.951322546294,1888.974005288231,2023-03-01 18:00:00
1677697200000,47863.21027065276,48429.94235468743,47863.21027065276,47919.55393943772,893.9038959939744,2023-03-01 19:00:00
1677700800000,47840.441840635795,47840.441840635795,47758.231406246174,47817.800409207615,1476.3444813417177,2023-03-01 20:00:00
1677704400000,48357.647666915895,48886.530010056085,48357.647666915895,48479.29079299874,1076.7849013146608,2023-03-01 21:00:00
1677708000000,48576.57865699141,48833.760303092226,48576.57865699141,48683.16633375856,1668.4234279959815,2023-03-01 22:00:00
1677711600000,48975.40767315508,49288.65966120454,48975.40767315508,48989.92480332886,885.0588781049894,2023-03-01 23:00:00
1677715200000,49235.99948318682,49418.73185891836,49235.99948318682,49268.28772290543,659.5269502481864,2023-03-02 00:00:00
1677718800000,49591.12052978016,49939.396116008036,49591.12052978016,49764.94714790036,1759.9272731140588,2023-03-02 01:00:00
1677722400000,49764.94714790036,49901.4124140743,49404.664054178844,49842.00693619872,1527.999587633613,2023-03-02 02:00:00
1677726000000,49315.65966333743,49315.65966333743,49204.84851060958,49292.57692196932,2004.5271728263058,2023-03-02 03:00:00
1677729600000,49460.07296592554,49934.94457533868,49460.07296592554,49461.26429312925,824.9364590169494,2023-03-02 04:00:00
1677733200000,49461.26429312925,49476.15437371296,48972.23313321235,49186.65592715947,2547.691742300567,2023-03-02 05:00:00
1677736800000,49186.65592715947,49212.666311999914,48820.119484868366,48964.91527538907,1324.066728027723,2023-03-02 06:00:00
1677740400000,48995.234663308634,49226.61062136113,48995.234663308634,49210.940159515056,1229.04346881004,2023-03-02 07:00:00
1677744000000,49632.42911825487,50061.540585617164,49632.42911825487,49734.56457419622,3843.602629837865,2023-03-02 08:00:00
1677747600000,49734.56457419622,49754.09478323915,49590.02220132575,49743.60805078558,1454.260066202653,2023-03-02 09:00:00
1677751200000,49866.720631798344,50068.623299418876,49866.720631798344,49875.09185879908,1961.4032333489656,2023-03-02 10:00:00
1677754800000,50368.757843042775,50786.8017797534,50368.757843042775,50606.06141071067,865.6281116681764,2023-03-02 11:00:00
1677758400000,50606.06141071067,50784.276972359876,50594.45974238463,50710.30741859967,1398.9046194394787,2023-03-02 12:00:00
1677762000000,51750.297536192375,51891.61528213079,51750.297536192375,51850.62653973741,1035.1692268984366,2023-03-02 13:00:00
1677765600000,51850.62653973741,52340.5774982671,51811.87075083079,52101.86261627622,824.7035430503171,2023-03-02 14:00:00
1677769200000,51616.764426039525,51616.764426039525,51030.40936940038,51323.596642877004,550.4103465691965,2023-03-02 15:00:00
1677772800000,51549.97446717269,51667.29553755888,51549.97446717269,51655.14431093999,1935.622098119723,2023-03-02 16:00:00
1677776400000,51794.039003839745,52094.201829966056,51794.039003839745,51823.70823638763,533.997969868478,2023-03-02 17:00:00
1677780000000,52251.00689968664,52688.5882739181,52251.00689968664,52398.18033771031,1092.8910126309725,2023-03-02 18:00:00
1677783600000,52691.46431271898,52760.06632024437,52691.46431271898,52700.54865317497,1307.567240150137,2023-03-02 19:00:00
1677787200000,52700.54865317497,52727.852772949765,52583.01053369298,52638.21711510646,650.4980203928479,2023-03-02 20:00:00
1677790800000,52126.46929406649,52126.46929406649,51896.30310487746,52090.24818047423,3213.247274517523,2023-03-02 21:00:00
1677794400000,52090.24818047423,52363.12616369381,51432.460055126765,51997.26571241882,652.1331876830582,2023-03-02 22:00:00
1677798000000,51672.03881010709,51672.03881010709,51462.21202672717,51620.62649255171,2960.6018725738977,2023-03-02 23:00:00
1677801600000,51502.227813389516,51502.227813389516,51123.41885404985,51365.118828807885,581.9680179943633,2023-03-03 00:00:00
1677805200000,51546.97761604017,51874.245361242356,51546.97761604017,51624.18067119848,1831.6302841661904,2023-03-03 01:00:00
1677808800000,51947.373719471085,52443.481906018555,51947.373719471085,52366.32072842642,1414.8680993648818,2023-03-03 02:00:00
1677812400000,52380.079567535955,52663.23366740649,52380.079567535955,52543.2739748459,860.4539907451721,2023-03-03 03:00:00
1677816000000,52220.9470460548,52220.9470460548,51908.1776718486,52008.92369930526,1665.1292751384503,2023-03-03 04:00:00
1677819600000,52008.92369930526,52253.12781008508,51976.90449760953,52206.94565073131,783.963758940748,2023-03-03 05:00:00
1677823200000,52544.57606496734,52934.415022707704,52544.57606496734,52743.66785179089,2634.677811137417,2023-03-03 06:00:00
1677826800000,52495.14685687308,52495.14685687308,52436.34457189167,52469.47747808001,1451.5188829413948,2023-03-03 07:00:00
1677830400000,52454.916904923535,52454.916904923535,52236.4207339104,52409.407650563415,1749.3947007379911,2023-03-03 08:00:00
1677834000000,52409.407650563415,52678.4877016715,52080.39572817807,52415.98790776463,832.039285809878,2023-03-03 09:00:00
1677837600000,52248.70645997,52248.70645997,52009.23363057529,52065.51124853533,1769.4818244537012,2023-03-03 10:00:00
1677841200000,52347.02726744862,52772.916922927376,52347.02726744862,52354.81548202936,786.2744300412168,2023-03-03 11:00:00
1677844800000,52354.81548202936,52562.57315058725,52023.4219897916,52300.71896250197,526.079543926042,2023-03-03 12:00:00
1677848400000,52360.47362262313,52733.09334480638,52360.47362262313,52488.60307402581,2775.92851512216,2023-03-03 13:00:00
1677852000000,52488.60307402581,52722.491905573654,51833.78262334767,52091.94044665823,531.3096914141431,2023-03-03 14:00:00
1677855600000,51901.198620533076,51901.198620533076,51745.964860798544,51897.52380618483,918.4507987741728,2023-03-03 15:00:00
1677859200000,51897.52380618483,52515.24253481763,51725.93441003842,52218.958369785745,747.5904581447971,2023-03-03 16:00:00
1677862800000,52218.958369785745,52473.749950522026,51856.2205159737,52052.81277005176,1798.764173969264,2023-03-03 17:00:00
1677866400000,52687.85890046836,52937.2717877357,52687.85890046836,52826.87286072258,805.8099890027934,2023-03-03 18:00:00
1677870000000,52809.762352802834,52809.762352802834,52545.82190511865,52646.7303945502,796.9950364710894,2023-03-03 19:00:00
1677873600000,52663.18741291279,53082.11685130828,52663.18741291279,52747.934931840035,1225.5585572885689,2023-03-03 20:00:00
1677877200000,52972.04390127313,53202.67631630658,52972.04390127313,53170.08477540669,937.6123250270115,2023-03-03 21:00:00
1677880800000,52824.50355718748,52824.50355718748,52131.43346990341,52529.37167587003,1800.4077976573376,2023-03-03 22:00:00
1677884400000,51995.90673075798,51995.90673075798,51710.64390975847,51744.69946328553,3384.0976282221654,2023-03-03 23:00:00
1677888000000,51229.54056103061,51229.54056103061,50654.70346198291,51074.30274496683,599.8828088718377,2023-03-04 00:00:00
1677891600000,51337.11446588602,51712.65120657499,51337.11446588602,51628.476862069874,730.9271600320445,2023-03-04 01:00:00
1677895200000,51628.476862069874,51877.07993473993,51179.316980493044,51385.51907437952,1677.2137369778181,2023-03-04 02:00:00
1677898800000,52452.935893967995,52737.91442830671,52452.935893967995,52521.49697100367,1340.0687394105782,2023-03-04 03:00:00
1677902400000,52431.22305835843,52431.22305835843,52246.0975081589,52268.801247501324,1124.9082676593252,2023-03-04 04:00:00
1677906000000,52268.801247501324,52444.57107831571,52090.19088105887,52351.31762872717,2284.758753894771,2023-03-04 05:00:00
1677909600000,53042.23684668633,53281.62457553276,53042.23684668633,53045.93603142592,513.7337231586582,2023-03-04 06:00:00
1677913200000,53715.11877332146,54213.126657357934,53715.11877332146,53963.35948966404,2061.886152588445,2023-03-04 07:00:00
1677916800000,54478.62329378552,54932.10444293465,54478.62329378552,54922.65607869392,1046.6581842156406,2023-03-04 08:00:00
1677920400000,55379.84293980408,55832.20214934231,55379.84293980408,55492.863384325385,646.6121221581154,2023-03-04 09:00:00
1677924000000,55736.099737419296,56333.720630936215,55736.099737419296,55980.732865468424,4117.292510082321,2023-03-04 10:00:00
1677927600000,56001.15153058237,56397.77036249084,56001.15153058237,56264.97264102781,942.9195894483672,2023-03-04 11:00:00
1677931200000,56404.80260044287,56661.91175689768,56404.80260044287,56640.5528008414,1284.3759654042601,2023-03-04 12:00:00
1677934800000,56640.5528008414,56654.308297273405,55993.15471601436,56374.33276405498,1541.9171184028232,2023-03-04 13:00:00
1677938400000,56374.33276405498,56498.17004966809,55536.09193919919,55981.45225025632,2687.62952049863,2023-03-04 14:00:00
1677942000000,55981.45225025632,56093.84927461643,55667.72346362986,55979.83759510458,880.6785021217685,2023-03-04 15:00:00
1677945600000,55979.83759510458,56157.88769177245,55824.35539321868,55898.46577148547,1200.3129422221014,2023-03-04 16:00:00
1677949200000,55745.5323654044,55745.5323654044,55356.29094390921,55682.33646781195,1174.5483675539895,2023-03-04 17:00:00
1677952800000,55825.64219197751,56126.50359819285,55825.64219197751,56014.7659224848,1174.2359475352348,2023-03-04 18:00:00
1677956400000,56394.90632319673,56599.71132063236,56394.90632319673,56474.02411926521,1360.431332045955,2023-03-04 19:00:00
1677960000000,56474.02411926521,56691.7740475884,56305.282680607175,56516.715171835254,2125.2273569066165,2023-03-04 20:00:00
1677963600000,57146.0668724083,57306.22995099824,57146.0668724083,57234.99959711923,1002.155512657865,2023-03-04 21:00:00
1677967200000,56932.03751291091,56932.03751291091,56674.01421779779,56679.184733248614,1032.5791751793213,2023-03-04 22:00:00
1677970800000,56679.184733248614,56738.13424950628,56572.73877735362,56585.441301211504,502.35023350386115,2023-03-04 23:00:00
1677974400000,56430.07841285206,56430.07841285206,55970.900855470245,56239.80100031957,629.2717843469887,2023-03-05 00:00:00
1677978000000,55400.879338958934,55400.879338958934,55127.4832219536,55349.660782543004,1543.6612520169056,2023-03-05 01:00:00
1677981600000,55349.660782543004,55512.13673197144,55177.611044009805,55310.55837330719,582.9340432115814,2023-03-05 02:00:00
1677985200000,55310.55837330719,55395.87113098803,55135.484025662074,55253.0302631374,2224.8569528353,2023-03-05 03:00:00
1677988800000,55636.0163258603,56093.28868714431,55636.0163258603,55972.436373759534,911.2850639971361,2023-03-05 04:00:00
1677992400000,56188.98699318607,56412.061690126095,56188.98699318607,56275.04633887377,1212.8542289017164,2023-03-05 05:00:00
1677996000000,56214.49959716804,56214.49959716804,55523.94275814335,55784.552661810296,1145.0411888228546,2023-03-05 06:00:00
1677999600000,56349.82565684262,57012.282639253375,56349.82565684262,56675.65822521469,2815.257123057854,2023-03-05 07:00:00
1678003200000,57001.658537835414,57365.04823587957,57001.658537835414,57270.26580291243,651.8334047269472,2023-03-05 08:00:00
1678006800000,57365.72138311068,57904.32964255684,57365.72138311068,57555.92214812136,3186.9650524332133,2023-03-05 09:00:00
1678010400000,57481.688349462514,57481.688349462514,57287.40895537736,57444.60928179136,558.8297478691184,2023-03-05 10:00:00
1678014000000,56993.30215955526,56993.30215955526,56739.55112248393,56975.44479801433,1606.6898770099888,2023-03-05 11:00:00
1678017600000,56862.119051276386,56862.119051276386,56730.32451186444,56794.469509292874,539.355946712586,2023-03-05 12:00:00
1678021200000,57143.726755578195,57414.241809619125,57143.726755578195,57325.468810664934,638.0890864953554,2023-03-05 13:00:00
1678024800000,58065.31456851801,58851.89354901245,58065.31456851801,58256.371280851505,531.4603305262557,2023-03-05 14:00:00
1678028400000,58983.612073801036,59259.540054105564,58983.612073801036,59029.91226828691,4554.3017732332255,2023-03-05 15:00:00
1678032000000,59029.91226828691,59044.958128666156,58677.986857986245,58783.77455637879,2862.8595448697547,2023-03-05 16:00:00
1678035600000,58524.79213008409,58524.79213008409,58209.783458957965,58223.90270369487,3047.5483400285584,2023-03-05 17:00:00
1678039200000,58223.90270369487,58496.00160288342,58069.662915671426,58294.05943818242,1735.0531799341272,2023-03-05 18:00:00
1678042800000,57565.34745211772,57565.34745211772,57268.33127547669,57419.53044878569,1665.6916299242462,2023-03-05 19:00:00
1678046400000,57419.53044878569,57656.76131459293,57220.04532104326,57578.35787348556,2023.2685905122473,2023-03-05 20:00:00
1678050000000,57565.09619401142,57565.09619401142,57145.277911386525,57505.761112356246,2071.1307812546074,2023-03-05 21:00:00
1678053600000,57387.660349521575,57387.660349521575,57035.36097296886,57277.14621956458,759.3225033180049,2023-03-05 22:00:00
1678057200000,56726.07801878851,56726.07801878851,56227.88027612979,56501.716162801844,624.2082544370061,2023-03-05 23:00:00
1678060800000,56585.4204376451,56961.4438269004,56585.4204376451,56750.3030980422,1107.5728769816228,2023-03-06 00:00:00
1678064400000,56723.98325779342,56723.98325779342,56220.23030647074,56492.492271905554,600.6540514157361,2023-03-06 01:00:00
1678068000000,55960.52460705918,55960.52460705918,55744.42808749743,55930.391693755584,952.1252382004188,2023-03-06 02:00:00
1678071600000,54763.02932105344,54763.02932105344,54374.10908648801,54573.98572457696,1682.5696188886855,2023-03-06 03:00:00
1678075200000,54573.98572457696,55044.71626686708,54377.80190646469,54561.15235926476,750.049568305111,2023-03-06 04:00:00
1678078800000,55224.36593899671,55654.67984877008,55224.36593899671,55393.95175994511,1140.959341477189,2023-03-06 05:00:00
1678082400000,55656.85348113168,56382.48440260466,55656.85348113168,56186.13332612912,2745.178530714009,2023-03-06 06:00:00
1678086000000,56186.13332612912,56262.057818177025,55965.20215548126,55967.04127479749,2116.221158065158,2023-03-06 07:00:00
1678089600000,55967.04127479749,56019.05573093252,55567.17678445334,55679.697053132026,1021.0142394823565,2023-03-06 08:00:00
1678093200000,55755.34731053611,56026.72699729098,55755.34731053611,55903.24408864096,1243.254538149141,2023-03-06 09:00:00
1678096800000,55555.557935246135,55555.557935246135,55162.181716902385,55428.21365232267,1527.8080423191489,2023-03-06 10:00:00
1678100400000,55502.842707743584,55676.65256798299,55502.842707743584,55571.37858712558,2081.7460221423707,2023-03-06 11:00:00
1678104000000,55819.07244412154,56003.37505767467,55819.07244412154,55936.45691643604,2431.776455906584,2023-03-06 12:00:00
1678107600000,56515.25885237443,56559.74582587938,56515.25885237443,56526.15955089677,4398.827193082865,2023-03-06 13:00:00
1678111200000,56526.15955089677,56582.07318862337,56041.48977985341,56477.79021041606,606.1973590019817,2023-03-06 14:00:00
1678114800000,56414.1687225149,56414.1687225149,56339.77734415419,56379.55374823644,3725.5570569769247,2023-03-06 15:00:00
1678118400000,56190.815467794455,56190.815467794455,55808.83027792569,55958.03499565958,1006.8916814286077,2023-03-06 16:00:00
1678122000000,55841.64401444722,55841.64401444722,55392.72678103607,55563.93246231442,1155.1734528630516,2023-03-06 17:00:00
1678125600000,55563.93246231442,55951.94366769847,55261.60021805152,55456.47456226097,797.2187409266046,2023-03-06 18:00:00
1678129200000,55574.94744094055,56124.72333157435,55574.94744094055,55630.88424782263,1096.2444766414683,2023-03-06 19:00:00
1678132800000,55630.88424782263,56482.22137186261,55611.459326917866,56066.997668812146,1035.8816716561955,2023-03-06 20:00:00
1678136400000,55897.19563571559,55897.19563571559,55415.73711114877,55683.407333463714,2291.387230732488,2023-03-06 21:00:00
1678140000000,56054.89443082446,56548.88134167469,56054.89443082446,56398.40793975168,1379.9462313288645,2023-03-06 22:00:00
1678143600000,56327.097573243234,56327.097573243234,55714.415934669356,56267.86031399245,876.560126316551,2023-03-06 23:00:00
1678147200000,56267.86031399245,56345.99143436824,56146.950501328705,56257.58468988654,611.5056320482277,2023-03-07 00:00:00
1678150800000,56166.72852403663,56166.72852403663,55594.96479858641,55899.42513994747,3507.933842456464,2023-03-07 01:00:00
1678154400000,55244.147408570716,55244.147408570716,54428.85758891849,54753.04364551026,4232.970639642183,2023-03-07 02:00:00
1678158000000,55151.30909358825,55382.08484070648,55151.30909358825,55168.3443255618,586.6900734969655,2023-03-07 03:00:00
1678161600000,55199.65891453523,55577.734926476805,55199.65891453523,55516.89964910039,1378.8909263782434,2023-03-07 04:00:00
1678165200000,55505.50012907017,55505.50012907017,55353.61545477189,55383.56182695178,2115.312651447488,2023-03-07 05:00:00
1678168800000,55383.56182695178,55715.3233143892,55311.39370345535,55415.28362448396,1182.8572175297413,2023-03-07 06:00:00
1678172400000,55480.616043802496,55860.618289176164,55480.616043802496,55660.20348402329,1192.384295628192,2023-03-07 07:00:00
1678176000000,55149.52754251721,55149.52754251721,54516.26468811182,54921.757823516506,829.1476409722695,2023-03-07 08:00:00
1678179600000,54884.91105919253,54884.91105919253,54484.86417162155,54673.95874032858,688.3919310590971,2023-03-07 09:00:00
1678183200000,54985.12381991053,55477.753986139236,54985.12381991053,55046.40081959266,1491.2975749934076,2023-03-07 10:00:00
1678186800000,54536.232468961505,54536.232468961505,54269.94295728374,54459.40005854276,833.093091564951,2023-03-07 11:00:00
1678190400000,54459.40005854276,54768.33028883942,54431.51733234446,54596.22005720188,1437.9526491728752,2023-03-07 12:00:00
1678194000000,53985.784832633304,53985.784832633304,53896.13399430021,53966.81383553062,1644.0091460496935,2023-03-07 13:00:00
1678197600000,54034.040563059185,54217.6644939432,54034.040563059185,54182.39816123048,3819.1841573282,2023-03-07 14:00:00
1678201200000,54182.39816123048,54583.44605060682,54089.161808154204,54165.894292378165,628.1413315708612,2023-03-07 15:00:00
1678204800000,53643.81929964125,53643.81929964125,53113.35541862951,53423.25574225895,968.3070110826723,2023-03-07 16:00:00
1678208400000,53904.945269016396,54071.09970009848,53904.945269016396,53957.77167603335,887.0390724670644,2023-03-07 17:00:00
1678212000000,53672.23202434556,53672.23202434556,53242.16136155507,53620.037390533755,2236.1454969739716,2023-03-07 18:00:00
1678215600000,53375.269310116535,53375.269310116535,53133.97540731735,53249.96866683165,1744.8224422774433,2023-03-07 19:00:00
1678219200000,53249.96866683165,53664.35123929838,52961.00916395266,53341.336610041246,2029.1956513135995,2023-03-07 20:00:00
1678222800000,53341.336610041246,54012.34854547733,53264.88208133923,53867.61852577874,972.1047421663407,2023-03-07 21:00:00
1678226400000,53513.887042721304,53513.887042721304,53367.71477875935,53401.92609014563,1656.8940102633196,2023-03-07 22:00:00
1678230000000,53401.92609014563,53737.28965726378,53365.88464124022,53430.087386939456,2193.0016156799456,2023-03-07 23:00:00
1678233600000,53430.087386939456,53640.86627725273,53302.0695082923,53626.28397891385,854.4640485526119,2023-03-08 00:00:00
1678237200000,53737.0349317971,54263.849702606516,53737.0349317971,53944.925327383804,769.1978698743478,2023-03-08 01:00:00
1678240800000,53944.925327383804,54127.866953589764,53888.86275505952,54026.34267217435,3250.836178289058,2023-03-08 02:00:00
1678244400000,54026.34267217435,54375.64711122131,53779.78865433919,53857.11886498859,2566.6552984773293,2023-03-08 03:00:00
1678248000000,53851.09546936088,53851.09546936088,53239.7037924103,53477.48823269065,732.2883913812423,2023-03-08 04:00:00
1678251600000,53477.48823269065,53861.44704594567,53287.1804269647,53516.87889446126,1631.044449284091,2023-03-08 05:00:00
1678255200000,53168.53153992228,53168.53153992228,52647.52031044768,53028.686089340634,568.1633924198219,2023-03-08 06:00:00
1678258800000,51805.11031005801,51805.11031005801,51440.34080552071,51720.94568444697,3263.8153833136316,2023-03-08 07:00:00
1678262400000,51720.94568444697,52249.88452342362,51663.24443732161,51914.30213740828,794.4881445323356,2023-03-08 08:00:00
1678266000000,52208.97448668407,52506.95265928823,52208.97448668407,52316.96439003955,691.1731544710898,2023-03-08 09:00:00
1678269600000,51724.74582588197,51724.74582588197,51053.25413094287,51270.91206446984,1206.3337421787874,2023-03-08 10:00:00
1678273200000,51227.78661984038,51227.78661984038,50696.504948729256,50830.314830785,849.7118997014835,2023-03-08 11:00:00
1678276800000,51015.85046132858,51233.94238539319,51015.85046132858,51100.03243570665,713.9133218234481,2023-03-08 12:00:00
1678280400000,51555.96922108157,52160.7229441054,51555.96922108157,52006.64645641084,945.5735206011498,2023-03-08 13:00:00
1678284000000,52006.64645641084,52068.745469720605,51794.48907365697,52015.89061341884,1244.7370489625473,2023-03-08 14:00:00
1678287600000,51743.593878920554,51743.593878920554,51382.387981123684,51693.222099067665,2094.2907324636526,2023-03-08 15:00:00
1678291200000,51693.222099067665,51800.55679312434,51570.27903688268,51612.47305883385,1294.1206605223792,2023-03-08 16:00:00
1678294800000,52074.49266131206,52436.39706269286,52074.49266131206,52222.58653813041,1491.870190148079,2023-03-08 17:00:00
1678298400000,52039.92850650649,52039.92850650649,51761.69966444821,51935.041187077775,1631.1618632057318,2023-03-08 18:00:00
1678302000000,51596.12639302219,51596.12639302219,51502.54090892043,51581.47799916297,904.8906435880677,2023-03-08 19:00:00
1678305600000,51581.47799916297,51611.60840579272,51224.33580375885,51369.078994380994,1393.727025197345,2023-03-08 20:00:00
1678309200000,51184.18852962041,51184.18852962041,50896.00502029015,50952.196072105464,790.1046070996065,2023-03-08 21:00:00
1678312800000,50960.16310510756,51016.40063757341,50960.16310510756,51005.64857288379,2077.636007580913,2023-03-08 22:00:00
1678316400000,51404.01014261013,51989.27205464307,51404.01014261013,51718.89995589725,1445.448860148173,2023-03-08 23:00:00
1678320000000,51718.89995589725,52092.10979916349,51575.460157481,51861.91973497799,614.2470487577925,2023-03-09 00:00:00
1678323600000,51782.33853340855,51782.33853340855,51594.537559352946,51750.174874014985,1235.335428258566,2023-03-09 01:00:00
1678327200000,51636.33702386407,51636.33702386407,51246.116348687276,51621.25783923407,1048.9529709153085,2023-03-09 02:00:00
1678330800000,51011.90576122203,51011.90576122203,50919.80561509991,50936.11620007732,908.8064868466333,2023-03-09 03:00:00
1678334400000,50940.32800614241,51518.47705260064,50940.32800614241,51322.05513250401,2379.258754185018,2023-03-09 04:00:00
1678338000000,51322.05513250401,51362.29534074004,51278.86057798138,51287.92132787373,577.4324509964298,2023-03-09 05:00:00
1678341600000,51287.92132787373,51318.546097902916,51206.43489421135,51208.86311964116,1681.5903123810303,2023-03-09 06:00:00
1678345200000,52522.28743346542,52755.961056128785,52522.28743346542,52625.754959746104,1461.5354772201922,2023-03-09 07:00:00
1678348800000,52744.95035297205,52810.47615787,52744.95035297205,52760.31094994788,2263.3484686521397,2023-03-09 08:00:00
1678352400000,52575.98281011848,52575.98281011848,52238.58534573244,52422.364562170966,1733.3217004808782,2023-03-09 09:00:00
1678356000000,52349.73884117973,52349.73884117973,52121.87100795161,52231.67038159995,912.1091258965901,2023-03-09 10:00:00
1678359600000,52231.67038159995,52810.04723934267,52143.99920591901,52746.91758981563,1147.7033242927798,2023-03-09 11:00:00
1678363200000,52746.91758981563,53148.63864192663,52444.53585518497,52798.010630297416,854.7798227979359,2023-03-09 12:00:00
1678366800000,52240.09978155905,52240.09978155905,52023.231868214476,52152.903967882026,2450.278515095185,2023-03-09 13:00:00
1678370400000,52560.92325297606,52811.797173044564,52560.92325297606,52564.2879501737,1691.4562512877922,2023-03-09 14:00:00
1678374000000,52327.60652160859,52327.60652160859,51951.598064492064,52264.95169442583,567.2095934894087,2023-03-09 15:00:00
1678377600000,53080.95729545338,53140.28278059348,53080.95729545338,53108.55233179869,2834.050033371044,2023-03-09 16:00:00
1678381200000,53346.34706339678,53625.87601140411,53346.34706339678,53601.103845360194,1864.0171679085704,2023-03-09 17:00:00
1678384800000,53601.103845360194,53674.48724468213,53287.016033538035,53396.55273942689,1065.2907866982819,2023-03-09 18:00:00
1678388400000,53644.911389369234,54029.026871253285,53644.911389369234,53984.42862337572,3329.6381360630726,2023-03-09 19:00:00
1678392000000,53984.42862337572,54705.84724389709,53764.158820361095,54015.748317749654,2037.4515465553477,2023-03-09 20:00:00
1678395600000,54111.20123250214,54461.69469596106,54111.20123250214,54410.91095729982,698.2044002085111,2023-03-09 21:00:00
1678399200000,54628.72169473062,54754.329230074145,54628.72169473062,54636.816225251874,1898.311045289649,2023-03-09 22:00:00
1678402800000,54636.816225251874,54739.78067431136,54134.087085510844,54242.98804460148,2272.149117051285,2023-03-09 23:00:00
1678406400000,54242.98804460148,54263.91874986484,53894.50363959904,53945.43129885892,881.6341590085905,2023-03-10 00:00:00
1678410000000,54005.39333508188,54481.456152189356,54005.39333508188,54422.44008608554,553.0692704062307,2023-03-10 01:00:00
1678413600000,54353.78541694709,54353.78541694709,54172.09081909549,54266.933718095155,642.2596484063167,2023-03-10 02:00:00
1678417200000,54142.4182002148,54142.4182002148,53723.29749086235,54080.02586907247,1227.9889426052441,2023-03-10 03:00:00
1678420800000,53711.08254332223,53711.08254332223,53286.1403135655,53640.3198842008,2060.003294234254,2023-03-10 04:00:00
1678424400000,53772.95545532754,54037.35742350153,53772.95545532754,53834.887586121105,669.9955610304091,2023-03-10 05:00:00
1678428000000,54501.48330014388,55268.735270194484,54501.48330014388,54792.37868407906,1860.7992204454206,2023-03-10 06:00:00
1678431600000,54721.7058505092,54721.7058505092,53986.49868436367,54294.68805547269,687.2460021367639,2023-03-10 07:00:00
1678435200000,54294.68805547269,54399.104593270094,53968.81965856419,54305.92904714099,1050.6737955565839,2023-03-10 08:00:00
1678438800000,54951.69381651432,55268.33316426489,54951.69381651432,54965.42405808065,1587.3942043616682,2023-03-10 09:00:00
1678442400000,54965.42405808065,55033.09255624867,54774.9915688248,54928.020015392765,1176.3180399553153,2023-03-10 10:00:00
1678446000000,55096.561350801974,55331.635572215055,55096.561350801974,55140.81789630633,1431.442447768157,2023-03-10 11:00:00
1678449600000,54856.74792778092,54856.74792778092,54481.91381623005,54642.36264131782,1717.7484570000022,2023-03-10 12:00:00
1678453200000,54642.36264131782,55130.16835407098,54327.91399886693,54842.77194571481,2454.5611193538634,2023-03-10 13:00:00
1678456800000,54755.41164576615,54755.41164576615,54614.48994354761,54755.114956589794,3181.433331160105,2023-03-10 14:00:00
1678460400000,54755.114956589794,55475.52205606518,54660.19314870706,55218.40339350227,1106.0208205992647,2023-03-10 15:00:00
1678464000000,55394.8873314148,55796.22604669089,55394.8873314148,55781.67705835812,977.9712098996148,2023-03-10 16:00:00
1678467600000,57020.58254890633,57119.18581755023,57020.58254890633,57030.12760367889,931.2020357097774,2023-03-10 17:00:00
1678471200000,57278.53615338369,57580.42360933659,57278.53615338369,57313.37882342987,549.1458464757217,2023-03-10 18:00:00
1678474800000,57313.37882342987,57564.95328769515,57115.712176203844,57473.20391222046,1930.0573680300215,2023-03-10 19:00:00
1678478400000,57473.20391222046,57626.066345872336,57289.500569483906,57568.7747448255,792.5505366702455,2023-03-10 20:00:00
1678482000000,57491.748678123695,57491.748678123695,57208.239768538166,57395.25502669622,624.2927838294835,2023-03-10 21:00:00
1678485600000,57478.13613740224,57629.44999009777,57478.13613740224,57561.550438040606,1386.0118693787072,2023-03-10 22:00:00
1678489200000,57513.8397107812,57513.8397107812,57406.21804280145,57416.39449766069,1523.6260426213853,2023-03-10 23:00:00
1678492800000,57416.39449766069,57887.300556465336,57353.82465849121,57499.128850792746,731.7266693823399,2023-03-11 00:00:00
1678496400000,57703.394787273515,58393.48046755734,57703.394787273515,58150.351968696734,698.0355238375173,2023-03-11 01:00:00
1678500000000,57805.691778246146,57805.691778246146,57206.15977738035,57652.20721369899,2456.6722376461985,2023-03-11 02:00:00
1678503600000,58130.956019630285,58280.66827895514,58130.956019630285,58216.66291013694,1619.3767460353797,2023-03-11 03:00:00
1678507200000,58703.38123494376,58963.00580398034,58703.38123494376,58875.76987137074,1082.585335283888,2023-03-11 04:00:00
1678510800000,58875.76987137074,59135.4395430199,58430.24578908713,58816.38312200142,3642.254438419255,2023-03-11 05:00:00
1678514400000,57816.360080470935,57816.360080470935,57738.274415077314,57759.27456081449,2817.555097472637,2023-03-11 06:00:00
1678518000000,57664.571031773325,57664.571031773325,57305.2037743752,57459.973398330665,5927.106149660532,2023-03-11 07:00:00
1678521600000,57706.03896615536,58201.355476887366,57706.03896615536,58100.520439593325,1234.345780501203,2023-03-11 08:00:00
1678525200000,58100.520439593325,58267.90806298644,57859.75908665207,58089.16497573451,1086.2672821216834,2023-03-11 09:00:00
1678528800000,57621.33183452485,57621.33183452485,57572.00174629171,57595.10863279511,1720.4787230289535,2023-03-11 10:00:00
1678532400000,57406.1825414274,57406.1825414274,57183.99423244067,57347.146850587094,1560.324153708477,2023-03-11 11:00:00
1678536000000,57739.76920083058,57796.16919621276,57739.76920083058,57760.680313353354,3190.2188596061847,2023-03-11 12:00:00
1678539600000,57838.550454031465,58263.39039054293,57838.550454031465,58031.23878634174,595.9416328514551,2023-03-11 13:00:00
1678543200000,58031.23878634174,58302.324626416215,57892.710261330954,57912.84446375161,699.9374620934279,2023-03-11 14:00:00
1678546800000,57809.333074497205,57809.333074497205,57665.41160203364,57731.547558993974,1132.337421993219,2023-03-11 15:00:00
1678550400000,57731.547558993974,57846.01227664949,57486.713826898325,57538.55425185261,879.9507180609544,2023-03-11 16:00:00
1678554000000,57514.96831118827,57514.96831118827,56917.08978539956,57086.68785724795,829.3872066536055,2023-03-11 17:00:00
1678557600000,57836.06591730271,58071.97710566954,57836.06591730271,57880.37255729265,839.5848073781721,2023-03-11 18:00:00
1678561200000,57849.57633639056,57849.57633639056,57454.825467476214,57721.13004183112,1746.8852020033178,2023-03-11 19:00:00
1678564800000,58034.748097358635,58603.46731295558,58034.748097358635,58324.77417167693,790.6229287461431,2023-03-11 20:00:00
1678568400000,59051.06329618078,59388.93071786343,59051.06329618078,59088.14781766405,1102.0704539762937,2023-03-11 21:00:00
1678572000000,59529.44561181188,59889.85194240857,59529.44561181188,59594.50662276543,1055.8335484902193,2023-03-11 22:00:00
1678575600000,59479.959483600906,59479.959483600906,59366.83112865848,59375.0517793455,1087.1902521073248,2023-03-11 23:00:00
1678579200000,59375.0517793455,59754.637236791794,59307.868794079404,59580.30152017005,1508.288124398501,2023-03-12 00:00:00
1678582800000,59580.30152017005,59933.124552498564,59495.48866337372,59567.98090951012,1279.436017265633,2023-03-12 01:00:00
1678586400000,59319.43152327822,59319.43152327822,59008.05480591621,59109.62826226322,2685.3628529202597,2023-03-12 02:00:00
1678590000000,59253.1983840019,59539.31545566881,59253.1983840019,59273.73433853119,1381.5321767443515,2023-03-12 03:00:00
1678593600000,58938.71894957121,58938.71894957121,58530.913297009814,58679.38449387243,1576.3290482856555,2023-03-12 04:00:00
1678597200000,58679.38449387243,59362.567306032906,58646.58519515976,59278.11167327337,2124.782666674772,2023-03-12 05:00:00
1678600800000,59278.11167327337,59391.83606973441,58649.39862006788,59043.167003809016,600.5831853584674,2023-03-12 06:00:00
1678604400000,59043.167003809016,59408.87613004112,58693.85274349907,59144.773594775754,1020.2354076709825,2023-03-12 07:00:00
1678608000000,59238.76840941922,59407.24523776089,59238.76840941922,59288.160071892045,1400.6777092953475,2023-03-12 08:00:00
1678611600000,59288.160071892045,59312.572894795754,59028.24229144209,59157.10137500765,686.9688058199425,2023-03-12 09:00:00
1678615200000,59266.5913664806,59528.335817744766,59266.5913664806,59454.50462782287,2635.8409094433546,2023-03-12 10:00:00
1678618800000,59454.50462782287,59956.49906956863,58953.524239629005,59213.65440059023,3013.77879190895,2023-03-12 11:00:00
1678622400000,59421.79315799381,59686.684862250186,59421.79315799381,59656.28797231383,820.773788871442,2023-03-12 12:00:00
1678626000000,59369.085569621064,59369.085569621064,58597.732719535124,58973.89139690511,838.0871648921142,2023-03-12 13:00:00
1678629600000,58973.89139690511,59204.06876952082,58930.954011767935,59037.630979494046,572.4222314736845,2023-03-12 14:00:00
1678633200000,59891.2738674278,60269.09748559539,59891.2738674278,60024.21142392249,922.3659665038688,2023-03-12 15:00:00
1678636800000,59536.54683281081,59536.54683281081,59468.62195665042,59513.17375594835,1962.834518066683,2023-03-12 16:00:00
1678640400000,59236.3069857278,59236.3069857278,59076.91864875287,59169.410052246654,1122.777890055731,2023-03-12 17:00:00
1678644000000,59408.28996795259,59701.8043228213,59408.28996795259,59429.890193012914,1938.8476189314854,2023-03-12 18:00:00
1678647600000,59480.96755335576,60046.27553231914,59480.96755335576,59521.183406792225,2379.6406681735443,2023-03-12 19:00:00
1678651200000,59696.86486686642,59700.424431490006,59696.86486686642,59699.836129478346,2877.7739120363003,2023-03-12 20:00:00
1678654800000,59699.836129478346,60026.13534472396,59522.81381299419,59949.98259641098,1254.266544690837,2023-03-12 21:00:00
1678658400000,59949.98259641098,60350.88357101428,59721.41788439414,60276.111129943885,1565.3222023432827,2023-03-12 22:00:00
1678662000000,60686.925636455664,61279.80511424677,60686.925636455664,60850.558151004734,2474.95344274161,2023-03-12 23:00:00
1678665600000,60850.558151004734,61107.626292905756,60753.78489639426,61064.08628077968,1024.2825826555936,2023-03-13 00:00:00
1678669200000,61064.08628077968,61223.956995582164,60724.1988503908,60938.29307459066,1522.3484765181756,2023-03-13 01:00:00
1678672800000,61029.533487456836,61346.03206661497,61029.533487456836,61289.62453144486,2919.2953290719583,2023-03-13 02:00:00
1678676400000,62290.704428263445,62613.02739334224,62290.704428263445,62293.04412416766,520.6125981359849,2023-03-13 03:00:00
1678680000000,62293.04412416766,62627.76852709909,62032.53194479586,62222.463519906596,2482.931474317549,2023-03-13 04:00:00
1678683600000,61963.818810693905,61963.818810693905,61407.75099715274,61706.317588246566,1621.5318438299641,2023-03-13 05:00:00
1678687200000,62107.22136322117,62724.551552255274,62107.22136322117,62293.000260147324,2155.365363551361,2023-03-13 06:00:00
1678690800000,62282.18008089974,62282.18008089974,61856.81156801354,62228.93651776676,1432.7052797730453,2023-03-13 07:00:00
1678694400000,61388.91561862261,61388.91561862261,60986.772409726305,61083.95724886323,1053.3894366687264,2023-03-13 08:00:00
1678698000000,61289.53968905859,61777.54555364531,61289.53968905859,61528.01400625952,1268.2852076459699,2023-03-13 09:00:00
1678701600000,61528.01400625952,61789.976648051066,60786.11046112113,61247.1230746171,595.5612843271048,2023-03-13 10:00:00
1678705200000,61247.1230746171,61437.84336385419,61017.92481849645,61199.74647690724,719.3428210098432,2023-03-13 11:00:00
1678708800000,61253.94089828725,61747.193246518334,61253.94089828725,61373.65314380769,1376.7293731606596,2023-03-13 12:00:00
1678712400000,61373.65314380769,61693.673978962295,60920.14182916371,61473.66875320515,1270.393997190703,2023-03-13 13:00:00
1678716000000,61740.79059544087,61971.57957619242,61740.79059544087,61847.579048487525,2623.785588631445,2023-03-13 14:00:00
1678719600000,61847.579048487525,62135.12876664972,61227.74871282025,61617.791142703216,536.2617315442433,2023-03-13 15:00:00
1678723200000,61859.188949298616,62676.57297284759,61859.188949298616,61888.625455606714,1318.3496317837553,2023-03-13 16:00:00
1678726800000,61888.625455606714,61980.53276021821,61604.44562204649,61751.47962801163,790.6506533052255,2023-03-13 17:00:00
1678730400000,61843.501523128114,62144.60344086684,61843.501523128114,62142.671973992736,741.0227518252077,2023-03-13 18:00:00
1678734000000,62354.052240128876,62516.54027516819,62354.052240128876,62470.39357015465,655.12004555869,2023-03-13 19:00:00
1678737600000,62050.588093761246,62050.588093761246,61489.26810594047,61972.89431417583,655.2915465236134,2023-03-13 20:00:00
1678741200000,62236.28245802362,62654.00990803071,62236.28245802362,62550.83011084142,910.8625175667901,2023-03-13 21:00:00
1678744800000,62550.83011084142,62723.07834831283,62052.477815381644,62264.93167425809,590.9532019935916,2023-03-13 22:00:00
1678748400000,62545.0681251206,62866.95022307367,62545.0681251206,62696.47513837022,1058.650121111126,2023-03-13 23:00:00
1678752000000,62696.47513837022,63229.1361591456,62668.76350665436,62893.6124693668,512.1433684568502,2023-03-14 00:00:00
1678755600000,63770.233869798,64556.15943604152,63770.233869798,63889.59019917139,3793.3433155358352,2023-03-14 01:00:00
1678759200000,63889.59019917139,63983.767806892865,63096.98673051537,63767.67306177202,1351.9122842454078,2023-03-14 02:00:00
1678762800000,63767.67306177202,63881.99403667722,63372.45334048266,63577.56095279277,804.6703764912344,2023-03-14 03:00:00
1678766400000,63577.56095279277,64027.03236545674,63558.67518893579,63567.00867622613,1199.6064109117083,2023-03-14 04:00:00
1678770000000,63443.51918213793,63443.51918213793,63323.18526520342,63402.492976957816,2139.743155848966,2023-03-14 05:00:00
1678773600000,63496.58225214344,64103.29487178158,63496.58225214344,63837.49202021065,1056.157601207073,2023-03-14 06:00:00
1678777200000,63481.84847747821,63481.84847747821,62892.53028368358,62961.617169353834,2648.574717484155,2023-03-14 07:00:00
1678780800000,62926.18046451993,62926.18046451993,62384.97626513183,62397.1101961223,1901.067500193853,2023-03-14 08:00:00
1678784400000,61969.3416494679,61969.3416494679,61480.77634109091,61830.20150467284,2507.88200396462,2023-03-14 09:00:00
1678788000000,61919.87646826678,62512.177627944104,61919.87646826678,62334.476945164984,741.7461395160736,2023-03-14 10:00:00
1678791600000,63009.62365622862,63616.78820261802,63009.62365622862,63252.591743911005,693.6931140991053,2023-03-14 11:00:00
1678795200000,63252.591743911005,63428.786673881616,62967.81995025978,63196.146467452934,1105.443072205002,2023-03-14 12:00:00
1678798800000,63155.45040892949,63155.45040892949,63093.07994162339,63105.0202058451,996.0884909683889,2023-03-14 13:00:00
1678802400000,63105.0202058451,63599.36844984243,62725.82537804469,63142.81686566059,1042.5897896972347,2023-03-14 14:00:00
1678806000000,63746.64850334509,63945.61836706752,63746.64850334509,63773.020392850056,1226.8001639366562,2023-03-14 15:00:00
1678809600000,63591.84060819126,63591.84060819126,63265.16076196163,63269.51981037195,609.6356254991208,2023-03-14 16:00:00
1678813200000,63276.67974669275,63735.75210578476,63276.67974669275,63398.559918365674,789.5907624254021,2023-03-14 17:00:00
1678816800000,63781.29428092268,64041.652215415175,63781.29428092268,63929.225899525336,896.851750688169,2023-03-14 18:00:00
1678820400000,63929.225899525336,64214.95772160457,63799.039732851124,64203.62780501096,519.8053704236808,2023-03-14 19:00:00
1678824000000,64203.62780501096,64383.60062067693,63746.46763645098,64307.75055917376,2789.0661698316135,2023-03-14 20:00:00
1678827600000,64731.12965271737,64977.45272780437,64731.12965271737,64860.35536135622,2070.029786395229,2023-03-14 21:00:00
1678831200000,63451.10123126643,63451.10123126643,63113.4740263218,63378.88515681161,686.5135000974842,2023-03-14 22:00:00
1678834800000,63504.55072361419,63981.368220208016,63504.55072361419,63747.176183186966,1312.4632773121898,2023-03-14 23:00:00
1678838400000,63552.308601305675,63552.308601305675,63360.01689874146,63391.77943471454,635.0984964013412,2023-03-15 00:00:00
1678842000000,62590.699063944,62590.699063944,62097.30141335562,62407.58976273674,654.4123420446969,2023-03-15 01:00:00
1678845600000,62464.86991991095,62796.23891762013,62464.86991991095,62680.87587739615,1575.4488570504636,2023-03-15 02:00:00
1678849200000,62727.156491354086,63716.17822176351,62727.156491354086,63421.169266724544,1184.820885855795,2023-03-15 03:00:00
1678852800000,63421.169266724544,63457.54526193523,63284.25803467959,63346.70341836781,1603.1646206996184,2023-03-15 04:00:00
1678856400000,63668.999892495915,63982.75528385101,63668.999892495915,63864.748402382305,1074.9760393278173,2023-03-15 05:00:00
1678860000000,64674.95306920402,65037.019474143606,64674.95306920402,64750.95516616299,1206.7797648445937,2023-03-15 06:00:00
1678863600000,65182.058413159095,65501.63720996596,65182.058413159095,65482.80918095437,1942.2947119642592,2023-03-15 07:00:00
1678867200000,65925.8561390579,66445.43903388592,65925.8561390579,66407.18190231387,5330.311906918656,2023-03-15 08:00:00
1678870800000,66692.49458414863,67080.80608138783,66692.49458414863,66829.76261020216,1035.8829640690278,2023-03-15 09:00:00
1678874400000,66829.76261020216,66944.38292905592,66782.0426154099,66872.8661490621,1014.084134642865,2023-03-15 10:00:00
1678878000000,66084.36635188313,66084.36635188313,65691.45348238338,65963.4322025375,1563.1134744904607,2023-03-15 11:00:00
1678881600000,65963.4322025375,66015.53545233463,65361.700514719465,65824.84281903338,941.9869368739737,2023-03-15 12:00:00
1678885200000,65824.84281903338,65865.6015850679,65101.265150543746,65352.107354804655,587.6010837983474,2023-03-15 13:00:00
1678888800000,66197.22386655408,66863.46916056289,66197.22386655408,66576.10766437625,898.9946810368274,2023-03-15 14:00:00
1678892400000,66576.10766437625,66892.29510939853,66286.18467950683,66476.09367981488,920.138242638817,2023-03-15 15:00:00
1678896000000,66476.09367981488,67000.58154929409,66362.02127918255,66546.13587886494,1216.489902843661,2023-03-15 16:00:00
1678899600000,66832.80037256594,67622.6157525221,66832.80037256594,66860.56210960116,3028.1940067467776,2023-03-15 17:00:00
1678903200000,66860.56210960116,66913.13942761085,66715.85516151594,66885.48507676544,2421.6171281893253,2023-03-15 18:00:00
1678906800000,67762.3726139987,68006.29097683975,67762.3726139987,67861.60350428963,519.2270704205976,2023-03-15 19:00:00
1678910400000,67567.76513085626,67567.76513085626,67465.77822156425,67501.39792459708,1570.6012709284003,2023-03-15 20:00:00
1678914000000,67591.38034001876,67780.92716564589,67591.38034001876,67613.7733704823,3027.1523237919882,2023-03-15 21:00:00
1678917600000,67323.77900391855,67323.77900391855,67177.35152907592,67186.03814383893,1670.6059587505401,2023-03-15 22:00:00
1678921200000,66734.90932023613,66734.90932023613,66417.61425113778,66432.24780835856,741.1443597319945,2023-03-15 23:00:00
1678924800000,66119.18979439152,66119.18979439152,65889.89573173411,66085.77478456999,1472.9390738429056,2023-03-16 00:00:00
1678928400000,66085.77478456999,66445.78974554487,66057.95906340508,66064.85724491892,2473.344810512864,2023-03-16 01:00:00
1678932000000,66024.83339425913,66024.83339425913,65342.06306053266,65822.87973337709,1333.6916404427743,2023-03-16 02:00:00
1678935600000,65802.32357091915,65802.32357091915,65068.27497146713,65434.46071260468,2990.1021853001307,2023-03-16 03:00:00
1678939200000,64760.746333365416,64760.746333365416,64421.85544561119,64652.61648358736,504.3691106352031,2023-03-16 04:00:00
1678942800000,64652.61648358736,64683.15978049957,64421.236976993125,64606.70726024742,967.7123139771923,2023-03-16 05:00:00
1678946400000,63893.02785020728,63893.02785020728,63405.36245291997,63781.08482998015,1085.0358284000808,2023-03-16 06:00:00
1678950000000,64180.89206488592,64202.94695442455,64180.89206488592,64196.79139259425,2163.0122990257387,2023-03-16 07:00:00
1678953600000,64196.79139259425,64547.696746858135,63984.194177867845,64242.0437240903,1697.7155024147937,2023-03-16 08:00:00
1678957200000,63617.71290082465,63617.71290082465,63365.88844661107,63446.65634543612,818.096173095531,2023-03-16 09:00:00
1678960800000,63354.73887246779,63354.73887246779,63278.24284874697,63279.19093296996,650.874998225032,2023-03-16 10:00:00
1678964400000,63084.65511277845,63084.65511277845,62395.9985876918,62873.67146365014,578.0627853031433,2023-03-16 11:00:00
1678968000000,62903.35546404074,63088.66887583104,62903.35546404074,63045.43362575114,2937.0794396794504,2023-03-16 12:00:00
1678971600000,63560.18019536983,63964.74242615915,63560.18019536983,63771.92868801491,1433.2323841098996,2023-03-16 13:00:00
1678975200000,63149.266323237105,63149.266323237105,62398.428672280825,62757.940448098685,1490.8025198501564,2023-03-16 14:00:00
1678978800000,62811.03242847505,62897.90124481494,62811.03242847505,62819.67331495752,1817.853093460961,2023-03-16 15:00:00
1678982400000,62819.67331495752,62851.13276876499,62646.46755674136,62733.7488748935,742.8868778441723,2023-03-16 16:00:00
1678986000000,62864.50302983263,63104.230270618966,62864.50302983263,63094.76648980598,1221.7127092367464,2023-03-16 17:00:00
1678989600000,63094.76648980598,63267.63098340056,62871.49633088063,63209.84848143679,1345.9558209285406,2023-03-16 18:00:00
1678993200000,62954.319695882536,62954.319695882536,62796.11317052224,62804.87381299566,1455.0702735098794,2023-03-16 19:00:00
1678996800000,62722.72423619335,62722.72423619335,62548.690906707576,62633.83158757559,1402.2195320080327,2023-03-16 20:00:00
1679000400000,62516.70752469337,62516.70752469337,62123.37386928756,62209.11672978086,631.7770167059941,2023-03-16 21:00:00
1679004000000,62716.01447082097,62798.932175267815,62716.01447082097,62783.902207849955,758.021953302229,2023-03-16 22:00:00
1679007600000,62783.902207849955,62929.77163031038,62531.71280918705,62795.34001693533,1440.187235844257,2023-03-16 23:00:00
1679011200000,63757.85417718174,64014.321208435715,63757.85417718174,63824.12480191045,2739.9350742529623,2023-03-17 00:00:00
1679014800000,63824.12480191045,64219.45106677261,63536.8519185897,63791.04076861533,1120.5687796356121,2023-03-17 01:00:00
1679018400000,63677.92785562959,63677.92785562959,63323.70918563144,63405.94731130823,3148.757880964118,2023-03-17 02:00:00
1679022000000,62795.86429296215,62795.86429296215,62480.14207348347,62590.85770984617,2021.07512603621,2023-03-17 03:00:00
1679025600000,62062.86600350162,62062.86600350162,61487.04977111986,61633.58480263927,2237.808305866575,2023-03-17 04:00:00
1679029200000,60807.83058331366,60807.83058331366,60780.53346066358,60804.668130160484,914.3092493916319,2023-03-17 05:00:00
1679032800000,60804.668130160484,61234.95006859145,60587.218537680244,60943.659544258844,2407.065607797691,2023-03-17 06:00:00
1679036400000,61124.310701394774,61483.92350708746,61124.310701394774,61209.238788201976,807.3367828464056,2023-03-17 07:00:00
1679040000000,61106.40858334055,61106.40858334055,60104.12628775073,60387.54939057136,511.7132323494097,2023-03-17 08:00:00
1679043600000,60672.6534005975,61359.235162142635,60672.6534005975,60851.30510179712,1396.2783334909536,2023-03-17 09:00:00
1679047200000,60726.36693028131,60726.36693028131,60183.9285048672,60600.57090422564,569.0824342662456,2023-03-17 10:00:00
1679050800000,60600.57090422564,60737.91136729856,60433.116552611005,60676.65476048973,821.5549238133067,2023-03-17 11:00:00
1679054400000,61311.35812842465,61553.2979694173,61311.35812842465,61518.592259342106,1308.1599027688324,2023-03-17 12:00:00
1679058000000,61743.79606364998,62311.4548607941,61743.79606364998,61991.98829132425,1532.1803963742357,2023-03-17 13:00:00
1679061600000,61991.98829132425,62160.84564179556,61645.8776305803,61849.863760004526,1546.1006080337672,2023-03-17 14:00:00
1679065200000,61590.559268037556,61590.559268037556,60840.16838071505,61380.51571498551,511.4550271104334,2023-03-17 15:00:00
1679068800000,60502.47306651185,60502.47306651185,59880.494974579844,60261.887680128646,3357.8801564939877,2023-03-17 16:00:00
1679072400000,59980.37450739367,59980.37450739367,59574.31231432484,59892.59725617303,790.5956218099973,2023-03-17 17:00:00
1679076000000,59892.59725617303,59937.10281439245,59501.55010349092,59784.61069582781,1147.3480442579876,2023-03-17 18:00:00
1679079600000,59317.25990219539,59317.25990219539,58804.412972993465,59282.276778525214,680.7672759303249,2023-03-17 19:00:00
1679083200000,59282.276778525214,59663.575600067175,59165.314456007814,59215.804345460376,1072.7866658541084,2023-03-17 20:00:00
1679086800000,59215.804345460376,59624.5713883487,58953.04152799729,59254.7153756369,858.3320587460106,2023-03-17 21:00:00
1679090400000,59157.394419100085,59157.394419100085,58452.706868182184,59140.94006858747,1366.3972935592894,2023-03-17 22:00:00
1679094000000,59033.82890601734,59033.82890601734,58459.59613497832,58813.271070985225,587.6275238188273,2023-03-17 23:00:00
1679097600000,58813.271070985225,59214.77842971623,58676.82334334067,58898.11577046742,2552.181929741119,2023-03-18 00:00:00
1679101200000,59083.283985742724,59609.925926502605,59083.283985742724,59121.02282436624,1229.0623492839554,2023-03-18 01:00:00
1679104800000,58847.05599139281,58847.05599139281,58068.663192741544,58572.56520665699,621.6399408291222,2023-03-18 02:00:00
1679108400000,59042.845893464306,59616.15712535125,59042.845893464306,59283.22179584403,952.3985622610782,2023-03-18 03:00:00
1679112000000,59276.61389001434,59276.61389001434,58917.51350954327,59233.28606643051,1771.3898226413867,2023-03-18 04:00:00
1679115600000,59233.28606643051,59455.633348979005,59068.829531149066,59242.83030780749,656.9883803303308,2023-03-18 05:00:00
1679119200000,59242.83030780749,59678.48276440986,59181.62939732603,59602.54125250762,530.4800589570849,2023-03-18 06:00:00
1679122800000,59602.54125250762,60064.041959874594,59227.82716784463,59721.472023119415,3560.2625282289846,2023-03-18 07:00:00
1679126400000,60191.96970174149,60553.885182822734,60191.96970174149,60210.00499520499,1292.1449648794774,2023-03-18 08:00:00
1679130000000,60310.34728633495,60377.130771111406,60310.34728633495,60357.953088203896,1356.9599062537818,2023-03-18 09:00:00
1679133600000,60226.35516338769,60226.35516338769,59864.68636083553,60042.8171754988,724.6108361426705,2023-03-18 10:00:00
1679137200000,60042.8171754988,60364.539404298404,59880.35106356641,60228.63299149385,1201.9471959632003,2023-03-18 11:00:00
1679140800000,60063.77768379875,60063.77768379875,59581.80505869222,59642.70814298026,1203.25417690502,2023-03-18 12:00:00
1679144400000,59642.70814298026,59777.098808371076,59576.696494389944,59698.07698685918,1049.6849779197178,2023-03-18 13:00:00
1679148000000,59698.07698685918,60266.21940022644,59603.93453546604,59681.123196086526,1850.0776445291751,2023-03-18 14:00:00
1679151600000,59681.123196086526,59749.85813960915,59386.36891309111,59575.05236769535,1782.3370388816606,2023-03-18 15:00:00
1679155200000,59575.05236769535,59663.244271221236,59229.496066954656,59509.63490393009,1134.5866828460726,2023-03-18 16:00:00
1679158800000,58852.327409305406,58852.327409305406,58366.105264623155,58560.0761146248,899.5131426242929,2023-03-18 17:00:00
1679162400000,58357.69050262233,58357.69050262233,58029.38653266345,58286.059957259306,4407.753770712317,2023-03-18 18:00:00
1679166000000,58286.059957259306,58468.96504399456,57998.40266727488,58332.33352953901,1067.3484452370517,2023-03-18 19:00:00
1679169600000,58332.33352953901,58417.60507130119,58216.99827638137,58412.091487793405,1711.2133829919703,2023-03-18 20:00:00
1679173200000,58169.788315729544,58169.788315729544,57891.7042234662,57901.24488410228,840.9942689356914,2023-03-18 21:00:00
1679176800000,58057.92355729067,58827.84547054817,58057.92355729067,58531.05648301765,2070.232228865859,2023-03-18 22:00:00
1679180400000,58394.06849584355,58394.06849584355,57859.75706649107,58099.31559124757,645.5101087649263,2023-03-18 23:00:00
1679184000000,58471.19906930206,58772.64975050637,58471.19906930206,58582.75072009202,2167.228894310218,2023-03-19 00:00:00
1679187600000,58582.75072009202,58980.432476754984,58563.107668471304,58797.05278024834,3369.952801375501,2023-03-19 01:00:00
1679191200000,58797.05278024834,59099.7966258524,58038.42717973829,58473.175925026335,1118.1019884871293,2023-03-19 02:00:00
1679194800000,58853.44603085088,59439.08057405966,58853.44603085088,59367.23926309752,1423.3343104017013,2023-03-19 03:00:00
1679198400000,59288.94558843454,59288.94558843454,58657.54974911904,58764.61943183342,2754.430587348065,2023-03-19 04:00:00
1679202000000,59201.703232195236,59342.064880418286,59201.703232195236,59228.11901568575,1037.4880311638044,2023-03-19 05:00:00
1679205600000,59543.11549749166,60138.92088373194,59543.11549749166,59736.8370848887,3507.64318923211,2023-03-19 06:00:00
1679209200000,59601.84185866037,59601.84185866037,59181.19423430839,59395.39843753779,1235.6697580522664,2023-03-19 07:00:00
1679212800000,59918.117689947474,60331.75320963188,59918.117689947474,60106.55001767435,1303.458330798137,2023-03-19 08:00:00
1679216400000,60106.55001767435,60303.85694377399,59682.23938331061,59978.22346684739,1156.3793807009906,2023-03-19 09:00:00
1679220000000,59978.22346684739,60480.39689914011,59689.5342231198,60126.408613840016,721.111292561264,2023-03-19 10:00:00
1679223600000,60126.408613840016,60263.95133002912,60115.14832347447,60260.34453344268,1823.959655178974,2023-03-19 11:00:00
1679227200000,60260.34453344268,60646.58550899867,59911.59019041001,60191.20529962109,1022.8379815558416,2023-03-19 12:00:00
1679230800000,60191.20529962109,60896.472839375536,60020.605076391315,60609.801155055146,1284.1005788937591,2023-03-19 13:00:00
1679234400000,61019.99577267079,61314.5831523423,61019.99577267079,61022.2737953077,1185.328781055382,2023-03-19 14:00:00
1679238000000,60131.79140385504,60131.79140385504,60103.992619373545,60117.0445878011,3197.7887900429882,2023-03-19 15:00:00
1679241600000,60510.772106292796,61216.92793373349,60510.772106292796,60791.02866127579,1013.8195516543121,2023-03-19 16:00:00
1679245200000,59996.07343936434,59996.07343936434,59747.12961211489,59933.29006141284,1966.0732048774512,2023-03-19 17:00:00
1679248800000,60434.759339075325,60568.95799228107,60434.759339075325,60464.58224410408,2217.3644405896007,2023-03-19 18:00:00
1679252400000,60977.282167875244,61116.76617487546,60977.282167875244,61049.69851707013,816.0310789345558,2023-03-19 19:00:00
1679256000000,60740.744773123886,60740.744773123886,60241.9209022441,60483.05553022269,2433.8404169383584,2023-03-19 20:00:00
1679259600000,60483.05553022269,60490.97626939988,60105.37333146931,60271.046224665406,763.7827681159554,2023-03-19 21:00:00
1679263200000,59778.58477808602,59778.58477808602,59352.59878166362,59704.10874532138,505.78737589272765,2023-03-19 22:00:00
1679266800000,59704.10874532138,60082.86337904193,59219.847735796124,59594.53103487688,620.9765576489515,2023-03-19 23:00:00
1679270400000,59594.53103487688,59740.201332968645,59174.292353230456,59437.83002635009,1776.160842970389,2023-03-20 00:00:00
1679274000000,59437.83002635009,60019.160220236496,59369.901794526195,59835.25424659953,3411.9368208416327,2023-03-20 01:00:00
1679277600000,60196.308092980114,61053.56141381343,60196.308092980114,60509.16594813345,1146.9094014210882,2023-03-20 02:00:00
1679281200000,61232.228277954826,61754.46192732886,61232.228277954826,61235.33743299158,2069.7679656928626,2023-03-20 03:00:00
1679284800000,61158.92049172445,61158.92049172445,60897.72035439165,60941.80020391158,3347.16481178853,2023-03-20 04:00:00
1679288400000,60871.16811918815,60871.16811918815,60662.202479194406,60832.91420755952,523.7385651026239,2023-03-20 05:00:00
1679292000000,60074.93205408172,60074.93205408172,59449.87929080626,59963.8478980824,2916.8174081629913,2023-03-20 06:00:00
1679295600000,59598.80089152486,59598.80089152486,59339.895922948606,59552.22685691718,1259.539092744847,2023-03-20 07:00:00
1679299200000,59973.29672898062,60168.65039026385,59973.29672898062,60045.38763631241,3122.3277845616576,2023-03-20 08:00:00
1679302800000,60821.563488185115,61115.7743113159,60821.563488185115,60880.315365729104,984.4253550311173,2023-03-20 09:00:00
1679306400000,60286.20352604687,60286.20352604687,59800.04340303249,60241.36997829581,630.7730933829772,2023-03-20 10:00:00
1679310000000,59958.23086047369,59958.23086047369,59739.842696657026,59937.074328111274,1826.0916271464316,2023-03-20 11:00:00
1679313600000,59937.074328111274,59944.297909001936,59917.81929016858,59923.54790133102,605.9499767912823,2023-03-20 12:00:00
1679317200000,60057.16831181704,60572.14738583509,60057.16831181704,60067.217036590235,907.5703123653796,2023-03-20 13:00:00
1679320800000,59930.8144246394,59930.8144246394,59379.55300026056,59652.98276643715,1717.179318799293,2023-03-20 14:00:00
1679324400000,59865.61432429821,60090.52150737499,59865.61432429821,59869.5964050811,1171.7703380510113,2023-03-20 15:00:00
1679328000000,59869.5964050811,59981.47351085615,59569.062983488024,59627.607080346716,867.671018862966,2023-03-20 16:00:00
1679331600000,59627.607080346716,59651.38938879982,59513.48927184776,59620.24171008778,785.7316343628563,2023-03-20 17:00:00
1679335200000,59708.85712716623,60162.598482845184,59708.85712716623,59899.28056152676,896.3386558985142,2023-03-20 18:00:00
1679338800000,59899.28056152676,60071.7964179339,59770.74039283884,59902.56877502177,1991.025751083043,2023-03-20 19:00:00
1679342400000,59713.742469123536,59713.742469123536,59405.75719234968,59679.54848637817,1207.1043626064502,2023-03-20 20:00:00
1679346000000,59679.54848637817,59883.99059295779,59257.652198833195,59623.66166145129,2164.5314340477653,2023-03-20 21:00:00
1679349600000,59589.309731517846,59589.309731517846,59554.79744965502,59578.646083270425,828.6903604004956,2023-03-20 22:00:00
1679353200000,59504.7997961705,59504.7997961705,59198.62810358939,59390.51669125473,870.7236147894589,2023-03-20 23:00:00
1679356800000,59390.51669125473,59787.67960548727,59188.64991581992,59259.28689654005,979.8124001156824,2023-03-21 00:00:00
1679360400000,59755.34549144314,60312.901132419574,59755.34549144314,60074.58708688022,842.8899343000987,2023-03-21 01:00:00
1679364000000,60353.88687251849,60472.18783943689,60353.88687251849,60363.30301426163,583.1524217631345,2023-03-21 02:00:00
1679367600000,60363.30301426163,60374.52801257664,60180.76225476611,60211.041139272704,1778.3795179722829,2023-03-21 03:00:00
1679371200000,60211.041139272704,60752.59488628631,60190.159335030185,60570.800969730546,2216.4273129447147,2023-03-21 04:00:00
1679374800000,60570.800969730546,60753.30695483199,60275.959465690896,60398.219764512905,1217.4878027791533,2023-03-21 05:00:00
1679378400000,60414.38195831548,61471.84248666464,60414.38195831548,61006.894727551204,1332.5788978696453,2023-03-21 06:00:00
1679382000000,61121.11752812333,61263.19528269283,61121.11752812333,61199.951326060684,3372.243011910058,2023-03-21 07:00:00
1679385600000,61199.951326060684,61214.76837073865,61022.6112058896,61143.846752435406,1183.307639318145,2023-03-21 08:00:00
1679389200000,61143.846752435406,61383.01743726962,61060.70561053582,61378.28337713751,1878.4640555036367,2023-03-21 09:00:00
1679392800000,60666.38557675332,60666.38557675332,60404.03731003013,60559.66358827654,1815.9331810016245,2023-03-21 10:00:00
1679396400000,60094.896911184136,60094.896911184136,59718.28516877711,59979.211982340326,807.7028341639997,2023-03-21 11:00:00
1679400000000,59706.298704613946,59706.298704613946,59128.033434847355,59370.23395246583,958.62411207543,2023-03-21 12:00:00
1679403600000,59410.69091642052,59675.387580381495,59410.69091642052,59442.81700232249,2134.8464590715703,2023-03-21 13:00:00
1679407200000,60002.12608208334,60703.5142636891,60002.12608208334,60329.633862862036,1792.4019191468306,2023-03-21 14:00:00
1679410800000,61430.560171455545,61571.733518799905,61430.560171455545,61491.28207600049,1457.69688554192,2023-03-21 15:00:00
1679414400000,61751.770910316765,62165.31634645369,61751.770910316765,61827.55487955304,3352.5143603871384,2023-03-21 16:00:00
1679418000000,61916.692540554475,62294.39652284486,61916.692540554475,62092.803309724375,912.052922269507,2023-03-21 17:00:00
1679421600000,61299.95241506763,61299.95241506763,60897.80279701739,61144.23578630712,1951.512762243915,2023-03-21 18:00:00
1679425200000,61144.23578630712,61310.727845885944,60739.1960715208,60861.275514978595,988.5647832028519,2023-03-21 19:00:00
1679428800000,60598.098788612886,60598.098788612886,60136.71856393175,60452.83891822762,4230.281850317759,2023-03-21 20:00:00
1679432400000,60233.99519464278,60233.99519464278,59642.23582187784,60132.88471608161,1620.8621033600207,2023-03-21 21:00:00
1679436000000,60132.88471608161,60355.784576293605,60009.14654949086,60046.52348378545,1934.404123986763,2023-03-21 22:00:00
1679439600000,59951.02408275192,59951.02408275192,59703.23191928091,59804.71295858898,1553.250027609153,2023-03-21 23:00:00
1679443200000,59014.01033561723,59014.01033561723,58715.464124892744,58801.44624071739,725.2147087644115,2023-03-22 00:00:00
1679446800000,59099.05247192371,59258.4947150232,59099.05247192371,59178.55301761117,2426.5212146506,2023-03-22 01:00:00
1679450400000,58691.429683514885,58691.429683514885,58145.33443245505,58638.410430206844,2273.429648222239,2023-03-22 02:00:00
1679454000000,58671.784222501425,59086.85268792325,58671.784222501425,58758.446152290766,835.2667108143925,2023-03-22 03:00:00
1679457600000,59671.37896350282,60646.89419531432,59671.37896350282,59809.414436740575,2137.7387624018374,2023-03-22 04:00:00
1679461200000,59437.96345774703,59437.96345774703,58994.93918757936,59341.24895577993,2017.7045005786279,2023-03-22 05:00:00
1679464800000,58274.19300326199,58274.19300326199,57808.90211471488,58071.62067794394,1026.697480638971,2023-03-22 06:00:00
1679468400000,58022.79648786731,58022.79648786731,57756.66011208449,57929.83133452851,511.94237378992534,2023-03-22 07:00:00
1679472000000,58048.90995321886,58645.42923822432,58048.90995321886,58477.548869840975,971.5061581223799,2023-03-22 08:00:00
1679475600000,59439.87726217884,59732.04387048271,59439.87726217884,59464.63880765226,2935.9456914089415,2023-03-22 09:00:00
1679479200000,58912.351954141115,58912.351954141115,58414.05372624872,58842.964886019094,1296.6073147347306,2023-03-22 10:00:00
1679482800000,58863.08685231464,59290.815755697105,58863.08685231464,59093.31522980118,974.8651267716293,2023-03-22 11:00:00
1679486400000,59084.30795791725,59084.30795791725,58096.26678998177,58858.75426287885,522.8282905070387,2023-03-22 12:00:00
1679490000000,58858.75426287885,59090.515438841576,58546.823596872324,58805.47642605025,1320.737630522998,2023-03-22 13:00:00
1679493600000,60016.768539436656,60372.12302845544,60016.768539436656,60149.75989503026,1022.8539053723182,2023-03-22 14:00:00
1679497200000,59433.343441914134,59433.343441914134,58986.8541624131,59381.981971133864,721.6802852684392,2023-03-22 15:00:00
1679500800000,59503.24413228297,59823.423169345704,59503.24413228297,59510.91138855412,1611.620660307303,2023-03-22 16:00:00
1679504400000,59674.22734529746,59864.45075123713,59674.22734529746,59749.2881531054,1130.7404526497567,2023-03-22 17:00:00
1679508000000,60127.07623555881,60347.41182528366,60127.07623555881,60306.386514783386,807.0746290227721,2023-03-22 18:00:00
1679511600000,60306.386514783386,60812.17372372888,59636.66545043605,60356.91479638951,3081.6952917372305,2023-03-22 19:00:00
1679515200000,60356.91479638951,61087.23540673232,60178.260916045794,60516.04727451277,1013.5846359494835,2023-03-22 20:00:00
1679518800000,60513.88689621946,60513.88689621946,60189.060729910394,60313.802034559965,1066.3319210760246,2023-03-22 21:00:00
1679522400000,60347.295221534354,60556.26126234968,60347.295221534354,60452.704971135936,709.3271720320331,2023-03-22 22:00:00
1679526000000,60452.704971135936,60549.55370029025,60012.4582852289,60275.631155235795,853.0994436545341,2023-03-22 23:00:00
1679529600000,60351.80222083024,60867.99504808463,60351.80222083024,60596.72002561192,761.1388699004781,2023-03-23 00:00:00
1679533200000,60564.808065844394,60564.808065844394,60057.58734316374,60405.582781384895,1146.084846273419,2023-03-23 01:00:00
1679536800000,60405.582781384895,60851.01333941256,60294.585268029026,60600.59961824377,883.748515502996,2023-03-23 02:00:00
1679540400000,60600.59961824377,61132.11412883999,60362.62084610888,60585.443896433724,658.2610267615454,2023-03-23 03:00:00
1679544000000,61094.453402960986,61260.28275423312,61094.453402960986,61171.387333282044,796.0569424992677,2023-03-23 04:00:00
1679547600000,61171.387333282044,61392.286090501315,61064.570766225836,61144.5214599931,1588.1111077779797,2023-03-23 05:00:00
1679551200000,60556.604118389936,60556.604118389936,59939.01644035843,60224.86532470935,519.8795099406165,2023-03-23 06:00:00
1679554800000,60427.79227706259,60902.786988208805,60427.79227706259,60877.98147021139,2177.6211864717116,2023-03-23 07:00:00
1679558400000,60415.360553871724,60415.360553871724,60177.801693286165,60408.50046662406,946.5091806280038,2023-03-23 08:00:00
1679562000000,60408.50046662406,60564.44265233255,59981.18197274266,60071.87599887373,2654.1459231558542,2023-03-23 09:00:00
1679565600000,59858.82794504026,59858.82794504026,59607.791524993816,59766.80326442512,612.0001888546562,2023-03-23 10:00:00
1679569200000,60310.928432091016,60560.38990470572,60310.928432091016,60473.08289809663,1452.3939916983088,2023-03-23 11:00:00
1679572800000,59384.89726623397,59384.89726623397,58801.20455305992,59379.184123929015,544.3669983137386,2023-03-23 12:00:00
1679576400000,60862.86927392078,61269.375922601364,60862.86927392078,60993.27195815078,1541.4860130780653,2023-03-23 13:00:00
1679580000000,60993.27195815078,61657.1923003506,60700.39860446162,61546.327472386474,1058.0776006108993,2023-03-23 14:00:00
1679583600000,61631.76763210419,62118.65915325837,61631.76763210419,61663.87794768904,1313.8343587115955,2023-03-23 15:00:00
1679587200000,61663.87794768904,61683.659888777154,61463.71072252137,61634.9517221894,1123.0164607778959,2023-03-23 16:00:00
1679590800000,61634.9517221894,61839.82368696596,61580.76891700394,61785.57200876347,839.9751203886634,2023-03-23 17:00:00
1679594400000,61785.57200876347,62103.79139061221,61737.99978960986,62061.396207140744,1259.9501588569333,2023-03-23 18:00:00
1679598000000,62280.65431390755,62462.53775255721,62280.65431390755,62404.6081844242,1477.5604431323777,2023-03-23 19:00:00
1679601600000,62404.6081844242,62737.615164602845,62335.98785458407,62701.67351276653,1774.1196144818089,2023-03-23 20:00:00
1679605200000,62701.67351276653,63387.691063021324,62570.01075186492,62749.701866983945,889.1073163932547,2023-03-23 21:00:00
1679608800000,62749.701866983945,62807.518025416844,62602.826147604195,62643.94829935293,1613.964047651577,2023-03-23 22:00:00
1679612400000,62582.54898842537,62582.54898842537,62351.56703965296,62563.00171118746,2714.7952246215677,2023-03-23 23:00:00
1679616000000,62508.5117090074,62508.5117090074,62301.6302593629,62458.860148578955,2362.4555787465624,2023-03-24 00:00:00
1679619600000,62514.684015142804,63467.38894022932,62514.684015142804,63067.08341937904,1505.7863492467634,2023-03-24 01:00:00
1679623200000,63287.161862384666,63726.4976148083,63287.161862384666,63387.8617717001,924.5707406923023,2023-03-24 02:00:00
1679626800000,61928.57564214288,61928.57564214288,61254.51056562789,61814.59394633882,906.6704520576659,2023-03-24 03:00:00
1679630400000,62024.673103990106,62170.88250951192,62024.673103990106,62162.11815280734,3588.8940495970214,2023-03-24 04:00:00
1679634000000,62162.11815280734,62477.208117401635,61906.65878557453,62265.673352413076,1536.4202051108234,2023-03-24 05:00:00
1679637600000,62265.673352413076,62768.914274361596,62243.33749883556,62255.71707887058,1383.8730228097174,2023-03-24 06:00:00
1679641200000,62140.03847968655,62140.03847968655,61540.894247152704,62049.31792611989,976.6832708307243,2023-03-24 07:00:00
1679644800000,62239.90827323823,62957.39314491827,62239.90827323823,62648.381482417404,2716.3649631970234,2023-03-24 08:00:00
1679648400000,63153.65235514687,63512.44459702995,63153.65235514687,63157.828461011464,1014.426067330991,2023-03-24 09:00:00
1679652000000,62779.5891179766,62779.5891179766,62601.155765535324,62741.97323510323,911.3389516538731,2023-03-24 10:00:00
1679655600000,62741.97323510323,63222.31234968165,62725.80237424239,62960.64969735471,552.1926132153619,2023-03-24 11:00:00
1679659200000,62633.35545583054,62633.35545583054,62200.93538503,62439.91346816691,1293.2150252387196,2023-03-24 12:00:00
1679662800000,61802.44993913957,61802.44993913957,61384.86915013663,61707.93047443553,939.4697673954752,2023-03-24 13:00:00
1679666400000,61391.78403718695,61391.78403718695,60992.735405839165,61378.25408877564,636.7935499569162,2023-03-24 14:00:00
1679670000000,61440.275260534865,62001.52675417208,61440.275260534865,61832.36251795773,805.0646073151543,2023-03-24 15:00:00
1679673600000,61832.36251795773,62349.47529149949,61710.02765414559,62338.15680002331,920.247100030987,2023-03-24 16:00:00
1679677200000,62338.15680002331,62762.512215904564,62229.78886062647,62612.14649612718,519.3590946362298,2023-03-24 17:00:00
1679680800000,62865.198156732455,63165.88236559937,62865.198156732455,63001.405283514854,544.897594371093,2023-03-24 18:00:00
1679684400000,63099.53178542361,63601.59985684146,63099.53178542361,63279.98296106535,2181.090379616866,2023-03-24 19:00:00
1679688000000,63279.98296106535,63324.98365497562,62925.350950076136,62933.96519095046,1836.4673146980456,2023-03-24 20:00:00
1679691600000,62945.916483077825,63447.28315088613,62945.916483077825,63166.73723690697,2837.256829421664,2023-03-24 21:00:00
1679695200000,63380.81099689217,63714.89249602412,63380.81099689217,63600.372990466596,3292.7896055562355,2023-03-24 22:00:00
1679698800000,63845.43170141795,64243.32354424177,63845.43170141795,64011.74759253803,1083.6761731634938,2023-03-24 23:00:00
1679702400000,64478.435149686164,64713.7527868562,64478.435149686164,64665.56487172725,1853.2581934314826,2023-03-25 00:00:00
1679706000000,64765.59906067298,65495.60833216785,64765.59906067298,65058.25133333917,1404.7469250168892,2023-03-25 01:00:00
1679709600000,65152.59024277023,65556.5291615545,65152.59024277023,65253.9798591603,1688.60565522223,2023-03-25 02:00:00
1679713200000,65647.79666839694,65939.62857993948,65647.79666839694,65853.60173566524,837.1256691788446,2023-03-25 03:00:00
1679716800000,65851.05724486643,65851.05724486643,65742.8627329153,65838.67508450175,521.8642833603393,2023-03-25 04:00:00
1679720400000,65410.01623988291,65410.01623988291,64314.23315696914,65344.26184604935,888.1102851166278,2023-03-25 05:00:00
1679724000000,65342.69598084873,65342.69598084873,64987.07323365609,65253.247731445386,1615.5436382239545,2023-03-25 06:00:00
1679727600000,64884.20948207416,64884.20948207416,64424.81678162945,64839.09766928088,1391.194284835296,2023-03-25 07:00:00
