timestamp,open,high,low,close,volume,datetime
1672531200000,30292.393541129244,30430.432263138082,30218.449654333937,30255.82376558355,617.6559048780725,2023-01-01 00:00:00
1672545600000,30255.82376558355,30672.948262321104,30129.365023274866,30184.39488870934,579.9766247395721,2023-01-01 04:00:00
1672560000000,30519.655205744304,30900.03541143089,30519.655205744304,30520.459770926373,1727.8778577836497,2023-01-01 08:00:00
1672574400000,31121.306450247648,31755.96020491732,31121.306450247648,31325.529240932065,764.4660917325596,2023-01-01 12:00:00
1672588800000,31325.529240932065,31433.182855671523,31032.40271915628,31200.388750663427,3148.292594543428,2023-01-01 16:00:00
1672603200000,31200.388750663427,31296.081436187254,31024.27293259543,31075.75689843757,887.8644640572495,2023-01-01 20:00:00
1672617600000,31889.960393003177,32346.586191825703,31889.960393003177,31926.12257736065,1522.9744619715448,2023-01-02 00:00:00
1672632000000,32271.03689843214,32364.300115915674,32271.03689843214,32347.729255028713,942.8774286066841,2023-01-02 04:00:00
1672646400000,32323.57775275408,32323.57775275408,31997.262496691525,32089.15692379257,2695.158435666306,2023-01-02 08:00:00
1672660800000,32337.273253818035,33224.08271526962,32337.273253818035,32388.169634249225,1381.5627605399604,2023-01-02 12:00:00
1672675200000,32310.82676852239,32310.82676852239,32080.666086598212,32132.600843446507,1647.64672952438,2023-01-02 16:00:00
1672689600000,32097.709172075814,32097.709172075814,31612.522044540452,31877.7887157642,2228.980713981719,2023-01-02 20:00:00
1672704000000,31877.7887157642,32074.64869413963,31635.161113136895,32009.918970882984,1234.3231800466301,2023-01-03 00:00:00
1672718400000,31083.80484733614,31083.80484733614,30845.11960346133,30979.893130712386,816.6432691086065,2023-01-03 04:00:00
1672732800000,30551.07650443116,30551.07650443116,30072.493592701663,30079.71411351275,643.6721949072962,2023-01-03 08:00:00
1672747200000,29925.421761606063,29925.421761606063,29753.168101544183,29791.96467991401,1880.8899279180805,2023-01-03 12:00:00
1672761600000,29437.29731018625,29437.29731018625,29276.728587286452,29280.57756276079,823.1981099097798,2023-01-03 16:00:00
1672776000000,29399.247790713674,29520.803268409803,29399.247790713674,29438.29736185771,2328.455564214786,2023-01-03 20:00:00
1672790400000,29197.54470750528,29197.54470750528,28706.004382687126,28984.86590603686,607.4653827437935,2023-01-04 00:00:00
1672804800000,28618.938872950454,28618.938872950454,28095.32918231144,28293.456590626338,2349.6761371370294,2023-01-04 04:00:00
1672819200000,28846.725106475802,29266.083489666238,28846.725106475802,29011.31017302363,2724.440907704028,2023-01-04 08:00:00
1672833600000,29011.31017302363,29109.740236782203,28865.61956278354,28899.552902899646,973.7194105595161,2023-01-04 12:00:00
1672848000000,28899.552902899646,28949.143723422083,28442.854086928743,28932.93356558881,990.4493137625132,2023-01-04 16:00:00
1672862400000,28580.13993500728,28580.13993500728,28013.210506774165,28236.75538511837,504.3728164917464,2023-01-04 20:00:00
1672876800000,28100.075032390574,28100.075032390574,27779.981145002075,27975.197505486278,1597.7688851674723,2023-01-05 00:00:00
1672891200000,27981.023702623537,28049.534669415832,27981.023702623537,28028.29486379437,853.8962490032648,2023-01-05 04:00:00
1672905600000,27529.95178915798,27529.95178915798,27415.322209871272,27482.195230813235,1533.243797452025,2023-01-05 08:00:00
1672920000000,27552.836380471075,27692.236222333802,27552.836380471075,27659.26875778659,3641.9105125441147,2023-01-05 12:00:00
1672934400000,27659.26875778659,28039.53438125656,27372.767027435104,27376.719486729737,1111.9351970499988,2023-01-05 16:00:00
1672948800000,27368.731376289958,27368.731376289958,26956.31735700618,27240.54551447181,961.7390844520373,2023-01-05 20:00:00
1672963200000,27240.54551447181,27246.421679483185,26888.01456688579,26961.781429321334,2399.4426877388573,2023-01-06 00:00:00
1672977600000,27558.282736226556,27977.18004292533,27558.282736226556,27829.17610315252,1139.1928577607432,2023-01-06 04:00:00
1672992000000,27829.17610315252,27887.68371455711,27735.92362835391,27822.755694735122,1632.6237783834447,2023-01-06 08:00:00
1673006400000,27687.08386931816,27687.08386931816,27133.17836449015,27324.198913459222,646.8782424806875,2023-01-06 12:00:00
1673020800000,27519.256968845133,28013.02863685696,27519.256968845133,27711.128512350275,879.2526906601768,2023-01-06 16:00:00
1673035200000,27414.688813660938,27414.688813660938,26757.735412658687,27138.783171468996,1748.9941708327506,2023-01-06 20:00:00
1673049600000,27201.349792525438,27280.621150595252,27201.349792525438,27235.8557592987,838.8484927346187,2023-01-07 00:00:00
1673064000000,26461.051095574287,26461.051095574287,26301.9064190222,26338.55569218932,618.2343763567113,2023-01-07 04:00:00
1673078400000,26131.045458769062,26131.045458769062,25721.076617119892,25747.269496465055,2304.724507747006,2023-01-07 08:00:00
1673092800000,25747.269496465055,25884.542147170287,25614.49530212283,25834.063614312814,1178.977219233992,2023-01-07 12:00:00
1673107200000,25834.063614312814,26336.457886163273,25623.35902861766,26162.26141150164,1404.1933879635167,2023-01-07 16:00:00
1673121600000,26180.05652030369,26243.336657210275,26180.05652030369,26239.01698950078,3810.422221009638,2023-01-07 20:00:00
1673136000000,26239.01698950078,26638.870926284275,26138.774477526902,26187.193643798964,873.7685796898804,2023-01-08 00:00:00
1673150400000,26187.193643798964,26212.050075993797,25892.81585970697,26052.745218232798,1236.6729262027566,2023-01-08 04:00:00
1673164800000,25454.117373909638,25454.117373909638,25360.76783941535,25402.50726301716,808.6780643480349,2023-01-08 08:00:00
1673179200000,25113.672336207943,25113.672336207943,24759.605874905545,25091.827032099554,927.8573430933416,2023-01-08 12:00:00
1673193600000,25091.827032099554,25105.393375842737,24607.44133968258,24895.01489452751,4157.165454285179,2023-01-08 16:00:00
1673208000000,25296.136399512416,25386.55165118449,25296.136399512416,25348.993723622872,2015.8388483489996,2023-01-08 20:00:00
1673222400000,25348.993723622872,25993.835825819908,25294.27466082773,25498.335427698876,860.8489699823131,2023-01-09 00:00:00
1673236800000,24763.140099806315,24763.140099806315,24393.80967864312,24741.304224499738,1876.1238826067156,2023-01-09 04:00:00
1673251200000,24870.001700565786,25026.55786209251,24870.001700565786,24878.75641432057,3665.093404396757,2023-01-09 08:00:00
1673265600000,24719.930728767682,24719.930728767682,24666.78155302568,24715.518346973186,3790.5960797829002,2023-01-09 12:00:00
1673280000000,24474.121078827346,24474.121078827346,24295.420476066174,24431.160060885944,755.384329398591,2023-01-09 16:00:00
1673294400000,24620.922523653888,24767.140581759377,24620.922523653888,24687.966707528936,1473.955972391981,2023-01-09 20:00:00
1673308800000,24823.47480412979,25211.4097204323,24823.47480412979,25126.94650516764,658.9520156678252,2023-01-10 00:00:00
1673323200000,25281.371800363573,25638.89472608909,25281.371800363573,25530.173489972047,991.2937947777808,2023-01-10 04:00:00
1673337600000,25418.205386153804,25418.205386153804,24983.988166222152,25166.522574090217,923.4135344939629,2023-01-10 08:00:00
1673352000000,25083.918716340475,25083.918716340475,24934.054441473785,25033.844035533304,1134.8561371298943,2023-01-10 12:00:00
1673366400000,25042.608380731104,25247.038320127853,25042.608380731104,25176.01117940097,564.2220124740727,2023-01-10 16:00:00
1673380800000,25176.01117940097,25782.12725265502,25142.17711311234,25599.389476285145,644.1878005901035,2023-01-10 20:00:00
1673395200000,25398.766571877713,25398.766571877713,25263.68263108616,25390.549584656834,776.9311303092047,2023-01-11 00:00:00
1673409600000,25390.549584656834,25747.873762916894,25308.620941741483,25310.092002609454,579.3021347700508,2023-01-11 04:00:00
1673424000000,25014.550175559347,25014.550175559347,24704.792307621057,24835.906887298,1115.5657215573474,2023-01-11 08:00:00
1673438400000,24793.231975197476,24793.231975197476,24014.25767673058,24333.192566058402,544.892708900157,2023-01-11 12:00:00
1673452800000,24413.6865657572,24715.87839763581,24413.6865657572,24673.541097314792,734.691808249024,2023-01-11 16:00:00
1673467200000,25125.241483640824,25344.92624606789,25125.241483640824,25252.276734857045,3734.6743548587883,2023-01-11 20:00:00
1673481600000,25231.54948162172,25231.54948162172,25149.671923007256,25221.21006295365,800.4860724923195,2023-01-12 00:00:00
1673496000000,25358.66653835456,26101.56854476003,25358.66653835456,25657.621401119657,575.8897022138439,2023-01-12 04:00:00
1673510400000,25807.600980564413,25852.644481452902,25807.600980564413,25816.732010011256,710.8539411153337,2023-01-12 08:00:00
1673524800000,25626.530646424682,25626.530646424682,25529.402785191607,25533.581743557257,1915.9712237241736,2023-01-12 12:00:00
1673539200000,25533.581743557257,25710.459375220365,25418.78334935764,25691.817552731623,1767.0232789212519,2023-01-12 16:00:00
1673553600000,26084.713402936646,26538.552559446565,26084.713402936646,26376.28265223714,1598.413745518963,2023-01-12 20:00:00
1673568000000,26376.28265223714,26412.441257273724,26089.05261604017,26360.13358920979,1976.774632041396,2023-01-13 00:00:00
1673582400000,27074.551608989423,27147.163639856277,27074.551608989423,27074.715592304266,509.07956385090426,2023-01-13 04:00:00
1673596800000,26025.802704461414,26025.802704461414,25843.028741015514,25888.94042938266,759.647770963917,2023-01-13 08:00:00
1673611200000,26119.594402460756,26535.869197145366,26119.594402460756,26255.257438165416,888.1213685465557,2023-01-13 12:00:00
1673625600000,26255.257438165416,26399.892521179987,26133.861019829463,26294.356067120127,600.261623036669,2023-01-13 16:00:00
1673640000000,26257.947448646657,26257.947448646657,26145.507392272084,26160.294943542096,1155.6397546358057,2023-01-13 20:00:00
1673654400000,26160.294943542096,26379.670240057705,26125.443877704856,26201.363394063654,840.9210323270345,2023-01-14 00:00:00
1673668800000,25487.161807175133,25487.161807175133,25286.83332543376,25326.063636772968,5498.956075902351,2023-01-14 04:00:00
1673683200000,25326.063636772968,25521.010659920157,24885.37227398223,25231.135509772084,1903.5014509953419,2023-01-14 08:00:00
1673697600000,25231.135509772084,25790.645978036868,25167.024749608416,25385.638249338637,2049.044309577099,2023-01-14 12:00:00
1673712000000,25683.6452313378,26125.62037368306,25683.6452313378,26035.164920564,944.0684118766535,2023-01-14 16:00:00
1673726400000,26035.164920564,26072.667934280835,25644.331096603244,25805.517244888404,712.6895672844425,2023-01-14 20:00:00
1673740800000,25783.340285564027,25783.340285564027,25444.221833329102,25451.308470060885,539.7079937138667,2023-01-15 00:00:00
1673755200000,25321.72535350905,25321.72535350905,25085.90353408345,25233.933132236798,3504.9581125357595,2023-01-15 04:00:00
1673769600000,25233.933132236798,25969.36881436272,25197.382100548202,25631.9186839483,1367.7121011941033,2023-01-15 08:00:00
1673784000000,25753.383214061778,26132.684303259044,25753.383214061778,25776.375224242925,831.9768483987264,2023-01-15 12:00:00
1673798400000,25714.136460824113,25714.136460824113,25480.549179961243,25543.99238439683,3427.2611169441507,2023-01-15 16:00:00
1673812800000,25566.10532895346,25810.76459631337,25566.10532895346,25769.108776197696,2015.7904915515273,2023-01-15 20:00:00
1673827200000,25769.108776197696,25891.531331161477,25046.018944507185,25811.909049893984,729.010866716045,2023-01-16 00:00:00
1673841600000,26161.318911167866,26523.810288068005,26161.318911167866,26242.885344324644,902.8156695729183,2023-01-16 04:00:00
1673856000000,26010.981621146067,26010.981621146067,25831.432929356542,25929.81208843536,573.8169370030263,2023-01-16 08:00:00
1673870400000,25929.81208843536,26358.93523120022,25741.128184790832,25784.975656614024,2165.366041661833,2023-01-16 12:00:00
1673884800000,25717.485021105345,25717.485021105345,25403.045468205688,25612.71512317925,1682.9227771663489,2023-01-16 16:00:00
1673899200000,25125.103529599382,25125.103529599382,24725.249250106124,24979.867298187153,664.3972510280494,2023-01-16 20:00:00
1673913600000,24979.867298187153,25130.132264633994,24880.76899244987,25106.640045431894,831.9439019404438,2023-01-17 00:00:00
1673928000000,25201.361643849028,25327.614656166734,25201.361643849028,25218.934529365244,636.813115846664,2023-01-17 04:00:00
1673942400000,25218.934529365244,25369.938371232078,24669.613476599774,25221.13912134711,556.1835691564969,2023-01-17 08:00:00
1673956800000,25221.13912134711,25353.64569321046,24887.05622777042,25120.19842637,761.9060302253947,2023-01-17 12:00:00
1673971200000,24774.830819131435,24774.830819131435,24347.718607389634,24519.691841884975,2386.6772280370346,2023-01-17 16:00:00
1673985600000,24519.691841884975,24703.110875091832,24203.017785386644,24344.005317784893,893.4799193146354,2023-01-17 20:00:00
1674000000000,24344.005317784893,24380.445674660972,24081.89084889984,24201.798346402284,700.4211316416398,2023-01-18 00:00:00
1674014400000,24031.987200557713,24031.987200557713,23820.813421389095,23872.139064871368,2143.478368729371,2023-01-18 04:00:00
1674028800000,23872.139064871368,24103.44329215549,23456.39551137997,23806.410131387132,1581.7972204129242,2023-01-18 08:00:00
1674043200000,23806.410131387132,23988.896979233672,23805.806005121245,23971.415708076685,1735.5351233568276,2023-01-18 12:00:00
1674057600000,24636.465768475457,24858.58977600004,24636.465768475457,24756.952757699608,1376.5239671469428,2023-01-18 16:00:00
1674072000000,24756.952757699608,24969.00055577834,24511.931062353677,24830.94775880785,851.7725691046353,2023-01-18 20:00:00
1674086400000,24830.94775880785,25147.381759449494,24769.254643970715,24940.514778363835,608.1599460385941,2023-01-19 00:00:00
1674100800000,24940.514778363835,25333.686698785838,24246.669933609017,24908.79443379256,960.8944761872567,2023-01-19 04:00:00
1674115200000,24327.928248645403,24327.928248645403,23899.891630229253,24105.008153044593,1119.3692442292759,2023-01-19 08:00:00
1674129600000,24105.008153044593,24141.46655818291,23991.577929642706,24094.084950037137,1805.5665773552832,2023-01-19 12:00:00
1674144000000,24094.084950037137,24206.034137827155,23979.4211845452,24118.905782596343,2145.432535124599,2023-01-19 16:00:00
1674158400000,24919.65824876204,25276.263058129705,24919.65824876204,25156.215802063794,908.8866362702279,2023-01-19 20:00:00
1674172800000,25156.215802063794,25300.41889327233,24872.693548628824,25073.627922434112,1325.7025796841308,2023-01-20 00:00:00
1674187200000,25073.627922434112,25204.42015132025,25059.151703640542,25203.214635153323,978.8711656821708,2023-01-20 04:00:00
1674201600000,25203.214635153323,25286.04744701902,25073.137599500023,25188.26358234671,1825.9292819722025,2023-01-20 08:00:00
1674216000000,24752.071497707668,24752.071497707668,24674.9233246488,24690.03345102386,2326.3343161106413,2023-01-20 12:00:00
1674230400000,25079.260627074676,25190.10723387323,25079.260627074676,25177.132984947282,767.8446810487069,2023-01-20 16:00:00
1674244800000,25377.469280148158,25696.94561671633,25377.469280148158,25502.85538374529,1290.6063631889006,2023-01-20 20:00:00
1674259200000,25841.23992698525,26252.02648627707,25841.23992698525,25850.063986724002,2485.153492430679,2023-01-21 00:00:00
1674273600000,25558.344060302257,25558.344060302257,25336.872112813737,25451.308082273103,1304.54158739983,2023-01-21 04:00:00
1674288000000,26006.66285908846,26291.04578109224,26006.66285908846,26069.025409221005,2504.6737106042547,2023-01-21 08:00:00
1674302400000,25555.8886012542,25555.8886012542,25264.02336218319,25451.718482411245,842.5544405277208,2023-01-21 12:00:00
1674316800000,25530.383391361047,25791.0916654124,25530.383391361047,25708.34273973345,2092.981058310641,2023-01-21 16:00:00
1674331200000,26377.651791655953,26845.201423975475,26377.651791655953,26689.26159383786,1348.038762122536,2023-01-21 20:00:00
1674345600000,26256.776452969043,26256.776452969043,26097.63626298141,26241.13255049391,839.1616705698859,2023-01-22 00:00:00
1674360000000,26216.98120815928,26216.98120815928,25687.84734825958,25988.322197741723,1470.9910051382612,2023-01-22 04:00:00
1674374400000,25988.322197741723,26303.597215124835,25839.392261370398,26032.631957449077,1018.3998787738292,2023-01-22 08:00:00
1674388800000,25927.734575660324,25927.734575660324,25432.87927555903,25809.533349589114,1656.5927870318258,2023-01-22 12:00:00
1674403200000,25227.20936226871,25227.20936226871,25099.262359524808,25134.349429290818,968.2787928521474,2023-01-22 16:00:00
1674417600000,25134.349429290818,25198.244066624233,25055.89913607918,25163.826190930275,1613.1549686950416,2023-01-22 20:00:00
1674432000000,24961.36381622999,24961.36381622999,24600.937561969746,24710.974626120653,1041.8586455108923,2023-01-23 00:00:00
1674446400000,24856.42529913348,24999.88828321753,24856.42529913348,24911.847723296025,825.526249643295,2023-01-23 04:00:00
1674460800000,24629.64599657455,24629.64599657455,24173.62760803041,24523.35644592107,4430.632133279656,2023-01-23 08:00:00
1674475200000,25018.554160028485,25188.87268687187,25018.554160028485,25181.813429842798,697.6764606755113,2023-01-23 12:00:00
1674489600000,25168.33950356143,25168.33950356143,24716.619890805046,24846.88433710361,1719.270648703156,2023-01-23 16:00:00
1674504000000,24846.88433710361,25100.39978342811,24514.138607936857,24710.462555173868,1006.8541514341259,2023-01-23 20:00:00
1674518400000,24914.564088264302,25233.955734156458,24914.564088264302,25056.51261480437,1159.7891918683802,2023-01-24 00:00:00
1674532800000,24728.11618941033,24728.11618941033,24324.251968349323,24534.79244185258,1569.3138993831842,2023-01-24 04:00:00
1674547200000,24547.024280646896,24648.817300609822,24547.024280646896,24630.379668330406,580.1037988599451,2023-01-24 08:00:00
1674561600000,25128.470999533503,25304.646217232093,25128.470999533503,25186.954245149864,1413.9050477588241,2023-01-24 12:00:00
1674576000000,24818.121140560546,24818.121140560546,24242.90184258983,24504.24383424039,811.158196669566,2023-01-24 16:00:00
1674590400000,24504.24383424039,24752.192763628056,24340.4455211073,24581.708944686463,1726.3202244500762,2023-01-24 20:00:00
1674604800000,24581.708944686463,25023.55555605189,24495.71786583907,24691.160667820055,816.213591032566,2023-01-25 00:00:00
1674619200000,24965.30949539105,25241.043049928605,24965.30949539105,25023.37874529996,3432.4519609425633,2023-01-25 04:00:00
1674633600000,24544.80391569222,24544.80391569222,24441.835500659494,24499.799222943228,1385.727267264709,2023-01-25 08:00:00
1674648000000,24167.38195190337,24167.38195190337,23713.49815558179,23952.956905321582,1024.5049115039433,2023-01-25 12:00:00
1674662400000,24114.785389485834,24176.6787683592,24114.785389485834,24167.63508200721,791.8260323785146,2023-01-25 16:00:00
1674676800000,24277.732358467118,24409.41738507443,24277.732358467118,24290.644688983306,1009.2191109697121,2023-01-25 20:00:00
1674691200000,24307.21370592067,24475.242323896775,24307.21370592067,24394.88423167555,1616.1466144629726,2023-01-26 00:00:00
1674705600000,24503.220630565087,24544.73215377953,24503.220630565087,24539.79201230656,597.19999573861,2023-01-26 04:00:00
1674720000000,24321.79690235424,24321.79690235424,24216.846691502862,24256.168899537275,1069.1982557212377,2023-01-26 08:00:00
1674734400000,24256.168899537275,24443.58036884789,24018.25100044051,24352.66621088768,1785.3557519560595,2023-01-26 12:00:00
1674748800000,24456.83143937933,24478.28761202107,24456.83143937933,24474.980684366034,1450.0845778521457,2023-01-26 16:00:00
1674763200000,24444.97377728655,24444.97377728655,24035.379426132244,24177.91455514928,1751.9478326323365,2023-01-26 20:00:00
1674777600000,24840.33227532155,25038.141678411517,24840.33227532155,24961.50713562578,513.8408988589265,2023-01-27 00:00:00
1674792000000,25015.989589202443,25333.10287193276,25015.989589202443,25164.520242492537,815.8159142692778,2023-01-27 04:00:00
1674806400000,25016.564677110528,25016.564677110528,24593.8245552085,24657.220966620553,1433.2632656949172,2023-01-27 08:00:00
1674820800000,24884.500754423003,25059.156564704102,24884.500754423003,24935.52643260956,3525.999956634014,2023-01-27 12:00:00
1674835200000,24608.98615684241,24608.98615684241,24428.632583737188,24523.489489695017,2231.5140536547306,2023-01-27 16:00:00
1674849600000,24697.9017935376,24871.824162625933,24697.9017935376,24855.68720684907,723.496135799347,2023-01-27 20:00:00
1674864000000,25205.241474453935,25659.962867581904,25205.241474453935,25352.889952531794,1839.0955323734006,2023-01-28 00:00:00
1674878400000,25162.786562792902,25162.786562792902,24991.57764724776,24999.684364164063,963.8035907562944,2023-01-28 04:00:00
1674892800000,25248.308244173513,25448.227157799894,25248.308244173513,25414.80986619513,1272.9091380348864,2023-01-28 08:00:00
1674907200000,25414.80986619513,25766.733776900724,25292.650717983102,25594.78297174633,2757.096460059006,2023-01-28 12:00:00
1674921600000,25814.749628266767,26202.60660687312,25814.749628266767,25957.00774019042,1105.7691464212985,2023-01-28 16:00:00
1674936000000,26653.671128292415,27119.25385806734,26653.671128292415,26812.47352338519,1722.3432806039843,2023-01-28 20:00:00
1674950400000,26812.47352338519,27068.891831832385,26235.685409149304,26700.233501079663,1547.8877810532038,2023-01-29 00:00:00
1674964800000,26482.219744547107,26482.219744547107,26164.74238245066,26358.405696315283,1086.8421292278963,2023-01-29 04:00:00
1674979200000,26113.821629125705,26113.821629125705,25959.71808955317,25960.626319167943,1175.4953535639747,2023-01-29 08:00:00
1674993600000,25708.993611584112,25708.993611584112,25285.183834015264,25601.086162027794,1564.714509120123,2023-01-29 12:00:00
1675008000000,25601.086162027794,25720.17391901634,25459.766684100876,25567.364874507606,674.904270128219,2023-01-29 16:00:00
1675022400000,25642.160541134843,25890.644156482867,25642.160541134843,25716.908808668053,2182.6845626614077,2023-01-29 20:00:00
1675036800000,25765.960114524856,25992.19207652684,25765.960114524856,25838.838346407338,841.3465214844297,2023-01-30 00:00:00
1675051200000,26021.918413372536,26449.888140957784,26021.918413372536,26206.8121221878,1223.618057617327,2023-01-30 04:00:00
1675065600000,26206.8121221878,26693.184823002503,26093.255351369447,26212.637672273388,936.6294487848321,2023-01-30 08:00:00
1675080000000,26746.430846444844,26982.810804412533,26746.430846444844,26872.13150798654,867.8743259567037,2023-01-30 12:00:00
1675094400000,26872.13150798654,27012.758340722747,26439.090635848577,26750.828634343616,1204.47945577086,2023-01-30 16:00:00
1675108800000,27820.207073466532,28079.19459893935,27820.207073466532,28024.149367865575,1306.0274314681737,2023-01-30 20:00:00
1675123200000,28322.027528503997,28664.61681469074,28322.027528503997,28325.49748550401,2457.6967369558533,2023-01-31 00:00:00
1675137600000,28133.4005076608,28133.4005076608,27798.303773161555,27913.46814252702,2457.3250068054285,2023-01-31 04:00:00
1675152000000,27498.331155803953,27498.331155803953,27034.421333947514,27407.10931453481,1443.0114594270499,2023-01-31 08:00:00
1675166400000,27415.28077670374,27745.966382671664,27415.28077670374,27634.09364492441,697.5406893939021,2023-01-31 12:00:00
1675180800000,27634.09364492441,27772.741872036437,27353.709691606873,27528.730407807885,625.0546223461629,2023-01-31 16:00:00
1675195200000,27648.03231867243,28099.230331812178,27648.03231867243,27866.79974136131,1223.468974627051,2023-01-31 20:00:00
1675209600000,27991.11059241257,28160.635847135305,27991.11059241257,28093.15583585528,937.3758746010938,2023-02-01 00:00:00
1675224000000,28093.15583585528,28110.247937703374,27984.21897847925,28058.20142698102,1232.3550010191643,2023-02-01 04:00:00
1675238400000,27990.057535910775,27990.057535910775,27513.164595387567,27654.959412105196,559.4657127876816,2023-02-01 08:00:00
1675252800000,27265.310011970185,27265.310011970185,26817.90470236941,26947.993249168478,747.889629472023,2023-02-01 12:00:00
1675267200000,26768.80567753244,26768.80567753244,26641.349279866925,26743.07817757691,1313.9111519309452,2023-02-01 16:00:00
1675281600000,26743.07817757691,27505.359344529745,26701.417869992412,27137.479448709917,1278.4981270198164,2023-02-01 20:00:00
1675296000000,27137.479448709917,27489.794355239606,26991.31966079815,27236.98250004907,688.3725162262277,2023-02-02 00:00:00
1675310400000,27236.98250004907,27263.772796195306,26662.31116337748,26663.080448295448,2544.2826532666186,2023-02-02 04:00:00
1675324800000,26663.080448295448,26867.595493959514,26234.87390957762,26742.13399097954,622.6136567936069,2023-02-02 08:00:00
1675339200000,26860.10455692939,27131.794843535874,26860.10455692939,26918.865391326508,911.2919143687304,2023-02-02 12:00:00
1675353600000,26613.437311326645,26613.437311326645,26332.506540803784,26515.19207274433,730.9893918794464,2023-02-02 16:00:00
1675368000000,26531.649752632242,26780.03319925428,26531.649752632242,26584.96360800706,728.5536387301536,2023-02-02 20:00:00
1675382400000,26584.96360800706,27222.11428726316,26552.388060942987,26611.430816178963,518.2902933165651,2023-02-03 00:00:00
1675396800000,26611.430816178963,26681.108720170563,25848.4816038589,26096.51626698552,1490.0084710640917,2023-02-03 04:00:00
1675411200000,26096.51626698552,26502.684307253174,26068.497332842777,26256.621042630042,510.02889836454807,2023-02-03 08:00:00
1675425600000,26256.621042630042,26573.132096562163,26111.057482703014,26509.54277686483,2308.606811312885,2023-02-03 12:00:00
1675440000000,26926.832592710776,27088.360637321086,26926.832592710776,27004.931131892823,1163.7722009982695,2023-02-03 16:00:00
1675454400000,27348.778538345134,27753.517292343644,27348.778538345134,27495.825170332162,1100.1927060322705,2023-02-03 20:00:00
1675468800000,26932.43864038809,26932.43864038809,26787.515066269858,26855.831543211316,2641.826664834698,2023-02-04 00:00:00
1675483200000,26609.437532575408,26609.437532575408,26414.359668285688,26428.709792539532,990.7388700351496,2023-02-04 04:00:00
1675497600000,26448.04750275908,26725.26041872568,26448.04750275908,26662.42885563543,1280.3643189371355,2023-02-04 08:00:00
1675512000000,26849.06473448692,27037.12494493794,26849.06473448692,26897.640325530578,970.7541963972017,2023-02-04 12:00:00
1675526400000,26897.640325530578,27203.883234283137,26823.279275314035,27135.51207942399,6371.853459960933,2023-02-04 16:00:00
1675540800000,28829.365339394913,29447.76624158383,28829.365339394913,28982.886799443117,748.60409500367,2023-02-04 20:00:00
1675555200000,28982.886799443117,29580.901083578934,28899.16293068004,29267.12558123306,571.1885062626451,2023-02-05 00:00:00
1675569600000,29278.262448328034,29995.070808231972,29278.262448328034,29840.822373064013,1782.791477852921,2023-02-05 04:00:00
1675584000000,30080.51192720143,30665.760854499767,30080.51192720143,30331.47494362266,508.39885371211676,2023-02-05 08:00:00
1675598400000,30372.862279175733,30841.92217229666,30372.862279175733,30671.118725522745,1161.6279094100246,2023-02-05 12:00:00
1675612800000,30576.281634273702,30576.281634273702,30111.74145215909,30506.260978416227,568.775029976428,2023-02-05 16:00:00
1675627200000,30520.07935790949,31025.438327815646,30520.07935790949,30904.644629180468,2023.0766420252808,2023-02-05 20:00:00
1675641600000,30694.848043234735,30694.848043234735,30336.34683536616,30499.0358900225,1229.8279003508778,2023-02-06 00:00:00
1675656000000,30482.20249653024,30482.20249653024,30152.24319138942,30375.81309392389,1468.8316069352845,2023-02-06 04:00:00
1675670400000,30310.377943258107,30310.377943258107,29988.650165020208,30124.819570619624,716.8821944608369,2023-02-06 08:00:00
1675684800000,30124.819570619624,30243.48538309072,30047.579778152474,30167.012831826116,2888.4533639455603,2023-02-06 12:00:00
1675699200000,30997.86773022397,31529.85932997149,30997.86773022397,31384.621699456562,1561.7002105589254,2023-02-06 16:00:00
1675713600000,30448.152932190867,30448.152932190867,30154.037661042224,30398.61980066853,1500.736287931406,2023-02-06 20:00:00
1675728000000,30437.36577961325,30781.63525202618,30437.36577961325,30757.343916373058,1760.1803008714285,2023-02-07 00:00:00
1675742400000,30137.748849421252,30137.748849421252,29754.196572316865,29920.967508401754,876.6252169752993,2023-02-07 04:00:00
1675756800000,29872.868169449637,29872.868169449637,29506.161504760734,29680.546633084406,1053.1258681164363,2023-02-07 08:00:00
1675771200000,30005.038265081053,30242.278152071518,30005.038265081053,30238.24142703043,708.1568904442586,2023-02-07 12:00:00
1675785600000,30238.24142703043,30328.997618041903,30147.461464905275,30271.48740356356,982.5601566098269,2023-02-07 16:00:00
1675800000000,29848.624038078782,29848.624038078782,29457.08243933386,29718.87193184112,2090.819567208323,2023-02-07 20:00:00
1675814400000,29590.19682866285,29590.19682866285,29082.01606342006,29357.679918833444,806.6093821336808,2023-02-08 00:00:00
1675828800000,29560.285436924663,29744.361541638562,29560.285436924663,29700.73731307948,892.3195905358594,2023-02-08 04:00:00
1675843200000,29537.14749630649,29537.14749630649,29179.383033427614,29332.211685476836,1686.2670107574804,2023-02-08 08:00:00
1675857600000,29332.211685476836,29557.516131957254,29096.917621466207,29440.952187309435,807.388341009099,2023-02-08 12:00:00
1675872000000,29440.952187309435,29726.949521934763,29328.612975255837,29463.89705320587,2005.1916114338844,2023-02-08 16:00:00
1675886400000,29311.050164064087,29311.050164064087,28992.562539538332,29137.51756987108,592.5374690050799,2023-02-08 20:00:00
1675900800000,29854.573757099803,30470.52015181683,29854.573757099803,30225.2368397764,1066.2435996412855,2023-02-09 00:00:00
1675915200000,30225.2368397764,30645.879536426422,30145.89256954842,30554.563383364824,539.7593516805459,2023-02-09 04:00:00
1675929600000,29826.523408946356,29826.523408946356,29221.05465154853,29514.873711827127,2781.990494660967,2023-02-09 08:00:00
1675944000000,29514.873711827127,29692.478000841922,29423.876227092183,29609.10033376879,2812.2405138111794,2023-02-09 12:00:00
1675958400000,29393.41208495722,29393.41208495722,29114.704855369582,29276.014083400314,1359.6797985106655,2023-02-09 16:00:00
1675972800000,29550.245252902652,29897.912416631665,29550.245252902652,29705.756756422223,2452.092115143325,2023-02-09 20:00:00
1675987200000,29330.396167872637,29330.396167872637,29179.8185263405,29306.014027076606,639.3547955739564,2023-02-10 00:00:00
1676001600000,29258.416017998225,29258.416017998225,29214.964715145048,29248.58913167098,2031.265804358061,2023-02-10 04:00:00
1676016000000,29340.654601786897,29959.11779376841,29340.654601786897,29502.177431721928,1562.3054479496666,2023-02-10 08:00:00
1676030400000,29601.945441955013,30101.26386305462,29601.945441955013,29942.05808221035,1936.7569459094216,2023-02-10 12:00:00
1676044800000,29602.573190509127,29602.573190509127,28827.447773634376,29333.937004953827,1479.8005772521858,2023-02-10 16:00:00
1676059200000,29228.82892995938,29228.82892995938,28906.133814851622,29166.67592617905,1369.7659409838188,2023-02-10 20:00:00
1676073600000,29166.67592617905,29368.21725527964,28809.125545369534,28930.825531043512,993.0355950481086,2023-02-11 00:00:00
1676088000000,28731.741767319785,28731.741767319785,28267.320398508426,28609.50545141627,3133.6215041162345,2023-02-11 04:00:00
1676102400000,29344.85302885225,29538.1519864297,29344.85302885225,29486.112199306062,1250.0931924870727,2023-02-11 08:00:00
1676116800000,29486.112199306062,29849.700211752544,29466.300559028925,29690.957055531748,1399.3309136890182,2023-02-11 12:00:00
1676131200000,29074.251921068848,29074.251921068848,28895.614762864843,29057.823842168982,1623.2727809391317,2023-02-11 16:00:00
1676145600000,29143.53825631342,29784.521661956238,29143.53825631342,29517.360384348714,3342.015744951548,2023-02-11 20:00:00
1676160000000,30273.827698740457,30608.217917999482,30273.827698740457,30607.85697377269,1674.0385921414738,2023-02-12 00:00:00
1676174400000,30795.67343489729,31422.210531859746,30795.67343489729,31152.87965370984,821.9812389614335,2023-02-12 04:00:00
1676188800000,30458.991089880452,30458.991089880452,30088.993787724798,30354.146364391374,1414.5475424606411,2023-02-12 08:00:00
1676203200000,30248.749404265167,30248.749404265167,29877.525890780194,30103.91312241816,1107.2851152877793,2023-02-12 12:00:00
1676217600000,30638.45302339606,31013.49082741329,30638.45302339606,30763.008789078875,686.0024372223012,2023-02-12 16:00:00
1676232000000,30763.008789078875,30796.83939589512,30171.243466178057,30393.092982515063,2321.116037350109,2023-02-12 20:00:00
1676246400000,30393.092982515063,30881.160438837353,29823.060890813686,30624.564570632414,1013.9759138744405,2023-02-13 00:00:00
1676260800000,30727.493334657738,31096.81347062929,30727.493334657738,31032.802306205005,824.3633796926085,2023-02-13 04:00:00
1676275200000,30584.389446869143,30584.389446869143,30345.13719655302,30544.937209907526,1398.5494937326825,2023-02-13 08:00:00
1676289600000,30544.937209907526,30635.360831423164,30474.530023585237,30513.871003635733,532.2585215406048,2023-02-13 12:00:00
1676304000000,29068.347891210455,29068.347891210455,28832.338500549235,28869.106728786905,1433.5563168130257,2023-02-13 16:00:00
1676318400000,28642.101169065445,28642.101169065445,28216.964282667635,28367.955841838113,2487.751224654121,2023-02-13 20:00:00
1676332800000,28285.92784037,28285.92784037,28194.583410508298,28245.737234447548,1837.2226585696405,2023-02-14 00:00:00
1676347200000,27861.21699863179,27861.21699863179,27500.350115722507,27649.61368037623,6391.763984102353,2023-02-14 04:00:00
1676361600000,28413.898209461386,28502.21991220089,28413.898209461386,28432.070522412985,1125.5063220133939,2023-02-14 08:00:00
1676376000000,27867.858723776084,27867.858723776084,27698.79321361114,27745.38586186053,4202.699856597469,2023-02-14 12:00:00
1676390400000,27618.202807064623,27618.202807064623,27464.85148104574,27537.453154693885,3280.060267792967,2023-02-14 16:00:00
1676404800000,27537.453154693885,27647.631038681167,27422.948683240378,27599.06830532849,573.684096356841,2023-02-14 20:00:00
1676419200000,28117.086326260225,28446.997436486276,28117.086326260225,28287.514266087095,1133.1951821699681,2023-02-15 00:00:00
1676433600000,27717.49648916505,27717.49648916505,27534.41239549953,27601.621424216937,683.3113533939617,2023-02-15 04:00:00
1676448000000,28044.56906792637,28565.610008166434,28044.56906792637,28155.951375354038,2100.94010731847,2023-02-15 08:00:00
1676462400000,28155.951375354038,28450.493027099852,27910.05250750455,28160.877231071583,764.6246069881767,2023-02-15 12:00:00
1676476800000,27782.618754496772,27782.618754496772,27554.992567364832,27692.312220428215,939.000819171165,2023-02-15 16:00:00
1676491200000,27868.65363394703,28020.757563398038,27868.65363394703,27911.937787825686,736.3642352748416,2023-02-15 20:00:00
1676505600000,27927.58850609105,28097.90716493673,27927.58850609105,28007.081566806533,919.5312944675591,2023-02-16 00:00:00
1676520000000,27728.62854723308,27728.62854723308,27520.147269454304,27721.179157247414,860.1373759277892,2023-02-16 04:00:00
1676534400000,27721.179157247414,28075.017994476144,27687.334520449054,27754.27756973431,647.512663134719,2023-02-16 08:00:00
1676548800000,27615.387760118192,27615.387760118192,26937.391713058314,27572.063190632114,655.5769468113575,2023-02-16 12:00:00
1676563200000,27572.063190632114,27962.430696400777,27441.11820544384,27625.620762488474,1169.107109694989,2023-02-16 16:00:00
1676577600000,27741.145953780364,27959.342774231638,27741.145953780364,27940.094159047992,865.9513629547137,2023-02-16 20:00:00
1676592000000,28138.229855838825,28998.981179654595,28138.229855838825,28707.993637789834,1791.0062771928367,2023-02-17 00:00:00
1676606400000,28547.16232607617,28547.16232607617,27911.30878661651,28106.90313326522,2000.8045438400286,2023-02-17 04:00:00
1676620800000,28949.911701605255,29253.895878968597,28949.911701605255,29150.711365341507,1272.2395349174067,2023-02-17 08:00:00
1676635200000,28261.186972851992,28261.186972851992,27990.30717993406,28193.979592069092,717.119876648513,2023-02-17 12:00:00
1676649600000,28193.979592069092,28530.182891150853,28102.952110029404,28120.91783463817,1178.3946773351386,2023-02-17 16:00:00
1676664000000,28390.109953155483,28707.89999568015,28390.109953155483,28405.164060521158,948.4829164564949,2023-02-17 20:00:00
1676678400000,28405.164060521158,28608.569075998774,28284.696939564692,28541.93772293127,897.8438820868781,2023-02-18 00:00:00
1676692800000,28541.93772293127,28616.967165168473,28173.583654330618,28239.719652432206,634.6772235398131,2023-02-18 04:00:00
1676707200000,28202.43034583863,28202.43034583863,27837.545877382225,28139.425762118528,1365.8696760982289,2023-02-18 08:00:00
1676721600000,28139.425762118528,28432.452780549993,27865.33537683409,27903.268063200485,761.1397580185179,2023-02-18 12:00:00
1676736000000,27903.268063200485,28118.59911344284,27419.598239734067,27623.54955328754,1583.7254287744831,2023-02-18 16:00:00
1676750400000,27764.802816596755,28079.611168313015,27764.802816596755,28027.679126855717,704.8989451706991,2023-02-18 20:00:00
1676764800000,28027.679126855717,28418.273956856654,28026.909821242323,28199.259686515335,701.9176479796174,2023-02-19 00:00:00
1676779200000,27997.797213461152,27997.797213461152,27668.70736452853,27867.202727781096,3118.9929190405373,2023-02-19 04:00:00
1676793600000,28191.414036662136,28315.399835921704,28191.414036662136,28299.074080872557,654.3186703802286,2023-02-19 08:00:00
1676808000000,28323.33927403101,28744.28655700701,28323.33927403101,28448.127956027663,957.9023123486684,2023-02-19 12:00:00
1676822400000,28637.87792275284,28874.841844614326,28637.87792275284,28846.19795230897,2365.1101532481334,2023-02-19 16:00:00
1676836800000,29037.763495299732,29290.755027699146,29037.763495299732,29158.360271365356,1617.0755334398084,2023-02-19 20:00:00
1676851200000,28915.732346720102,28915.732346720102,28581.740247191556,28748.05296769727,2572.0431637373576,2023-02-20 00:00:00
1676865600000,28678.164067749898,28678.164067749898,28258.266175481654,28474.0678517718,500.6536043140704,2023-02-20 04:00:00
1676880000000,28747.661089109704,28913.168717738725,28747.661089109704,28840.156033754818,1487.059111922587,2023-02-20 08:00:00
1676894400000,29028.474534652945,29301.407842997833,29028.474534652945,29142.656914088522,1113.0864938250957,2023-02-20 12:00:00
1676908800000,29142.656914088522,29310.17310697456,29067.079314308918,29132.245759549853,1165.7859080413011,2023-02-20 16:00:00
1676923200000,29132.245759549853,29424.400142470717,29024.119359122626,29190.73512178628,772.0012006969439,2023-02-20 20:00:00
1676937600000,29608.360205316727,29853.06552454659,29608.360205316727,29835.32191765937,1127.9202956612405,2023-02-21 00:00:00
1676952000000,29688.32480739352,29688.32480739352,29419.5778998278,29535.121228772507,1167.9968270904792,2023-02-21 04:00:00
1676966400000,29535.121228772507,30306.798006336736,29455.63968236249,29812.647306831946,8223.529522062461,2023-02-21 08:00:00
1676980800000,29812.647306831946,29843.4158481803,29357.21899387655,29709.77854944464,2257.6656392285076,2023-02-21 12:00:00
1676995200000,29709.77854944464,29751.06645482135,29318.59512214586,29599.42648431442,1214.5358101105603,2023-02-21 16:00:00
1677009600000,30105.13428631434,30358.70493474975,30105.13428631434,30160.66298179683,1213.0519925597378,2023-02-21 20:00:00
1677024000000,30588.77773359847,30759.427751145,30588.77773359847,30589.26037889055,535.5355265647149,2023-02-22 00:00:00
1677038400000,30589.26037889055,31570.179487044,30560.378325005662,31017.634231418906,2327.472007904813,2023-02-22 04:00:00
1677052800000,31635.902183023612,32138.70296163748,31635.902183023612,31717.6398648202,550.8874539506987,2023-02-22 08:00:00
1677067200000,31717.6398648202,31883.57092305999,31639.666627715673,31729.030435925222,1437.3088225665997,2023-02-22 12:00:00
1677081600000,31951.206171566995,32324.601775702162,31951.206171566995,32101.090544792478,977.6351117446677,2023-02-22 16:00:00
1677096000000,32054.10007989161,32054.10007989161,31588.161170749252,31931.277236505754,1889.3777065919564,2023-02-22 20:00:00
1677110400000,31986.24843833095,32197.91873891821,31986.24843833095,32108.71908585577,770.4098660721168,2023-02-23 00:00:00
1677124800000,32108.71908585577,32225.081844761782,31531.142854672646,32037.36335020071,3147.1157526284796,2023-02-23 04:00:00
1677139200000,32044.936499650867,32266.07521462158,32044.936499650867,32090.52989963757,519.3413289728915,2023-02-23 08:00:00
1677153600000,32090.52989963757,32445.86566199587,32059.607844142516,32418.691341533726,1992.740140285175,2023-02-23 12:00:00
1677168000000,32160.413089070353,32160.413089070353,31639.211932044596,31968.393289768603,530.5662979726272,2023-02-23 16:00:00
1677182400000,33061.14157339179,33158.56033217397,33061.14157339179,33132.57603526816,3206.1283654016365,2023-02-23 20:00:00
1677196800000,32761.113405893568,32761.113405893568,32160.598520254793,32567.639697942286,1634.7576366812573,2023-02-24 00:00:00
1677211200000,32135.594187294162,32135.594187294162,31774.41277311362,31898.616850057937,3440.5144851815085,2023-02-24 04:00:00
1677225600000,32388.09267704549,32628.58138375429,32388.09267704549,32536.433808845613,824.9889739966056,2023-02-24 08:00:00
1677240000000,32564.620068527955,33226.708742478295,32564.620068527955,32979.75666458147,5116.114465417972,2023-02-24 12:00:00
1677254400000,32979.75666458147,33643.592541248145,32968.996426690355,33333.51136395917,582.2294500449138,2023-02-24 16:00:00
1677268800000,33580.464981084224,34165.65664682438,33580.464981084224,33693.494447756704,920.6600215727315,2023-02-24 20:00:00
1677283200000,33693.494447756704,33821.319250554414,33353.965218490455,33686.44118299115,3139.885542104075,2023-02-25 00:00:00
1677297600000,33265.570279738364,33265.570279738364,32848.25411414202,33173.68349066858,663.0746968560788,2023-02-25 04:00:00
1677312000000,33173.68349066858,33232.37214395611,33079.03405827517,33216.70031772049,1196.1877190159892,2023-02-25 08:00:00
1677326400000,32886.851877105975,32886.851877105975,32376.804850460256,32834.399233376214,1584.4538913974354,2023-02-25 12:00:00
1677340800000,33153.46090007067,33621.68147949411,33153.46090007067,33386.323820109385,1362.4919714380526,2023-02-25 16:00:00
1677355200000,33386.323820109385,33572.60934486306,32805.107036462105,33302.49804478137,1014.8441192801495,2023-02-25 20:00:00
1677369600000,32911.66316228788,32911.66316228788,32669.145492485903,32835.83909302043,1674.594642150482,2023-02-26 00:00:00
1677384000000,32835.83909302043,32886.07434917258,32486.058057849892,32655.93116098991,704.1162948189311,2023-02-26 04:00:00
1677398400000,32655.93116098991,33122.298670234566,32357.446981917794,32887.26636135657,2277.555846291423,2023-02-26 08:00:00
1677412800000,32669.999000137457,32669.999000137457,32413.069141045387,32571.85907473758,1258.1229475460696,2023-02-26 12:00:00
1677427200000,32134.440173003728,32134.440173003728,31609.19953864451,32117.23742379519,856.5921899015459,2023-02-26 16:00:00
1677441600000,32117.23742379519,32628.510936774557,31703.48409432458,32251.31117509599,679.6118662183135,2023-02-26 20:00:00
1677456000000,32251.31117509599,32420.6589587726,32107.430354807057,32386.65292628002,2827.0113322475054,2023-02-27 00:00:00
1677470400000,32386.65292628002,32454.003343335182,31874.93816530545,32107.197336064277,1574.8802004719741,2023-02-27 04:00:00
1677484800000,32107.197336064277,32369.505895915274,31629.21633711227,31849.696185056768,2786.578549795433,2023-02-27 08:00:00
1677499200000,31849.696185056768,32428.599350888,31713.89453166657,31976.291129195746,510.8699480430147,2023-02-27 12:00:00
1677513600000,31318.879713603947,31318.879713603947,31059.422905236206,31194.437422283536,610.3222693798757,2023-02-27 16:00:00
1677528000000,30747.026489493266,30747.026489493266,29825.092919180533,30452.8401711198,626.3675094893069,2023-02-27 20:00:00
1677542400000,30119.400182026882,30119.400182026882,29906.41654842474,30081.112778401468,1842.7241864990604,2023-02-28 00:00:00
1677556800000,29990.00522835928,29990.00522835928,29917.18680826971,29971.55074336287,1259.9108441883163,2023-02-28 04:00:00
1677571200000,29981.317189207242,30580.51814240375,29981.317189207242,30131.272130024612,3285.7263019839534,2023-02-28 08:00:00
1677585600000,30673.632951657255,31404.78062913883,30673.632951657255,30900.881774406826,551.6612852135049,2023-02-28 12:00:00
1677600000000,31276.431713444046,31391.98675316016,31276.431713444046,31357.277316772204,1112.3582795438192,2023-02-28 16:00:00
1677614400000,31357.277316772204,31420.422364758826,30914.693253410547,31271.659174508855,791.5001764766147,2023-02-28 20:00:00
1677628800000,31271.659174508855,31759.981531378893,30986.63144511229,31261.49499838193,2234.7303478796616,2023-03-01 00:00:00
1677643200000,30754.889459978927,30754.889459978927,30382.052033064367,30730.2943718682,932.0438789798166,2023-03-01 04:00:00
1677657600000,30730.2943718682,31023.476916178646,30584.392522263148,30720.57035014911,897.7640616296516,2023-03-01 08:00:00
1677672000000,30720.57035014911,30966.341018330106,29829.333618804212,30569.34985071931,2338.2770931126533,2023-03-01 12:00:00
1677686400000,30569.34985071931,30884.430930242575,30396.552514491865,30738.462696085066,2152.375366366252,2023-03-01 16:00:00
1677700800000,30413.413440364497,30413.413440364497,30007.92013902508,30306.834625333933,1114.5652746364185,2023-03-01 20:00:00
1677715200000,30528.280489196746,30684.458484153984,30528.280489196746,30577.102877958656,626.293382608067,2023-03-02 00:00:00
1677729600000,31268.352398232208,31439.965753994817,31268.352398232208,31388.87584504459,1258.3731970333133,2023-03-02 04:00:00
1677744000000,31337.755801922405,31337.755801922405,31192.965698984062,31330.57030595746,1023.8232362906697,2023-03-02 08:00:00
1677758400000,31330.57030595746,31668.75071475973,31281.597009559984,31546.46540865064,4045.676737763038,2023-03-02 12:00:00
1677772800000,31784.682252469538,32391.089180652038,31784.682252469538,31920.85413672244,570.9058993363171,2023-03-02 16:00:00
1677787200000,31920.85413672244,31963.542190249835,31646.675992253913,31702.663057941543,1448.803168308293,2023-03-02 20:00:00
1677801600000,31702.663057941543,31873.261408959246,31691.75886003094,31824.344146188454,579.9126851341232,2023-03-03 00:00:00
1677816000000,31824.344146188454,32025.624063960655,31273.45493954364,31831.19559906137,1016.1862263788674,2023-03-03 04:00:00
1677830400000,31831.19559906137,31994.302618294245,31767.851717824222,31884.390722534692,1446.3145189701982,2023-03-03 08:00:00
1677844800000,31834.740309541958,31834.740309541958,31275.01742978507,31465.824001360204,611.908930035361,2023-03-03 12:00:00
1677859200000,31465.824001360204,31766.719816377816,30998.204402704636,31479.01095336815,1626.4653850249829,2023-03-03 16:00:00
1677873600000,31692.67951933475,31898.900659692976,31692.67951933475,31748.143860610406,1002.9555333827071,2023-03-03 20:00:00
1677888000000,32448.32082807605,32650.46474176485,32448.32082807605,32545.577625129015,2256.211741719636,2023-03-04 00:00:00
1677902400000,32933.996925819614,33110.09064878751,32933.996925819614,33083.682525032484,684.1676466896179,2023-03-04 04:00:00
1677916800000,34025.42282278034,34369.05241827824,34025.42282278034,34324.1346288777,763.1594078000812,2023-03-04 08:00:00
1677931200000,34324.1346288777,34384.97954125996,33871.490395395514,33876.81879598484,3672.8993515940024,2023-03-04 12:00:00
1677945600000,34310.56393895802,34489.696779584316,34310.56393895802,34385.78492569743,3222.7189759620637,2023-03-04 16:00:00
1677960000000,34385.78492569743,34560.14231104901,34289.48826563593,34493.72671573399,1493.7676730375315,2023-03-04 20:00:00
1677974400000,35637.56703774925,36257.699092589624,35637.56703774925,35809.45816230115,1257.779611922265,2023-03-05 00:00:00
1677988800000,35539.340522074024,35539.340522074024,34769.21538789769,35318.05234889305,1814.891195820636,2023-03-05 04:00:00
1678003200000,34903.53880251117,34903.53880251117,34733.13864386523,34814.68307268184,2289.3406902791594,2023-03-05 08:00:00
1678017600000,34813.382249860806,34813.382249860806,34418.4305479768,34459.77272092801,1064.4052250976836,2023-03-05 12:00:00
1678032000000,33439.03697913189,33439.03697913189,33170.439606389824,33231.0518836461,789.2423123912024,2023-03-05 16:00:00
1678046400000,32949.6470958033,32949.6470958033,32590.57691940163,32933.71742555513,1221.7430582178054,2023-03-05 20:00:00
1678060800000,32696.07787631906,32696.07787631906,32018.757258360714,32509.086699626063,893.3555204399868,2023-03-06 00:00:00
1678075200000,32509.086699626063,32619.08915011474,32475.87681923128,32592.774276200736,1803.3175780816855,2023-03-06 04:00:00
1678089600000,32592.774276200736,33150.27736346185,32453.422415184417,32783.74844707268,2136.963504735342,2023-03-06 08:00:00
1678104000000,33684.484545682826,33889.74310923076,33684.484545682826,33852.26710348105,2029.232062481517,2023-03-06 12:00:00
1678118400000,34307.84665656753,34428.369063274324,34307.84665656753,34406.77262524978,1577.3577208048118,2023-03-06 16:00:00
1678132800000,34281.57979050763,34281.57979050763,33963.86939516073,34069.115917832256,3289.2025055890326,2023-03-06 20:00:00
1678147200000,33677.0494034824,33677.0494034824,33219.55035221011,33549.86787002671,751.8981289020826,2023-03-07 00:00:00
1678161600000,33549.86787002671,33963.49885030554,33292.4603630681,33833.18956803053,1039.8999119392918,2023-03-07 04:00:00
1678176000000,33170.83680957727,33170.83680957727,32982.445720838405,33078.149716847554,1041.5336391128353,2023-03-07 08:00:00
1678190400000,34056.804788918715,34243.64190492143,34056.804788918715,34130.16638202413,587.8782932996094,2023-03-07 12:00:00
1678204800000,34758.39955618198,35075.4809061605,34758.39955618198,34825.299234317674,516.7316777376166,2023-03-07 16:00:00
1678219200000,34825.299234317674,34856.77209642117,34058.27277534192,34547.09881552904,677.9540448524372,2023-03-07 20:00:00
1678233600000,33657.179754232144,33657.179754232144,33404.55616144849,33550.02540274929,2528.0606331272174,2023-03-08 00:00:00
1678248000000,34118.500315762874,34376.486244240434,34118.500315762874,34335.5755999951,551.94874311459,2023-03-08 04:00:00
1678262400000,34292.8628156381,34292.8628156381,34116.105393908336,34268.410488908456,999.0537003688611,2023-03-08 08:00:00
1678276800000,34878.16320566633,35023.01467738933,34878.16320566633,35001.27065950664,511.36689566241824,2023-03-08 12:00:00
1678291200000,34257.135002654766,34257.135002654766,33767.67166851938,34060.13702724372,541.0907837754675,2023-03-08 16:00:00
1678305600000,34060.13702724372,34211.79267726105,33282.14676279878,33712.9288793858,4142.011645329983,2023-03-08 20:00:00
1678320000000,33712.9288793858,34215.61609109922,33617.69317063528,33715.951068890805,1735.9412760671196,2023-03-09 00:00:00
1678334400000,33715.951068890805,33879.598023616716,33665.84780397666,33743.04027360186,969.5588809727146,2023-03-09 04:00:00
1678348800000,33664.79576302962,33664.79576302962,33464.40832657342,33484.42259523001,1055.3371209164525,2023-03-09 08:00:00
1678363200000,33706.88569827749,33967.89701119319,33706.88569827749,33842.85586332017,754.013357069355,2023-03-09 12:00:00
1678377600000,33411.34784486172,33411.34784486172,33074.92847208735,33230.79487431764,3164.968013182787,2023-03-09 16:00:00
1678392000000,33181.367362019366,33181.367362019366,32895.947815109525,33150.01044633475,911.6657106188567,2023-03-09 20:00:00
1678406400000,33150.01044633475,33410.57607679906,32998.19467804332,33218.25187098846,552.6561689753751,2023-03-10 00:00:00
1678420800000,33404.30761311379,34344.35013221193,33404.30761311379,33511.67173251555,907.0681607939375,2023-03-10 04:00:00
1678435200000,33511.67173251555,34117.00373397462,33234.58635228564,33921.83174861405,675.9825210683183,2023-03-10 08:00:00
1678449600000,33653.78840798023,33653.78840798023,33186.812412555206,33275.8898748446,1927.7871213455,2023-03-10 12:00:00
1678464000000,32462.193595457007,32462.193595457007,32367.544537337028,32414.55324599596,812.2130006984853,2023-03-10 16:00:00
1678478400000,32634.250584027035,33457.22812457608,32634.250584027035,33130.334814970935,1638.4885331551513,2023-03-10 20:00:00
1678492800000,33130.334814970935,33765.57934260893,33074.29979179671,33319.08030458934,714.9712147065438,2023-03-11 00:00:00
1678507200000,33265.80942594419,33265.80942594419,32677.268884113335,32895.46717051095,2672.3124564704276,2023-03-11 04:00:00
1678521600000,33603.288810921294,33869.65249541969,33603.288810921294,33779.42007575543,761.3566524312562,2023-03-11 08:00:00
1678536000000,33779.42007575543,34270.624793647956,33701.22755930209,33846.2833628285,1615.912609817942,2023-03-11 12:00:00
1678550400000,34248.32933548502,34688.02162511525,34248.32933548502,34535.54995088344,2239.2644465266,2023-03-11 16:00:00
1678564800000,34535.54995088344,34901.60532658216,34477.675728420196,34575.43477052468,1839.2235690718926,2023-03-11 20:00:00
1678579200000,35465.68125751695,36244.19925691223,35465.68125751695,35815.18059872931,815.5932464334956,2023-03-12 00:00:00
1678593600000,36329.02843923567,37187.87753437835,36329.02843923567,36906.19093812239,2510.673567634917,2023-03-12 04:00:00
1678608000000,36837.48759455578,36837.48759455578,36175.881654528326,36749.45084215684,1465.9799696762552,2023-03-12 08:00:00
1678622400000,36764.488347996,37855.17266854281,36764.488347996,37364.918004214465,900.9025337516593,2023-03-12 12:00:00
1678636800000,37711.71492354238,38149.05024409493,37711.71492354238,37779.43530076984,725.0558511023859,2023-03-12 16:00:00
1678651200000,38533.13420492658,38734.982813912604,38533.13420492658,38673.7706034046,2233.1503134101567,2023-03-12 20:00:00
1678665600000,38518.90929459847,38518.90929459847,37945.007278439225,38041.06697912176,516.3330585033407,2023-03-13 00:00:00
1678680000000,38267.11444205338,38803.14329221595,38267.11444205338,38489.83975968469,1949.7171906671585,2023-03-13 04:00:00
1678694400000,39059.901279123915,39389.02297081662,39059.901279123915,39192.60267605891,608.5239497739826,2023-03-13 08:00:00
1678708800000,38324.490233882476,38324.490233882476,37885.10992228979,38031.79238349015,892.0495662842343,2023-03-13 12:00:00
1678723200000,37557.45008205689,37557.45008205689,36732.34230633899,37270.223195624785,1424.1972061363579,2023-03-13 16:00:00
1678737600000,36219.6630370699,36219.6630370699,35445.17269838373,35993.34723567564,1060.4753034927771,2023-03-13 20:00:00
1678752000000,35993.34723567564,36109.078302009286,35593.425130394746,35827.961104721166,756.5354440990673,2023-03-14 00:00:00
1678766400000,36035.308619968135,36595.70870443644,36035.308619968135,36270.145927785736,1481.7100940501914,2023-03-14 04:00:00
1678780800000,36987.91036597063,37470.808004774786,36987.91036597063,37213.72708775233,561.8150873045081,2023-03-14 08:00:00
1678795200000,37213.72708775233,37351.264509169785,36946.26915578388,37260.8936030249,2393.436153371088,2023-03-14 12:00:00
1678809600000,37620.28138720014,38406.56806568815,37620.28138720014,38312.854066005086,3143.0991847557534,2023-03-14 16:00:00
1678824000000,37553.19240689227,37553.19240689227,36771.58761424524,37419.527155198135,513.7768816776158,2023-03-14 20:00:00
1678838400000,36403.275046075745,36403.275046075745,36245.66821345995,36345.610517454195,528.2474704587223,2023-03-15 00:00:00
1678852800000,36345.610517454195,36643.472395716635,35717.86954898868,36311.11363990781,1294.3943957336257,2023-03-15 04:00:00
1678867200000,36311.11363990781,36720.829786755276,36278.42231216122,36550.30154510481,1590.121859148712,2023-03-15 08:00:00
1678881600000,36550.30154510481,36587.55241703714,36237.02558694603,36529.87873363704,1329.9285727291362,2023-03-15 12:00:00
1678896000000,35494.36212635646,35494.36212635646,35261.20742383876,35261.35814126105,594.1753608647562,2023-03-15 16:00:00
1678910400000,35261.35814126105,35709.821206204266,34889.06786708024,35207.67825916754,2992.1496157845495,2023-03-15 20:00:00
1678924800000,34745.447042412605,34745.447042412605,34348.96482648316,34431.24184638083,1754.2800359175762,2023-03-16 00:00:00
1678939200000,34431.24184638083,34895.845951075506,34274.59992516488,34827.67629956048,1696.7747244569955,2023-03-16 04:00:00
1678953600000,35000.96261931198,35079.96010604505,35000.96261931198,35046.6260123718,1628.1267916175996,2023-03-16 08:00:00
1678968000000,34596.39344295884,34596.39344295884,34444.369784107825,34488.02441120238,850.727092523681,2023-03-16 12:00:00
1678982400000,34377.09817901658,34377.09817901658,33853.94941444763,34186.39008343036,1504.3342770903525,2023-03-16 16:00:00
1678996800000,33641.26986612238,33641.26986612238,33559.73962916007,33572.9407585037,1804.8178060225275,2023-03-16 20:00:00
1679011200000,33572.9407585037,33870.950906863836,33179.92900510017,33536.986743527494,1313.234332785188,2023-03-17 00:00:00
1679025600000,33978.935234293494,34344.99942796403,33978.935234293494,34089.07751318083,599.1784393089007,2023-03-17 04:00:00
1679040000000,33737.25670692299,33737.25670692299,33437.191617227545,33519.45727152789,1014.2100392583,2023-03-17 08:00:00
1679054400000,33601.1325467512,34064.24529754058,33601.1325467512,33809.53070147005,625.8111247787906,2023-03-17 12:00:00
1679068800000,33809.53070147005,33876.02010096565,33287.4076454134,33504.441318288504,512.9813642848354,2023-03-17 16:00:00
1679083200000,33383.98978591454,33383.98978591454,33015.43986649623,33053.381717868564,3661.353569773724,2023-03-17 20:00:00
1679097600000,33053.381717868564,33164.53490961594,32212.93553017418,32992.959930876874,588.8928390909301,2023-03-18 00:00:00
1679112000000,32992.959930876874,33010.54469331078,32171.375488997266,32414.20600606594,1434.2899525391647,2023-03-18 04:00:00
1679126400000,32414.20600606594,32490.051004073674,31945.53944516748,32108.865455715015,599.7819661049211,2023-03-18 08:00:00
1679140800000,31626.826650777497,31626.826650777497,31380.587396624265,31458.037260859364,694.6738745078903,2023-03-18 12:00:00
1679155200000,32456.160815167514,32541.321323912794,32456.160815167514,32532.55865113464,1259.0130174021006,2023-03-18 16:00:00
1679169600000,32532.55865113464,32907.47766315244,32458.124820478006,32552.17612647125,895.9223221762986,2023-03-18 20:00:00
1679184000000,32389.928884150824,32389.928884150824,31716.261506425002,32165.11390483672,1616.2894002554692,2023-03-19 00:00:00
1679198400000,32165.11390483672,32601.241947569342,31969.160189355804,32282.98860117471,642.9584585509444,2023-03-19 04:00:00
1679212800000,32282.98860117471,32473.586763826188,32131.10174165572,32221.05690535054,1363.9177276277924,2023-03-19 08:00:00
1679227200000,32221.05690535054,32401.60534068985,31808.36385658527,32099.572583928613,1900.2801505590126,2023-03-19 12:00:00
1679241600000,32137.992594204632,32438.399300491958,32137.992594204632,32438.366264625514,1810.2566703241107,2023-03-19 16:00:00
1679256000000,32734.912164880552,33193.12521529816,32734.912164880552,32861.16040121801,526.0253863300023,2023-03-19 20:00:00
1679270400000,32692.406128863797,32692.406128863797,32080.69993565481,32564.493322009508,1459.996945374312,2023-03-20 00:00:00
1679284800000,32345.14001773808,32345.14001773808,32130.734513146894,32245.514449283008,634.1599214199144,2023-03-20 04:00:00
1679299200000,32245.514449283008,32795.06607648711,31918.082095391866,32094.25206443871,1279.5211336363259,2023-03-20 08:00:00
1679313600000,30907.55771874711,30907.55771874711,30617.391593775166,30855.830106998237,1286.019088162905,2023-03-20 12:00:00
1679328000000,30235.8007921129,30235.8007921129,29740.37105233342,30066.860759624997,2215.1735098465683,2023-03-20 16:00:00
1679342400000,30622.674551869666,30778.327592735084,30622.674551869666,30777.695210367743,1668.9609749009921,2023-03-20 20:00:00
1679356800000,31363.411892175915,31882.130545131633,31363.411892175915,31655.46783587479,1450.980274077799,2023-03-21 00:00:00
1679371200000,31655.46783587479,31949.3309944985,31366.31965775259,31520.988751702924,953.850744687199,2023-03-21 04:00:00
1679385600000,31520.988751702924,31974.4618416418,31244.390002801934,31833.2024766224,710.6421905441134,2023-03-21 08:00:00
1679400000000,31833.2024766224,32140.56647309079,31511.646377765755,32003.032217821215,944.1356404862513,2023-03-21 12:00:00
1679414400000,33687.72073459109,33840.46154381782,33687.72073459109,33732.57474272298,1954.6901946764356,2023-03-21 16:00:00
1679428800000,34022.906001216375,34686.052830096836,34022.906001216375,34384.403033489456,1625.9718787702627,2023-03-21 20:00:00
1679443200000,34384.403033489456,34727.45016264106,34139.48562868218,34309.295252238364,1105.4727384638722,2023-03-22 00:00:00
1679457600000,33949.284291562384,33949.284291562384,33713.88413189536,33753.408217755255,788.8548931247548,2023-03-22 04:00:00
1679472000000,32900.27778632662,32900.27778632662,32564.33542424059,32839.08004481993,3984.203374768196,2023-03-22 08:00:00
1679486400000,32906.846572859846,33120.75828286144,32906.846572859846,32953.49985254495,914.4633722946608,2023-03-22 12:00:00
1679500800000,32877.91809286455,32877.91809286455,32524.059559880294,32530.161053286927,1573.2434698001364,2023-03-22 16:00:00
1679515200000,32061.763059769903,32061.763059769903,31290.883011618847,31748.780972519613,622.3328209447349,2023-03-22 20:00:00
1679529600000,31457.045099682422,31457.045099682422,31142.147944133743,31399.789733239857,989.8380964941422,2023-03-23 00:00:00
1679544000000,31011.37999240045,31011.37999240045,30309.942876363348,30824.572594998917,1544.787587099343,2023-03-23 04:00:00
1679558400000,31588.010708128757,31773.333666064573,31588.010708128757,31726.54751994251,3591.4929897284223,2023-03-23 08:00:00
1679572800000,31879.27421440664,32229.65880940699,31879.27421440664,32208.33862240901,1420.8177984579845,2023-03-23 12:00:00
1679587200000,32208.33862240901,32698.52380104808,31793.703590100682,32203.949184764,912.617237770347,2023-03-23 16:00:00
1679601600000,32756.78544832045,33108.0840613252,32756.78544832045,33029.089299139334,677.5260517571392,2023-03-23 20:00:00
1679616000000,33029.089299139334,33310.372182964216,32881.58005488272,33072.802726445,560.3502963119342,2023-03-24 00:00:00
1679630400000,33072.802726445,33192.511051350295,32257.782864082816,32589.41887055193,2555.0460368743375,2023-03-24 04:00:00
1679644800000,33186.16898583933,33976.91272463795,33186.16898583933,33449.11727320241,2124.611864379357,2023-03-24 08:00:00
1679659200000,33736.14754188034,33994.21670375555,33736.14754188034,33758.695853335536,1334.3664730746036,2023-03-24 12:00:00
1679673600000,33223.28716971891,33223.28716971891,32937.47821211635,33165.37347501838,851.4398167324398,2023-03-24 16:00:00
1679688000000,33078.53606105021,33078.53606105021,33036.25431062842,33057.63433571211,1066.993030595318,2023-03-24 20:00:00
1679702400000,32777.0223017105,32777.0223017105,32518.459807119107,32566.49110787502,3306.2462599678925,2023-03-25 00:00:00
1679716800000,31943.13157798948,31943.13157798948,31400.855110395154,31805.682926518304,2262.8144724468802,2023-03-25 04:00:00
1679731200000,32083.674370919365,32325.935534690416,32083.674370919365,32313.26879622383,1494.503999244885,2023-03-25 08:00:00
1679745600000,33222.834412086275,33525.65672581467,33222.834412086275,33385.42186630505,824.441842480381,2023-03-25 12:00:00
1679760000000,32752.60351599636,32752.60351599636,32370.029027339075,32596.694439637195,541.1194541507331,2023-03-25 16:00:00
1679774400000,32596.694439637195,33034.5631691088,32199.56135468462,32911.917253237174,1369.0380011158259,2023-03-25 20:00:00
1679788800000,32599.833651762627,32599.833651762627,32416.380123724557,32547.876033986304,1156.3870907573178,2023-03-26 00:00:00
1679803200000,32464.17372140799,32464.17372140799,32166.755999984518,32277.96270618821,1079.5607422488072,2023-03-26 04:00:00
1679817600000,32277.96270618821,32298.140226767504,31535.060827882313,31952.735058541984,556.1105717881485,2023-03-26 08:00:00
1679832000000,31710.5159846111,31710.5159846111,31428.34311831355,31484.26506452226,983.235369409178,2023-03-26 12:00:00
1679846400000,31484.26506452226,31589.415489990763,31120.01280172153,31510.39130883269,549.5713157901519,2023-03-26 16:00:00
1679860800000,31179.0252438933,31179.0252438933,30954.900179760552,31065.948644751934,1386.7330544624383,2023-03-26 20:00:00
1679875200000,31065.948644751934,31514.41683905047,31060.702743349084,31209.91295861707,1308.9779289437242,2023-03-27 00:00:00
1679889600000,31209.91295861707,31301.516116383,30889.57750379085,31183.120825142,2034.355826228695,2023-03-27 04:00:00
1679904000000,31183.120825142,31459.912234345866,30592.33095712986,31056.00363347312,3668.797441431948,2023-03-27 08:00:00
1679918400000,31056.00363347312,31171.827983457573,30345.533512387578,30577.895682686794,749.0867335410724,2023-03-27 12:00:00
1679932800000,30563.31994953134,30563.31994953134,29777.022860067955,30277.882800769457,704.3689006695159,2023-03-27 16:00:00
1679947200000,30510.407642936785,30709.558244521308,30510.407642936785,30671.407948949975,1942.6203799216212,2023-03-27 20:00:00
1679961600000,30900.20448068477,31343.540511084437,30900.20448068477,30935.179752111704,1598.1783129283094,2023-03-28 00:00:00
1679976000000,30451.505758188105,30451.505758188105,30213.189463670347,30422.509482719594,678.369486599447,2023-03-28 04:00:00
1679990400000,30422.509482719594,30608.927884617016,30331.42818447778,30474.213259241573,988.9125730917281,2023-03-28 08:00:00
1680004800000,30720.26360102496,30901.858193005326,30720.26360102496,30868.177139741027,1216.8405591360865,2023-03-28 12:00:00
1680019200000,30609.069038345453,30609.069038345453,29912.852163428714,29999.699986657797,2327.2619379891485,2023-03-28 16:00:00
1680033600000,29999.699986657797,30284.527573937037,29976.41559807786,30279.65692784474,564.0494854886571,2023-03-28 20:00:00
1680048000000,29970.97597408716,29970.97597408716,29750.62571656557,29938.59875169573,1334.7531994414878,2023-03-29 00:00:00
1680062400000,29967.571159019386,30272.55037686822,29967.571159019386,30232.059490729363,3713.664935287522,2023-03-29 04:00:00
1680076800000,30232.059490729363,30376.71628445266,29688.04163543949,29840.157512455964,546.6568571339644,2023-03-29 08:00:00
1680091200000,29045.930457636,29045.930457636,28879.442084378312,28933.5169129574,686.1935310837393,2023-03-29 12:00:00
1680105600000,28533.4831935007,28533.4831935007,28110.83563699522,28139.602202986167,943.3846259688029,2023-03-29 16:00:00
1680120000000,28139.602202986167,28398.122887675683,27655.870587920723,28162.74274522698,579.8639573631247,2023-03-29 20:00:00
1680134400000,28162.74274522698,28557.301293759927,27860.050171505238,28288.061748911008,1172.646906542572,2023-03-30 00:00:00
1680148800000,27940.134093182693,27940.134093182693,27838.83129619208,27854.112414160587,908.5272008587851,2023-03-30 04:00:00
1680163200000,28037.71941403701,28186.423758330715,28037.71941403701,28159.853447334564,1804.368937895508,2023-03-30 08:00:00
1680177600000,27587.571023886874,27587.571023886874,26997.497684391634,27371.26439615378,770.3976378446512,2023-03-30 12:00:00
1680192000000,27371.26439615378,27485.425610317587,27097.27959607876,27340.362421843045,1291.7061591687816,2023-03-30 16:00:00
1680206400000,26966.844126129112,26966.844126129112,26769.165966305558,26780.173565761153,575.5158295586109,2023-03-30 20:00:00
1680220800000,26686.5775887567,26686.5775887567,26186.381669208968,26483.415670094906,2025.2153933379457,2023-03-31 00:00:00
1680235200000,26493.28441947505,26515.128496986872,26493.28441947505,26504.883297836364,754.4502797528553,2023-03-31 04:00:00
1680249600000,26458.839879477167,26458.839879477167,25737.895435992537,26117.88332963753,4326.793856464401,2023-03-31 08:00:00
1680264000000,26057.691509803943,26057.691509803943,25828.407095469604,25946.74856216876,906.7550109348952,2023-03-31 12:00:00
1680278400000,26036.145971889844,26521.9695940981,26036.145971889844,26396.959538280556,1363.6028477808202,2023-03-31 16:00:00
1680292800000,26235.04713556545,26235.04713556545,26031.69626208576,26137.913758479404,2513.078562426349,2023-03-31 20:00:00
1680307200000,26431.00254986642,26550.199592308003,26431.00254986642,26514.003110340986,650.8082116117995,2023-04-01 00:00:00
1680321600000,26291.297996705085,26291.297996705085,25514.08623049016,26006.86980216239,1015.4018868145539,2023-04-01 04:00:00
1680336000000,26242.09002793127,26278.758847035904,26242.09002793127,26243.483331686883,645.2770333395755,2023-04-01 08:00:00
1680350400000,26523.68547159036,27120.26874962583,26523.68547159036,26898.250654198364,642.7276043500418,2023-04-01 12:00:00
1680364800000,26086.93334481517,26086.93334481517,25527.81354599348,25785.40423948577,1161.2659120131907,2023-04-01 16:00:00
1680379200000,25785.40423948577,25834.755141643414,25207.9406992166,25436.51441699803,1400.8619498880007,2023-04-01 20:00:00
1680393600000,25630.820106164167,25947.84693940095,25630.820106164167,25688.687977482547,1138.1663846557594,2023-04-02 00:00:00
1680408000000,25688.687977482547,26058.272833799958,25250.79164785194,25599.67579139833,735.8580299582401,2023-04-02 04:00:00
1680422400000,25625.185082110733,26027.89072391431,25625.185082110733,25762.614960812283,1329.8674718767224,2023-04-02 08:00:00
1680436800000,25689.64509693712,25689.64509693712,25263.174930621703,25497.98194751109,1337.9208321549434,2023-04-02 12:00:00
1680451200000,25497.98194751109,25679.142632551302,25355.01435774891,25535.753243302195,1441.8853013231987,2023-04-02 16:00:00
1680465600000,25535.753243302195,25709.861053183573,25460.086682927504,25467.885415634264,802.9080927326902,2023-04-02 20:00:00
1680480000000,25654.022148571974,26383.26317991079,25654.022148571974,25981.414183374858,1220.9457147263106,2023-04-03 00:00:00
1680494400000,26087.461588607537,26505.078979488855,26087.461588607537,26094.66156959544,1826.548433799724,2023-04-03 04:00:00
1680508800000,26164.91297094687,26260.09205524204,26164.91297094687,26245.69715589133,3338.288237173423,2023-04-03 08:00:00
1680523200000,26086.75025231639,26086.75025231639,25772.135712706102,26061.54979146774,595.8745300188066,2023-04-03 12:00:00
1680537600000,26033.561987946265,26033.561987946265,25376.756279176116,25845.21388294976,1023.1774683712669,2023-04-03 16:00:00
1680552000000,25845.21388294976,25864.96323709757,25643.476287190042,25654.80470507073,718.5221244655463,2023-04-03 20:00:00
1680566400000,25787.583138251783,26035.067778459168,25787.583138251783,25828.383248228343,1408.6828042203383,2023-04-04 00:00:00
1680580800000,25708.374578188024,25708.374578188024,25355.604732894924,25643.171116960555,1885.7342431683176,2023-04-04 04:00:00
1680595200000,25643.171116960555,25802.30948022243,25588.427820449335,25770.51452944832,699.4088981062736,2023-04-04 08:00:00
1680609600000,26555.562278041703,26891.11196957898,26555.562278041703,26701.236396012297,783.5001988145518,2023-04-04 12:00:00
1680624000000,26701.236396012297,27222.895025729336,26676.804689324577,27101.84231819762,1386.7116130036375,2023-04-04 16:00:00
1680638400000,27101.84231819762,27393.599441339797,26669.502147969542,26951.21421230494,585.0949515371022,2023-04-04 20:00:00
1680652800000,27488.23783843237,27860.534846455994,27488.23783843237,27510.370619388348,833.0761746627113,2023-04-05 00:00:00
1680667200000,27510.370619388348,27608.58005610299,27226.601870952127,27319.12530120236,513.9591125642377,2023-04-05 04:00:00
1680681600000,26685.167078708288,26685.167078708288,26116.98809213602,26383.673024083797,2102.7393001009114,2023-04-05 08:00:00
1680696000000,26383.673024083797,26443.519970813875,25604.958743400304,25932.8935446627,1587.7530751021566,2023-04-05 12:00:00
1680710400000,25219.63232659383,25219.63232659383,25073.941439103877,25116.652757401007,6292.422694036066,2023-04-05 16:00:00
1680724800000,25116.652757401007,25173.893595788166,24751.25662020328,24966.17667614545,2618.2023476955583,2023-04-05 20:00:00
1680739200000,24966.17667614545,25033.090878675495,24877.789261771137,24974.0387976617,749.2963996704411,2023-04-06 00:00:00
1680753600000,25699.9647189538,26150.39926605289,25699.9647189538,25700.114714569812,773.2091576127359,2023-04-06 04:00:00
1680768000000,25700.114714569812,26019.059474385984,25670.562188240332,25844.149847144952,874.8360412919455,2023-04-06 08:00:00
1680782400000,25844.149847144952,26044.541205520687,25656.152530633604,25747.531293539567,4253.354972346815,2023-04-06 12:00:00
1680796800000,26073.33464264972,26240.1326729798,26073.33464264972,26115.196870262924,861.5231685080828,2023-04-06 16:00:00
1680811200000,25295.407210907855,25295.407210907855,24988.583224107162,25146.485485609646,1676.5381070998153,2023-04-06 20:00:00
1680825600000,25157.999165711954,25268.543711856848,25157.999165711954,25247.975256032903,640.0869173020116,2023-04-07 00:00:00
1680840000000,25387.26080935667,25844.15039659595,25387.26080935667,25582.892578411695,1355.8086460009313,2023-04-07 04:00:00
1680854400000,24949.088179104714,24949.088179104714,24632.86836013212,24944.354049597525,874.2422589800525,2023-04-07 08:00:00
1680868800000,25230.784019417893,25849.490512550976,25230.784019417893,25436.875904528988,1867.3342168122133,2023-04-07 12:00:00
1680883200000,25436.875904528988,25694.136002339044,25274.389698027626,25584.49512599125,813.5628710108327,2023-04-07 16:00:00
1680897600000,25533.014393066733,25533.014393066733,25265.77941030234,25403.505623835907,2899.6764970437134,2023-04-07 20:00:00
1680912000000,25527.73865506202,25974.23751278376,25527.73865506202,25679.796591734572,2772.9805574721777,2023-04-08 00:00:00
1680926400000,26611.77655061251,26773.601786731397,26611.77655061251,26696.219062687607,3630.2214164088514,2023-04-08 04:00:00
1680940800000,26696.219062687607,27124.564569170554,26514.51906804394,26779.346634657504,564.4652729165866,2023-04-08 08:00:00
1680955200000,26885.1742184795,27120.782182892024,26885.1742184795,26893.221389351736,785.7370597857689,2023-04-08 12:00:00
1680969600000,26893.221389351736,26908.7074081504,26548.992645040285,26682.86258465344,2583.3584057535872,2023-04-08 16:00:00
1680984000000,26473.990599079752,26473.990599079752,26201.105802967428,26298.014930274112,2446.5269007961115,2023-04-08 20:00:00
1680998400000,26577.47504361022,26802.778500570163,26577.47504361022,26673.96539211107,1672.2249657953291,2023-04-09 00:00:00
1681012800000,26320.001514922693,26320.001514922693,26204.626070890157,26286.44211610879,902.8936906992657,2023-04-09 04:00:00
1681027200000,26316.635236573136,26818.18134931451,26316.635236573136,26318.621195186563,1214.5146654134442,2023-04-09 08:00:00
1681041600000,26184.925659199045,26184.925659199045,25942.13601178268,26104.590678676966,2121.490405578803,2023-04-09 12:00:00
1681056000000,26242.581621433535,26348.21369399172,26242.581621433535,26319.216160859414,1585.6380356598943,2023-04-09 16:00:00
1681070400000,26336.18547329334,26635.242892791404,26336.18547329334,26469.768306524613,3414.1467976536856,2023-04-09 20:00:00
1681084800000,26845.273879180295,27131.566299952752,26845.273879180295,26943.44286900337,641.2029190351665,2023-04-10 00:00:00
1681099200000,26943.44286900337,26944.57638613743,26510.403015595126,26709.55198672876,1632.344603221023,2023-04-10 04:00:00
1681113600000,26709.55198672876,26712.36230311321,26503.117808155974,26586.611292645062,684.9551777757217,2023-04-10 08:00:00
1681128000000,26161.825015061666,26161.825015061666,26111.891145475605,26145.467114358118,1145.2635514220833,2023-04-10 12:00:00
1681142400000,26025.422957951723,26025.422957951723,25714.765090765442,25947.63999230177,684.2577361893991,2023-04-10 16:00:00
1681156800000,25947.63999230177,26155.43005421476,25841.153698644357,26115.541464561305,709.7286749633356,2023-04-10 20:00:00
1681171200000,26115.541464561305,26476.291189312837,26047.179997315612,26455.690604702588,1427.1317394188782,2023-04-11 00:00:00
1681185600000,26325.79583081715,26325.79583081715,26008.13282840669,26041.90333350963,2269.387883844236,2023-04-11 04:00:00
1681200000000,26360.830389956496,26565.92143018749,26360.830389956496,26431.930827021675,2325.4436356623237,2023-04-11 08:00:00
1681214400000,26807.144202329735,27333.3071674275,26807.144202329735,27051.632286627784,950.9586856313101,2023-04-11 12:00:00
1681228800000,27101.866878448072,27327.661375397103,27101.866878448072,27243.50100199223,619.4486969456036,2023-04-11 16:00:00
1681243200000,28078.192867568225,28356.123014805973,28078.192867568225,28131.747275895166,548.3467992524319,2023-04-11 20:00:00
1681257600000,27779.331231372922,27779.331231372922,27717.62956527314,27762.07399108822,1497.978063985518,2023-04-12 00:00:00
1681272000000,27390.472910343207,27390.472910343207,26983.194870879568,27177.611555369844,3348.316556850679,2023-04-12 04:00:00
1681286400000,26588.215442971417,26588.215442971417,26199.231228573455,26363.655853047316,999.4271640815944,2023-04-12 08:00:00
1681300800000,27037.477744002754,27144.63296526424,27037.477744002754,27046.597119049224,960.6652777867604,2023-04-12 12:00:00
1681315200000,27057.852011406685,27670.72332571592,27057.852011406685,27350.848395427427,1235.1028117886722,2023-04-12 16:00:00
1681329600000,27350.848395427427,27561.381771703862,27287.933280438756,27324.871487811786,1204.2501747557835,2023-04-12 20:00:00
1681344000000,27450.235268760804,27722.966617855793,27450.235268760804,27455.96316391836,4559.3369952093235,2023-04-13 00:00:00
1681358400000,26974.525719067078,26974.525719067078,26908.275322352285,26932.754855220628,1588.1064160436101,2023-04-13 04:00:00
1681372800000,27663.61343806994,28455.564352816735,27663.61343806994,28082.685594086874,1048.5140501969202,2023-04-13 08:00:00
1681387200000,28082.685594086874,28294.4306710082,28004.602265906535,28144.789662218267,2216.2067467789284,2023-04-13 12:00:00
1681401600000,28144.789662218267,28437.38188196159,27757.07091868189,28197.47244952097,1112.5420770615797,2023-04-13 16:00:00
1681416000000,28347.394691109093,28758.874154316043,28347.394691109093,28549.49624618952,1219.2339863118927,2023-04-13 20:00:00
1681430400000,28549.49624618952,29005.819337870627,28373.779718475,28785.221753599144,5957.184630633821,2023-04-14 00:00:00
1681444800000,28865.455934987913,29091.504247140212,28865.455934987913,28895.60215362102,923.1457534858857,2023-04-14 04:00:00
1681459200000,28851.114932667184,28851.114932667184,28408.186611307487,28507.758682106025,500.2270639953335,2023-04-14 08:00:00
1681473600000,28610.4040776336,28914.00698357317,28610.4040776336,28738.451926630092,628.2466116659132,2023-04-14 12:00:00
1681488000000,29604.93490735395,29715.995823209953,29604.93490735395,29678.092166072947,3142.374274229241,2023-04-14 16:00:00
1681502400000,30321.48177568036,30626.91096950182,30321.48177568036,30368.595434825223,1218.2451578002847,2023-04-14 20:00:00
1681516800000,30809.71569940075,31536.08924565337,30809.71569940075,31207.06405499128,1471.091813876365,2023-04-15 00:00:00
1681531200000,31090.458664836227,31090.458664836227,30848.504611314373,30935.527257263893,536.239002911492,2023-04-15 04:00:00
1681545600000,30444.270422866477,30444.270422866477,30298.60589883043,30416.585164386102,2121.5195243332564,2023-04-15 08:00:00
1681560000000,30416.585164386102,30530.83815014438,29840.458945438677,30351.249995947957,1625.7371855851006,2023-04-15 12:00:00
1681574400000,30372.902599856538,30675.793572488543,30372.902599856538,30380.176821675326,2510.181746161922,2023-04-15 16:00:00
1681588800000,30947.896230869024,31027.173349239893,30947.896230869024,30953.79073211413,1160.1613947623755,2023-04-15 20:00:00
1681603200000,30134.8627831495,30134.8627831495,29653.218146418276,30071.048539009116,5345.41405265386,2023-04-16 00:00:00
1681617600000,30523.785149710922,31125.045500906137,30523.785149710922,30867.703967060304,507.00675193472443,2023-04-16 04:00:00
1681632000000,30867.703967060304,31158.385551278257,30648.364648286337,30784.438554009394,2208.536246104378,2023-04-16 08:00:00
1681646400000,30784.438554009394,30822.299199726323,30430.63293992978,30560.606442111508,500.5981176715129,2023-04-16 12:00:00
1681660800000,30309.511017254066,30309.511017254066,29833.616726415232,30036.398541675466,766.0084659001128,2023-04-16 16:00:00
1681675200000,29640.597581566977,29640.597581566977,29080.899694470605,29198.584518910404,1040.2454786595356,2023-04-16 20:00:00
1681689600000,29536.095100689927,29845.23853603114,29536.095100689927,29612.373444639117,2857.0307087352544,2023-04-17 00:00:00
1681704000000,29627.699378500067,30175.52508396866,29627.699378500067,29649.51189309563,612.945547196431,2023-04-17 04:00:00
1681718400000,29264.707361698056,29264.707361698056,28740.438199217806,29002.84246238517,886.2527816820527,2023-04-17 08:00:00
1681732800000,28480.392374867555,28480.392374867555,28234.30116828976,28367.79518703219,630.6758871390892,2023-04-17 12:00:00
1681747200000,28367.79518703219,28420.28338553613,28128.365449143545,28205.424160077746,573.1468131613134,2023-04-17 16:00:00
1681761600000,28698.472571871935,29066.682429733304,28698.472571871935,29021.76748319669,581.0544488872824,2023-04-17 20:00:00
1681776000000,28943.376275994393,28943.376275994393,28838.843788610528,28893.262867039903,2423.757515573203,2023-04-18 00:00:00
1681790400000,28162.17155945615,28162.17155945615,28081.900453072547,28160.274804537068,1967.2553344303774,2023-04-18 04:00:00
1681804800000,28160.274804537068,28195.43991135773,27828.685026506402,28042.222579151694,841.0385814119751,2023-04-18 08:00:00
1681819200000,28042.222579151694,28243.06055823198,27530.003244288953,27911.788509548267,1286.4810288349036,2023-04-18 12:00:00
1681833600000,26765.382643326786,26765.382643326786,26456.41216901473,26654.179682860296,683.4019874143787,2023-04-18 16:00:00
1681848000000,26637.352954529644,26637.352954529644,26181.391256449577,26629.45159774936,2091.797235781115,2023-04-18 20:00:00
1681862400000,26629.45159774936,26703.723576998014,26229.678082569993,26524.530686864855,669.3341718640597,2023-04-19 00:00:00
1681876800000,26819.692775665444,27038.60981969009,26819.692775665444,26842.101509142176,973.7918784843434,2023-04-19 04:00:00
1681891200000,27681.665636087342,27823.302287320857,27681.665636087342,27704.0725425297,820.1888723770476,2023-04-19 08:00:00
1681905600000,28212.915589027183,28335.19812874895,28212.915589027183,28242.784319071026,697.3478148621479,2023-04-19 12:00:00
1681920000000,28242.784319071026,28247.17912674512,28081.02558766205,28113.260330406276,652.2181225463228,2023-04-19 16:00:00
1681934400000,27680.761830875297,27680.761830875297,27522.96947952862,27586.4677535426,4476.9657357820215,2023-04-19 20:00:00
1681948800000,28687.784521285004,29151.086734182263,28687.784521285004,28827.126046288624,919.4490535165588,2023-04-20 00:00:00
1681963200000,28827.126046288624,29146.425264106838,28736.0674295778,28856.32357134788,657.8486982563754,2023-04-20 04:00:00
1681977600000,28856.32357134788,28932.025042043788,28650.57900801746,28863.195674612867,2151.657816993581,2023-04-20 08:00:00
1681992000000,28863.195674612867,28901.238092514286,28721.013348270455,28851.294449194,876.4449821263705,2023-04-20 12:00:00
1682006400000,28851.294449194,29296.049036063185,28622.48838497313,28949.157741072875,660.7637432607055,2023-04-20 16:00:00
1682020800000,28949.157741072875,29183.29709048567,28784.06514704229,28877.80408978031,981.4666707162233,2023-04-20 20:00:00
1682035200000,28663.97037779697,28663.97037779697,28513.574750810207,28595.991481089248,771.130875880435,2023-04-21 00:00:00
1682049600000,28566.94407922278,28566.94407922278,27997.740201835983,28329.90673385146,1418.6572411940529,2023-04-21 04:00:00
1682064000000,28329.90673385146,28552.47933612959,27974.033556691633,28314.048815989398,2237.257942441951,2023-04-21 08:00:00
1682078400000,28088.186508922478,28088.186508922478,27708.59919210025,28052.234349443796,2114.142569706346,2023-04-21 12:00:00
1682092800000,27790.142563315432,27790.142563315432,27522.709070868284,27712.462425653484,1651.6021527080916,2023-04-21 16:00:00
1682107200000,27727.02516718988,27849.664577612803,27727.02516718988,27762.92892493614,1441.12855647433,2023-04-21 20:00:00
1682121600000,27762.92892493614,27784.925779744088,27315.306659828184,27642.178567378418,584.0131260067169,2023-04-22 00:00:00
1682136000000,28170.73829753731,28471.656685918213,28170.73829753731,28362.093159941483,594.0464292896677,2023-04-22 04:00:00
1682150400000,27351.347149347992,27351.347149347992,27094.929664838877,27105.463141410033,867.7056873312893,2023-04-22 08:00:00
1682164800000,27225.64781442871,27691.401936400413,27225.64781442871,27615.979114794645,2658.3005893272903,2023-04-22 12:00:00
1682179200000,27628.42058807866,28583.165095249788,27628.42058807866,28210.55862898779,717.4821080309616,2023-04-22 16:00:00
1682193600000,27483.555144411697,27483.555144411697,26884.434503304838,27228.162324776476,1926.381868893206,2023-04-22 20:00:00
1682208000000,27157.329340941375,27157.329340941375,27037.669974258613,27069.119834986348,1839.1351223725042,2023-04-23 00:00:00
1682222400000,27069.119834986348,27116.198253483388,26841.91308418473,26897.781854667024,550.8785470907684,2023-04-23 04:00:00
1682236800000,26312.248943239178,26312.248943239178,25883.52020073789,26258.30912334914,757.4484681300528,2023-04-23 08:00:00
1682251200000,25978.29005193284,25978.29005193284,25872.592871157223,25911.470230197516,1051.2486005622604,2023-04-23 12:00:00
1682265600000,25488.8026582666,25488.8026582666,25402.069987029096,25424.175024944012,1088.5213137801088,2023-04-23 16:00:00
1682280000000,26160.974153746407,26689.035356997396,26160.974153746407,26197.277054773298,2902.9411851621444,2023-04-23 20:00:00
1682294400000,26529.117919862634,26964.012768811426,26529.117919862634,26619.681680635178,2170.2857504004905,2023-04-24 00:00:00
1682308800000,26760.983235261552,27390.66423451785,26760.983235261552,27204.653153834795,2386.983363836401,2023-04-24 04:00:00
1682323200000,27411.625122723322,27823.359487090802,27411.625122723322,27542.354433085267,3330.0877176850545,2023-04-24 08:00:00
1682337600000,27337.62727196235,27337.62727196235,26851.776244509238,27015.854388916447,2135.2548810867347,2023-04-24 12:00:00
1682352000000,26850.82611796219,26850.82611796219,26524.396130219473,26774.695496215318,552.6241365926836,2023-04-24 16:00:00
1682366400000,26782.105449838386,27384.813439642174,26782.105449838386,26999.627755016525,1098.4742688237761,2023-04-24 20:00:00
1682380800000,26609.090898488277,26609.090898488277,26149.478376437393,26441.397278107885,1507.1571876970356,2023-04-25 00:00:00
1682395200000,26597.097602228718,26899.697472171883,26597.097602228718,26765.655002232794,1288.988632853167,2023-04-25 04:00:00
1682409600000,26765.655002232794,26805.01733370595,26443.874537223954,26655.917855465414,1880.744623767398,2023-04-25 08:00:00
1682424000000,26655.917855465414,26825.020553165417,26464.87258064434,26485.664913465433,3919.4995605254085,2023-04-25 12:00:00
1682438400000,26485.664913465433,27012.139561961547,26216.385612449354,26809.53124401655,2782.3435050455755,2023-04-25 16:00:00
1682452800000,26962.139685347975,27442.352906953627,26962.139685347975,27013.915671552662,790.5834473663516,2023-04-25 20:00:00
1682467200000,27013.915671552662,27085.455413500593,26814.101850782798,26847.73416020838,730.6466743193133,2023-04-26 00:00:00
1682481600000,27276.873423052748,27609.910849714663,27276.873423052748,27385.128701089656,1299.9764615179965,2023-04-26 04:00:00
1682496000000,26992.583636290994,26992.583636290994,26718.08849129741,26883.679443781606,1416.919454727911,2023-04-26 08:00:00
1682510400000,26991.559962897405,27374.339836544812,26991.559962897405,27168.24372323568,4205.430375478479,2023-04-26 12:00:00
1682524800000,27242.364977984398,27881.540569732482,27242.364977984398,27445.104774624277,1545.4447389605757,2023-04-26 16:00:00
1682539200000,27381.79866676381,27381.79866676381,27119.979967109983,27300.257586784955,2191.436676998317,2023-04-26 20:00:00
1682553600000,27300.257586784955,27839.030969674,27099.60727038637,27452.887851496635,1141.3817504585445,2023-04-27 00:00:00
1682568000000,26966.6493237317,26966.6493237317,26662.15384793294,26871.967363397653,2537.5297205938223,2023-04-27 04:00:00
1682582400000,27266.143778664908,27322.440037861703,27266.143778664908,27299.812578860867,2380.9030796253464,2023-04-27 08:00:00
1682596800000,27278.785726656544,27278.785726656544,26916.144101516824,27213.657015655965,680.9222658547063,2023-04-27 12:00:00
1682611200000,27044.060799560248,27044.060799560248,26547.807560102305,26971.56108113831,1508.7441994171234,2023-04-27 16:00:00
1682625600000,27316.100172655024,27595.88270512625,27316.100172655024,27459.598577408964,542.3829262133264,2023-04-27 20:00:00
1682640000000,27277.079954960445,27277.079954960445,26695.734502159663,27130.947730291522,2451.4699742606404,2023-04-28 00:00:00
1682654400000,26651.131593666523,26651.131593666523,26057.535791118004,26485.50171813692,3560.166573864348,2023-04-28 04:00:00
1682668800000,25863.463244610735,25863.463244610735,25752.56351635008,25790.003990105317,1249.9037362026554,2023-04-28 08:00:00
1682683200000,25977.691168536003,26194.0430803002,25977.691168536003,26058.569735837806,860.647292237577,2023-04-28 12:00:00
1682697600000,26035.880344242945,26035.880344242945,25221.4134327433,25494.374147401453,1417.7497882472496,2023-04-28 16:00:00
1682712000000,26023.231078889243,26359.933825227312,26023.231078889243,26270.74418176736,1460.2275388403696,2023-04-28 20:00:00
1682726400000,25368.880350665106,25368.880350665106,25325.312081381955,25352.198309583575,1395.7946413840687,2023-04-29 00:00:00
1682740800000,25864.04788187349,26224.927378662403,25864.04788187349,26098.198467682545,1476.5174049636921,2023-04-29 04:00:00
1682755200000,26098.198467682545,26248.341003232636,25632.445346695324,26192.513392544082,1252.1683720353626,2023-04-29 08:00:00
1682769600000,26192.513392544082,26203.531501144073,25683.87490777764,26149.24492635373,720.0930908015006,2023-04-29 12:00:00
1682784000000,26022.35598070743,26022.35598070743,25794.544418083424,25906.78617361402,588.7943727343963,2023-04-29 16:00:00
1682798400000,25911.454836338446,26512.997569749972,25911.454836338446,26084.158139569456,1075.749685763407,2023-04-29 20:00:00
1682812800000,26084.158139569456,26166.20361831614,25688.1300588654,26067.38194156152,926.1817261473234,2023-04-30 00:00:00
1682827200000,26557.240522894306,27032.584422763877,26557.240522894306,26563.701891469227,1836.1048487108292,2023-04-30 04:00:00
1682841600000,26563.701891469227,26622.39006511487,26491.385641537458,26615.62394497594,909.9602877117508,2023-04-30 08:00:00
1682856000000,26615.62394497594,27058.922606259603,26601.84091617916,26684.09810438708,1163.623306159519,2023-04-30 12:00:00
1682870400000,26684.09810438708,27060.657018312617,26433.271105400196,26518.74595468385,769.9859534079594,2023-04-30 16:00:00
1682884800000,26518.74595468385,27105.346554545493,26350.306991060355,26492.942972971436,577.8489445678823,2023-04-30 20:00:00
1682899200000,26493.873120883884,26795.491225871272,26493.873120883884,26632.712451324063,1203.0186460483492,2023-05-01 00:00:00
1682913600000,26083.13571226559,26083.13571226559,25821.44493480639,25865.369836547154,537.1423672697514,2023-05-01 04:00:00
1682928000000,25530.467830475493,25530.467830475493,25230.1364530169,25276.063335717914,804.3649632159809,2023-05-01 08:00:00
1682942400000,25579.99647843267,25712.547539974792,25579.99647843267,25599.27165149425,1096.1629738751385,2023-05-01 12:00:00
1682956800000,25599.27165149425,26043.83456849316,25269.512641811543,25674.154816300306,904.1060702801168,2023-05-01 16:00:00
1682971200000,25674.154816300306,25741.991699294827,25523.91398227709,25593.53166194978,956.9662988092903,2023-05-01 20:00:00
1682985600000,25593.53166194978,25649.175218273962,25530.12343801706,25601.59815167741,3889.495054219591,2023-05-02 00:00:00
1683000000000,25601.59815167741,26106.064261452637,25577.59785317245,25754.172955552905,835.7606136375007,2023-05-02 04:00:00
1683014400000,25676.55525577855,25676.55525577855,25049.01944498487,25517.62790557261,1157.8135117557792,2023-05-02 08:00:00
1683028800000,25354.564262392094,25354.564262392094,24974.452535902896,25180.36238978128,882.783704488999,2023-05-02 12:00:00
1683043200000,25258.24116747737,25453.467036657294,25258.24116747737,25264.806655561148,1442.5397625891,2023-05-02 16:00:00
1683057600000,25188.924415961,25188.924415961,24782.125106194097,24845.760855986442,920.4906620785935,2023-05-02 20:00:00
1683072000000,24845.760855986442,25060.947594850968,24774.953877724296,25019.76745577645,1223.0749700078632,2023-05-03 00:00:00
1683086400000,24323.722114604585,24323.722114604585,24220.34969591827,24302.047905247488,1424.3558227107892,2023-05-03 04:00:00
1683100800000,24619.203857323624,24783.134106277044,24619.203857323624,24733.385996200206,3196.616446896824,2023-05-03 08:00:00
1683115200000,24890.03675067236,25151.337636308603,24890.03675067236,24934.017177035144,1371.6078660550047,2023-05-03 12:00:00
1683129600000,24934.017177035144,25150.683602387944,24738.01464195469,25043.38796718955,2618.912348977063,2023-05-03 16:00:00
1683144000000,25406.85468958895,25630.888239304568,25406.85468958895,25467.646863847316,1476.85133874033,2023-05-03 20:00:00
1683158400000,26031.262080198947,26291.887578861544,26031.262080198947,26203.16237300718,725.3897574630221,2023-05-04 00:00:00
1683172800000,26593.76507113142,26704.64940832118,26593.76507113142,26661.50364816273,1628.242053359348,2023-05-04 04:00:00
1683187200000,26037.439297578327,26037.439297578327,25708.354632510695,25835.539764041216,1912.4374859492198,2023-05-04 08:00:00
1683201600000,25608.73752265914,25608.73752265914,25245.23459582441,25276.541324635844,1458.7337743884373,2023-05-04 12:00:00
1683216000000,25027.86872893232,25027.86872893232,24955.435296531017,25007.99316971956,1132.1593204234969,2023-05-04 16:00:00
1683230400000,25007.99316971956,25102.19808269626,24953.793023515736,25019.149855173426,727.5719345038183,2023-05-04 20:00:00
1683244800000,25019.149855173426,25329.42889694397,24924.08049767423,25241.535779052134,1333.3658886675275,2023-05-05 00:00:00
1683259200000,25209.708158852387,25209.708158852387,24882.509433142775,24930.309842277522,2664.9025171565568,2023-05-05 04:00:00
1683273600000,24930.309842277522,25027.083536827664,24826.353194097665,25010.033769926013,2944.490723639544,2023-05-05 08:00:00
1683288000000,24929.629910768523,24929.629910768523,24607.40461015386,24689.149580283185,643.5189938218563,2023-05-05 12:00:00
1683302400000,24467.280054023675,24467.280054023675,24345.229967302577,24432.396824086703,951.6199407153103,2023-05-05 16:00:00
1683316800000,23875.01911609984,23875.01911609984,23806.71354438459,23851.88342852098,903.7254053615225,2023-05-05 20:00:00
1683331200000,23682.62341826369,23682.62341826369,23323.818422589487,23478.393069337897,3150.7744820058047,2023-05-06 00:00:00
1683345600000,23058.872126262926,23058.872126262926,22826.421493006714,22942.09811623882,1841.4971234034583,2023-05-06 04:00:00
1683360000000,22593.6976857745,22593.6976857745,22442.03199628492,22562.541162207523,832.3523748026487,2023-05-06 08:00:00
1683374400000,22798.608098945584,23237.912636885976,22798.608098945584,22972.618763996103,4255.773272227464,2023-05-06 12:00:00
1683388800000,22836.96922973276,22836.96922973276,22507.510086306665,22602.784081546037,1070.0997387791122,2023-05-06 16:00:00
1683403200000,23596.299684661557,23683.641602491865,23596.299684661557,23643.152490514472,3450.4946419583875,2023-05-06 20:00:00
1683417600000,23643.152490514472,23981.202624569964,23620.351749599777,23843.38414271299,1911.375208901592,2023-05-07 00:00:00
1683432000000,23843.38414271299,24237.530618175027,23605.946447085145,23918.84278597718,1088.0189938133617,2023-05-07 04:00:00
1683446400000,23739.78530993819,23739.78530993819,23419.33936031303,23570.430060215225,560.2363086589305,2023-05-07 08:00:00
1683460800000,23570.430060215225,23903.79041316976,23468.943594453143,23854.305564366576,683.9469396444902,2023-05-07 12:00:00
1683475200000,23854.305564366576,23854.573513133582,23281.212128302588,23620.71841504418,559.1046115363869,2023-05-07 16:00:00
1683489600000,23628.034672479054,23863.81632362449,23628.034672479054,23670.03679400004,664.5715204491362,2023-05-07 20:00:00
1683504000000,24517.572404241055,25084.968016962834,24517.572404241055,24728.947097333505,1043.5807301359346,2023-05-08 00:00:00
1683518400000,24728.947097333505,24843.51657986159,24338.873527281223,24688.37203957403,1202.465033184062,2023-05-08 04:00:00
1683532800000,25157.017224870997,25238.861824870684,25157.017224870997,25178.215075114476,959.2617027101013,2023-05-08 08:00:00
1683547200000,24889.256278185527,24889.256278185527,24805.502575120983,24877.3654264061,1197.0455797169077,2023-05-08 12:00:00
1683561600000,24877.3654264061,24916.940162602437,24759.75349597378,24862.490060878983,1372.4416383427993,2023-05-08 16:00:00
1683576000000,25558.36344320398,25710.152032900198,25558.36344320398,25626.628825030348,1110.4398508926483,2023-05-08 20:00:00
1683590400000,25626.628825030348,25864.28284380587,25241.836605202156,25353.429997384774,3902.382283935487,2023-05-09 00:00:00
1683604800000,26096.8342135251,26266.33790025316,26096.8342135251,26151.269880618285,2487.4796762325905,2023-05-09 04:00:00
1683619200000,26461.785073077306,26642.858742274006,26461.785073077306,26469.595570073427,1297.8795716699965,2023-05-09 08:00:00
1683633600000,26438.18067028566,26438.18067028566,26167.64559289742,26216.30102473462,728.1493137755422,2023-05-09 12:00:00
1683648000000,26216.30102473462,26551.79692448368,26215.2846811362,26501.26253924645,556.1580589407639,2023-05-09 16:00:00
1683662400000,26835.037531681744,26948.504244509422,26835.037531681744,26945.54959671939,843.7260781550874,2023-05-09 20:00:00
1683676800000,27210.69441025068,27500.308260094618,27210.69441025068,27233.503473952565,863.7040537571318,2023-05-10 00:00:00
1683691200000,26579.590104690767,26579.590104690767,26456.367450150363,26512.20099036635,853.6216078176968,2023-05-10 04:00:00
1683705600000,26218.885261301573,26218.885261301573,25847.11880070075,26184.684149516565,758.0994565048401,2023-05-10 08:00:00
1683720000000,26182.02931762915,26182.02931762915,25858.777112950913,26074.122457584504,3312.1510585578067,2023-05-10 12:00:00
1683734400000,26074.122457584504,26336.82198360061,26027.346302981834,26040.965904088287,2717.693469201768,2023-05-10 16:00:00
1683748800000,26241.607361110106,26726.68306210505,26241.607361110106,26318.740988525915,4617.301050112322,2023-05-10 20:00:00
1683763200000,26318.740988525915,26618.172990102452,26177.159609738606,26398.813366903367,703.710351255344,2023-05-11 00:00:00
1683777600000,25908.607218162633,25908.607218162633,25723.734051252075,25803.016685766408,1130.586769538705,2023-05-11 04:00:00
1683792000000,25803.016685766408,26261.802813227605,25541.85603981685,25971.268662695285,527.4808146603052,2023-05-11 08:00:00
1683806400000,26184.65559873486,26332.559634128258,26184.65559873486,26243.774805044955,1067.1136889230938,2023-05-11 12:00:00
1683820800000,26243.774805044955,26882.968853949966,25898.750589322786,26496.122523889524,992.9998161226719,2023-05-11 16:00:00
1683835200000,26629.020254628762,27243.357659601115,26629.020254628762,26990.21246329436,3116.0303669054815,2023-05-11 20:00:00
1683849600000,27246.441225312316,27380.282599198887,27246.441225312316,27377.736854765648,1102.9862449957473,2023-05-12 00:00:00
1683864000000,27377.736854765648,27650.956224630554,27336.35774020784,27593.48852208044,832.0523930620525,2023-05-12 04:00:00
1683878400000,27593.48852208044,27719.61336738307,27190.190791680892,27560.410537914242,7219.564161523771,2023-05-12 08:00:00
1683892800000,26814.174418485414,26814.174418485414,26645.452434029197,26788.864351183787,586.181348506174,2023-05-12 12:00:00
1683907200000,26788.864351183787,27033.673173504387,26715.72791885247,26986.33415492928,1214.2893726192501,2023-05-12 16:00:00
1683921600000,26986.33415492928,27280.665795705965,26821.65189226437,27082.3170319277,590.9832766473793,2023-05-12 20:00:00
1683936000000,27108.325236360448,27245.479278950632,27108.325236360448,27208.34246415865,1345.9579431278557,2023-05-13 00:00:00
1683950400000,26631.27929947679,26631.27929947679,26493.8832322995,26620.928088572706,514.2983707095092,2023-05-13 04:00:00
1683964800000,26209.25229605386,26209.25229605386,25766.56933978367,26133.475145484786,1680.6108686439713,2023-05-13 08:00:00
1683979200000,26197.97422609372,26682.0252839622,26197.97422609372,26608.232608241782,1262.1190833944656,2023-05-13 12:00:00
1683993600000,26608.232608241782,26857.531661512956,26514.01684395221,26590.24637541715,4292.311305678069,2023-05-13 16:00:00
1684008000000,26630.849642117333,26903.118766634045,26630.849642117333,26901.840216827757,1424.4373826138894,2023-05-13 20:00:00
1684022400000,26901.840216827757,26971.048329908463,26564.92425296899,26914.866586231557,1687.3455829771035,2023-05-14 00:00:00
1684036800000,26926.59175485678,26992.22223043566,26926.59175485678,26928.56111870198,1445.0546149855404,2023-05-14 04:00:00
1684051200000,27221.30460739578,27664.90841486076,27221.30460739578,27363.97570953102,686.8869763784519,2023-05-14 08:00:00
1684065600000,27363.97570953102,27486.01072248606,26850.19455100671,27123.63891814477,1065.2942966301168,2023-05-14 12:00:00
1684080000000,27123.63891814477,27187.941402955374,26817.566768529603,27168.244583026026,2079.949259575116,2023-05-14 16:00:00
1684094400000,27168.244583026026,27378.750191944328,26748.866336143365,26954.391609055416,2160.619337729086,2023-05-14 20:00:00
1684108800000,26928.61374715498,26928.61374715498,26589.998770801416,26754.92437355614,1202.1938264501641,2023-05-15 00:00:00
1684123200000,26651.264091855468,26651.264091855468,26114.28967903694,26613.890054199223,1089.7205998370382,2023-05-15 04:00:00
1684137600000,26613.890054199223,26731.55868112839,26607.492960941538,26715.14487915112,2490.929528330529,2023-05-15 08:00:00
1684152000000,26544.851986577727,26544.851986577727,26250.157761467388,26497.39544320076,2524.799025357708,2023-05-15 12:00:00
1684166400000,26928.448366115685,27449.913295119368,26928.448366115685,27072.366893997936,965.284490417675,2023-05-15 16:00:00
1684180800000,26682.390433422373,26682.390433422373,26459.17923913082,26661.491686667177,1001.6666799684822,2023-05-15 20:00:00
1684195200000,26661.491686667177,26663.003562863374,26452.363384483786,26576.45579407211,3903.226264506965,2023-05-16 00:00:00
1684209600000,26548.665301434754,26548.665301434754,26311.64472397288,26377.42475000664,3899.86489669791,2023-05-16 04:00:00
1684224000000,26900.197748100727,27474.2557725432,26900.197748100727,27038.033993673645,1246.7463171522045,2023-05-16 08:00:00
1684238400000,27038.033993673645,27389.036555299397,26913.521090729002,27129.037155353177,1833.6001120802155,2023-05-16 12:00:00
1684252800000,27323.632592678485,27983.17287349657,27323.632592678485,27611.820793743023,879.2612702387685,2023-05-16 16:00:00
1684267200000,27384.6336112564,27384.6336112564,26896.12745049808,26919.431456940343,713.5124774429952,2023-05-16 20:00:00
1684281600000,26919.431456940343,27347.931968114553,26551.72438373566,27042.605310234587,1359.308004184084,2023-05-17 00:00:00
1684296000000,27228.64235542448,27729.110911965887,27228.64235542448,27457.017833200396,1434.771496038803,2023-05-17 04:00:00
1684310400000,27457.017833200396,27557.29251019832,27352.32081520357,27495.66717642607,566.2409946287563,2023-05-17 08:00:00
1684324800000,27856.12647931382,28362.264540202465,27856.12647931382,28001.071372501225,736.9507974194624,2023-05-17 12:00:00
1684339200000,27787.535984499853,27787.535984499853,27468.662401222475,27754.548887406803,745.3737461825311,2023-05-17 16:00:00
1684353600000,28060.225281481275,28724.577476808132,28060.225281481275,28431.35199921792,1287.0207803470635,2023-05-17 20:00:00
1684368000000,29398.937427259665,29667.548048503417,29398.937427259665,29570.93747509801,772.795786510522,2023-05-18 00:00:00
1684382400000,29494.490661689346,29494.490661689346,29045.050379393277,29388.08524856399,1717.5020890595358,2023-05-18 04:00:00
1684396800000,29311.020359713493,29311.020359713493,28855.914590637807,29165.12025788804,995.801432353727,2023-05-18 08:00:00
1684411200000,29711.762111724824,30059.82912805894,29711.762111724824,29898.82027533789,570.4625016770758,2023-05-18 12:00:00
1684425600000,30482.752379755042,31015.739782958128,30482.752379755042,30717.168619056505,1205.0695709406195,2023-05-18 16:00:00
1684440000000,30572.565022916602,30572.565022916602,30344.057041366425,30443.833724716256,2363.453677968022,2023-05-18 20:00:00
1684454400000,30443.833724716256,30586.246064326588,29955.900054000216,30225.936929611024,875.1796731187616,2023-05-19 00:00:00
1684468800000,30120.408328630616,30120.408328630616,29994.153478232292,30080.685849495912,509.8761616992535,2023-05-19 04:00:00
1684483200000,29829.69946421062,29829.69946421062,29167.015395896506,29397.21612969552,1682.1380553414715,2023-05-19 08:00:00
1684497600000,29127.77352320159,29127.77352320159,28682.822648232606,28939.15920900643,2169.3313158941355,2023-05-19 12:00:00
1684512000000,28559.868865596774,28559.868865596774,28011.87377814435,28446.636480342117,1798.3513506207153,2023-05-19 16:00:00
1684526400000,28239.211738633327,28239.211738633327,27798.841933585034,28075.70085801593,1440.7932524898306,2023-05-19 20:00:00
1684540800000,28075.70085801593,28160.29474111569,27685.66524376312,28059.058683317973,821.122861037019,2023-05-20 00:00:00
1684555200000,28095.21243792934,28668.4892245373,28095.21243792934,28171.62927796005,1365.8671471970724,2023-05-20 04:00:00
1684569600000,28692.105707093076,28970.407924879084,28692.105707093076,28928.323056035202,1498.9183271273994,2023-05-20 08:00:00
1684584000000,28597.74748436083,28597.74748436083,28432.158550265296,28438.79788573692,765.0840837639221,2023-05-20 12:00:00
1684598400000,28900.901281791277,29407.372060507514,28900.901281791277,28921.384843391897,700.6039838399917,2023-05-20 16:00:00
1684612800000,28921.384843391897,29317.305566301126,28804.082205133203,28815.77995143985,798.5511180009521,2023-05-20 20:00:00
1684627200000,28815.77995143985,29062.04084468966,28764.847369084553,28791.42420800834,3127.563895953608,2023-05-21 00:00:00
1684641600000,28947.26937005644,29226.11402537894,28947.26937005644,29125.485469764903,612.2887131646137,2023-05-21 04:00:00
1684656000000,28730.415672856354,28730.415672856354,28429.73350253465,28571.813766519623,1960.0038428355447,2023-05-21 08:00:00
1684670400000,28571.813766519623,28834.773013778602,28556.50240115179,28759.207480023168,2297.726008169606,2023-05-21 12:00:00
1684684800000,28759.207480023168,29299.431704911058,28599.03222628416,28841.15813746646,1113.1601287606568,2023-05-21 16:00:00
1684699200000,29076.92382675669,29215.653844121593,29076.92382675669,29084.980313855765,1518.7748936881085,2023-05-21 20:00:00
1684713600000,29084.980313855765,29260.337096945255,29028.005595767285,29229.112765388018,846.2368928147023,2023-05-22 00:00:00
1684728000000,30446.80298524275,30766.611117295488,30446.80298524275,30482.064680258743,1676.4983799247518,2023-05-22 04:00:00
1684742400000,30280.50935275115,30280.50935275115,30038.539477639068,30151.55001166995,610.1643549194253,2023-05-22 08:00:00
1684756800000,30151.55001166995,30484.791847365414,29357.565862722375,29879.09175795544,612.8460391940159,2023-05-22 12:00:00
1684771200000,29787.07166238399,29787.07166238399,29471.222621598597,29562.49227726633,2261.3420220777934,2023-05-22 16:00:00
1684785600000,29450.009731286496,29450.009731286496,29233.56188055645,29283.09975296428,619.2307386458606,2023-05-22 20:00:00
1684800000000,29066.33928853218,29066.33928853218,28813.0425341888,28965.76009136134,986.2274151745636,2023-05-23 00:00:00
1684814400000,29412.661327738933,29597.396047104405,29412.661327738933,29560.547823469868,2301.6509430520837,2023-05-23 04:00:00
1684828800000,30199.56627074319,30448.539052431304,30199.56627074319,30287.16674082284,1831.5047302673324,2023-05-23 08:00:00
1684843200000,30208.356056249933,30208.356056249933,29645.07501081459,29993.095387080222,916.9740430229774,2023-05-23 12:00:00
1684857600000,29650.442565654175,29650.442565654175,29527.751506103352,29569.343184789024,524.953161282465,2023-05-23 16:00:00
1684872000000,29569.343184789024,30083.785849366704,29568.388678170057,29808.600180152505,2310.199918461819,2023-05-23 20:00:00
1684886400000,29808.600180152505,29864.30514459936,29195.095730400546,29528.524286347794,637.3672276016639,2023-05-24 00:00:00
1684900800000,29633.682288092594,29881.69288669009,29633.682288092594,29849.75587080484,540.7678014950719,2023-05-24 04:00:00
1684915200000,29849.75587080484,30230.43292007756,29836.636156566372,29953.483278607295,1708.982335987063,2023-05-24 08:00:00
1684929600000,29354.047903551014,29354.047903551014,29172.07354547658,29187.31057337548,1056.685858065787,2023-05-24 12:00:00
1684944000000,29955.37138621068,30168.701182458793,29955.37138621068,29969.751067121768,1524.6727621079945,2023-05-24 16:00:00
1684958400000,30389.124072655966,30973.330440954378,30389.124072655966,30904.104937245225,568.3380585903191,2023-05-24 20:00:00
1684972800000,30599.867368836753,30599.867368836753,30521.907532288256,30582.055844370105,1149.833614018005,2023-05-25 00:00:00
1684987200000,30582.055844370105,30735.71005368011,30098.01745141575,30380.036129233104,1585.396478458099,2023-05-25 04:00:00
1685001600000,30380.036129233104,30787.53434491421,30288.637056456326,30528.862329622356,879.3128021166588,2023-05-25 08:00:00
1685016000000,30528.862329622356,30795.863261869028,30482.326536670094,30703.91176053318,540.6106911543552,2023-05-25 12:00:00
1685030400000,30981.298800028682,31317.29760296994,30981.298800028682,31051.52275650241,2714.8686572717234,2023-05-25 16:00:00
1685044800000,31524.44419104512,32626.40353054601,31524.44419104512,32137.134606222346,580.0926571796778,2023-05-25 20:00:00
1685059200000,32137.134606222346,32312.77611224256,31895.112989936395,32040.06971782613,780.580752753342,2023-05-26 00:00:00
1685073600000,31922.798724837186,31922.798724837186,31532.16564236793,31605.79354134902,2596.55081543546,2023-05-26 04:00:00
1685088000000,30951.286793564217,30951.286793564217,30452.72522099986,30869.265513048027,713.8037417365647,2023-05-26 08:00:00
1685102400000,30629.756509988427,30629.756509988427,30308.694228182576,30485.94720673313,549.9955250789013,2023-05-26 12:00:00
1685116800000,30485.94720673313,30524.02959452868,30161.65377058082,30468.687778304837,919.1510193550425,2023-05-26 16:00:00
1685131200000,31391.063910524506,31653.73995707631,31391.063910524506,31417.887919855897,1913.2403630308565,2023-05-26 20:00:00
1685145600000,31417.887919855897,31480.14724668585,31051.936506573784,31141.111782420867,708.5409400216104,2023-05-27 00:00:00
1685160000000,31181.229965936065,31567.665062369615,31181.229965936065,31260.474785615137,517.6531174158322,2023-05-27 04:00:00
1685174400000,31260.474785615137,31277.272941806386,31093.20885015402,31251.699681426933,2212.000597816509,2023-05-27 08:00:00
1685188800000,31529.66944365376,32208.52373858142,31529.66944365376,31893.087468372043,1407.1984360990505,2023-05-27 12:00:00
1685203200000,32902.894493226406,33513.63502786585,32902.894493226406,33300.98863948109,1369.302187398866,2023-05-27 16:00:00
1685217600000,33237.95644951972,33237.95644951972,32672.14393778508,33000.14344617787,730.5231992809348,2023-05-27 20:00:00
1685232000000,32968.330281514696,32968.330281514696,32629.251510245173,32725.184958721456,639.0977284446424,2023-05-28 00:00:00
1685246400000,33195.633325275805,33556.63500514444,33195.633325275805,33314.57022432482,3789.6358960708026,2023-05-28 04:00:00
1685260800000,33571.00058057826,34035.458625445375,33571.00058057826,33705.187222435474,611.6584677999375,2023-05-28 08:00:00
1685275200000,34404.489981894905,34882.30697775411,34404.489981894905,34786.21283260723,1463.0810771759911,2023-05-28 12:00:00
1685289600000,34841.12926300333,35347.57578625682,34841.12926300333,35135.19556096838,2298.531867370704,2023-05-28 16:00:00
1685304000000,35057.702887448504,35057.702887448504,34694.23552955666,34920.05370624285,1522.8944477442633,2023-05-28 20:00:00
1685318400000,35250.02870392165,35334.58148632278,35250.02870392165,35274.43518863016,533.9949068284867,2023-05-29 00:00:00
1685332800000,35861.555226559154,36316.42462661128,35861.555226559154,35949.375848300944,1745.5596926124358,2023-05-29 04:00:00
1685347200000,36253.39843407555,36623.51646709157,36253.39843407555,36457.15834638841,1181.9517064981524,2023-05-29 08:00:00
1685361600000,36593.02498011467,36906.92208614522,36593.02498011467,36774.68325380554,1194.387013503127,2023-05-29 12:00:00
1685376000000,37235.170877340046,37847.2406129576,37235.170877340046,37451.41181156006,670.5041723289947,2023-05-29 16:00:00
1685390400000,37659.76741238847,38487.34269503649,37659.76741238847,38207.56229422685,1905.7930647238663,2023-05-29 20:00:00
1685404800000,38499.31545411355,39290.857355722444,38499.31545411355,39121.0781880971,1019.9869211441636,2023-05-30 00:00:00
1685419200000,39121.0781880971,39881.51008998154,39100.02835151992,39557.332345057956,1331.4765365449189,2023-05-30 04:00:00
1685433600000,39550.443917055745,39550.443917055745,39381.28870465889,39444.4832322998,808.817956357811,2023-05-30 08:00:00
1685448000000,39453.75880204028,39776.91468976731,39453.75880204028,39543.536672341565,684.8240114011489,2023-05-30 12:00:00
1685462400000,40198.84559034338,40384.57736095537,40198.84559034338,40367.599641374254,3413.5093309244207,2023-05-30 16:00:00
1685476800000,40211.646678784135,40211.646678784135,39447.83754386923,39807.7651142613,708.6275758729269,2023-05-30 20:00:00
1685491200000,39964.77187824809,40255.75962508438,39964.77187824809,40059.44395308938,655.3306698089038,2023-05-31 00:00:00
1685505600000,39851.49557929857,39851.49557929857,39480.52507030317,39790.98348386019,2087.5706349447,2023-05-31 04:00:00
1685520000000,39790.98348386019,40199.67128370765,39626.230215108044,39810.54123651858,602.7085220912049,2023-05-31 08:00:00
1685534400000,40316.52962281774,40859.80403980771,40316.52962281774,40690.1809012658,1566.592732084178,2023-05-31 12:00:00
1685548800000,40690.1809012658,41511.7117100623,40678.45591293067,40823.326156778094,1647.8166688708511,2023-05-31 16:00:00
1685563200000,40823.326156778094,41340.40832279219,40588.995450994895,40855.74583015077,539.7875513690432,2023-05-31 20:00:00
1685577600000,40248.786365808795,40248.786365808795,39879.226265695725,39916.93980870922,1342.8015870012387,2023-06-01 00:00:00
1685592000000,40125.85516036037,40602.501185555084,40125.85516036037,40429.42900845149,1621.7588361608691,2023-06-01 04:00:00
1685606400000,40600.4869467997,41259.18242189562,40600.4869467997,40878.0188764244,2102.2430483087755,2023-06-01 08:00:00
1685620800000,42308.033157215104,42496.58004330425,42308.033157215104,42418.017889168725,2910.127143633191,2023-06-01 12:00:00
1685635200000,42418.017889168725,42744.90486090084,41702.5944869244,42195.423508859574,1062.3693566980703,2023-06-01 16:00:00
1685649600000,42195.423508859574,43013.065592744555,42137.43290466889,42353.79943619894,1936.0293774129016,2023-06-01 20:00:00
1685664000000,42493.040591673125,42582.8060403584,42493.040591673125,42534.74769673035,1837.2430555351211,2023-06-02 00:00:00
1685678400000,43675.93043976288,43734.89390019416,43675.93043976288,43697.36599501877,811.971031263285,2023-06-02 04:00:00
1685692800000,43697.36599501877,43713.07413404078,43357.465988867676,43626.237760555676,1776.7394335517256,2023-06-02 08:00:00
1685707200000,43626.237760555676,44161.85323178883,43472.829025466104,43834.82588273639,528.5244887944258,2023-06-02 12:00:00
1685721600000,43834.82588273639,44841.63253172553,43752.81367774959,44292.7309035422,657.9371659913159,2023-06-02 16:00:00
1685736000000,44292.7309035422,44638.4518857774,44185.33075191742,44434.25362117372,1556.3609211055277,2023-06-02 20:00:00
1685750400000,44434.25362117372,44710.40107927991,43490.39585950905,44096.43269775456,613.6733636461348,2023-06-03 00:00:00
1685764800000,44096.43269775456,44542.440054769584,44027.1891167487,44242.985867510884,7839.000566875333,2023-06-03 04:00:00
1685779200000,44737.65171016253,45326.862151468085,44737.65171016253,45062.505293011156,1587.2563747276574,2023-06-03 08:00:00
1685793600000,44828.219772271405,44828.219772271405,44273.280811373435,44278.63589239862,645.8884019274092,2023-06-03 12:00:00
1685808000000,44278.63589239862,44571.57120832971,44057.222835121436,44379.40060259061,605.5327499412622,2023-06-03 16:00:00
1685822400000,44154.608464987185,44154.608464987185,43632.345324719936,43851.41022267192,975.3227220355632,2023-06-03 20:00:00
1685836800000,44502.87759509823,44853.68435036736,44502.87759509823,44756.475818362305,4483.698090905679,2023-06-04 00:00:00
1685851200000,44044.792458468895,44044.792458468895,42927.55530676342,43606.112506051606,682.1677848141956,2023-06-04 04:00:00
1685865600000,43316.4862257053,43316.4862257053,43127.89958038928,43191.4514473529,558.2919992107844,2023-06-04 08:00:00
1685880000000,43191.4514473529,43548.69998752168,43105.04836293411,43470.8679765123,3141.748845373203,2023-06-04 12:00:00
1685894400000,44645.517096318785,45118.60281841992,44645.517096318785,44649.96720773078,1090.3859558815343,2023-06-04 16:00:00
1685908800000,44649.96720773078,44989.22678624223,44249.504049106166,44599.80894276548,691.1165668421385,2023-06-04 20:00:00
1685923200000,44599.80894276548,44693.60721546942,43657.85318207188,44178.509701744035,573.3200145647123,2023-06-05 00:00:00
1685937600000,44775.48931170775,45835.13833484851,44775.48931170775,45622.305747953,6079.220612486673,2023-06-05 04:00:00
1685952000000,45018.65793084099,45018.65793084099,44465.60684368903,44506.84632933656,1065.752326902208,2023-06-05 08:00:00
1685966400000,43019.4876324309,43019.4876324309,42384.91528044094,42864.95281519931,2676.79369010487,2023-06-05 12:00:00
1685980800000,42864.95281519931,43827.193197754896,42643.35455618828,43188.59984796147,1494.30276277743,2023-06-05 16:00:00
1685995200000,43188.59984796147,43219.23829125296,42726.67061143077,42819.515756532244,598.2297853112447,2023-06-05 20:00:00
1686009600000,42342.19274942991,42342.19274942991,41837.558568999884,42078.46318650129,1831.9402773500024,2023-06-06 00:00:00
1686024000000,42078.46318650129,42615.79875427243,41855.75498409007,42591.102383279496,677.3472276656689,2023-06-06 04:00:00
1686038400000,42591.102383279496,42866.084923807364,42390.066605622706,42768.98238120016,1937.0034628429898,2023-06-06 08:00:00
1686052800000,42378.77353952951,42378.77353952951,42246.43613942075,42358.54751382203,1107.694343751239,2023-06-06 12:00:00
1686067200000,41526.39720851745,41526.39720851745,41438.42448757392,41441.52869363917,1049.3700397326484,2023-06-06 16:00:00
1686081600000,41443.59254132157,42227.347359960855,41443.59254132157,42064.24549733194,1817.5865671626402,2023-06-06 20:00:00
1686096000000,42326.1991919015,42778.608207066034,42326.1991919015,42534.404381213,1387.7791779354786,2023-06-07 00:00:00
1686110400000,42534.404381213,42704.50595115579,42196.324247441815,42462.352358704105,1488.9433220666194,2023-06-07 04:00:00
1686124800000,43374.40578009909,43939.21344756669,43374.40578009909,43824.19361384513,798.8110088127895,2023-06-07 08:00:00
1686139200000,43171.913620226864,43171.913620226864,42721.67698988301,43029.803529037206,1094.362112964813,2023-06-07 12:00:00
1686153600000,42440.62171500689,42440.62171500689,41900.93208817592,41922.14462817323,1485.647857367232,2023-06-07 16:00:00
1686168000000,41922.14462817323,42143.57507908466,40426.23523330248,41429.204808506714,1334.369299518789,2023-06-07 20:00:00
1686182400000,41429.204808506714,42015.646894806174,41258.67567101835,41396.93198527421,1382.4583046410203,2023-06-08 00:00:00
1686196800000,41557.22045915348,42064.355636479726,41557.22045915348,41569.49679033421,1123.502213515987,2023-06-08 04:00:00
1686211200000,41498.17807602051,41498.17807602051,41337.29725897541,41398.42053724167,908.5801751399958,2023-06-08 08:00:00
1686225600000,41426.39731938766,41664.543025333136,41426.39731938766,41648.32282696112,1498.4350052052564,2023-06-08 12:00:00
1686240000000,41141.29539652701,41141.29539652701,40723.32251290007,40766.72117063465,971.318443648194,2023-06-08 16:00:00
1686254400000,41498.865504973095,41873.29885950287,41498.865504973095,41785.40768334392,1092.1698082161454,2023-06-08 20:00:00
1686268800000,41785.40768334392,41973.35492210757,41481.54095162973,41726.766672061334,679.8039986198335,2023-06-09 00:00:00
1686283200000,42474.066153642685,42792.583691998116,42474.066153642685,42531.41290317677,1739.3299493894106,2023-06-09 04:00:00
1686297600000,42531.41290317677,42985.604815813655,41822.457235703354,42781.330492681904,587.971486303941,2023-06-09 08:00:00
1686312000000,42781.330492681904,43357.082307077995,42515.4717982545,43116.68215259926,615.9523741677353,2023-06-09 12:00:00
1686326400000,43266.434380439634,44006.86566963605,43266.434380439634,43538.6968068517,1764.294035716798,2023-06-09 16:00:00
1686340800000,43538.6968068517,44132.99312062384,43458.50803188027,43873.201150844834,1453.212685863501,2023-06-09 20:00:00
1686355200000,44058.88426939696,44803.05588784462,44058.88426939696,44357.90780512819,4924.012812043892,2023-06-10 00:00:00
1686369600000,45106.02970256424,45947.89520901356,45106.02970256424,45377.33713528151,1654.3105249436946,2023-06-10 04:00:00
1686384000000,45377.33713528151,45792.4715776917,45240.54370195862,45530.0395805169,830.2897764484748,2023-06-10 08:00:00
1686398400000,45895.01484454845,46653.89285898093,45895.01484454845,46085.239073797326,519.8471406886708,2023-06-10 12:00:00
1686412800000,46085.239073797326,46514.65433091405,45524.02618952619,46014.59724491085,507.1170792059845,2023-06-10 16:00:00
1686427200000,46949.079285743326,47544.960594832686,46949.079285743326,47161.477972822264,658.5366345000549,2023-06-10 20:00:00
1686441600000,46792.02449572551,46792.02449572551,46416.6448526641,46619.295391020365,1457.8701703549252,2023-06-11 00:00:00
1686456000000,47884.10282255244,48128.792671284406,47884.10282255244,48076.88561088896,869.4963926120577,2023-06-11 04:00:00
1686470400000,48076.88561088896,48571.74091655182,47786.99500945803,48043.89223650537,2165.6654267857493,2023-06-11 08:00:00
1686484800000,47114.4074392423,47114.4074392423,46831.481656439166,46883.03957458872,1021.655249638398,2023-06-11 12:00:00
1686499200000,46883.03957458872,47022.89386818842,46360.79410018264,46985.823077231296,2778.207910849886,2023-06-11 16:00:00
1686513600000,46683.45244237477,46683.45244237477,46206.74879059023,46441.96055958052,2135.367234301898,2023-06-11 20:00:00
1686528000000,46804.404652219586,47300.73540579835,46804.404652219586,47114.18557224006,3541.9872995123424,2023-06-12 00:00:00
1686542400000,47114.18557224006,47542.617978962655,46119.855977906635,46591.47380471637,1536.0603487607946,2023-06-12 04:00:00
1686556800000,46252.320335209064,46252.320335209064,46129.35861344908,46237.4499028184,3192.1800594457327,2023-06-12 08:00:00
1686571200000,45153.160257198244,45153.160257198244,44569.558597722404,44767.77006494868,513.3701873953047,2023-06-12 12:00:00
1686585600000,44767.77006494868,45194.89235807672,43620.88551912266,44422.95350661418,1191.0851963529035,2023-06-12 16:00:00
1686600000000,42696.574278608314,42696.574278608314,42441.905998299866,42619.85403211403,1199.6088419178136,2023-06-12 20:00:00
1686614400000,41512.575659509006,41512.575659509006,40918.10813052259,41481.33040770424,661.791707195591,2023-06-13 00:00:00
1686628800000,41854.02887690574,42399.84324636501,41854.02887690574,42024.076737128606,2558.8123020419102,2023-06-13 04:00:00
1686643200000,42462.17229085385,42987.068064817526,42462.17229085385,42592.40397932694,3779.1051766586825,2023-06-13 08:00:00
1686657600000,42890.84409045703,43193.3436644935,42890.84409045703,42903.315372713514,1485.7289822107596,2023-06-13 12:00:00
1686672000000,42477.075826578555,42477.075826578555,41974.71315655394,42199.93547200587,2202.7714516941887,2023-06-13 16:00:00
1686686400000,42166.11376214207,42166.11376214207,42016.042409912916,42165.53024884098,1106.8903676830764,2023-06-13 20:00:00
1686700800000,42165.53024884098,42362.61435612946,42025.21880345444,42162.93355454067,1291.6766671208309,2023-06-14 00:00:00
1686715200000,41643.00176336234,41643.00176336234,41301.667975449614,41336.22741192939,1041.2574871347138,2023-06-14 04:00:00
1686729600000,42278.145793493946,42624.318080151905,42278.145793493946,42412.35947946355,638.0014657584096,2023-06-14 08:00:00
1686744000000,42944.725669638545,43250.063019399866,42944.725669638545,43053.274240741615,1475.8758182125312,2023-06-14 12:00:00
1686758400000,43053.274240741615,43325.11122691872,42674.66137859917,42890.95276138162,766.1690770685294,2023-06-14 16:00:00
1686772800000,42890.95276138162,43376.47799520915,42665.35467548411,42910.670496312945,1750.57635177767,2023-06-14 20:00:00
1686787200000,42910.670496312945,43159.93928252507,42687.176692752975,43063.803530610494,635.9462957195433,2023-06-15 00:00:00
1686801600000,42007.19090243734,42007.19090243734,41496.81306148385,41586.660545665836,1705.133106771773,2023-06-15 04:00:00
1686816000000,41554.39509264374,41554.39509264374,41317.34368927753,41411.307434173854,1205.5029044960638,2023-06-15 08:00:00
1686830400000,41157.18255795167,41157.18255795167,40924.53686033612,40931.31757027119,1267.2006290284821,2023-06-15 12:00:00
1686844800000,40607.360382581915,40607.360382581915,40123.715814708594,40236.431163774,1179.2101743118283,2023-06-15 16:00:00
1686859200000,40236.431163774,40418.42259900324,38956.24857380311,40043.542981584025,2375.913127444893,2023-06-15 20:00:00
1686873600000,40881.41965492032,41412.936984641274,40881.41965492032,41293.239933735065,905.4148991744415,2023-06-16 00:00:00
1686888000000,41639.04739138458,42731.276241288935,41639.04739138458,41748.10176836626,772.2513548749382,2023-06-16 04:00:00
1686902400000,41366.082866508405,41366.082866508405,40828.40818411691,41342.44537398333,906.5340018014808,2023-06-16 08:00:00
1686916800000,41606.407292473974,41843.88449483553,41606.407292473974,41749.10364097979,3481.4580715645056,2023-06-16 12:00:00
1686931200000,42569.59225018085,43083.1397625071,42569.59225018085,42759.863667151054,1117.4328266877546,2023-06-16 16:00:00
1686945600000,42759.863667151054,43621.64666222525,42717.29535840923,43441.1204286188,1302.3202258370031,2023-06-16 20:00:00
1686960000000,43441.1204286188,43764.52827639474,42725.71374336431,43485.42594729347,3867.3154589873475,2023-06-17 00:00:00
1686974400000,43485.42594729347,43520.12535848049,42746.92483054998,43007.154775672505,779.0091830102767,2023-06-17 04:00:00
1686988800000,43427.75463587196,44112.30498308381,43427.75463587196,43523.56811926331,730.656936471009,2023-06-17 08:00:00
1687003200000,43660.23139021148,44351.88642259205,43660.23139021148,43817.32125617002,913.5975203753619,2023-06-17 12:00:00
1687017600000,44378.914812247924,45021.22162250457,44378.914812247924,44493.02735974948,1854.777830368031,2023-06-17 16:00:00
1687032000000,44883.52574177295,45096.93598019393,44883.52574177295,44978.77540816907,934.681646737881,2023-06-17 20:00:00
1687046400000,45339.98636804542,46160.88418102575,45339.98636804542,45793.07029229461,2863.5212702069534,2023-06-18 00:00:00
1687060800000,45437.38174095299,45437.38174095299,45304.67517263036,45375.98293529828,1179.3036956154765,2023-06-18 04:00:00
1687075200000,46330.599345009934,46679.310405231525,46330.599345009934,46409.47984776735,1287.0726060607685,2023-06-18 08:00:00
1687089600000,46409.47984776735,46934.09473829574,46148.33850086246,46566.51411135768,1575.5848858918712,2023-06-18 12:00:00
1687104000000,48188.254816230154,48404.21642252248,48188.254816230154,48248.184016626394,620.6389033008978,2023-06-18 16:00:00
1687118400000,47922.66947962963,47922.66947962963,47430.49012133537,47683.07705652582,1212.791014052415,2023-06-18 20:00:00
1687132800000,48924.25096070203,49459.61726324813,48924.25096070203,49119.33655556961,835.0179290243875,2023-06-19 00:00:00
1687147200000,49119.33655556961,49854.8748077383,49010.42732927359,49285.80225350375,1275.7938181417403,2023-06-19 04:00:00
1687161600000,48822.69157210546,48822.69157210546,48372.60044870665,48740.002144680984,3205.946171860229,2023-06-19 08:00:00
1687176000000,48740.002144680984,48820.39928449239,48119.1031813033,48338.48751253109,1128.061174015892,2023-06-19 12:00:00
1687190400000,48338.48751253109,48408.30608184911,47956.57357964666,48074.493886966084,2586.9337155425405,2023-06-19 16:00:00
1687204800000,48225.94322177726,48656.90345644421,48225.94322177726,48424.353616779765,1217.9739580963646,2023-06-19 20:00:00
1687219200000,48760.556879838194,49835.50824402438,48760.556879838194,48859.10312032115,3422.238235371163,2023-06-20 00:00:00
1687233600000,48859.10312032115,48870.89860975666,47413.05620345099,48382.26565680262,551.6332815815566,2023-06-20 04:00:00
1687248000000,48382.26565680262,48642.059289595614,48190.34840960747,48362.12634664514,2308.3700693350847,2023-06-20 08:00:00
1687262400000,49811.84391389505,50370.09318754243,49811.84391389505,50166.0752568255,786.3188675863776,2023-06-20 12:00:00
1687276800000,51355.88423512893,52272.59478207822,51355.88423512893,51669.68661236183,1171.289659022416,2023-06-20 16:00:00
1687291200000,52040.36288377479,52141.476943119414,52040.36288377479,52056.528259426756,557.5510969479906,2023-06-20 20:00:00
1687305600000,52056.528259426756,52328.224437971905,52023.16692369099,52090.35869252972,2310.5737778139796,2023-06-21 00:00:00
1687320000000,52090.35869252972,53570.11291960372,51590.53076639904,52197.35419709273,1324.6110153980521,2023-06-21 04:00:00
1687334400000,52525.23419202407,52951.97206395125,52525.23419202407,52747.684152964626,883.9247604538332,2023-06-21 08:00:00
1687348800000,52427.140695681905,52427.140695681905,51641.93696763362,51833.42842444805,623.673543709076,2023-06-21 12:00:00
1687363200000,51833.42842444805,51863.53099815986,51335.094172838144,51605.87060894124,852.703005177472,2023-06-21 16:00:00
1687377600000,50580.67197999884,50580.67197999884,49565.65076840288,50154.641876494374,2026.6866036488427,2023-06-21 20:00:00
1687392000000,50329.36075314812,50572.13187865657,50329.36075314812,50498.10297794136,669.4268952956718,2023-06-22 00:00:00
1687406400000,50852.95803937708,51335.92933068186,50852.95803937708,51059.90521284371,734.8443340554421,2023-06-22 04:00:00
1687420800000,50726.8928908048,50726.8928908048,50456.91581602455,50639.884914327355,1015.0451057562609,2023-06-22 08:00:00
1687435200000,51738.17937018521,52122.116711692055,51738.17937018521,52020.96113425092,594.7712006505147,2023-06-22 12:00:00
1687449600000,51383.3352165059,51383.3352165059,50207.57050440499,50942.234239408856,552.5828585753158,2023-06-22 16:00:00
1687464000000,50134.73999471268,50134.73999471268,49678.624804579245,49682.805526919954,1012.4441440107728,2023-06-22 20:00:00
1687478400000,49682.805526919954,50389.16627706976,49591.8131486558,49873.804322645316,2125.417466324188,2023-06-23 00:00:00
1687492800000,50332.88403449353,50944.66067477919,50332.88403449353,50774.5882674995,967.3721522712178,2023-06-23 04:00:00
1687507200000,52058.71594643485,52427.62044032568,52058.71594643485,52257.460452764564,1728.3622513549935,2023-06-23 08:00:00
1687521600000,52069.1775493887,52069.1775493887,51337.92116739649,51849.1250138488,611.8314345857824,2023-06-23 12:00:00
1687536000000,52677.1126705029,53218.630178087,52677.1126705029,52814.092480043415,4764.006729289723,2023-06-23 16:00:00
1687550400000,52814.092480043415,53013.135771673464,52181.46436741407,52779.336377569685,1364.0871910500846,2023-06-23 20:00:00
1687564800000,52674.48472997491,52674.48472997491,52238.51703650164,52623.8112104589,691.7641820657373,2023-06-24 00:00:00
1687579200000,53253.25567597901,53910.04712334408,53253.25567597901,53424.78771398087,1533.4230867400067,2023-06-24 04:00:00
1687593600000,53854.91946071073,54435.09920830514,53854.91946071073,54023.88464877288,2744.062042285001,2023-06-24 08:00:00
1687608000000,53335.303051066316,53335.303051066316,52450.26766233518,52587.47145497519,1914.3928320876785,2023-06-24 12:00:00
1687622400000,53763.728594948116,54456.36911879707,53763.728594948116,53931.746589710834,2096.623143161346,2023-06-24 16:00:00
1687636800000,55106.67037517778,55430.97049269115,55106.67037517778,55219.264827720355,1123.2663761276578,2023-06-24 20:00:00
1687651200000,54866.368779792334,54866.368779792334,54161.54784054978,54631.89815536079,518.2465526583342,2023-06-25 00:00:00
1687665600000,54631.89815536079,55518.32965937983,53972.61870336354,55002.80426407337,1466.4861891767073,2023-06-25 04:00:00
1687680000000,55245.814475951694,55928.97785220248,55245.814475951694,55469.29329779928,742.6614259328373,2023-06-25 08:00:00
1687694400000,55469.29329779928,55718.52653418772,55131.256843814874,55717.02746071603,4485.746239712025,2023-06-25 12:00:00
1687708800000,55332.42935357661,55332.42935357661,54915.03821428031,55195.330568260106,1516.7311904444864,2023-06-25 16:00:00
1687723200000,54839.13293711559,54839.13293711559,54469.33280359289,54565.23662646446,567.8785870087861,2023-06-25 20:00:00
1687737600000,54565.23662646446,55569.6041612111,53982.284753000866,54541.40524529233,1557.647300850289,2023-06-26 00:00:00
1687752000000,55011.08840563871,55997.73034221948,55011.08840563871,55645.8716515513,2355.8534790312865,2023-06-26 04:00:00
1687766400000,55946.33036875001,56400.109297821014,55946.33036875001,56165.38884320665,1327.033888650658,2023-06-26 08:00:00
1687780800000,56165.38884320665,56187.49394865581,55348.146709190274,55810.670317933254,732.577278553416,2023-06-26 12:00:00
1687795200000,56456.03918913036,57063.599557675836,56456.03918913036,56551.811134894706,1065.8385234599873,2023-06-26 16:00:00
1687809600000,53887.676693389534,53887.676693389534,53632.332224841295,53863.955490039705,654.0672594193694,2023-06-26 20:00:00
1687824000000,54872.08314837542,55177.779491675334,54872.08314837542,54932.19581786418,885.2520493738068,2023-06-27 00:00:00
1687838400000,53621.3936561589,53621.3936561589,53215.11785173033,53322.548732234274,1789.3778690672982,2023-06-27 04:00:00
1687852800000,53322.548732234274,53461.45882559987,52681.219968224366,52993.188356956554,1084.570568956086,2023-06-27 08:00:00
1687867200000,52667.83773789924,52667.83773789924,51952.4927548321,51988.5071957573,981.8549087530512,2023-06-27 12:00:00
1687881600000,51751.21901902898,51751.21901902898,50436.764387892894,50850.51034712976,957.8229404056283,2023-06-27 16:00:00
1687896000000,51818.32963457689,52480.83229451842,51818.32963457689,51869.681032695284,949.0539141026325,2023-06-27 20:00:00
1687910400000,51869.681032695284,52355.19159548926,51328.96179664764,51456.619278408354,813.9431577342576,2023-06-28 00:00:00
1687924800000,51697.19633050794,51889.20499145118,51697.19633050794,51762.325433469785,1785.6695050099072,2023-06-28 04:00:00
1687939200000,51762.325433469785,52542.181119355024,51291.64737858126,51720.82325374993,529.7372445579485,2023-06-28 08:00:00
1687953600000,51720.82325374993,52230.17151755544,51078.161449768486,52144.330597215994,1289.10686676265,2023-06-28 12:00:00
1687968000000,52144.330597215994,52511.31097278556,52112.60844080614,52212.854994324094,714.852062921371,2023-06-28 16:00:00
1687982400000,51130.27689363857,51130.27689363857,50832.697313544246,51080.153493632795,1128.6395770831905,2023-06-28 20:00:00
1687996800000,51165.958232830344,52096.40705817083,51165.958232830344,51957.55687230318,1210.7125202527045,2023-06-29 00:00:00
1688011200000,51876.67951404012,51876.67951404012,51147.37666175,51520.8420273853,684.207228486038,2023-06-29 04:00:00
1688025600000,50241.86453730732,50241.86453730732,49584.76330615298,50167.96772149098,837.2643572226334,2023-06-29 08:00:00
1688040000000,50114.10093525591,50114.10093525591,49259.72968402242,49802.14826570302,1552.6024007975489,2023-06-29 12:00:00
1688054400000,50560.137118031984,51232.35387923195,50560.137118031984,51096.37422246588,575.8935094591295,2023-06-29 16:00:00
1688068800000,51519.39401634002,52552.7370978806,51519.39401634002,51844.45788405861,507.3850319694256,2023-06-29 20:00:00
1688083200000,51781.050731235504,51781.050731235504,51526.741997305864,51536.37398715053,1342.181466362131,2023-06-30 00:00:00
1688097600000,51536.37398715053,52151.22611176335,50335.35402625678,51229.59052695931,3400.7329465774733,2023-06-30 04:00:00
1688112000000,51155.183624308505,51155.183624308505,50866.29120218303,50948.685970382416,1126.8456725239998,2023-06-30 08:00:00
1688126400000,52068.27218071614,52873.84553245971,52068.27218071614,52789.952521243744,1107.8241099695138,2023-06-30 12:00:00
1688140800000,52789.952521243744,53965.16565066398,52660.07201954134,53135.7547085335,679.4502223700712,2023-06-30 16:00:00
1688155200000,53521.185563646344,54117.15433338531,53521.185563646344,53527.82383467826,1590.6805127395164,2023-06-30 20:00:00
1688169600000,54391.0675333505,54715.721929204396,54391.0675333505,54478.94181901667,2932.78001496574,2023-07-01 00:00:00
1688184000000,54478.94181901667,55043.57255124445,54450.032411911256,54701.7842641168,3937.7959932127733,2023-07-01 04:00:00
1688198400000,54568.304834562936,54568.304834562936,54040.43987222037,54460.08317367844,1255.133950505363,2023-07-01 08:00:00
1688212800000,54460.08317367844,55291.33451190994,53958.99709568812,54277.58936674344,1314.754143080812,2023-07-01 12:00:00
1688227200000,54277.58936674344,54616.08241269505,53765.11704359782,54211.193143507,1332.3003059024982,2023-07-01 16:00:00
1688241600000,54211.193143507,54255.6101071851,53800.31125524568,54176.708861060484,1886.937899965005,2023-07-01 20:00:00
1688256000000,54176.708861060484,54861.69641013069,54010.13927669252,54854.81038774504,899.7769371310967,2023-07-02 00:00:00
1688270400000,54854.81038774504,55430.01854273932,54815.93781327559,54903.543780560925,1652.6749147124845,2023-07-02 04:00:00
1688284800000,55459.650684555665,55700.82572357047,55459.650684555665,55595.50453983695,2566.4156903706216,2023-07-02 08:00:00
1688299200000,55595.50453983695,56096.16779433646,54986.626509964284,55518.84419595794,1217.6213992322657,2023-07-02 12:00:00
1688313600000,55518.84419595794,56040.190619817935,55408.421765165236,55593.52641680559,1004.271279544665,2023-07-02 16:00:00
1688328000000,53880.52030466283,53880.52030466283,53110.71473117036,53726.567307788966,987.0317913667741,2023-07-02 20:00:00
1688342400000,54469.04187057978,54641.48029661188,54469.04187057978,54574.797617071104,1203.430989613681,2023-07-03 00:00:00
1688356800000,54763.31567889461,54908.662557128024,54763.31567889461,54899.01455554585,560.0025106142859,2023-07-03 04:00:00
1688371200000,55067.656457764584,56052.367652390916,55067.656457764584,55843.6786782918,670.6728165552315,2023-07-03 08:00:00
1688385600000,53423.00020400483,53423.00020400483,52439.56162132102,53146.11374680731,1778.1546765266114,2023-07-03 12:00:00
1688400000000,55037.54170401164,55804.47600251045,55037.54170401164,55077.740587861066,1325.8669114197817,2023-07-03 16:00:00
1688414400000,55077.740587861066,55413.10940832962,54882.62899566716,54946.46646489944,634.8324191825476,2023-07-03 20:00:00
1688428800000,55891.298430252835,56827.013494574974,55891.298430252835,55997.31304269596,521.2613311972726,2023-07-04 00:00:00
1688443200000,55460.28885034225,55460.28885034225,53917.5705108486,55010.63688810893,3967.8081469049494,2023-07-04 04:00:00
1688457600000,55577.27938980989,55939.37207498823,55577.27938980989,55589.92090025512,1302.2657885790045,2023-07-04 08:00:00
1688472000000,55447.51302620431,55447.51302620431,54268.44657673637,54597.812385228994,2871.4347277969923,2023-07-04 12:00:00
1688486400000,54227.441160343114,54227.441160343114,53460.389493733026,54018.712495089465,1020.3953077789556,2023-07-04 16:00:00
1688500800000,55650.422757044566,55870.37108502247,55650.422757044566,55815.45440201336,808.1957430830057,2023-07-04 20:00:00
1688515200000,55782.702231354466,55782.702231354466,55572.069800330566,55633.80860164289,812.0392307307135,2023-07-05 00:00:00
1688529600000,55808.49367792814,56207.00837943478,55808.49367792814,55840.98453959607,3218.6005275459243,2023-07-05 04:00:00
1688544000000,56100.89879741146,57019.84318986278,56100.89879741146,56677.7579258858,2236.6827164148863,2023-07-05 08:00:00
1688558400000,57121.900167744665,57281.39178319221,57121.900167744665,57160.0664891351,1751.6164435330732,2023-07-05 12:00:00
1688572800000,57160.0664891351,57323.15674426499,56912.631393518204,57307.23726217729,624.5030289233325,2023-07-05 16:00:00
1688587200000,57625.928876211074,58195.1131734054,57625.928876211074,57665.894291111494,1397.6983444081588,2023-07-05 20:00:00
1688601600000,59912.93915015337,61285.82598862371,59912.93915015337,60084.5171466792,510.0977925904956,2023-07-06 00:00:00
1688616000000,60045.83202378249,60045.83202378249,59304.896851604695,60025.36359556381,3505.8545632917644,2023-07-06 04:00:00
1688630400000,60025.36359556381,60867.17660160812,59254.651752272475,60232.072630282826,1754.2003125027056,2023-07-06 08:00:00
1688644800000,60895.5123847678,62153.117434151325,60895.5123847678,61323.6678225067,1029.0174216094636,2023-07-06 12:00:00
1688659200000,61993.066168235746,62667.329241016916,61993.066168235746,62493.63936101036,526.1786627416602,2023-07-06 16:00:00
1688673600000,63402.07072047937,64150.401184059585,63402.07072047937,63774.7286671358,724.6136717730346,2023-07-06 20:00:00
1688688000000,64017.76490720494,64502.71473355474,64017.76490720494,64474.90466137698,510.01926031061225,2023-07-07 00:00:00
1688702400000,63308.16597926191,63308.16597926191,63174.44901569508,63227.31815084938,2427.6852867320713,2023-07-07 04:00:00
1688716800000,64941.07756616893,65205.038425096645,64941.07756616893,65017.72294631226,2027.1605556957813,2023-07-07 08:00:00
1688731200000,63969.95910063203,63969.95910063203,63508.80928246321,63755.99201376672,1210.250685793965,2023-07-07 12:00:00
1688745600000,63839.818116924274,64405.871455160595,63839.818116924274,64086.69084651533,1798.8800343725943,2023-07-07 16:00:00
1688760000000,63640.03866514523,63640.03866514523,62909.258805395075,63265.64194524853,2072.8156088659844,2023-07-07 20:00:00
1688774400000,63265.64194524853,63425.83017406302,62624.80193006568,63196.31284863078,2342.7294038461077,2023-07-08 00:00:00
1688788800000,63485.411443551006,64045.70464153613,63485.411443551006,63552.48733238146,3106.301516859094,2023-07-08 04:00:00
1688803200000,63552.48733238146,64338.48412802297,63259.87418499223,63902.579182821675,2691.689691718487,2023-07-08 08:00:00
1688817600000,63902.579182821675,65617.22394091472,63896.29689527241,64365.15653753337,708.8707106295547,2023-07-08 12:00:00
1688832000000,65173.05519326495,66187.66228367983,65173.05519326495,66165.47218062746,590.0517511626483,2023-07-08 16:00:00
1688846400000,66165.47218062746,66758.74066695223,65017.24464061962,66680.4566679301,655.9949442855404,2023-07-08 20:00:00
1688860800000,66680.4566679301,67498.62797571663,66020.01188871171,66402.72269775382,1237.79079171612,2023-07-09 00:00:00
1688875200000,67496.92899983867,67559.23545845131,67496.92899983867,67506.17570751192,1931.3167606257016,2023-07-09 04:00:00
1688889600000,68066.03563894666,69411.92960671097,68066.03563894666,68892.89337317641,554.3885382096764,2023-07-09 08:00:00
1688904000000,67903.94834443419,67903.94834443419,66811.7027001219,67462.17900642123,703.1116481981207,2023-07-09 12:00:00
1688918400000,68005.48886607945,68823.93222124831,68005.48886607945,68154.6683147742,940.3577526770248,2023-07-09 16:00:00
1688932800000,68154.6683147742,69300.60062813463,67914.4425008678,68976.52104388876,988.5139968524393,2023-07-09 20:00:00
1688947200000,68976.52104388876,69537.97395443876,67456.25800825204,68626.53981226083,505.88199294007563,2023-07-10 00:00:00
1688961600000,69991.56762798701,70390.91615464458,69991.56762798701,70259.60198674703,3026.205809496616,2023-07-10 04:00:00
1688976000000,70259.60198674703,70551.30418117016,69244.37916132616,70079.60348946504,1341.4648524741815,2023-07-10 08:00:00
1688990400000,70101.85911738168,70451.67767550853,70101.85911738168,70230.20662627036,1606.1027387808258,2023-07-10 12:00:00
1689004800000,70230.20662627036,70502.68357049617,68553.38180565038,70022.72676838755,550.3972647264502,2023-07-10 16:00:00
1689019200000,70022.72676838755,70374.25559409468,69687.38928401774,70041.37792138301,1105.060908731227,2023-07-10 20:00:00
1689033600000,69264.05135107128,69264.05135107128,67846.45898409636,68740.97180276581,2426.8888006817324,2023-07-11 00:00:00
1689048000000,67554.63223224555,67554.63223224555,66538.72948805545,67069.39337989116,624.9985754033446,2023-07-11 04:00:00
1689062400000,68831.07783284446,69078.18377162218,68831.07783284446,68922.71440577036,1371.2906884079193,2023-07-11 08:00:00
1689076800000,68922.71440577036,69314.92321891549,67451.65592583144,67931.98817041887,955.7509087351677,2023-07-11 12:00:00
1689091200000,66850.48273790872,66850.48273790872,65997.8820048603,66790.3910984931,624.1446182976919,2023-07-11 16:00:00
1689105600000,64435.37174889237,64435.37174889237,63782.94299357989,64376.400881747504,3257.8217813185797,2023-07-11 20:00:00
1689120000000,64090.70638024724,64090.70638024724,63462.51224277412,63677.042576583204,1944.3285838790794,2023-07-12 00:00:00
1689134400000,62407.774971086,62407.774971086,61983.16881542396,62252.95099181943,722.7308090548245,2023-07-12 04:00:00
1689148800000,62750.36358866502,64041.98555835104,62750.36358866502,64025.15883392788,1792.6880628254264,2023-07-12 08:00:00
1689163200000,64622.87047138483,65265.200117313274,64622.87047138483,65140.005827447625,1163.729959491407,2023-07-12 12:00:00
1689177600000,65104.96581023058,65104.96581023058,64284.99293891541,64378.19514036028,688.3535467735712,2023-07-12 16:00:00
1689192000000,66357.62465222196,67248.68525092817,66357.62465222196,66905.43984218064,1311.6397998589237,2023-07-12 20:00:00
1689206400000,67068.35154715629,68465.2882448189,67068.35154715629,68037.80539897441,648.961351342728,2023-07-13 00:00:00
1689220800000,67839.06910888148,67839.06910888148,66464.92045587368,67661.04005136916,1519.9160886323018,2023-07-13 04:00:00
1689235200000,65205.827450993565,65205.827450993565,64681.70369429971,64830.96278055296,1385.2036528378235,2023-07-13 08:00:00
1689249600000,66934.87580667442,67479.12460135309,66934.87580667442,67420.3477120741,1912.0473601702179,2023-07-13 12:00:00
1689264000000,65852.72568676934,65852.72568676934,65018.12854636888,65837.67153101893,2751.393726698347,2023-07-13 16:00:00
1689278400000,64339.77607502812,64339.77607502812,63158.71993426003,64011.590897448616,2788.651720527551,2023-07-13 20:00:00
1689292800000,64772.30903409163,65312.91511491713,64772.30903409163,65140.40185666193,2458.8574344478834,2023-07-14 00:00:00
1689307200000,67602.052765597,68475.33051671853,67602.052765597,67914.69439464704,773.6080265594233,2023-07-14 04:00:00
1689321600000,69241.74169805371,70448.67309745293,69241.74169805371,69540.99975881656,886.497514674119,2023-07-14 08:00:00
1689336000000,69771.28156145755,70462.16913609143,69771.28156145755,70214.61663516627,1349.2954214491729,2023-07-14 12:00:00
1689350400000,70477.99114739014,72129.37610868759,70477.99114739014,70932.15107494532,1872.2026329787393,2023-07-14 16:00:00
1689364800000,71717.74785277489,72142.16670616812,71717.74785277489,71974.57279169925,903.4681565204137,2023-07-14 20:00:00
1689379200000,72626.22644005017,73324.78752886476,72626.22644005017,72914.44372847592,639.62763769942,2023-07-15 00:00:00
1689393600000,72922.6649960063,73949.70221814614,72922.6649960063,73265.78389475151,782.8248840364063,2023-07-15 04:00:00
1689408000000,73265.78389475151,73622.900109115,72789.06631274044,73396.40949975379,791.9594251223933,2023-07-15 08:00:00
1689422400000,73396.40949975379,74126.8119911923,71696.1163510438,73317.91539028815,1565.4753667251664,2023-07-15 12:00:00
1689436800000,72697.39097916566,72697.39097916566,72145.85192379856,72378.98545722321,870.1489724443733,2023-07-15 16:00:00
1689451200000,72378.98545722321,72937.90882986193,71255.05086077776,72032.53368475114,1284.1324690863962,2023-07-15 20:00:00
1689465600000,70382.77717982273,70382.77717982273,69332.00184263662,69977.7164745636,2125.628898111523,2023-07-16 00:00:00
1689480000000,69977.7164745636,70826.79876438358,69611.87314874084,69860.17496764587,1584.2961914043326,2023-07-16 04:00:00
1689494400000,69347.53831347715,69347.53831347715,68381.6462522604,68689.46397728281,849.1339770434301,2023-07-16 08:00:00
1689508800000,68312.4343937274,68312.4343937274,67142.60884006078,67405.7291397828,976.3532008773319,2023-07-16 12:00:00
1689523200000,67405.7291397828,67835.8616455312,66533.77773535393,67613.33984522149,2203.5480315197647,2023-07-16 16:00:00
1689537600000,68792.47427266279,69288.67237145336,68792.47427266279,69241.57750832748,1583.131355050817,2023-07-16 20:00:00
1689552000000,69747.68556538851,70796.75714733524,69747.68556538851,70337.14890202398,2235.8204160092264,2023-07-17 00:00:00
1689566400000,68624.4790770725,68624.4790770725,67840.54922690967,68473.88679948814,593.585560336827,2023-07-17 04:00:00
1689580800000,68188.67376896081,68188.67376896081,67125.69584847955,67325.21356078012,844.176878288175,2023-07-17 08:00:00
1689595200000,67695.2507494014,68576.02353281058,67695.2507494014,68416.7207871267,1406.498658841598,2023-07-17 12:00:00
1689609600000,67426.8325591997,67426.8325591997,66899.73824343515,67277.21860216385,593.982073045001,2023-07-17 16:00:00
1689624000000,67277.21860216385,67884.38497413554,66893.02867359374,67019.36321668782,3209.878450079134,2023-07-17 20:00:00
1689638400000,67391.57521898179,68221.79585787425,67391.57521898179,67652.52619524972,1328.1983296099347,2023-07-18 00:00:00
1689652800000,67158.49180064825,67158.49180064825,66422.22500994854,66541.83798089008,1148.3838134355817,2023-07-18 04:00:00
1689667200000,66541.83798089008,67578.90323302968,66264.49377394009,66661.81377170111,1316.1720939335726,2023-07-18 08:00:00
1689681600000,65458.84684295433,65458.84684295433,65016.796652973695,65158.78764210283,501.42936413354573,2023-07-18 12:00:00
1689696000000,65158.78764210283,65167.9007175294,64391.25956859982,64492.36377151767,1349.3687697106216,2023-07-18 16:00:00
1689710400000,64569.8821671996,65273.63863290283,64569.8821671996,64845.886841381456,679.202731308679,2023-07-18 20:00:00
1689724800000,63595.64382279438,63595.64382279438,62743.044087237984,63103.82140826579,2861.8765044427655,2023-07-19 00:00:00
1689739200000,63161.88353448833,63769.460367115855,63161.88353448833,63580.78004487087,619.7305434006043,2023-07-19 04:00:00
1689753600000,63580.78004487087,63742.27125836992,63062.380640835174,63559.439097518254,680.0013259099305,2023-07-19 08:00:00
1689768000000,63854.7348817107,65095.95973722654,63854.7348817107,64162.58849149704,1834.8204441443306,2023-07-19 12:00:00
1689782400000,64394.98965153058,64552.252197963906,64394.98965153058,64408.66081827784,556.3005278513097,2023-07-19 16:00:00
1689796800000,64687.86934238442,66083.17252448254,64687.86934238442,65928.31572270421,1199.4340108252934,2023-07-19 20:00:00
1689811200000,65928.31572270421,66711.39725225762,65554.28106951645,66069.60010511191,2577.420173932642,2023-07-20 00:00:00
1689825600000,65680.32033964359,65680.32033964359,64934.820370596215,65586.38086124475,2248.0578091459183,2023-07-20 04:00:00
1689840000000,65586.38086124475,66189.41354873146,64822.138450772756,65723.64378605504,881.1330685435719,2023-07-20 08:00:00
1689854400000,66181.0648629137,67361.52203201504,66181.0648629137,66336.90576734665,3759.995839168159,2023-07-20 12:00:00
1689868800000,66336.90576734665,66748.99496900762,66226.27345683014,66392.33752055839,1248.2734240583432,2023-07-20 16:00:00
1689883200000,66392.33752055839,66546.45816077622,65588.05267020347,66438.42402032645,1067.8386346051643,2023-07-20 20:00:00
1689897600000,66006.4926208408,66006.4926208408,65194.6199576222,65645.8935864174,1055.6805556127365,2023-07-21 00:00:00
1689912000000,65595.35502117504,65595.35502117504,64281.71870019698,64906.1764685574,1987.198542308982,2023-07-21 04:00:00
1689926400000,63428.78795721891,63428.78795721891,62587.46075188568,63368.40009467445,640.2753835001093,2023-07-21 08:00:00
1689940800000,64879.50755793074,65533.19589427531,64879.50755793074,65292.30897193685,1158.2149388799057,2023-07-21 12:00:00
1689955200000,64162.38338438542,64162.38338438542,63908.179118122214,63918.60422789603,3874.665794221674,2023-07-21 16:00:00
1689969600000,63494.60530262244,63494.60530262244,62865.14315828368,63165.943212706436,719.7028101676269,2023-07-21 20:00:00
1689984000000,62746.768200594764,62746.768200594764,61822.5907948491,62394.9375906834,1019.1957198038394,2023-07-22 00:00:00
1689998400000,63344.27601773631,63812.9762174813,63344.27601773631,63356.83759356034,2844.5917522807667,2023-07-22 04:00:00
1690012800000,63253.704156490865,63253.704156490865,62483.1282407059,63038.18686272188,1465.2745899236133,2023-07-22 08:00:00
1690027200000,63198.41277343356,65129.70533075813,63198.41277343356,64397.24008931335,1413.8213937345665,2023-07-22 12:00:00
1690041600000,64254.31691628852,64254.31691628852,62856.675178563404,63660.06770404527,821.8460196170109,2023-07-22 16:00:00
1690056000000,63660.06770404527,64095.42532638098,63563.62678660814,63964.41273384811,574.623031114606,2023-07-22 20:00:00
1690070400000,63091.03488640035,63091.03488640035,62619.57354306054,63057.477923745224,861.492647909042,2023-07-23 00:00:00
1690084800000,65190.64599742598,66076.89172426246,65190.64599742598,65412.79513068854,1362.9208373933093,2023-07-23 04:00:00
1690099200000,64100.35606707671,64100.35606707671,63773.57280430084,64098.17827705913,586.5546610033257,2023-07-23 08:00:00
1690113600000,64098.17827705913,65282.11658881647,63805.01409742935,64438.56660641286,2437.4225975811323,2023-07-23 12:00:00
1690128000000,64982.53886337141,65883.35808376897,64982.53886337141,65140.51466129247,712.0869300160701,2023-07-23 16:00:00
1690142400000,65140.51466129247,66031.45409875731,65111.63880646023,65602.94426877548,1957.7190191153024,2023-07-23 20:00:00
1690156800000,65602.94426877548,65749.9805616987,64810.753801346786,65395.47674391262,1126.3991754552214,2023-07-24 00:00:00
1690171200000,65395.47674391262,65568.58653585544,64592.88614868347,65250.50686896951,661.8125772042124,2023-07-24 04:00:00
1690185600000,65250.50686896951,67013.54264665798,64865.173436307254,65299.394873139754,2810.215757108007,2023-07-24 08:00:00
1690200000000,65234.37954600152,65234.37954600152,64770.3398512209,65135.50400358637,1176.7581042149468,2023-07-24 12:00:00
1690214400000,65979.04369751683,67042.13626112336,65979.04369751683,66217.66338447937,722.6082145024576,2023-07-24 16:00:00
1690228800000,68564.95465219054,68830.75648330807,68564.95465219054,68767.82903018036,804.5031440630216,2023-07-24 20:00:00
1690243200000,68359.26424001761,68359.26424001761,67906.23666627922,68115.56432069797,1159.8405465197245,2023-07-25 00:00:00
1690257600000,66733.46175205114,66733.46175205114,66504.9059244423,66539.05173625374,723.8496250106723,2023-07-25 04:00:00
1690272000000,66539.05173625374,66834.87297860043,65896.916619299,66438.70823153449,689.6571787364242,2023-07-25 08:00:00
1690286400000,69302.53378077023,69882.69983111504,69302.53378077023,69434.22167472083,1455.4158352324916,2023-07-25 12:00:00
1690300800000,68885.09270403799,68885.09270403799,68406.07151803676,68486.80329832889,549.6780022806865,2023-07-25 16:00:00
1690315200000,69585.97154579831,70625.6125087105,69585.97154579831,70432.9856835112,1455.948360763483,2023-07-25 20:00:00
1690329600000,72183.47831894897,72545.18489799667,72183.47831894897,72482.26547901527,1547.4077979914794,2023-07-26 00:00:00
1690344000000,72398.5614771328,72398.5614771328,70940.68839806021,71799.56032868159,886.4910951370396,2023-07-26 04:00:00
1690358400000,71967.83350295945,72597.00926790026,71967.83350295945,72501.34343953885,637.8314100257454,2023-07-26 08:00:00
1690372800000,74127.61672812146,74571.25862675872,74127.61672812146,74547.94361134522,881.6399560776199,2023-07-26 12:00:00
1690387200000,74074.08900924202,74074.08900924202,73061.44194556477,74066.34796475392,871.1129927695891,2023-07-26 16:00:00
1690401600000,73994.21775709944,73994.21775709944,73651.6776369559,73809.03051234543,1617.8200817565917,2023-07-26 20:00:00
1690416000000,73132.4170016095,73132.4170016095,72711.96547418904,73078.72468977295,1940.9402671177359,2023-07-27 00:00:00
1690430400000,72051.15389560208,72051.15389560208,71514.87471768176,71821.94436074079,2641.2752872710516,2023-07-27 04:00:00
1690444800000,71821.94436074079,72619.31408372418,70245.67137920408,71029.17382113608,507.1218326482407,2023-07-27 08:00:00
1690459200000,69845.21496471453,69845.21496471453,68905.05599649597,69558.45577289448,1278.1945920487244,2023-07-27 12:00:00
1690473600000,69558.45577289448,70303.46051055868,68982.5905733373,69598.99618609328,3623.1125392334716,2023-07-27 16:00:00
1690488000000,69598.99618609328,70088.75768372139,68251.40080425325,68688.8913276965,3572.691646912401,2023-07-27 20:00:00
1690502400000,68688.8913276965,69773.82332192406,68393.783533677,68963.95985588548,635.2062176797085,2023-07-28 00:00:00
1690516800000,67389.76503504247,67389.76503504247,66567.43103094002,67153.83841485468,1580.1921499938887,2023-07-28 04:00:00
1690531200000,67455.796243343,68349.41202579142,67455.796243343,67534.76250558352,1420.5161680201927,2023-07-28 08:00:00
1690545600000,68122.38419454671,68579.23195462045,68122.38419454671,68503.96346675511,1291.0134917464006,2023-07-28 12:00:00
1690560000000,67103.3619622128,67103.3619622128,65978.3555141806,66208.49552281444,2259.824586541489,2023-07-28 16:00:00
1690574400000,66208.49552281444,66727.42588750001,65846.09844921167,66633.22090860723,3230.6339108157363,2023-07-28 20:00:00
1690588800000,67878.32366219217,68218.33169555788,67878.32366219217,68046.42618563097,861.2686126399562,2023-07-29 00:00:00
1690603200000,67252.66220945831,67252.66220945831,65211.3562595401,66653.75959093843,671.2292050473263,2023-07-29 04:00:00
1690617600000,68127.15979618534,69048.33032515354,68127.15979618534,68587.06777477388,587.0612550721675,2023-07-29 08:00:00
1690632000000,68649.96664061293,69160.17322387331,68649.96664061293,69080.12834074066,1599.723477185524,2023-07-29 12:00:00
1690646400000,68399.61949797843,68399.61949797843,67860.5050289089,68252.56160825334,1471.558522375958,2023-07-29 16:00:00
1690660800000,68252.56160825334,68481.60874613398,67822.35653352035,68187.52268510942,931.7721613221278,2023-07-29 20:00:00
1690675200000,68187.52268510942,69202.81609449394,67514.79937087827,68841.45926314572,500.24103373143066,2023-07-30 00:00:00
1690689600000,68841.45926314572,69370.46222246766,68541.19286538537,68930.9637009421,788.3262088627874,2023-07-30 04:00:00
1690704000000,69055.93442603652,69938.10285496702,69055.93442603652,69568.7509854523,712.6009726691307,2023-07-30 08:00:00
1690718400000,69137.1820333769,69137.1820333769,68474.75380873219,68482.38876923082,776.2143506300231,2023-07-30 12:00:00
1690732800000,68482.38876923082,68809.88968008716,68302.49108659258,68680.94733546744,1876.9454965171412,2023-07-30 16:00:00
1690747200000,67794.83249961647,67794.83249961647,66920.38389477051,67041.00489167972,3708.731146793607,2023-07-30 20:00:00
1690761600000,67041.00489167972,67177.56260428295,66169.58966976602,66913.65394307049,1179.9182461512898,2023-07-31 00:00:00
1690776000000,66482.1420774032,66482.1420774032,65688.44810574889,65887.63438681117,1598.738862867656,2023-07-31 04:00:00
1690790400000,65424.364927246366,65424.364927246366,64159.03369109914,65064.35984538284,1383.7458773871454,2023-07-31 08:00:00
1690804800000,66341.61002435892,67149.07959377077,66341.61002435892,66453.86098737037,807.8399665631455,2023-07-31 12:00:00
1690819200000,66453.86098737037,68688.07003169096,66365.85716653513,67705.25394142357,1589.527839812185,2023-07-31 16:00:00
1690833600000,67705.25394142357,68701.64510238015,67637.36149047335,68413.9650455672,1538.5909850842663,2023-07-31 20:00:00
1690848000000,67981.26784212694,67981.26784212694,66723.93610230152,67148.32207579025,520.5508106353657,2023-08-01 00:00:00
1690862400000,66822.38925799576,66822.38925799576,65957.8321354686,66786.09813604098,2605.8057860736963,2023-08-01 04:00:00
1690876800000,68157.07723894918,68634.77413360975,68157.07723894918,68185.55890695589,1161.2549796715198,2023-08-01 08:00:00
1690891200000,68335.60621213118,68961.77626500957,68335.60621213118,68350.94850682582,2122.808117364815,2023-08-01 12:00:00
1690905600000,70962.15236109786,71357.48729983601,70962.15236109786,71115.42572537203,2917.1458046343446,2023-08-01 16:00:00
1690920000000,71172.90289901712,71614.47074215897,71172.90289901712,71595.1992189739,1630.3933532880815,2023-08-01 20:00:00
1690934400000,71623.50655065519,72105.05040794752,71623.50655065519,71830.63759300986,1418.6865871384102,2023-08-02 00:00:00
1690948800000,71453.76339699415,71453.76339699415,71126.48493793819,71452.0618221271,668.2324933561249,2023-08-02 04:00:00
1690963200000,71452.0618221271,71907.87242562945,70928.10279623959,71615.36431848537,1066.4038163132388,2023-08-02 08:00:00
1690977600000,71615.36431848537,71836.87066572899,71310.87908758323,71428.944446374,1200.5580961586938,2023-08-02 12:00:00
1690992000000,71511.31711778585,72482.41473144392,71511.31711778585,72298.852427308,1514.4677007124556,2023-08-02 16:00:00
1691006400000,73245.31458835007,74523.4179585828,73245.31458835007,73491.00652293477,908.8848150076158,2023-08-02 20:00:00
1691020800000,72746.83313235914,72746.83313235914,71576.89490222455,72510.15239147803,1162.0061323273185,2023-08-03 00:00:00
1691035200000,71597.25390515046,71597.25390515046,69945.46711037212,70878.64712672726,870.8421360110393,2023-08-03 04:00:00
1691049600000,68820.09198083075,68820.09198083075,68393.72636867731,68688.33395731889,635.9372715983237,2023-08-03 08:00:00
1691064000000,68688.33395731889,69953.64884873423,68255.30051734757,69287.42703318199,2305.280701015106,2023-08-03 12:00:00
1691078400000,68831.72299584061,68831.72299584061,67593.58675895186,67992.77575035015,569.3405330526388,2023-08-03 16:00:00
1691092800000,65655.69334070869,65655.69334070869,64992.34902575633,65535.887640228386,1774.1569893093647,2023-08-03 20:00:00
1691107200000,65539.23359843381,66067.9656535965,65539.23359843381,65972.67418313828,712.2992773717565,2023-08-04 00:00:00
1691121600000,68822.86829016308,69373.87409154145,68822.86829016308,68845.05089439673,2131.552722868948,2023-08-04 04:00:00
1691136000000,68845.05089439673,68946.05218021991,68594.08341087261,68837.90639138107,1348.3926785528504,2023-08-04 08:00:00
1691150400000,69776.12714368005,70451.66046996508,69776.12714368005,69831.73196863597,1027.673059406533,2023-08-04 12:00:00
1691164800000,69910.02983610351,70393.63759471917,69910.02983610351,69929.48577698758,825.9291078722686,2023-08-04 16:00:00
1691179200000,69929.48577698758,70044.304692094,69719.53191521793,69811.36886637456,832.2156136661943,2023-08-04 20:00:00
1691193600000,70640.79493139756,72125.47765110146,70640.79493139756,70916.87696394692,676.9560239340831,2023-08-05 00:00:00
1691208000000,70916.87696394692,71600.80948303128,70507.0193914874,70565.84279303561,2516.3181190249948,2023-08-05 04:00:00
1691222400000,70565.84279303561,71790.99480072636,70215.58402536425,70889.14178697181,634.9992952775938,2023-08-05 08:00:00
1691236800000,70889.14178697181,71731.21859648167,70753.15711377955,71280.06411485,3211.9549703191674,2023-08-05 12:00:00
1691251200000,71044.88253033957,71044.88253033957,69972.93030834376,70470.60744779352,747.2558977745158,2023-08-05 16:00:00
1691265600000,71058.40886406976,72953.09955782197,71058.40886406976,71675.90408129232,1969.5612731873182,2023-08-05 20:00:00
1691280000000,71656.99725975645,71656.99725975645,71130.24974516219,71461.84681973662,2230.25190385655,2023-08-06 00:00:00
1691294400000,71461.84681973662,72252.79331485443,69724.97779302287,70544.53890318217,877.5106588685586,2023-08-06 04:00:00
1691308800000,70851.79699603896,72167.6003986986,70851.79699603896,71194.52210888838,1029.2151883424053,2023-08-06 08:00:00
1691323200000,70976.9851808439,70976.9851808439,69546.89330453814,70109.38114124296,1741.7501918945475,2023-08-06 12:00:00
1691337600000,70109.38114124296,71151.44029469063,69965.99732952814,70143.16486399689,776.7612654414295,2023-08-06 16:00:00
1691352000000,70143.16486399689,70737.84394234314,70105.63854539377,70132.2311806393,975.3741554317398,2023-08-06 20:00:00
1691366400000,71298.41086991635,71685.00906339497,71298.41086991635,71446.27805503744,1146.371810728192,2023-08-07 00:00:00
1691380800000,71446.27805503744,72032.95236924403,71118.1353980055,72028.4194516045,766.0833644975273,2023-08-07 04:00:00
1691395200000,72028.4194516045,72850.23517523325,71722.29722525238,71997.60978544869,1975.0154837956147,2023-08-07 08:00:00
1691409600000,72178.75472943485,74090.97146519748,72178.75472943485,73011.18131258909,1197.0258544615067,2023-08-07 12:00:00
1691424000000,73444.22157265831,75521.16116304128,73444.22157265831,74767.11369401196,1166.3203310473193,2023-08-07 16:00:00
1691438400000,75470.51112643784,76334.47336282577,75470.51112643784,75483.48368475899,2175.2193619788795,2023-08-07 20:00:00
1691452800000,75483.48368475899,76196.51440285648,75417.64376199902,75496.84374948943,1953.1057633824503,2023-08-08 00:00:00
1691467200000,74422.80585741345,74422.80585741345,73606.92274971186,73822.61131408437,1230.6406097242573,2023-08-08 04:00:00
1691481600000,72847.87679722966,72847.87679722966,72033.35971521623,72490.60753779572,1021.9481282693781,2023-08-08 08:00:00
1691496000000,72490.60753779572,72887.00676425744,71806.59199479743,72113.35096750225,1109.3885925002235,2023-08-08 12:00:00
1691510400000,71692.54973110833,71692.54973110833,70903.82966718345,71365.86095929878,1211.542104917539,2023-08-08 16:00:00
1691524800000,71339.77969567254,71339.77969567254,70501.39518365788,71138.1208534072,1334.1286713496943,2023-08-08 20:00:00
1691539200000,71138.1208534072,71380.75200230998,71121.84048687467,71207.04635976738,2933.3153963478317,2023-08-09 00:00:00
1691553600000,71397.09466384986,72100.3688246811,71397.09466384986,71854.75949073587,2754.6064272033714,2023-08-09 04:00:00
1691568000000,71854.75949073587,71867.76429309272,71752.66525113069,71768.21421112648,1084.102194254841,2023-08-09 08:00:00
1691582400000,71994.05638998354,72403.68503758746,71994.05638998354,72367.57949815839,913.3269728927252,2023-08-09 12:00:00
1691596800000,72367.57949815839,73903.70282153963,72105.53729720696,72447.38608628913,2531.040754777,2023-08-09 16:00:00
1691611200000,70504.70309701031,70504.70309701031,68904.91751944524,70041.65102288003,2211.624878411772,2023-08-09 20:00:00
1691625600000,69988.3228058877,69988.3228058877,68768.47399004114,68925.91172592534,548.2045934202475,2023-08-10 00:00:00
1691640000000,68925.91172592534,69259.84321427946,68522.41414832712,68756.34440351957,677.8149123609272,2023-08-10 04:00:00
1691654400000,67557.34010145797,67557.34010145797,67164.98329210366,67349.08647167929,2957.374474523459,2023-08-10 08:00:00
1691668800000,67891.11780764806,68305.36403889519,67891.11780764806,68043.35617077495,886.6375954000039,2023-08-10 12:00:00
1691683200000,69803.80695118515,70222.01954332896,69803.80695118515,69847.42409764352,544.8729891143292,2023-08-10 16:00:00
1691697600000,70268.13248301616,71582.42254319393,70268.13248301616,71317.9383011298,796.1072990317938,2023-08-10 20:00:00
1691712000000,71317.9383011298,71402.86248193955,70430.33016674528,71058.18786935009,500.40162466572986,2023-08-11 00:00:00
1691726400000,72135.41892638491,73171.39827236706,72135.41892638491,72892.29809654887,1163.314124116132,2023-08-11 04:00:00
1691740800000,72892.29809654887,73932.3278806874,72386.6488360659,73077.78680365841,3821.9060597734465,2023-08-11 08:00:00
1691755200000,72747.86491994797,72747.86491994797,72631.15912951643,72657.88930200928,1062.4275770896227,2023-08-11 12:00:00
1691769600000,72132.95490188038,72132.95490188038,71459.91738221419,71899.97285971892,599.3302286354651,2023-08-11 16:00:00
1691784000000,71883.36783497549,71883.36783497549,70665.85427947684,71529.15880068284,1344.6970969015556,2023-08-11 20:00:00
1691798400000,71529.15880068284,71812.67422684368,70738.72582038704,71056.07238190596,1201.3206520549275,2023-08-12 00:00:00
1691812800000,71056.07238190596,72340.94643887127,71039.98549957793,71263.37883504639,3464.7212358605443,2023-08-12 04:00:00
1691827200000,71263.37883504639,71758.66699964624,70998.17617297056,71459.26588272593,581.2034029632989,2023-08-12 08:00:00
1691841600000,71459.26588272593,71473.91773311958,70866.57426470969,71462.98697602762,675.2029731681642,2023-08-12 12:00:00
1691856000000,71869.9587442543,73395.44064340423,71869.9587442543,71998.77383399964,1519.9483134978468,2023-08-12 16:00:00
1691870400000,72824.64432849338,73602.22109076775,72824.64432849338,73479.25575521622,821.1768555685196,2023-08-12 20:00:00
1691884800000,74250.0164683633,75298.7316625609,74250.0164683633,74681.74731535824,531.7110838878157,2023-08-13 00:00:00
1691899200000,72828.1808125913,72828.1808125913,72488.33612628681,72809.86495944385,861.3731433072074,2023-08-13 04:00:00
1691913600000,70048.86767463833,70048.86767463833,69588.69841472646,69699.44047276708,5042.149758012238,2023-08-13 08:00:00
1691928000000,70628.61637093966,70886.52674740864,70628.61637093966,70821.62881136559,1084.7160539286126,2023-08-13 12:00:00
1691942400000,70107.33387338185,70107.33387338185,67510.31294258901,69185.94379441737,1713.5735579236946,2023-08-13 16:00:00
1691956800000,69185.94379441737,69331.56361856237,68428.07755133187,68920.61696277968,709.6582583906932,2023-08-13 20:00:00
1691971200000,68370.33183298966,68370.33183298966,67345.44528990597,67555.69274904447,2477.787527223345,2023-08-14 00:00:00
1691985600000,65522.72554103516,65522.72554103516,65115.575735164195,65506.38136106781,934.341369436942,2023-08-14 04:00:00
1692000000000,65506.38136106781,66595.4100896891,65395.284124548976,66115.54171746544,1262.7479467257417,2023-08-14 08:00:00
1692014400000,66640.73554722921,67058.21518459576,66640.73554722921,66979.16265541631,1683.7236830249842,2023-08-14 12:00:00
1692028800000,66979.16265541631,67918.64658992902,64966.990695832086,66322.29712750776,811.6664991572763,2023-08-14 16:00:00
1692043200000,64330.319905036784,64330.319905036784,62089.363403118594,63448.74401990137,1726.363351345916,2023-08-14 20:00:00
1692057600000,62951.2598716002,62951.2598716002,62620.8702682277,62859.01588587777,543.1167803004114,2023-08-15 00:00:00
1692072000000,63141.80452524411,64957.310662439915,63141.80452524411,63281.45061446617,684.4524869721133,2023-08-15 04:00:00
1692086400000,61901.42265544686,61901.42265544686,61334.8911038659,61701.62835816872,1104.8553240469219,2023-08-15 08:00:00
1692100800000,61822.99168535708,62518.12584272471,61822.99168535708,61895.33735749636,1154.1860003869983,2023-08-15 12:00:00
1692115200000,61895.33735749636,61945.001377590575,60642.456151892606,61879.1401574754,1365.4308159647344,2023-08-15 16:00:00
1692129600000,61879.1401574754,63084.281631282895,61724.722533241395,62494.97113507708,604.8009235705081,2023-08-15 20:00:00
1692144000000,62494.97113507708,63129.14512645563,62483.70828504847,62622.85532624076,581.9670394745797,2023-08-16 00:00:00
1692158400000,62622.85532624076,62871.80624760312,61229.598552063304,61589.76745598159,1388.7005412139429,2023-08-16 04:00:00
1692172800000,62409.67324751542,62938.67555731448,62409.67324751542,62862.58027341239,692.1133988418684,2023-08-16 08:00:00
1692187200000,62710.51858321488,62710.51858321488,62548.52064959167,62692.449814105654,1662.9487852247962,2023-08-16 12:00:00
1692201600000,62692.449814105654,63010.972255382476,62513.37477682186,62663.193697838426,4224.3351556221005,2023-08-16 16:00:00
1692216000000,61986.031041571245,61986.031041571245,60788.71600894953,61671.38705605988,1549.433404924422,2023-08-16 20:00:00
1692230400000,61671.38705605988,62128.89473366178,61053.57257517627,61205.81435239677,563.5874911552805,2023-08-17 00:00:00
1692244800000,60855.47511327907,60855.47511327907,59864.16960156419,60287.0022633233,567.8514855568716,2023-08-17 04:00:00
1692259200000,60287.0022633233,60454.608678371056,59199.272608052284,60109.026668727405,1018.3866773879795,2023-08-17 08:00:00
1692273600000,61581.09057639957,62543.386034633935,61581.09057639957,61893.898321909815,1607.4853073391696,2023-08-17 12:00:00
1692288000000,61211.94200717669,61211.94200717669,59494.99610386137,60459.21558330565,1091.8345456687275,2023-08-17 16:00:00
1692302400000,59176.769078404366,59176.769078404366,58540.24107527597,58814.31382583665,1164.0848202578184,2023-08-17 20:00:00
1692316800000,60098.04196614779,61275.62704205501,60098.04196614779,60312.226620069305,700.6588202367116,2023-08-18 00:00:00
1692331200000,60221.68474614824,60221.68474614824,59855.26018019249,60096.79232314989,718.447447401131,2023-08-18 04:00:00
1692345600000,59873.84314018192,59873.84314018192,58614.86450139508,59413.33524714194,1037.46875574042,2023-08-18 08:00:00
1692360000000,60211.165370863026,61628.43769184347,60211.165370863026,60478.97734764784,606.0496166140175,2023-08-18 12:00:00
1692374400000,60409.82249583206,60409.82249583206,59212.242211695244,59856.07036436587,1595.96898966969,2023-08-18 16:00:00
1692388800000,60807.074049673545,61930.70127668707,60807.074049673545,61753.978632232756,714.9859502183439,2023-08-18 20:00:00
1692403200000,62357.629391536684,62558.53414744837,62357.629391536684,62473.815447960274,758.1671248112702,2023-08-19 00:00:00
1692417600000,62300.94606594558,62300.94606594558,61750.203283784256,61954.8995159463,1519.6057941803028,2023-08-19 04:00:00
1692432000000,63607.77610682882,65029.63176112466,63607.77610682882,64282.39359973836,1730.8228169935942,2023-08-19 08:00:00
1692446400000,64282.39359973836,64499.952410799655,63413.14085007348,63620.20500676602,1552.1904997131023,2023-08-19 12:00:00
1692460800000,63873.09574209778,64485.51142560079,63873.09574209778,64432.437534430035,1074.7387494730083,2023-08-19 16:00:00
1692475200000,64432.437534430035,65135.09855526333,63932.34052786463,64762.94397414578,2550.532211194819,2023-08-19 20:00:00
1692489600000,65947.26905653435,67007.5510573645,65947.26905653435,66220.28226500744,797.1885688661107,2023-08-20 00:00:00
1692504000000,67807.85094473009,69329.09033222994,67807.85094473009,68011.768494404,2951.2535914335804,2023-08-20 04:00:00
1692518400000,68011.768494404,68857.8241012584,67207.24415230141,68048.9885562733,983.7529391839626,2023-08-20 08:00:00
1692532800000,67437.10629256109,67437.10629256109,66600.09362477087,67178.16184120081,1452.355441279677,2023-08-20 12:00:00
1692547200000,67399.76308789909,68300.20789810242,67399.76308789909,67708.47959677358,539.1191341225349,2023-08-20 16:00:00
1692561600000,66950.04526738585,66950.04526738585,66303.97918265627,66928.5686913954,1007.9135926196764,2023-08-20 20:00:00
1692576000000,69251.31485211516,70510.69832253084,69251.31485211516,69272.26942782638,512.8476046836224,2023-08-21 00:00:00
1692590400000,69272.26942782638,69524.3348852027,68804.96295809405,69434.14425864525,920.0203024352991,2023-08-21 04:00:00
1692604800000,69110.23287650086,69110.23287650086,68354.28374873924,69001.86848398665,1185.8196352817865,2023-08-21 08:00:00
1692619200000,69001.86848398665,70208.92285533612,68686.75351947223,69220.05861444812,1046.2741105691282,2023-08-21 12:00:00
1692633600000,67702.61680578874,67702.61680578874,67372.69600643839,67644.20053232601,2147.5445118325842,2023-08-21 16:00:00
1692648000000,66663.52306865373,66663.52306865373,66021.82130930813,66529.93031821276,910.750603934765,2023-08-21 20:00:00
1692662400000,67787.71410384546,68541.18678948891,67787.71410384546,67909.29696284959,581.5769532688018,2023-08-22 00:00:00
1692676800000,67521.69268212597,67521.69268212597,66520.14986304553,67150.97007719305,1282.8052548429985,2023-08-22 04:00:00
1692691200000,66051.80179385588,66051.80179385588,65360.83494286828,65959.86654918926,3425.808031949795,2023-08-22 08:00:00
1692705600000,66078.02687878191,67564.84899775097,66078.02687878191,66567.77013143277,1433.155453200115,2023-08-22 12:00:00
1692720000000,67409.85745904992,68078.14867431257,67409.85745904992,67930.83710026238,2218.0060076229356,2023-08-22 16:00:00
1692734400000,68302.95050366982,69339.13539954538,68302.95050366982,68770.89101440915,2046.3495017981054,2023-08-22 20:00:00
1692748800000,69631.3761027689,70046.28168639186,69631.3761027689,69951.90600085598,1204.8336472616727,2023-08-23 00:00:00
1692763200000,69951.90600085598,70040.45086968607,68792.01006060358,69052.74078089799,938.2658023077688,2023-08-23 04:00:00
1692777600000,68176.56313425719,68176.56313425719,66362.49388757195,67394.59246505123,1293.2241247937977,2023-08-23 08:00:00
1692792000000,68690.75647994109,69927.35604018506,68690.75647994109,69146.6777963199,588.447411504311,2023-08-23 12:00:00
1692806400000,68937.97673055774,68937.97673055774,68528.98251539524,68766.30118633747,1193.543129983144,2023-08-23 16:00:00
1692820800000,68760.53097707816,68760.53097707816,67984.18660435753,68472.06403621678,2056.089601000968,2023-08-23 20:00:00
1692835200000,69016.45446608945,70702.30424919994,69016.45446608945,70044.53508090289,1000.3504900363955,2023-08-24 00:00:00
1692849600000,70698.40254741229,70796.30878039787,70698.40254741229,70713.74602140811,682.5172218754336,2023-08-24 04:00:00
1692864000000,70945.55716467628,71695.27244962363,70945.55716467628,71266.99819350636,1717.1818848236032,2023-08-24 08:00:00
1692878400000,73573.14828484532,74031.88872320093,73573.14828484532,73954.05165252059,1584.620155085518,2023-08-24 12:00:00
1692892800000,73954.05165252059,74525.66217089712,72773.35771054986,73144.94806238073,1097.1080047336873,2023-08-24 16:00:00
1692907200000,73440.6529426673,74336.53888591898,73440.6529426673,74314.37804703148,1252.0147749081377,2023-08-24 20:00:00
1692921600000,74314.37804703148,74770.21940406707,73881.24731130194,74386.84287729359,1590.024144401978,2023-08-25 00:00:00
1692936000000,74386.84287729359,74945.04853794158,74350.88936107952,74729.18079851393,1193.7576795855878,2023-08-25 04:00:00
1692950400000,76459.50117901702,76778.78209963799,76459.50117901702,76707.52037269108,1281.541278058568,2023-08-25 08:00:00
1692964800000,76954.00710035647,77671.97168855365,76954.00710035647,77376.3502445414,508.3898003284163,2023-08-25 12:00:00
1692979200000,77376.3502445414,78287.20637993097,77289.62079406065,78091.66492755273,1753.1194991754016,2023-08-25 16:00:00
1692993600000,79206.02782041697,79699.70394403193,79206.02782041697,79536.63963285717,1614.0689403916667,2023-08-25 20:00:00
1693008000000,79105.66314059513,79105.66314059513,78341.7893223569,79041.96716496335,1624.3298252853062,2023-08-26 00:00:00
1693022400000,78975.2932573003,78975.2932573003,77537.06175900527,77916.10655846036,1237.8565029000956,2023-08-26 04:00:00
1693036800000,76862.98978172752,76862.98978172752,76043.71295955451,76536.80422303035,2751.5307037607613,2023-08-26 08:00:00
1693051200000,74638.29810956129,74638.29810956129,73678.62418192762,74006.79780311487,1368.0448400777336,2023-08-26 12:00:00
1693065600000,76235.01384621247,76841.12957448645,76235.01384621247,76654.45438437929,1609.4325452113408,2023-08-26 16:00:00
1693080000000,75523.22602798206,75523.22602798206,74469.90678990325,75222.3520099543,910.1516003039928,2023-08-26 20:00:00
1693094400000,75222.3520099543,75363.96897485375,74280.47070115696,74938.37435491089,697.0386054481221,2023-08-27 00:00:00
1693108800000,74721.11839032786,74721.11839032786,74050.90096027209,74584.59540356488,781.4075385413298,2023-08-27 04:00:00
1693123200000,74626.12476520175,76200.10629772127,74626.12476520175,74977.57682969235,1864.2168872242078,2023-08-27 08:00:00
1693137600000,75740.27249628108,76068.62312257438,75740.27249628108,76030.46255966702,2473.5216622952034,2023-08-27 12:00:00
1693152000000,77007.89773492869,77933.69006886857,77007.89773492869,77157.11809393547,1673.1938473628784,2023-08-27 16:00:00
1693166400000,77157.11809393547,77814.36961087152,76264.96922267505,76391.86074660007,2704.437239303356,2023-08-27 20:00:00
1693180800000,76391.86074660007,76763.20958370164,76086.43057817187,76173.92540161252,1888.974005288231,2023-08-28 00:00:00
1693195200000,76362.79076012358,78173.29400479754,76362.79076012358,76542.78832515603,893.9038959939744,2023-08-28 04:00:00
1693209600000,76290.24542909463,76290.24542909463,76028.17061954817,76218.06786582721,1476.3444813417177,2023-08-28 08:00:00
1693224000000,77948.24302758178,79657.56575480684,77948.24302758178,78341.38785973776,1076.7849013146608,2023-08-28 12:00:00
1693238400000,78655.75443620115,79490.44889320887,78655.75443620115,79001.68947601343,1668.4234279959815,2023-08-28 16:00:00
1693252800000,79953.01153348896,80976.09095609134,79953.01153348896,80000.42440786051,885.0588781049894,2023-08-28 20:00:00
1693267200000,80806.08675259829,81406.28083685375,80806.08675259829,80912.13917156646,659.5269502481864,2023-08-29 00:00:00
1693281600000,81974.96732353389,83130.42839963619,81974.96732353389,82551.66548777724,1759.9272731140588,2023-08-29 04:00:00
1693296000000,82551.66548777724,83004.91439695757,81354.31871699393,82807.52184760271,1527.999587633613,2023-08-29 08:00:00
1693310400000,81067.79184057258,81067.79184057258,80703.64735592928,80991.93798694207,2004.5271728263058,2023-08-29 12:00:00
1693324800000,81543.2938791806,83109.14389107973,81543.2938791806,81547.22218249274,824.9364590169494,2023-08-29 16:00:00
1693339200000,81547.22218249274,81593.53474203065,79941.12136397125,80644.23737655905,2547.691742300567,2023-08-29 20:00:00
1693353600000,80644.23737655905,80727.50483200366,79446.10335652904,79918.76426420099,1324.066728027723,2023-08-30 00:00:00
1693368000000,80016.21636171956,80775.29825679098,80016.21636171956,80723.88771277906,1229.04346881004,2023-08-30 04:00:00
1693382400000,82112.25295090777,83535.03108311164,82112.25295090777,82450.89711282977,3843.602629837865,2023-08-30 08:00:00
1693396800000,82450.89711282977,82515.66125759957,81971.55711049422,82480.88473033933,1454.260066202653,2023-08-30 12:00:00
1693411200000,82889.65854974605,83560.98615602008,82889.65854974605,82917.49293078821,1961.4032333489656,2023-08-30 16:00:00
1693425600000,84565.1817889285,85975.5522644987,84565.1817889285,85365.78171682064,865.6281116681764,2023-08-30 20:00:00
1693440000000,85365.78171682064,85967.91053701594,85326.19786465648,85717.84261629616,1398.9046194394787,2023-08-31 00:00:00
1693454400000,89269.44097251621,89757.93521705558,89269.44097251621,89616.24908544404,1035.1692268984366,2023-08-31 04:00:00
1693468800000,89616.24908544404,91315.9689352407,89479.52851395903,90486.80293617741,824.7035430503171,2023-08-31 08:00:00
1693483200000,88806.81408213916,88806.81408213916,86800.5573877086,87803.7190786912,550.4103465691965,2023-08-31 12:00:00
1693497600000,88579.62689567059,88983.64268377144,88579.62689567059,88941.7977928012,1935.622098119723,2023-08-31 16:00:00
1693512000000,89420.71986893042,90457.75658390239,89420.71986893042,89523.22451234104,533.997969868478,2023-08-31 20:00:00
1693526400000,91004.86873367472,92533.43325096827,91004.86873367472,91518.97675677374,1092.8910126309725,2023-09-01 00:00:00
1693540800000,92546.34429644322,92787.36852546304,92546.34429644322,92578.26094485541,1307.567240150137,2023-09-01 04:00:00
1693555200000,92578.26094485541,92673.94744982367,92165.66496732786,92359.39670190291,650.4980203928479,2023-09-01 08:00:00
1693569600000,90572.24963653956,90572.24963653956,89772.95537536553,90446.46518344663,3213.247274517523,2023-09-01 12:00:00
1693584000000,90446.46518344663,91392.10425883692,88165.96472972338,90123.85471892952,652.1331876830582,2023-09-01 16:00:00
1693598400000,88999.89838556059,88999.89838556059,88277.80571802802,88822.96931611774,2960.6018725738977,2023-09-01 20:00:00
1693612800000,88415.35569562066,88415.35569562066,87118.18454829406,87945.8477432518,581.9680179943633,2023-09-02 00:00:00
1693627200000,88569.49803456066,89695.82664830556,88569.49803456066,88835.20099908476,1831.6302841661904,2023-09-02 04:00:00
1693641600000,89945.13732513608,91677.09468598559,89945.13732513608,91407.71822108074,1414.8680993648818,2023-09-02 08:00:00
1693656000000,91454.87010289401,92446.72633266725,91454.87010289401,92026.52133319061,860.4539907451721,2023-09-02 12:00:00
1693670400000,90899.41188290977,90899.41188290977,89814.95864833845,90164.2714786719,1665.1292751384503,2023-09-02 16:00:00
1693684800000,90164.2714786719,91012.90777150815,90051.5227407164,90852.17247261375,783.963758940748,2023-09-02 20:00:00
1693699200000,92029.76121025193,93400.530310435,92029.76121025193,92729.81661533465,2634.677811137417,2023-09-03 00:00:00
1693713600000,91857.99282025546,91857.99282025546,91652.30447575603,91768.20222742483,1451.5188829413948,2023-09-03 04:00:00
1693728000000,91717.20788034,91717.20788034,90953.7908872257,91558.20034276448,1749.3947007379911,2023-09-03 08:00:00
1693742400000,91558.20034276448,92498.47201311184,90408.49990308762,91581.19294489762,832.039285809878,2023-09-03 12:00:00
1693756800000,90996.45887515393,90996.45887515393,90165.240522316,90360.58205237862,1769.4818244537012,2023-09-03 16:00:00
1693771200000,91340.37343609075,92826.8650579771,91340.37343609075,91367.55680524468,786.2744300412168,2023-09-03 20:00:00
1693785600000,91367.55680524468,92091.85095316729,90211.98473056193,91178.84013315378,526.079543926042,2023-09-04 00:00:00
1693800000000,91386.75936096985,92690.64527398521,91386.75936096985,91835.11508875438,2775.92851512216,2023-09-04 04:00:00
1693814400000,91835.11508875438,92642.11858636462,89555.81251942407,90452.3419832729,531.3096914141431,2023-09-04 08:00:00
1693828800000,89791.14682479213,89791.14682479213,89254.0636420357,89778.43257378403,918.4507987741728,2023-09-04 12:00:00
1693843200000,89778.43257378403,91925.43047280899,89177.64059889037,90893.98710751388,747.5904581447971,2023-09-04 16:00:00
1693857600000,90893.98710751388,91777.2415253336,89634.29858956428,90316.51057580211,1798.764173969264,2023-09-04 20:00:00
1693872000000,92533.03835448391,93411.41854685041,92533.03835448391,93022.61654143159,805.8099890027934,2023-09-05 00:00:00
1693886400000,92961.48067800333,92961.48067800333,92035.10723870693,92389.27404121519,796.9950364710894,2023-09-05 04:00:00
1693900800000,92446.80421152039,93919.98172868823,92446.80421152039,92744.821319121,1225.5585572885689,2023-09-05 08:00:00
1693915200000,93533.27382968603,94350.79016697171,93533.27382968603,94235.26383413117,937.6123250270115,2023-09-05 12:00:00
1693929600000,93011.36910786477,93011.36910786477,90584.26669370658,91977.82962205657,1800.4077976573376,2023-09-05 16:00:00
1693944000000,90117.0403887484,90117.0403887484,89132.98445937049,89250.46408485805,3384.0976282221654,2023-09-05 20:00:00
1693958400000,87481.39091049145,87481.39091049145,85524.09730877141,86952.81336281753,599.8828088718377,2023-09-06 00:00:00
1693972800000,87847.14765458579,89139.70698308697,87847.14765458579,88849.98743657615,730.9271600320445,2023-09-06 04:00:00
1693987200000,88849.98743657615,89699.65968253193,87309.33224287535,88015.71901811403,1677.2137369778181,2023-09-06 08:00:00
1694001600000,91710.19277584771,92708.02605771917,91710.19277584771,91950.2548025049,1340.0687394105782,2023-09-06 12:00:00
1694016000000,91633.55901835648,91633.55901835648,90988.4729790756,91067.58612835986,1124.9082676593252,2023-09-06 16:00:00
1694030400000,91067.58612835986,91680.81131275494,90443.99329489336,91355.34858212933,2284.758753894771,2023-09-06 20:00:00
1694044800000,93782.62920053337,94629.19894393977,93782.62920053337,93795.710981671,513.7337231586582,2023-09-07 00:00:00
1694059200000,96175.07871262604,97966.69061095585,96175.07871262604,97068.13891369048,2061.886152588445,2023-09-07 04:00:00
1694073600000,98924.10769573723,100584.53364192983,98924.10769573723,100549.93835794982,1046.6581842156406,2023-09-07 08:00:00
1694088000000,102230.47434721627,103903.98820158602,102230.47434721627,102648.59621971336,646.6121221581154,2023-09-07 12:00:00
1694102400000,103548.4322857404,105778.78265872663,103548.4322857404,104461.41507183123,4117.292510082321,2023-09-07 16:00:00
1694116800000,104535.31237243104,106023.02888751413,104535.31237243104,105524.90487652026,942.9195894483672,2023-09-07 20:00:00
1694131200000,106048.20594126463,107019.05959138187,106048.20594126463,106938.40738616341,1284.3759654042601,2023-09-08 00:00:00
1694145600000,106938.40738616341,106987.74207811005,104502.93594490712,105935.51315308012,1541.9171184028232,2023-09-08 04:00:00
1694160000000,105935.51315308012,106392.54072256613,102801.97206908403,104464.09986825762,2687.62952049863,2023-09-08 08:00:00
1694174400000,104464.09986825762,104883.56425934404,103293.26734640334,104458.07390580949,880.6785021217685,2023-09-08 12:00:00
1694188800000,104458.07390580949,105121.36834230005,103878.43875734053,104154.61585353107,1200.3129422221014,2023-09-08 16:00:00
1694203200000,103585.34616602922,103585.34616602922,102140.42137943559,103350.75315048735,1174.5483675539895,2023-09-08 20:00:00
1694217600000,103882.21861204196,105005.73069499276,103882.21861204196,104588.46671169216,1174.2359475352348,2023-09-09 00:00:00
1694232000000,106012.63998588265,106783.71747687773,106012.63998588265,106310.51334077829,1360.431332045955,2023-09-09 04:00:00
1694246400000,106310.51334077829,107130.8866350946,105674.6718014912,106471.30312714512,2125.2273569066165,2023-09-09 08:00:00
1694260800000,108855.50166520792,109466.63058111249,108855.50166520792,109194.83929607464,1002.155512657865,2023-09-09 12:00:00
1694275200000,108039.76536144371,108039.76536144371,107064.79536083051,107084.33273419074,1032.5791751793213,2023-09-09 16:00:00
1694289600000,107084.33273419074,107306.4187659513,106682.48704721926,106730.4055750951,502.35023350386115,2023-09-09 20:00:00
1694304000000,106143.91813956373,106143.91813956373,104422.31450949932,105430.50721851819,629.2717843469887,2023-09-10 00:00:00
1694318400000,102308.49360631217,102308.49360631217,101299.6681172782,102119.4982914193,1543.6612520169056,2023-09-10 04:00:00
1694332800000,102119.4982914193,102718.55635714703,101485.03618438884,101975.26225223405,582.9340432115814,2023-09-10 08:00:00
1694347200000,101975.26225223405,102289.40449491682,101330.25938753643,101763.24510863924,2224.8569528353,2023-09-10 12:00:00
1694361600000,103175.10447209218,104881.41434858873,103175.10447209218,104430.45445381866,911.2850639971361,2023-09-10 16:00:00
1694376000000,105239.82843698177,106076.7310308038,105239.82843698177,105562.694681413,1212.8542289017164,2023-09-10 20:00:00
1694390400000,105329.50368642606,105329.50368642606,102761.3433962563,103730.54385594286,1145.0411888228546,2023-09-11 00:00:00
1694404800000,105839.88948979827,108342.9018580662,105839.88948979827,107071.00784204487,2815.257123057854,2023-09-11 04:00:00
1694419200000,108303.89754003777,109691.32584650636,108303.89754003777,109329.44483787469,651.8334047269472,2023-09-11 08:00:00
1694433600000,109692.99378245571,111759.6667857236,109692.99378245571,110422.8058106869,3186.9650524332133,2023-09-11 12:00:00
1694448000000,110138.1040215825,110138.1040215825,109394.08376260084,109996.10451792233,558.8297478691184,2023-09-11 16:00:00
1694462400000,108274.53907216681,108274.53907216681,107310.70052516037,108206.71033105259,1606.6898770099888,2023-09-11 20:00:00
1694476800000,107776.5335513666,107776.5335513666,107277.52015469175,107520.3922280666,539.355946712586,2023-09-12 00:00:00
1694491200000,108845.74924471987,109879.57606426912,108845.74924471987,109540.31247875061,638.0890864953554,2023-09-12 04:00:00
1694505600000,112384.80844245409,115439.69091774726,112384.80844245409,113126.82649374733,531.4603305262557,2023-09-12 08:00:00
1694520000000,115968.81165215462,117054.67861680406,115968.81165215462,116151.018080055,4554.3017732332255,2023-09-12 12:00:00
1694534400000,116151.018080055,116207.96211858353,114769.8316889625,115184.40503650553,2862.8595448697547,2023-09-12 16:00:00
1694548800000,114168.69198075465,114168.69198075465,112945.95636619015,113000.76153497756,3047.5483400285584,2023-09-12 20:00:00
1694563200000,113000.76153497756,114058.0474295552,112401.17991134635,113273.24552607816,1735.0531799341272,2023-09-13 00:00:00
1694577600000,110458.26548948586,110458.26548948586,109321.29686292443,109900.08256530092,1665.6916299242462,2023-09-13 04:00:00
1694592000000,109900.08256530092,110809.8659396121,109133.50662190023,110508.9098469059,2023.2685905122473,2023-09-13 08:00:00
1694606400000,110457.89263912913,110457.89263912913,108848.42798104731,110230.4187037128,2071.1307812546074,2023-09-13 12:00:00
1694620800000,109777.71156730437,109777.71156730437,108432.46470704628,109355.71596857939,759.3225033180049,2023-09-13 16:00:00
1694635200000,107259.9196383753,107259.9196383753,105383.31780846522,106414.79764472743,624.2082544370061,2023-09-13 20:00:00
1694649600000,106729.42066044547,108152.05008125822,106729.42066044547,107353.23005732191,1107.5728769816228,2023-09-14 00:00:00
1694664000000,107251.88961846268,107251.88961846268,105354.67230449292,106380.05610304361,600.6540514157361,2023-09-14 04:00:00
1694678400000,104385.98021016041,104385.98021016041,103580.22267797735,104273.62383389747,952.1252382004188,2023-09-14 08:00:00
1694692800000,99965.12143123968,99965.12143123968,98550.12627596149,99277.33059554434,1682.5696188886855,2023-09-14 12:00:00
1694707200000,99277.33059554434,100989.56516157219,98563.72409300575,99230.6448923634,750.049568305111,2023-09-14 16:00:00
1694721600000,101656.72780045176,103245.84699775974,101656.72780045176,102282.99638610418,1140.959341477189,2023-09-14 20:00:00
1694736000000,103246.840075528,105964.86645549085,103246.840075528,105229.38593805194,2745.178530714009,2023-09-15 00:00:00
1694750400000,105229.38593805194,105511.07050583423,104403.46163071749,104410.32363516287,2116.221158065158,2023-09-15 04:00:00
1694764800000,104410.32363516287,104600.6480224375,102923.2824994609,103340.9554642853,1021.0142394823565,2023-09-15 08:00:00
1694779200000,103621.22934205107,104632.62966667481,103621.22934205107,104172.423321139,1243.254538149141,2023-09-15 12:00:00
1694793600000,102880.12669766988,102880.12669766988,101426.51729259655,102409.56228958433,1527.8080423191489,2023-09-15 16:00:00
1694808000000,102685.36171579211,103329.28528549471,102685.36171579211,102939.27060245466,2081.7460221423707,2023-09-15 20:00:00
1694822400000,103858.50231359163,104545.78466043167,103858.50231359163,104296.2404121435,2431.776455906584,2023-09-16 00:00:00
1694836800000,106465.81214418859,106633.45732834042,106465.81214418859,106506.89045244794,4398.827193082865,2023-09-16 04:00:00
1694851200000,106506.89045244794,106717.33771277295,104681.94062265685,106324.69290172562,606.1973590019817,2023-09-16 08:00:00
1694865600000,106085.24114853115,106085.24114853115,105805.63096755158,105955.13602834272,3725.5570569769247,2023-09-16 12:00:00
1694880000000,105245.11853958404,105245.11853958404,103820.10916475071,104376.72268584876,1006.8916814286077,2023-09-16 16:00:00
1694894400000,103940.40275100205,103940.40275100205,102277.4956284403,102911.68635588794,1155.1734528630516,2023-09-16 20:00:00
1694908800000,102911.68635588794,104345.81701862867,101793.54942165737,102514.01902915661,797.2187409266046,2023-09-17 00:00:00
1694923200000,102952.38847123137,104991.35640017086,102952.38847123137,103159.84273982134,1096.2444766414683,2023-09-17 04:00:00
1694937600000,103159.84273982134,106335.63067921725,103080.89644295014,104783.6075864862,1035.8816716561955,2023-09-17 08:00:00
1694952000000,104148.35914997605,104148.35914997605,102361.07574080121,103354.72840881467,2291.387230732488,2023-09-17 12:00:00
1694966400000,104734.43960400196,106591.77795833726,104734.43960400196,106026.01393795485,1379.9462313288645,2023-09-17 16:00:00
1694980800000,105757.94706575933,105757.94706575933,103459.6614086778,105535.73681049889,876.560126316551,2023-09-17 20:00:00
1694995200000,105535.73681049889,105828.76449898096,105082.2603558326,105497.19450465855,611.5056320482277,2023-09-18 00:00:00
1695009600000,105154.33139978947,105154.33139978947,103023.58049521998,104158.19103255302,3507.933842456464,2023-09-18 04:00:00
1695024000000,101722.4879997933,101722.4879997933,98746.51472784937,99929.85961490506,4232.970639642183,2023-09-18 08:00:00
1695038400000,101388.88681791272,102237.65454317986,101388.88681791272,101451.54052079155,586.6900734969655,2023-09-18 12:00:00
1695052800000,101563.39008657871,102962.6972875582,101563.39008657871,102737.53822160944,1378.8909263782434,2023-09-18 16:00:00
1695067200000,102694.85585428949,102694.85585428949,102134.06157098517,102244.630687993,2115.312651447488,2023-09-18 20:00:00
1695081600000,102244.630687993,103470.24094038008,101977.98267676496,102361.7886394,1182.8572175297413,2023-09-19 00:00:00
1695096000000,102602.21683170504,104012.28365183063,102602.21683170504,103268.60839609597,1192.384295628192,2023-09-19 04:00:00
1695110400000,101380.616970599,101380.616970599,99061.95636204693,100546.64941416655,829.1476409722695,2023-09-19 08:00:00
1695124800000,100410.2987031547,100410.2987031547,98952.15556813784,99641.39214463839,688.3919310590971,2023-09-19 12:00:00
1695139200000,100778.66955400673,102586.50405974327,100778.66955400673,101003.54143970837,1491.2975749934076,2023-09-19 16:00:00
1695153600000,99139.82495631071,99139.82495631071,98173.02715312048,98860.87515788025,833.093091564951,2023-09-19 20:00:00
1695168000000,98860.87515788025,99984.679356519,98758.76507045797,99358.2414844804,1437.9526491728752,2023-09-20 00:00:00
1695182400000,97148.82013655498,97148.82013655498,96826.27546305356,97080.56651862733,1644.0091460496935,2023-09-20 04:00:00
1695196800000,97321.85098644636,97985.12998211889,97321.85098644636,97857.7423500704,3819.1841573282,2023-09-20 08:00:00
1695211200000,97857.7423500704,99305.94110962353,97521.05124115174,97798.13681643619,628.1413315708612,2023-09-20 12:00:00
1695225600000,95920.35669232394,95920.35669232394,94031.08285383585,95134.80847009349,968.3070110826723,2023-09-20 16:00:00
1695240000000,96858.01112754585,97455.6993178984,96858.01112754585,97048.0374747649,887.0390724670644,2023-09-20 20:00:00
1695254400000,96023.52553984622,96023.52553984622,94486.16520521967,95836.94699207459,2236.1454969739716,2023-09-21 00:00:00
1695268800000,94963.45578920867,94963.45578920867,94106.86293830509,94518.63876728508,1744.8224422774433,2023-09-21 04:00:00
1695283200000,94518.63876728508,95991.94184946906,93490.79475660098,94843.27304485756,2029.1956513135995,2023-09-21 08:00:00
1695297600000,94843.27304485756,97243.76162065085,94559.47906391726,96724.01085462736,972.1047421663407,2023-09-21 12:00:00
1695312000000,95457.45237220777,95457.45237220777,94937.06034310607,95058.85700457921,1656.8940102633196,2023-09-21 16:00:00
1695326400000,95058.85700457921,96253.39754912586,94930.45071832013,95159.1412725329,2193.0016156799456,2023-09-21 20:00:00
1695340800000,95159.1412725329,95911.41074435615,94700.18329479545,95859.27777957043,854.4640485526119,2023-09-22 00:00:00
1695355200000,96254.19016148681,98148.78905966529,96254.19016148681,97001.8322859005,769.1978698743478,2023-09-22 04:00:00
1695369600000,97001.8322859005,97660.52245885992,96799.68761020104,97294.85675104025,3250.836178289058,2023-09-22 08:00:00
1695384000000,97294.85675104025,98548.07090739765,96408.65625813037,96686.30841458366,2566.6552984773293,2023-09-22 12:00:00
1695398400000,96660.0300294309,96660.0300294309,94480.31728211827,95328.05825591889,732.2883913812423,2023-09-22 16:00:00
1695412800000,95328.05825591889,96697.89168907309,94649.02788233066,95468.54422014779,1631.044449284091,2023-09-22 20:00:00
1695427200000,94229.1063120554,94229.1063120554,92387.2035829334,93734.71827872763,568.1633924198219,2023-09-23 00:00:00
1695441600000,89458.74568510249,89458.74568510249,88200.99743633473,89168.54074978379,3263.8153833136316,2023-09-23 04:00:00
1695456000000,89168.54074978379,90997.92723910997,88967.59319405565,89836.4922138038,794.4881445323356,2023-09-23 08:00:00
1695470400000,90858.84517106671,91898.13273407613,90858.84517106671,91235.49209962224,691.1731544710898,2023-09-23 12:00:00
1695484800000,89174.77885563657,89174.77885563657,86879.57941275364,87623.54746408666,1206.3337421787874,2023-09-23 16:00:00
1695499200000,87470.93793816009,87470.93793816009,85670.59029773316,86124.03019322405,849.7118997014835,2023-09-23 20:00:00
1695513600000,86753.66372292764,87496.63068250548,86753.66372292764,87040.44383100906,713.9133218234481,2023-09-24 00:00:00
1695528000000,88593.8284118222,90690.57594958878,88593.8284118222,90156.37585473701,945.5735206011498,2023-09-24 04:00:00
1695542400000,90156.37585473701,90371.71537182383,89420.66932531206,90188.42921023844,1244.7370489625473,2023-09-24 08:00:00
1695556800000,89246.56567301528,89246.56567301528,88001.77255979484,89072.97369945125,2094.2907324636526,2023-09-24 12:00:00
1695571200000,89072.97369945125,89442.07695288653,88649.72998688178,88794.912508295,1294.1206605223792,2023-09-24 16:00:00
1695585600000,90391.02847122308,91651.00073253232,90391.02847122308,90906.61815775064,1491.870190148079,2023-09-24 20:00:00
1695600000000,90271.43858708435,90271.43858708435,89308.11682896902,89908.28343678218,1631.1618632057318,2023-09-25 00:00:00
1695614400000,88738.6681396426,88738.6681396426,88416.84963369355,88688.29575260443,904.8906435880677,2023-09-25 04:00:00
1695628800000,88688.29575260443,88789.97672391646,87463.7209315006,87959.40922436514,1393.727025197345,2023-09-25 08:00:00
1695643200000,87325.5778311794,87325.5778311794,86346.6723197032,86537.54281900931,790.1046070996065,2023-09-25 12:00:00
1695657600000,86564.53849237958,86755.76728021687,86564.53849237958,86719.20621135074,2077.636007580913,2023-09-25 16:00:00
1695672000000,88075.77010490176,90093.7102566637,88075.77010490176,89161.48708827028,1445.448860148173,2023-09-25 20:00:00
1695686400000,89161.48708827028,90451.16386208184,88664.86771221235,89655.29061991,614.2470487577925,2023-09-26 00:00:00
1695700800000,89380.31831625142,89380.31831625142,88732.40276632557,89269.35331637107,1235.335428258566,2023-09-26 04:00:00
1695715200000,88877.03579534224,88877.03579534224,87534.12365617545,88825.14203015619,1048.9529709153085,2023-09-26 08:00:00
1695729600000,86740.29284447397,86740.29284447397,86427.54459481261,86482.93111825931,908.8064868466333,2023-09-26 12:00:00
1695744000000,86492.37672581254,88470.49654162148,86492.37672581254,87798.44476745935,2379.258754185018,2023-09-26 16:00:00
1695758400000,87798.44476745935,87935.9950391872,87650.71533596213,87681.69580447215,577.4324509964298,2023-09-26 20:00:00
1695772800000,87681.69580447215,87786.03810822888,87403.29895596091,87411.58873353817,1681.5903123810303,2023-09-27 00:00:00
1695787200000,91952.66572381882,92772.48244427472,91952.66572381882,92315.66950277472,1461.5354772201922,2023-09-27 04:00:00
1695801600000,92734.31839298493,92964.79584909567,92734.31839298493,92788.34705117303,2263.3484686521397,2023-09-27 08:00:00
1695816000000,92140.34566279237,92140.34566279237,90961.20080409925,91603.47687630527,1733.3217004808782,2023-09-27 12:00:00
1695830400000,91349.37388595246,91349.37388595246,90555.91271556975,90938.24636173683,912.1091258965901,2023-09-27 16:00:00
1695844800000,90938.24636173683,92963.23680229847,90621.1047536414,92741.24384089338,1147.7033242927798,2023-09-27 20:00:00
1695859200000,92741.24384089338,94155.16164958524,91676.81322163803,92920.99755056664,854.7798227979359,2023-09-28 00:00:00
1695873600000,90967.34740257746,90967.34740257746,90213.32797201915,90664.17974277084,2450.278515095185,2023-09-28 04:00:00
1695888000000,92088.35472946842,92967.48866104639,92088.35472946842,92100.14559029252,1691.4562512877922,2023-09-28 08:00:00
1695902400000,91272.48262176417,91272.48262176417,89962.34503190476,91054.17252068885,567.2095934894087,2023-09-28 12:00:00
1695916800000,93919.5755305238,94129.62157266864,93919.5755305238,94017.27769264666,2834.050033371044,2023-09-28 16:00:00
1695931200000,94858.92813301421,95857.79881100923,94858.92813301421,95769.2777813696,1864.0171679085704,2023-09-28 20:00:00
1695945600000,95769.2777813696,96029.11111301114,94649.80264895344,95039.72814847992,1065.2907866982819,2023-09-29 00:00:00
1695960000000,95922.04153403634,97304.45852169655,95922.04153403634,97143.95112641162,3329.6381360630726,2023-09-29 04:00:00
1695974400000,97143.95112641162,99741.78287149112,96350.71587952718,97256.70221088247,2037.4515465553477,2023-09-29 08:00:00
1695988800000,97597.74243017346,98869.12033893203,97597.74243017346,98684.90770677367,698.2044002085111,2023-09-29 12:00:00
1696003200000,99476.57228263025,99934.09200430164,99476.57228263025,99506.05624106487,1898.311045289649,2023-09-29 16:00:00
1696017600000,99506.05624106487,99873.22617849256,97682.91750542603,98076.72506689263,2272.149117051285,2023-09-29 20:00:00
1696032000000,98076.72506689263,98149.04812784947,96820.49763107586,97003.65193399692,881.6341590085905,2023-09-30 00:00:00
1696046400000,97213.6193761461,98940.85271889578,97213.6193761461,98726.73283078568,553.0692704062307,2023-09-30 04:00:00
1696060800000,98477.54819779788,98477.54819779788,97820.21428456128,98163.33650547109,642.2596484063167,2023-09-30 08:00:00
1696075200000,97713.25185879885,97713.25185879885,96202.18127186254,97488.30659998492,1227.9889426052441,2023-09-30 12:00:00
1696089600000,96162.51268738827,96162.51268738827,94642.9102116245,95909.46390931294,2060.003294234254,2023-09-30 16:00:00
1696104000000,96384.23009372718,97333.16677600692,96384.23009372718,96606.50404700988,669.9955610304091,2023-09-30 20:00:00
1696118400000,99010.90205971559,101813.5394256568,99010.90205971559,100073.49206198406,1860.7992204454206,2023-10-01 00:00:00
1696132800000,99809.42489974583,99809.42489974583,97148.23531694453,98263.77170136961,687.2460021367639,2023-10-01 04:00:00
1696147200000,98263.77170136961,98641.79662890479,97083.9950866253,98304.46432243708,1050.6737955565839,2023-10-01 08:00:00
1696161600000,100656.28215948016,101816.56322765244,100656.28215948016,100706.59472948771,1587.3942043616682,2023-10-01 12:00:00
1696176000000,100706.59472948771,100954.34120219298,100009.20945531227,100569.57942704625,1176.3180399553153,2023-10-01 16:00:00
1696190400000,101187.6371346955,102051.78279036583,101187.6371346955,101350.32660912054,1431.442447768157,2023-10-01 20:00:00
1696204800000,100307.22773870148,100307.22773870148,98941.77297512157,99526.25983417618,1717.7484570000022,2023-10-02 00:00:00
1696219200000,99526.25983417618,101308.42886842243,98375.23869209494,100257.65448965611,2454.5611193538634,2023-10-02 04:00:00
1696233600000,99938.5034803093,99938.5034803093,99424.091213319,99937.42046364545,3181.433331160105,2023-10-02 08:00:00
1696248000000,99937.42046364545,102582.24791287787,99580.83721255226,101635.73577758476,1106.0208205992647,2023-10-02 12:00:00
1696262400000,102281.46453890904,103773.95431267885,102281.46453890904,103719.84984809854,977.9712098996148,2023-10-02 16:00:00
1696276800000,108378.22477028567,108753.11523647909,108378.22477028567,108414.5151497299,931.2020357097774,2023-10-02 20:00:00
1696291200000,109360.98299542756,110514.4623370989,109360.98299542756,109494.11307193265,549.1458464757217,2023-10-03 00:00:00
1696305600000,109494.11307193265,110457.18096888746,108735.89256845464,110105.6389311891,1930.0573680300215,2023-10-03 04:00:00
1696320000000,110105.6389311891,110692.00800571097,109400.29604786278,110472.12752068194,792.5505366702455,2023-10-03 08:00:00
1696334400000,110176.39516812572,110176.39516812572,109091.59075692558,109807.17665264991,624.2927838294835,2023-10-03 12:00:00
1696348800000,110124.30586280645,110704.96319373365,110124.30586280645,110444.40296103641,1386.0118693787072,2023-10-03 16:00:00
1696363200000,110261.07542359574,110261.07542359574,109849.12554724763,109888.07857036669,1523.6260426213853,2023-10-03 20:00:00
1696377600000,109888.07857036669,111692.9629480489,109648.00298828846,110204.99395333555,731.7266693823399,2023-10-04 00:00:00
1696392000000,110982.73330846395,113657.98165493475,110982.73330846395,112715.44780277705,698.0355238375173,2023-10-04 04:00:00
1696406400000,111382.481481668,111382.481481668,109078.19193865744,110792.56655370953,2456.6722376461985,2023-10-04 08:00:00
1696420800000,112640.023402837,113221.07327847903,112640.023402837,112972.66134641714,1619.3767460353797,2023-10-04 12:00:00
1696435200000,114868.57501910592,115887.61477774271,114868.57501910592,115545.2092648869,1082.585335283888,2023-10-04 16:00:00
1696449600000,115545.2092648869,116563.28043154563,113798.15069777549,115312.23078513512,3642.254438419255,2023-10-04 20:00:00
1696464000000,111424.27447327062,111424.27447327062,111123.5963808217,111204.45992638507,2817.555097472637,2023-10-05 00:00:00
1696478400000,110838.69640289406,110838.69640289406,109462.08086620556,110054.95143122894,5927.106149660532,2023-10-05 04:00:00
1696492800000,110994.37725101851,112912.92038807538,110994.37725101851,112522.34917838672,1234.345780501203,2023-10-05 08:00:00
1696507200000,112522.34917838672,113170.57203151334,111589.96981678235,112478.36958593669,1086.2672821216834,2023-10-05 12:00:00
1696521600000,110673.90649093724,110673.90649093724,110484.49503822703,110573.21794744898,1720.4787230289535,2023-10-05 16:00:00
1696536000000,109848.87695889636,109848.87695889636,108999.4192533,109623.17506342671,1560.324153708477,2023-10-05 20:00:00
1696550400000,111129.3503363519,111346.53047654819,111129.3503363519,111209.8730087135,3190.2188596061847,2023-10-06 00:00:00
1696564800000,111508.6929943378,113152.29218111589,111508.6929943378,112254.15583591377,595.9416328514551,2023-10-06 04:00:00
1696579200000,112254.15583591377,113300.31206823033,111718.84986721024,111796.58512942285,699.9374620934279,2023-10-06 08:00:00
1696593600000,111397.09799772447,111397.09799772447,110843.17737557174,111097.71945187944,1132.337421993219,2023-10-06 12:00:00
1696608000000,111097.71945187944,111535.55352910903,110157.31930620142,110356.17417977953,879.9507180609544,2023-10-06 16:00:00
1696622400000,110259.60518965879,110259.60518965879,107984.21153777537,108629.66435036203,829.3872066536055,2023-10-06 20:00:00
1696636800000,111500.28525707456,112410.5937552816,111500.28525707456,111671.25091236652,839.5848073781721,2023-10-07 00:00:00
1696651200000,111551.89946164309,111551.89946164309,110032.86837906104,111057.62844353264,1746.8852020033178,2023-10-07 04:00:00
1696665600000,112264.92905333625,114476.29037445525,112264.92905333625,113392.64273923708,790.6229287461431,2023-10-07 08:00:00
1696680000000,116234.22337159382,117565.15404860434,116234.22337159382,116380.30708407055,1102.0704539762937,2023-10-07 12:00:00
1696694400000,118125.0220638174,119556.90456085946,118125.0220638174,118383.50732036108,1055.8335484902193,2023-10-07 16:00:00
1696708800000,117928.48581814644,117928.48581814644,117480.68568931855,117513.22579333198,1087.1902521073248,2023-10-07 20:00:00
1696723200000,117513.22579333198,119019.5426119498,117244.96937684974,118327.0776411459,1508.288124398501,2023-10-08 00:00:00
1696737600000,118327.0776411459,119728.20295817639,117990.2638722627,118278.14498785876,1279.436017265633,2023-10-08 04:00:00
1696752000000,117291.6979612187,117291.6979612187,116064.67382703254,116464.93844343156,2685.3628529202597,2023-10-08 08:00:00
1696766400000,117031.3699002819,118161.98505332875,117031.3699002819,117112.51941449239,1381.5321767443515,2023-10-08 12:00:00
1696780800000,115790.17790188771,115790.17790188771,114194.85892285938,114775.67215265718,1576.3290482856555,2023-10-08 16:00:00
1696795200000,114775.67215265718,117463.57548031272,114634.10431201912,117129.81745163562,2124.782666674772,2023-10-08 20:00:00
1696809600000,117129.81745163562,117575.62072055573,114653.23016518618,116203.18566132271,600.5831853584674,2023-10-09 00:00:00
1696824000000,116203.18566132271,117644.8270961812,114825.50067538122,116603.47478590942,1020.2354076709825,2023-10-09 04:00:00
1696838400000,116974.30810428275,117640.22018209116,116974.30810428275,117169.53082367647,1400.6777092953475,2023-10-09 08:00:00
1696852800000,117169.53082367647,117265.2377335665,116143.89277845917,116652.08810309775,686.9688058199425,2023-10-09 12:00:00
1696867200000,117083.11802692013,118120.57713951965,117083.11802692013,117827.93735132703,2635.8409094433546,2023-10-09 16:00:00
1696881600000,117827.93735132703,119807.66541589845,115848.34508572941,116875.22891575129,3013.77879190895,2023-10-09 20:00:00
1696896000000,117696.4838097819,118749.98086248824,117696.4838097819,118629.08982118787,820.773788871442,2023-10-10 00:00:00
1696910400000,117484.40476462798,117484.40476462798,114451.75948398391,115930.66221646528,838.0871648921142,2023-10-10 04:00:00
1696924800000,115930.66221646528,116836.46857760672,115761.5320253888,116181.39572236384,572.4222314736845,2023-10-10 08:00:00
1696939200000,119564.90043564374,121076.80475149992,119564.90043564374,120096.8652354582,922.3659665038688,2023-10-10 12:00:00
1696953600000,118153.32874915843,118153.32874915843,117883.83375200612,118060.59501685665,1962.834518066683,2023-10-10 16:00:00
1696968000000,116964.51967025586,116964.51967025586,116335.79207905482,116700.63619769692,1122.777890055731,2023-10-10 20:00:00
1696982400000,117644.81501155379,118807.71673688182,117644.81501155379,117730.39494511909,1938.8476189314854,2023-10-11 00:00:00
1696996800000,117932.79612561644,120175.98278542992,117932.79612561644,118092.37580483327,2379.6406681735443,2023-10-11 04:00:00
1697011200000,118790.52220348363,118804.68923179833,118790.52220348363,118802.34779621895,2877.7739120363003,2023-10-11 08:00:00
1697025600000,118802.34779621895,120104.37083940144,118092.76303489483,119800.01377699929,1254.266544690837,2023-10-11 12:00:00
1697040000000,119800.01377699929,121407.45189613925,118878.00231752577,121106.98576497815,1565.3222023432827,2023-10-11 16:00:00
1697054400000,122762.53892016274,125167.67539615375,122762.53892016274,123426.34757629364,2474.95344274161,2023-10-11 20:00:00
1697068800000,123426.34757629364,124471.33651402574,123030.86974293976,124294.08777688355,1024.2825826555936,2023-10-12 00:00:00
1697083200000,124294.08777688355,124943.04354403795,122912.74965616562,123782.51876149017,1522.3484765181756,2023-10-12 04:00:00
1697097600000,124151.21034484843,125444.41561693762,124151.21034484843,125213.93584018294,2919.2953290719583,2023-10-12 08:00:00
1697112000000,129337.72842317013,130676.29366889587,129337.72842317013,129347.44487518334,520.6125981359849,2023-10-12 12:00:00
1697126400000,129347.44487518334,130735.77061783499,128266.63151596319,129054.49888287028,2482.931474317549,2023-10-12 16:00:00
1697140800000,127981.61782416473,127981.61782416473,125694.09135063317,126922.32101005157,1621.5318438299641,2023-10-12 20:00:00
1697155200000,128575.74772205375,131139.43769712697,128575.74772205375,129347.26271369046,2155.365363551361,2023-10-13 00:00:00
1697169600000,129302.23735842035,129302.23735842035,127537.5553460835,129081.35133774151,1432.7052797730453,2023-10-13 04:00:00
1697184000000,125616.86537410271,125616.86537410271,123979.23213542653,124374.99443936505,1053.3894366687264,2023-10-13 08:00:00
1697198400000,125211.6935098908,127213.42895465267,125211.6935098908,126189.8835851489,1268.2852076459699,2023-10-13 12:00:00
1697212800000,126189.8835851489,127256.88413881687,123157.95641206056,125040.3361639098,595.5612843271048,2023-10-13 16:00:00
1697227200000,125040.3361639098,125818.39690246365,124105.13633467397,124846.96562792403,719.3428210098432,2023-10-13 20:00:00
1697241600000,125067.69815163803,127085.87805381825,125067.69815163803,125557.51000721389,1376.7293731606596,2023-10-14 00:00:00
1697256000000,125557.51000721389,126868.7002241043,123698.57628099277,125967.06499929304,1270.393997190703,2023-10-14 04:00:00
1697270400000,127063.7939858792,128015.37663458259,127063.7939858792,127504.10113863043,2623.785588631445,2023-10-14 08:00:00
1697284800000,127504.10113863043,128683.55295436642,124956.16931143844,126558.40617685986,536.2617315442433,2023-10-14 12:00:00
1697299200000,127551.94636523744,130924.39794435875,127551.94636523744,127673.39869281235,1318.3496317837553,2023-10-14 16:00:00
1697313600000,127673.39869281235,128051.13253010364,126502.87004669245,127108.17454162452,790.6506533052255,2023-10-14 20:00:00
1697328000000,127484.30592274929,128731.72443640116,127484.30592274929,128723.72266890874,741.0227518252077,2023-10-15 00:00:00
1697342400000,129600.47651532166,130277.18928194477,129600.47651532166,130085.00242700067,655.12004555869,2023-10-15 04:00:00
1697356800000,128342.31488194127,128342.31488194127,126023.20659649785,128021.3209892002,655.2915465236134,2023-10-15 08:00:00
1697371200000,129108.5304656335,130850.4770495021,129108.5304656335,130420.2115851782,910.8625175667901,2023-10-15 12:00:00
1697385600000,130420.2115851782,131132.48863712145,128348.82887954266,129230.72388000097,590.9532019935916,2023-10-15 16:00:00
1697400000000,130395.42075641052,131740.8122865306,130395.42075641052,131028.26649254249,1058.650121111126,2023-10-15 20:00:00
1697414400000,131028.26649254249,133260.3694428457,130910.77874656465,131853.5496482297,512.1433684568502,2023-10-16 00:00:00
1697428800000,135554.28272917905,138901.78021946904,135554.28272917905,136062.6578606019,3793.3433155358352,2023-10-16 04:00:00
1697443200000,136062.6578606019,136462.52819425034,132692.6638105299,135543.87092376812,1351.9122842454078,2023-10-16 08:00:00
1697457600000,135543.87092376812,136027.21608664998,133867.52577530078,134736.875223536,804.6703764912344,2023-10-16 12:00:00
1697472000000,134736.875223536,136641.64172441972,134656.83741085438,134692.15306811358,1199.6064109117083,2023-10-16 16:00:00
1697486400000,134169.28143549303,134169.28143549303,133660.6500806044,133995.87052310616,2139.743155848966,2023-10-16 20:00:00
1697500800000,134389.9912744418,136972.0587420892,134389.9912744418,135840.84624768197,1056.157601207073,2023-10-17 00:00:00
1697515200000,134322.481516785,134322.481516785,131848.85308287616,132138.84121934237,2648.574717484155,2023-10-17 04:00:00
1697529600000,131980.8090834809,131980.8090834809,129729.50387895934,129779.97869423433,1901.067500193853,2023-10-17 08:00:00
1697544000000,128005.9981496194,128005.9981496194,125992.12538527662,127432.4606036149,2507.88200396462,2023-10-17 12:00:00
1697558400000,127796.64027633246,130258.02580849915,127796.64027633246,129519.56720091014,741.7461395160736,2023-10-17 16:00:00
1697572800000,132338.45466026446,134898.77007187417,132338.45466026446,133363.01207739598,693.6931140991053,2023-10-17 20:00:00
1697587200000,133363.01207739598,134105.22858183781,132163.14054299597,133125.09761119212,1105.443072205002,2023-10-18 00:00:00
1697601600000,132953.61243831232,132953.61243831232,132691.219798339,132741.45250600396,996.0884909683889,2023-10-18 04:00:00
1697616000000,132741.45250600396,134822.3742623265,131145.1762485404,132900.5107243451,1042.5897896972347,2023-10-18 08:00:00
1697630400000,135454.4833310824,136300.41060953125,135454.4833310824,135566.60433422893,1226.8001639366562,2023-10-18 12:00:00
1697644800000,134793.94337469657,134793.94337469657,133416.0182411849,133434.40456783498,609.6356254991208,2023-10-18 16:00:00
1697659200000,133464.11149964234,135404.4132639597,133464.11149964234,133979.2466574201,789.5907624254021,2023-10-18 20:00:00
1697673600000,135601.05387952927,136710.6859601229,135601.05387952927,136231.53080375138,896.851750688169,2023-10-19 00:00:00
1697688000000,136231.53080375138,137452.02222734844,135671.79264419276,137403.5274441459,519.8053704236808,2023-10-19 04:00:00
1697702400000,137403.5274441459,138174.7425217,135443.2365868584,137849.55939936376,2789.0661698316135,2023-10-19 08:00:00
1697716800000,139670.08156110442,140735.18837336078,139670.08156110442,140228.8565867137,2070.029786395229,2023-10-19 12:00:00
1697731200000,134201.23440996706,134201.23440996706,132774.6720201003,133896.1027906772,686.5135000974842,2023-10-19 16:00:00
1697745600000,134425.63651648184,136452.021113988,134425.63651648184,135456.74904434267,1312.4632773121898,2023-10-19 20:00:00
1697760000000,134629.0052980755,134629.0052980755,133816.3577516704,133950.5899966499,635.0984964013412,2023-10-20 00:00:00
1697774400000,130585.40267656703,130585.40267656703,128532.61879871254,129823.57533313477,654.4123420446969,2023-10-20 04:00:00
1697788800000,130060.44385125754,131445.14378559263,130060.44385125754,130963.07335858476,1575.4488570504636,2023-10-20 08:00:00
1697803200000,131140.48359194826,135322.1445634659,131140.48359194826,134074.8237052842,1184.820885855795,2023-10-20 12:00:00
1697817600000,134074.8237052842,134228.25882520908,133496.44718579878,133760.1611324884,1603.1646206996184,2023-10-20 16:00:00
1697832000000,135123.4409943841,136459.30160296967,135123.4409943841,135956.86961665313,1074.9760393278173,2023-10-20 20:00:00
1697846400000,139428.1259395,140991.06897639442,139428.1259395,139756.20649768162,1206.7797648445937,2023-10-21 00:00:00
1697860800000,141620.3429317385,143015.47075637736,141620.3429317385,142933.27660764274,1942.2947119642592,2023-10-21 04:00:00
1697875200000,144866.2277725795,147166.49682659114,144866.2277725795,146997.12694023343,5330.311906918656,2023-10-21 08:00:00
1697889600000,148262.33304485728,149992.38405681113,148262.33304485728,148873.9056845325,1035.8829640690278,2023-10-21 12:00:00
1697904000000,148873.9056845325,149384.84303674177,148661.09889907195,149066.00756634588,1014.084134642865,2023-10-21 16:00:00
1697918400000,145570.96170204753,145570.96170204753,143843.10294013075,145039.14626462536,1563.1134744904607,2023-10-21 20:00:00
1697932800000,145039.14626462536,145267.15191260184,142397.91311272775,144430.33107168163,941.9869368739737,2023-10-22 00:00:00
1697947200000,144430.33107168163,144600.4598612795,141270.39341299876,142363.26452379706,587.6010837983474,2023-10-22 04:00:00
1697961600000,146064.29649021415,149021.36438520183,146064.29649021415,147745.93705795394,898.9946810368274,2023-10-22 08:00:00
1697976000000,147745.93705795394,149146.8640457625,146460.74046457623,147302.36769758406,920.138242638817,2023-10-22 12:00:00
1697990400000,147302.36769758406,149629.04690254125,146796.13233576203,147612.94001361186,1216.489902843661,2023-10-22 16:00:00
1698004800000,148887.41449750683,152407.91451528535,148887.41449750683,149011.1588537278,3028.1940067467776,2023-10-22 20:00:00
1698019200000,149011.1588537278,149245.58210985898,148365.88518747422,149122.27046514043,2421.6171281893253,2023-10-23 00:00:00
1698033600000,153057.64318362705,154161.15593206274,153057.64318362705,153506.57433911378,519.2270704205976,2023-10-23 04:00:00
1698048000000,152179.949339083,152179.949339083,151720.99874260166,151881.29072582666,1570.6012709284003,2023-10-23 08:00:00
1698062400000,152286.4731607087,153140.87156811176,152286.4731607087,152387.41164649802,3027.1523237919882,2023-10-23 12:00:00
1698076800000,151082.40822746427,151082.40822746427,150426.54943345877,150465.45738217933,1670.6059587505401,2023-10-23 16:00:00
1698091200000,148448.55059964553,148448.55059964553,147043.30895573145,147108.11829570535,741.1443597319945,2023-10-23 20:00:00
1698105600000,145724.8714167963,145724.8714167963,144714.66636451517,145577.65429589694,1472.9390738429056,2023-10-24 00:00:00
1698120000000,145577.65429589694,147163.26217797073,145455.13026791977,145485.51209305055,2473.344810512864,2023-10-24 04:00:00
1698134400000,145307.92798195107,145307.92798195107,142311.80067779138,144421.7165464875,1333.6916404427743,2023-10-24 08:00:00
1698148800000,144327.01547498044,144327.01547498044,141124.8771921814,142722.2882916468,2990.1021853001307,2023-10-24 12:00:00
1698163200000,139798.0857863363,139798.0857863363,138337.40694661922,139332.02727246104,504.3691106352031,2023-10-24 16:00:00
1698177600000,139332.02727246104,139463.51047339282,138335.37914733123,139134.2207670436,967.7123139771923,2023-10-24 20:00:00
1698192000000,136076.88255425284,136076.88255425284,134003.294016051,135600.89273630411,1085.0358284000808,2023-10-25 00:00:00
1698206400000,137306.22178186383,137400.61199139038,137306.22178186383,137374.26750347542,2163.0122990257387,2023-10-25 04:00:00
1698220800000,137374.26750347542,138877.05771846778,136463.68727342034,137568.00606159767,1697.7155024147937,2023-10-25 08:00:00
1698235200000,134906.13781288694,134906.13781288694,133840.97650582923,134182.60671386227,818.096173095531,2023-10-25 12:00:00
1698249600000,133793.9076702473,133793.9076702473,133471.20057087112,133475.20017104226,650.874998225032,2023-10-25 16:00:00
1698264000000,132654.30655326683,132654.30655326683,129767.74894596037,131769.9521106338,578.0627853031433,2023-10-25 20:00:00
1698278400000,131893.73141438095,132672.60904124673,131893.73141438095,132490.89003529973,2937.0794396794504,2023-10-26 00:00:00
1698292800000,134661.72230145818,136381.70321690888,134661.72230145818,135561.96295297527,1433.2323841098996,2023-10-26 04:00:00
1698307200000,132922.5567074192,132922.5567074192,129781.15506842555,131285.3029762367,1490.8025198501564,2023-10-26 08:00:00
1698321600000,131507.52400220084,131871.3287131161,131507.52400220084,131543.71184659953,1817.853093460961,2023-10-26 12:00:00
1698336000000,131543.71184659953,131675.03704461278,130819.07597697826,131184.10826327335,742.8868778441723,2023-10-26 16:00:00
1698350400000,131729.75733089456,132738.12628280517,131729.75733089456,132698.3186134381,1221.7127092367464,2023-10-26 20:00:00
1698364800000,132698.3186134381,133426.32638114042,131757.01895687167,133182.83150153988,1345.9558209285406,2023-10-27 00:00:00
1698379200000,132107.46780998245,132107.46780998245,131445.05841920606,131481.73915554365,1455.0702735098794,2023-10-27 04:00:00
1698393600000,131137.74112355264,131137.74112355264,130411.04950691015,130766.56197802606,1402.2195320080327,2023-10-27 08:00:00
1698408000000,130274.80358769791,130274.80358769791,128643.54096883851,128999.14014331668,631.7770167059941,2023-10-27 12:00:00
1698422400000,131109.79541197958,131456.85521513224,131109.79541197958,131393.94588149557,758.021953302229,2023-10-27 16:00:00
1698436800000,131393.94588149557,132004.6028528114,130338.1869181994,131441.82426141732,1440.187235844257,2023-10-27 20:00:00
1698451200000,135501.9859161023,136593.23817012424,135501.9859161023,135783.96355766137,2739.9350742529623,2023-10-28 00:00:00
1698465600000,135783.96355766137,137465.1453311345,134562.23132511062,135643.22941143808,1120.5687796356121,2023-10-28 04:00:00
1698480000000,135160.15075234257,135160.15075234257,133662.8460639036,134010.47181481315,3148.757880964118,2023-10-28 08:00:00
1698494400000,131442.6181533666,131442.6181533666,130125.19651901812,130587.18229514032,2021.07512603621,2023-10-28 12:00:00
1698508800000,128387.16847397282,128387.16847397282,126021.19390135701,126623.29252080426,2237.808305866575,2023-10-28 16:00:00
1698523200000,123253.07500826218,123253.07500826218,123142.42217601908,123240.25554729844,914.3092493916319,2023-10-28 20:00:00
1698537600000,123240.25554729844,124987.80865777738,122356.13333138177,123804.32128821772,2407.065607797691,2023-10-29 00:00:00
1698552000000,124539.13819802387,126006.57993768646,124539.13819802387,124885.69710103767,807.3367828464056,2023-10-29 04:00:00
1698566400000,124449.21371383753,124449.21371383753,120414.18893862251,121555.20404662316,511.7132323494097,2023-10-29 08:00:00
1698580800000,122704.6318079565,125489.92489123066,122704.6318079565,123429.37775306673,1396.2783334909536,2023-10-29 12:00:00
1698595200000,122922.52719703304,122922.52719703304,120731.05531300075,122414.30646393595,569.0824342662456,2023-10-29 16:00:00
1698609600000,122414.30646393595,122969.67082966461,121736.74218009233,122721.88109745536,821.5549238133067,2023-10-29 20:00:00
1698624000000,125301.32298556421,126293.57621418533,125301.32298556421,126151.23978570623,1308.1599027688324,2023-10-30 00:00:00
1698638400000,127074.49176559065,129420.51159932572,127074.49176559065,128100.22041038939,1532.1803963742357,2023-10-30 04:00:00
1698652800000,128100.22041038939,128795.8007057444,126672.42061678277,127513.52157103737,1546.1006080337672,2023-10-30 08:00:00
1698667200000,126445.09575518224,126445.09575518224,123374.47044507015,125585.59031458606,511.4550271104334,2023-10-30 12:00:00
1698681600000,122016.37886119503,122016.37886119503,119517.60726682786,121049.83689241469,3357.8801564939877,2023-10-30 16:00:00
1698696000000,119921.25404004563,119921.25404004563,118299.91274735029,119570.77353633818,790.5956218099973,2023-10-30 20:00:00
1698710400000,119570.77353633818,119747.76799789425,118011.81138064354,119139.98920172299,1147.3480442579876,2023-10-31 00:00:00
1698724800000,117284.5366161885,117284.5366161885,115257.68770939083,117146.27800152234,680.7672759303249,2023-10-31 04:00:00
1698739200000,117146.27800152234,118651.39180961598,116684.396181645,116883.71614266146,1072.7866658541084,2023-10-31 08:00:00
1698753600000,116883.71614266146,118498.42399247171,115845.66994304745,117037.37647492468,858.3320587460106,2023-10-31 12:00:00
1698768000000,116653.23479037742,116653.23479037742,113874.8425093164,116588.35973987516,1366.3972935592894,2023-10-31 16:00:00
1698782400000,116164.81031821115,116164.81031821115,113913.30981014708,115300.02846897292,587.6275238188273,2023-10-31 20:00:00
1698796800000,115300.02846897292,116876.3236413541,114764.02091091016,115632.93471037941,2552.181929741119,2023-11-01 00:00:00
1698811200000,116361.10074399938,118436.80809066162,116361.10074399938,116509.84465997446,1229.0623492839554,2023-11-01 04:00:00
1698825600000,115430.02178877383,115430.02178877383,112390.52425841427,114358.17982960281,621.6399408291222,2023-11-01 08:00:00
1698840000000,116199.99568749766,118465.84481536447,116199.99568749766,117150.01288317455,952.3985622610782,2023-11-01 12:00:00
1698854400000,117123.83589885148,117123.83589885148,115705.78952798434,116952.73927425302,1771.3898226413867,2023-11-01 16:00:00
1698868800000,116952.73927425302,117830.9017264631,116303.21153032235,116990.43142932246,656.9883803303308,2023-11-01 20:00:00
1698883200000,116990.43142932246,118717.18459829119,116742.93637775374,118415.43079189575,530.4800589570849,2023-11-02 00:00:00
1698897600000,118415.43079189575,120252.39274653359,116923.0608593645,118888.4740202745,3560.2625282289846,2023-11-02 04:00:00
1698912000000,120769.09637678512,122221.82523836804,120769.09637678512,120841.49005075362,1292.1449648794774,2023-11-02 08:00:00
1698926400000,121244.5241161986,121513.25174561222,121244.5241161986,121436.08336659409,1356.9599062537818,2023-11-02 12:00:00
1698940800000,120906.0056691172,120906.0056691172,119458.29808313577,120171.32981234575,724.6108361426705,2023-11-02 16:00:00
1698955200000,120171.32981234575,121461.97156466845,119517.83810648796,120916.27440080205,1201.9471959632003,2023-11-02 20:00:00
1698969600000,120249.33633635317,120249.33633635317,118332.92616221083,118575.08782095743,1203.25417690502,2023-11-03 00:00:00
1698984000000,118575.08782095743,119109.84324991611,118312.2677320234,118795.34653096551,1049.6849779197178,2023-11-03 04:00:00
1698998400000,118795.34653096551,121055.82877427104,118420.7684672931,118727.88219821526,1850.0776445291751,2023-11-03 08:00:00
1699012800000,118727.88219821526,119000.4996881841,117556.84037452376,118306.2288204548,1782.3370388816606,2023-11-03 12:00:00
1699027200000,118306.2288204548,118655.9707043231,116935.15755258048,118046.55487996846,1134.5866828460726,2023-11-03 16:00:00
1699041600000,115450.3676890946,115450.3676890946,113552.153969014,114309.41715168832,899.5131426242929,2023-11-03 20:00:00
1699056000000,113520.49699549428,113520.49699549428,112244.79400367894,113242.15951137422,4407.753770712317,2023-11-04 00:00:00
1699070400000,113242.15951137422,113953.37350483717,112123.44007115283,113422.03783337936,1067.3484452370517,2023-11-04 04:00:00
1699084800000,113422.03783337936,113753.88506223036,112972.69423170172,113732.41439927822,1711.2133829919703,2023-11-04 08:00:00
1699099200000,112788.40523740386,112788.40523740386,111714.97756243632,111751.80530429269,840.9942689356914,2023-11-04 12:00:00
1699113600000,112349.95443396001,115354.24396678584,112349.95443396001,114196.1524339401,2070.232228865859,2023-11-04 16:00:00
1699128000000,113659.3452074167,113659.3452074167,111589.80331688598,112517.68240571277,645.5101087649263,2023-11-04 20:00:00
1699142400000,113962.2892277052,115139.60990179813,113962.2892277052,114397.95606441474,2167.228894310218,2023-11-05 00:00:00
1699156800000,114397.95606441474,115955.25956773211,114319.42831578794,115236.44718811031,3369.952801375501,2023-11-05 04:00:00
1699171200000,115236.44718811031,116413.11025714704,112275.66743420849,113970.4100919693,1118.1019884871293,2023-11-05 08:00:00
1699185600000,115448.80420735915,117766.63794385323,115448.80420735915,117482.30325739562,1423.3343104017013,2023-11-05 12:00:00
1699200000000,117163.4717023285,117163.4717023285,114689.88928844729,115109.34989894046,2754.430587348065,2023-11-05 16:00:00
1699214400000,116828.0322599766,117382.25602038944,116828.0322599766,116932.33607120784,1037.4880311638044,2023-11-05 20:00:00
1699228800000,118178.16916980695,120550.9377892826,118178.16916980695,118949.6568302178,3507.64318923211,2023-11-06 00:00:00
1699243200000,118411.23113528783,118411.23113528783,116745.59558527514,117593.7785184622,1235.6697580522664,2023-11-06 04:00:00
1699257600000,119671.51069214212,121328.99096234198,119671.51069214212,120426.5785009063,1303.458330798137,2023-11-06 08:00:00
1699272000000,120426.5785009063,121214.97083779544,118729.40304096948,119912.90967463609,1156.3793807009906,2023-11-06 12:00:00
1699286400000,119912.90967463609,121925.10337904622,118754.9878846574,120506.16709328181,721.111292561264,2023-11-06 16:00:00
1699300800000,120506.16709328181,121058.12722997124,120460.33253379818,121043.63744297384,1823.959655178974,2023-11-06 20:00:00
1699315200000,121043.63744297384,122593.36542550649,119644.01515114447,120766.03984737114,1022.8379815558416,2023-11-07 00:00:00
1699329600000,120766.03984737114,123609.94078740706,120070.8627239006,122451.5998685108,1284.1005788937591,2023-11-07 04:00:00
1699344000000,124114.66263024579,125313.08874617626,124114.66263024579,124123.9299716499,1185.328781055382,2023-11-07 08:00:00
1699358400000,120527.7373322717,120527.7373322717,120416.32528119432,120468.63499905553,3197.7887900429882,2023-11-07 12:00:00
1699372800000,122049.16657210306,124911.02918178799,122049.16657210306,123184.9721898685,1013.8195516543121,2023-11-07 16:00:00
1699387200000,119984.1628796351,119984.1628796351,118989.49470579912,119733.30858618156,1966.0732048774512,2023-11-07 20:00:00
1699401600000,121745.30823220957,122286.25926579672,121745.30823220957,121865.52353180086,2217.3644405896007,2023-11-08 00:00:00
1699416000000,123940.78988176819,124508.48698678924,123940.78988176819,124235.52296750515,816.0310789345558,2023-11-08 04:00:00
1699430400000,122979.05572826229,122979.05572826229,120967.69626944745,121940.00020906671,2433.8404169383584,2023-11-08 08:00:00
1699444800000,121940.00020906671,121970.32802668407,120420.94852692541,121086.6337671918,763.7827681159554,2023-11-08 12:00:00
1699459200000,119115.78837971204,119115.78837971204,117420.24742941957,118819.35336910535,505.78737589272765,2023-11-08 16:00:00
1699473600000,118819.35336910535,120323.73344487534,116894.99927587557,118383.60430889679,620.9765576489515,2023-11-08 20:00:00
1699488000000,118383.60430889679,118960.00756321875,116717.58078001451,117761.85460804282,1776.160842970389,2023-11-09 00:00:00
1699502400000,117761.85460804282,120075.52573784265,117485.6228729011,119341.92169184021,3411.9368208416327,2023-11-09 04:00:00
1699516800000,120783.25426624842,124241.3664962412,120783.25426624842,122045.30545795844,1146.9094014210882,2023-11-09 08:00:00
1699531200000,124979.52567389084,127111.46925644296,124979.52567389084,124992.218351078,2069.7679656928626,2023-11-09 12:00:00
1699545600000,124678.8804831231,124678.8804831231,123617.68004428508,123796.76706978258,3347.16481178853,2023-11-09 16:00:00
1699560000000,123509.9214944238,123509.9214944238,122662.45557108597,123354.7816994766,523.7385651026239,2023-11-09 20:00:00
1699574400000,120299.50405376076,120299.50405376076,117800.79946540568,119855.4351581454,2916.8174081629913,2023-11-10 00:00:00
1699588800000,118400.4966188975,118400.4966188975,117372.60545736176,118215.59078725759,1259.539092744847,2023-11-10 04:00:00
1699603200000,119893.03744811457,120675.04320264289,119893.03744811457,120181.61921316729,3122.3277845616576,2023-11-10 08:00:00
1699617600000,123308.63777880724,124502.74762522147,123308.63777880724,123547.09330102104,984.4253550311173,2023-11-10 12:00:00
1699632000000,121147.4775178981,121147.4775178981,119195.01406195121,120967.42189539733,630.7730933829772,2023-11-10 16:00:00
1699646400000,119832.9666772999,119832.9666772999,118960.33017016263,119748.42930045116,1826.0916271464316,2023-11-10 20:00:00
1699660800000,119748.42930045116,119777.28070801185,119671.50118907708,119694.38643610377,605.9499767912823,2023-11-11 00:00:00
1699675200000,120228.77882190172,122291.00280912468,120228.77882190172,120269.01875069455,907.5703123653796,2023-11-11 04:00:00
1699689600000,119720.84423900887,119720.84423900887,117528.55168912403,118615.94509776158,1717.179318799293,2023-11-11 08:00:00
1699704000000,119463.05875228839,120360.73223758243,119463.05875228839,119478.95245691,1171.7703380510113,2023-11-11 12:00:00
1699718400000,119478.95245691,119921.73143609655,118282.32791064953,118515.05087094045,867.671018862966,2023-11-11 16:00:00
1699732800000,118515.05087094045,118609.57619454434,118061.46697424226,118485.77405230967,785.7316343628563,2023-11-11 20:00:00
1699747200000,118837.04527826652,120648.96399601192,118837.04527826652,119597.4603929499,896.3386558985142,2023-11-12 00:00:00
1699761600000,119597.4603929499,120286.40289608568,119084.13427952625,119610.5915282071,1991.025751083043,2023-11-12 04:00:00
1699776000000,118857.66234801171,118857.66234801171,117632.30086412397,118721.61691793207,1207.1043626064502,2023-11-12 08:00:00
1699790400000,118721.61691793207,119534.15193949592,117044.51270637182,118499.36766397388,2164.5314340477653,2023-11-12 12:00:00
1699804800000,118362.85735217908,118362.85735217908,118225.77768373702,118320.50230385312,828.6903604004956,2023-11-12 16:00:00
1699819200000,118026.93793847546,118026.93793847546,116814.69160390027,117574.44909514023,870.7236147894589,2023-11-12 20:00:00
1699833600000,117574.44909514023,119142.91445845098,116776.37630914812,117055.43611621475,979.8124001156824,2023-11-13 00:00:00
1699848000000,119019.97998684924,121252.97498082391,119019.97998684924,120298.53378863855,842.8899343000987,2023-11-13 04:00:00
1699862400000,121419.71906523447,121895.7882060995,121419.71906523447,121457.61169305224,583.1524217631345,2023-11-13 08:00:00
1699876800000,121457.61169305224,121501.89682612197,120724.10762512783,120845.64916917302,1778.3795179722829,2023-11-13 12:00:00
1699891200000,120845.64916917302,123028.15787963745,120757.01309074176,122294.06433715699,2216.4273129447147,2023-11-13 16:00:00
1699905600000,122294.06433715699,123027.94063451028,121105.87806429811,121598.16502407989,1217.4878027791533,2023-11-13 20:00:00
1699920000000,121651.54920078425,125952.37474288676,121651.54920078425,124061.37347661717,1332.5788978696453,2023-11-14 00:00:00
1699934400000,124526.15977063224,125105.83654824353,124526.15977063224,124847.80141040654,3372.243011910058,2023-11-14 04:00:00
1699948800000,124847.80141040654,124908.09456024147,124124.8126775806,124618.9998561769,1183.307639318145,2023-11-14 08:00:00
1699963200000,124618.9998561769,125595.82690976071,124276.96380062272,125576.45567747316,1878.4640555036367,2023-11-14 12:00:00
1699977600000,122679.96497881596,122679.96497881596,121620.7834604344,122249.09513084094,1815.9331810016245,2023-11-14 16:00:00
1699992000000,120379.44172543622,120379.44172543622,118873.51668991157,119916.8623340839,807.7028341639997,2023-11-14 20:00:00
1700006400000,118824.30551623163,118824.30551623163,116535.52255938975,117494.15598568422,958.62411207543,2023-11-15 00:00:00
1700020800000,117654.30543603521,118703.25979316571,117654.30543603521,117781.61643905332,2134.8464590715703,2023-11-15 04:00:00
1700035200000,120004.92910079187,122825.89524692613,120004.92910079187,121322.15740089967,1792.4019191468306,2023-11-15 08:00:00
1700049600000,125790.33452763766,126369.06320251533,125790.33452763766,126039.25904500867,1457.69688554192,2023-11-15 12:00:00
1700064000000,127109.18224500839,128813.74912153801,127109.18224500839,127421.5514128048,3352.5143603871384,2023-11-15 16:00:00
1700078400000,127788.1933386179,129351.70661072832,127788.1933386179,128517.20742867062,912.052922269507,2023-11-15 20:00:00
1700092800000,125255.3306140361,125255.3306140361,123616.05520954031,124620.58566305069,1951.512762243915,2023-11-16 00:00:00
1700107200000,124620.58566305069,125293.44471981787,122974.50120080441,123469.82857700445,988.5647832028519,2023-11-16 04:00:00
1700121600000,122403.61587881808,122403.61587881808,120544.1662519711,121818.19110910587,4230.281850317759,2023-11-16 08:00:00
1700136000000,120937.46512597916,120937.46512597916,118565.18524983681,120532.12747591869,1620.8621033600207,2023-11-16 12:00:00
1700150400000,120532.12747591869,121424.16964655402,120036.54241876843,120186.16608295988,1934.404123986763,2023-11-16 16:00:00
1700164800000,119803.46272085494,119803.46272085494,118815.52010687014,119220.1230686407,1553.250027609153,2023-11-16 20:00:00
1700179200000,116086.9410799299,116086.9410799299,114916.61114924416,115253.66933333257,725.2147087644115,2023-11-17 00:00:00
1700193600000,116423.05609141423,117052.09350718156,116423.05609141423,116736.70457527388,2426.5212146506,2023-11-17 04:00:00
1700208000000,114822.70357512501,114822.70357512501,112687.8930774161,114615.43925937968,2273.429648222239,2023-11-17 08:00:00
1700222400000,114745.69178538978,116371.61032372327,114745.69178538978,115085.16647438848,835.2667108143925,2023-11-17 12:00:00
1700236800000,118688.48045380316,122578.1467730543,118688.48045380316,119238.86850885971,2137.7387624018374,2023-11-17 16:00:00
1700251200000,117762.07154365271,117762.07154365271,116009.4306430212,117379.46092106176,2017.7045005786279,2023-11-17 20:00:00
1700265600000,113194.68448781483,113194.68448781483,111393.33808884073,112410.43760543354,1026.697480638971,2023-11-18 00:00:00
1700280000000,112221.20899175771,112221.20899175771,111193.39330101895,111862.17861489736,511.94237378992534,2023-11-18 04:00:00
1700294400000,112316.40718120229,114641.93955724957,112316.40718120229,113987.45739415464,971.5061581223799,2023-11-18 08:00:00
1700308800000,117769.94652695835,118928.18531592147,117769.94652695835,117868.10895081812,2935.9456914089415,2023-11-18 12:00:00
1700323200000,115688.67994011239,115688.67994011239,113733.92359833654,115416.4838859092,1296.6073147347306,2023-11-18 16:00:00
1700337600000,115493.66628924455,117178.72755060969,115493.66628924455,116400.66349495505,974.8651267716293,2023-11-18 20:00:00
1700352000000,116363.48574655526,116363.48574655526,112486.49425954712,115478.4317792653,522.8282905070387,2023-11-19 00:00:00
1700366400000,115478.4317792653,116386.9255863054,114255.45506657482,115269.46858982506,1320.737630522998,2023-11-19 04:00:00
1700380800000,120066.49397385506,121491.45978666178,120066.49397385506,120599.78718099307,1022.8539053723182,2023-11-19 08:00:00
1700395200000,117743.9891561279,117743.9891561279,115976.42793308556,117540.65942733556,721.6802852684392,2023-11-19 12:00:00
1700409600000,118021.20011597498,119291.47653618251,118021.20011597498,118051.61914321138,1611.620660307303,2023-11-19 16:00:00
1700424000000,118700.2591711126,119457.97337744289,118700.2591711126,118999.2478267607,1130.7404526497567,2023-11-19 20:00:00
1700438400000,120507.7714820155,121393.61436447613,120507.7714820155,121228.6751490149,807.0746290227721,2023-11-20 00:00:00
1700452800000,121228.6751490149,123263.77374380198,118533.7702308962,121431.9054579541,3081.6952917372305,2023-11-20 04:00:00
1700467200000,121431.9054579541,124377.46912517137,120710.29957519057,122073.06592436878,1013.5846359494835,2023-11-20 08:00:00
1700481600000,122063.01577788584,122063.01577788584,120756.91570519184,121258.49052880297,1066.3319210760246,2023-11-20 12:00:00
1700496000000,121392.83097799041,122235.00180561679,121392.83097799041,121817.65127757346,709.3271720320331,2023-11-20 16:00:00
1700510400000,121817.65127757346,122205.78065812144,120047.5296492277,121105.05703873439,853.0994436545341,2023-11-20 20:00:00
1700524800000,121409.3348857037,123494.64103452793,121409.3348857037,122398.74926207989,761.1388699004781,2023-11-21 00:00:00
1700539200000,122269.02077871196,122269.02077871196,120226.4232218906,121627.81437195811,1146.084846273419,2023-11-21 04:00:00
1700553600000,121627.81437195811,123426.1039133872,121178.11226203621,122414.42246968957,883.748515502996,2023-11-21 08:00:00
1700568000000,122414.42246968957,124561.21765061728,121453.21150997808,122353.20040426395,658.2610267615454,2023-11-21 12:00:00
1700582400000,124417.54392589793,125093.81135775757,124417.54392589793,124731.28760928067,796.0569424992677,2023-11-21 16:00:00
1700596800000,124731.28760928067,125631.71347019433,124295.84702499896,124621.7501523852,1588.1111077779797,2023-11-21 20:00:00
1700611200000,122233.07505747232,122233.07505747232,119753.4660750958,120901.14677931266,519.8795099406165,2023-11-22 00:00:00
1700625600000,121710.51363900655,123638.29492058039,121710.51363900655,123537.62092958,2177.6211864717116,2023-11-22 04:00:00
1700640000000,121667.1914597841,121667.1914597841,120710.48649041522,121639.56428753732,946.5091806280038,2023-11-22 08:00:00
1700654400000,121639.56428753732,122260.30306265263,119924.46551469647,120287.67620080206,2654.1459231558542,2023-11-22 12:00:00
1700668800000,119435.69381373635,119435.69381373635,118435.45085846158,119069.02574828324,612.0001888546562,2023-11-22 16:00:00
1700683200000,121246.05980899865,122251.773429886,121246.05980899865,121899.79184000226,1452.3939916983088,2023-11-22 20:00:00
1700697600000,117552.19968937228,117552.19968937228,115241.5865502151,117529.58357411546,544.3669983137386,2023-11-23 00:00:00
1700712000000,123475.72837981056,125128.67308486196,123475.72837981056,124005.97413869807,1541.4860130780653,2023-11-23 04:00:00
1700726400000,124005.97413869807,126719.90237841116,122794.09316969794,126265.01417794115,1058.0776006108993,2023-11-23 08:00:00
1700740800000,126615.79167951061,128617.36630179168,126615.79167951061,126747.79478491636,1313.8343587115955,2023-11-23 12:00:00
1700755200000,126747.79478491636,126829.05082629476,125925.28041006069,126628.90912655392,1123.0164607778959,2023-11-23 16:00:00
1700769600000,126628.90912655392,127472.02834634825,126404.97187010146,127248.56361500318,839.9751203886634,2023-11-23 20:00:00
1700784000000,127248.56361500318,128562.6369245699,127049.20109263316,128387.22997265676,1259.9501588569333,2023-11-24 00:00:00
1700798400000,129295.48457354782,130052.17555515899,129295.48457354782,129811.1707550501,1477.5604431323777,2023-11-24 04:00:00
1700812800000,129811.1707550501,131200.2354913156,129521.38852687507,131049.99537671893,1774.1196144818089,2023-11-24 08:00:00
1700827200000,131049.99537671893,133919.74493622576,130499.13188638796,131250.83614651227,889.1073163932547,2023-11-24 12:00:00
1700841600000,131250.83614651227,131491.91884859256,130637.07168785969,130808.80861773342,1613.964047651577,2023-11-24 16:00:00
1700856000000,130552.50185975379,130552.50185975379,129589.10692266704,130470.97277046819,2714.7952246215677,2023-11-24 20:00:00
1700870400000,130243.71902658876,130243.71902658876,129382.28039121002,130036.9737019915,2362.4555787465624,2023-11-25 00:00:00
1700884800000,130259.35241371169,134264.97381267734,130259.35241371169,132581.90036756385,1505.7863492467634,2023-11-25 04:00:00
1700899200000,133508.49053746465,135365.060800531,133508.49053746465,133934.0339996053,924.5707406923023,2023-11-25 08:00:00
1700913600000,127837.84964125448,127837.84964125448,125060.04570804234,127368.13415835825,906.6704520576659,2023-11-25 12:00:00
1700928000000,128234.7060838463,128840.61850658621,128234.7060838463,128804.297774786,3588.8940495970214,2023-11-25 16:00:00
1700942400000,128804.297774786,130111.89290627728,127743.5170178117,129233.80260098015,1536.4202051108234,2023-11-25 20:00:00
1700956800000,129233.80260098015,131322.44092735648,129141.0969913315,129192.47696681255,1383.8730228097174,2023-11-26 00:00:00
1700971200000,128712.53840126956,128712.53840126956,126234.10567006332,128337.2618365568,976.6832708307243,2023-11-26 04:00:00
1700985600000,129121.31104994976,132117.92877987472,129121.31104994976,130827.32341221669,2716.3649631970234,2023-11-26 08:00:00
1701000000000,132946.12627849626,134456.8288695625,132946.12627849626,132963.709863685,1014.426067330991,2023-11-26 12:00:00
1701014400000,131375.84649557737,131375.84649557737,130629.49578736938,131218.50684781367,911.3389516538731,2023-11-26 16:00:00
1701028800000,131218.50684781367,133233.07704990284,131149.03767424464,132134.78034376705,552.1926132153619,2023-11-26 20:00:00
1701043200000,130763.32652846091,130763.32652846091,128963.30840828196,129958.09313040574,1293.2150252387196,2023-11-27 00:00:00
1701057600000,127317.79615168816,127317.79615168816,125599.92639867125,126928.9561145923,939.4697673954752,2023-11-27 04:00:00
1701072000000,125631.69880696996,125631.69880696996,123998.83825439379,125576.3358328768,636.7935499569162,2023-11-27 08:00:00
1701086400000,125825.12305576196,128138.69011031673,125825.12305576196,127441.36848507145,805.0646073151543,2023-11-27 12:00:00
1701100800000,127441.36848507145,129581.89803390187,126924.43222838375,129534.85977414309,920.247100030987,2023-11-27 16:00:00
1701115200000,129534.85977414309,131303.67766006288,129080.0141425575,130676.02962841638,519.3590946362298,2023-11-27 20:00:00
1701129600000,131733.81956346164,132996.7214104735,131733.81956346164,132305.90225658973,544.897594371093,2023-11-28 00:00:00
1701144000000,132717.27829709652,134835.33556407093,132717.27829709652,133478.5414517574,2181.090379616866,2023-11-28 04:00:00
1701158400000,133478.5414517574,133663.35531545736,131986.65726617005,132022.79915519213,1836.4673146980456,2023-11-28 08:00:00
1701172800000,132071.3213363096,134182.634440629,132071.3213363096,133001.22310521503,2837.256829421664,2023-11-28 12:00:00
1701187200000,133902.63317182483,135319.14703542527,133902.63317182483,134833.58148421577,3292.7896055562355,2023-11-28 16:00:00
1701201600000,135873.71627215945,137571.69975295736,135873.71627215945,136583.46099502657,1083.6761731634938,2023-11-28 20:00:00
1701216000000,138581.11939398042,139595.58258943915,138581.11939398042,139387.84267265216,1853.2581934314826,2023-11-29 00:00:00
1701230400000,139816.57254450495,142982.78098854364,139816.57254450495,141085.86888506424,1404.7469250168892,2023-11-29 04:00:00
1701244800000,141494.9911829336,143252.23265431222,141494.9911829336,141936.0629153233,1688.60565522223,2023-11-29 08:00:00
1701259200000,143653.02838964917,144934.2405547478,143653.02838964917,144556.56205198707,837.1256691788446,2023-11-29 12:00:00
1701273600000,144545.38623162603,144545.38623162603,144070.49401040754,144491.0378960864,521.8642833603393,2023-11-29 16:00:00
1701288000000,142615.53002871457,142615.53002871457,137841.98758228865,142329.08520683533,888.1102851166278,2023-11-29 20:00:00
1701302400000,142321.99723521012,142321.99723521012,140774.96128711023,141932.8779833794,1615.5436382239545,2023-11-30 00:00:00
1701316800000,140331.95350126762,140331.95350126762,138346.1796230883,140136.9528855515,1391.194284835296,2023-11-30 04:00:00
