timestamp,open,high,low,close,volume,datetime
1672531200000,30721.202024074173,31063.513829969143,30537.834161380015,30630.51539842273,617.6559048780725,2023-01-01
1672617600000,30630.51539842273,31661.070269090153,30317.689607322674,30453.68728299429,579.9766247395721,2023-01-02
1672704000000,31288.9111859129,32244.16978805414,31288.9111859129,31290.931711165438,1727.8778577836497,2023-01-03
1672790400000,32818.93181724355,34474.0529474171,32818.93181724355,33351.52687972879,764.4660917325596,2023-01-04
1672876800000,33351.52687972879,33629.71006283693,32590.557511526553,33026.11580726189,3148.292594543428,2023-01-05
1672963200000,33026.11580726189,33271.860429097265,32571.185584999606,32703.90225597668,887.8644640572495,2023-01-06
1673049600000,34842.70797829459,36066.78407545959,34842.70797829459,34939.647891911816,1522.9744619715448,2023-01-07
1673136000000,35871.15049920763,36125.96081862712,35871.15049920763,36080.686524327684,942.8774286066841,2023-01-08
1673222400000,36011.380952268046,36011.380952268046,35130.14580292535,35378.312560947306,2695.158435666306,2023-01-09
1673308800000,36051.96709392053,38479.266992038545,36051.96709392053,36191.276364294106,1381.5627605399604,2023-01-10
1673395200000,35978.006054164834,35978.006054164834,35355.222338793945,35495.75077552112,1647.64672952438,2023-01-11
1673481600000,35398.46869088476,35398.46869088476,34100.68146708938,34810.221513136494,2228.980713981719,2023-01-12
1673568000000,34810.221513136494,35338.88964841276,34156.27112776056,35164.70823153326,1234.3231800466301,2023-01-13
1673654400000,32724.0037804425,32724.0037804425,32111.464236100623,32457.33444421038,816.6432691086065,2023-01-14
1673740800000,31354.681991774214,31354.681991774214,30177.88032009147,30195.63507219952,643.6721949072962,2023-01-15
1673827200000,29816.599004590847,29816.599004590847,29398.89987918966,29492.97797801098,1880.8899279180805,2023-01-16
1673913600000,28638.910842475627,28638.910842475627,28259.19683838968,28268.298921675865,823.1981099097798,2023-01-17
1674000000000,28549.66642691056,28839.368715549313,28549.66642691056,28642.732986683943,2328.455564214786,2023-01-18
1674086400000,28069.70721958881,28069.70721958881,26924.28668468744,27574.108681197755,607.4653827437935,2023-01-19
1674172800000,26723.071433930745,26723.071433930745,25544.881869450604,25990.69417790736,2349.6761371370294,2023-01-20
1674259200000,27251.737096249948,28230.246959525964,27251.737096249948,27635.771653374457,2724.440907704028,2023-01-21
1674345600000,27635.771653374457,27863.434937268914,27296.993811214736,27375.730442042866,973.7194105595161,2023-01-22
1674432000000,27375.730442042866,27490.92547256837,26314.197843821792,27453.249527390286,990.4493137625132,2023-01-23
1674518400000,26633.71061625539,26633.71061625539,25361.749961354857,25863.294378875264,504.3728164917464,2023-01-24
1674604800000,25556.8190167245,25556.8190167245,24848.28002344218,25280.39825181009,1597.7688851674723,2023-01-25
1674691200000,25293.168470499117,25445.237281322086,25293.168470499117,25398.092829357793,853.8962490032648,2023-01-26
1674777600000,24306.042728778422,24306.042728778422,24058.76187620932,24203.021479492338,1533.243797452025,2023-01-27
1674864000000,24355.04782876037,24658.5760632468,24355.04782876037,24586.79293798786,3641.9105125441147,2023-01-28
1674950400000,24586.79293798786,25398.007940999058,23967.641046462253,23976.119966275357,1111.9351970499988,2023-01-29
1675036800000,23958.055555975287,23958.055555975287,23079.705731243925,23685.048276890688,961.7390844520373,2023-01-30
1675123200000,23685.048276890688,23692.98823144215,22940.957594177085,23095.73951288516,2399.4426877388573,2023-01-31
1675209600000,24363.29603829697,25283.532686713974,24363.29603829697,24958.396555946292,1139.1928577607432,2023-02-01
1675296000000,24958.396555946292,25086.881164539758,24753.604985913295,24944.29451429839,1632.6237783834447,2023-02-02
1675382400000,24639.914619740284,24639.914619740284,23454.96475521938,23863.608055653614,646.8782424806875,2023-02-03
1675468800000,24280.94985142624,25359.007953809796,24280.94985142624,24699.8654869171,879.2526906601768,2023-02-04
1675555200000,24053.341908882023,24053.341908882023,22661.747672619476,23468.903650641987,1748.9941708327506,2023-02-05
1675641600000,23601.589720850923,23770.377893762994,23601.589720850923,23675.061391174706,838.8484927346187,2023-02-06
1675728000000,22058.342267705968,22058.342267705968,21735.545555449873,21809.882097150337,618.2343763567113,2023-02-07
1675814400000,21383.229979055384,21383.229979055384,20578.60271908691,20630.010295949098,2304.724507747006,2023-02-08
1675900800000,20630.010295949098,20900.329946979775,20367.729539163272,20800.773563785802,1178.977219233992,2023-02-09
1675987200000,20800.773563785802,21803.937145241856,20371.554546385305,21454.0333465648,1404.1933879635167,2023-02-10
1676073600000,21489.601900647336,21617.251913405074,21489.601900647336,21608.53818955456,3810.422221009638,2023-02-11
1676160000000,21608.53818955456,22412.67424407424,21406.75598914692,21504.14864882777,873.7685796898804,2023-02-12
1676246400000,21504.14864882777,21552.769712813195,20915.419601579142,21234.71806410499,1236.6729262027566,2023-02-13
1676332800000,20059.247202254974,20059.247202254974,19879.579558247617,19959.914440916164,808.6780643480349,2023-02-14
1676419200000,19408.547856606125,19408.547856606125,18739.131992783703,19367.24602568323,927.8573430933416,2023-02-15
1676505600000,19367.24602568323,19390.493838246206,18459.725460641825,18997.255888570133,4157.165454285179,2023-02-16
1676592000000,19755.6526523845,19929.141627582845,19755.6526523845,19857.075397132354,2015.8388483489996,2023-02-17
1676678400000,19857.075397132354,21103.75426819143,19749.956853141826,20144.85718856323,860.8489699823131,2023-02-18
1676764800000,18751.676185619475,18751.676185619475,18067.496224951632,18711.225501212404,1876.1238826067156,2023-02-19
1676851200000,18950.531277192895,19242.88795572962,18950.531277192895,18966.88003670468,3665.093404396757,2023-02-20
1676937600000,18671.65509949102,18671.65509949102,18573.345624448615,18663.493562988377,3790.5960797829002,2023-02-21
1677024000000,18220.039981832968,18220.039981832968,17894.997402527697,18141.897211940268,755.384329398591,2023-02-22
1677110400000,18488.762151853327,18758.783264326496,18488.762151853327,18612.572749185536,1473.955972391981,2023-02-23
1677196800000,18858.788785469373,19593.726515237904,18858.788785469373,19433.712035831897,658.9520156678252,2023-02-24
1677283200000,19724.171209771757,20417.30554825775,19724.171209771757,20206.526276068587,991.2937947777808,2023-02-25
1677369600000,19986.672808763124,19986.672808763124,19162.17513451915,19508.773997596043,923.4135344939629,2023-02-26
1677456000000,19352.160751981286,19352.160751981286,19069.768379764282,19257.803988745185,1134.8561371298943,2023-02-27
1677542400000,19273.350488263965,19661.73704733167,19273.350488263965,19526.79601634211,564.2220124740727,2023-02-28
1677628800000,19526.79601634211,20696.649156198964,19451.090948659305,20340.97998274164,644.1878005901035,2023-03-01
1677715200000,19952.71188240875,19952.71188240875,19692.896390894995,19936.907630911162,776.9311303092047,2023-03-02
1677801600000,19936.907630911162,20620.662326028854,19779.697297754872,19782.51369570336,579.3021347700508,2023-03-03
1677888000000,19219.73185663289,19219.73185663289,18642.726230681503,18886.9616737435,1115.5657215573474,2023-03-04
1677974400000,18796.136321846312,18796.136321846312,17387.470384386124,17964.21947064989,544.892708900157,2023-03-05
1678060800000,18106.476852130465,18664.062380139807,18106.476852130465,18585.94423310972,734.691808249024,2023-03-06
1678147200000,19429.598913999733,19848.80125719074,19429.598913999733,19672.007510706015,3734.6743548587883,2023-03-07
1678233600000,19632.47345116091,19632.47345116091,19476.513272488548,19612.77895110341,800.4860724923195,2023-03-08
1678320000000,19870.719579897544,21321.426742054617,19870.719579897544,20454.50580854626,575.8897022138439,2023-03-09
1678406400000,20748.616711691742,20837.36746723726,20748.616711691742,20766.60789235778,710.8539411153337,2023-03-10
1678492800000,20393.370656760853,20393.370656760853,20205.031172231993,20213.134540868574,1915.9712237241736,2023-03-11
1678579200000,20213.134540868574,20557.820398373704,19987.14730555532,20521.347100769093,1767.0232789212519,2023-03-12
1678665600000,21293.859282995385,22216.30325954196,21293.859282995385,21886.483991343062,1598.413745518963,2023-03-13
1678752000000,21886.483991343062,21959.8978463391,21303.18235594408,21853.67501874381,1976.774632041396,2023-03-14
1678838400000,23333.078178974414,23486.362870729194,23333.078178974414,23333.42434932069,509.07956385090426,2023-03-15
1678924800000,21179.929531624148,21179.929531624148,20818.342791481657,20909.17114262166,759.647770963917,2023-03-16
1679011200000,21367.405601112267,22207.87726308439,21367.405601112267,21641.313458476696,888.1213685465557,2023-03-17
1679097600000,21641.313458476696,21933.881473274025,21395.595862684262,21720.340015496666,600.261623036669,2023-03-18
1679184000000,21646.214174456432,21646.214174456432,21420.38344762526,21450.08357015308,1155.6397546358057,2023-03-19
1679270400000,21450.08357015308,21891.597920258682,21379.833566756293,21532.661549849756,840.9210323270345,2023-03-20
1679356800000,20121.81622581988,20121.81622581988,19737.92941382676,19813.10593901477,5498.956075902351,2023-03-21
1679443200000,19813.10593901477,20184.158797381537,18972.705602052538,19631.690311112918,1903.5014509953419,2023-03-22
1679529600000,19631.690311112918,20706.221268989448,19507.107381055066,19927.46267312403,2049.044309577099,2023-03-23
1679616000000,20498.514603467316,21380.05363283051,20498.514603467316,21199.63621858395,944.0684118766535,2023-03-24
1679702400000,21199.63621858395,21270.562778987085,20427.127366330096,20744.518012043864,712.6895672844425,2023-03-25
1679788800000,20694.805880194104,20694.805880194104,20040.294305038013,20053.97178480743,539.7079937138667,2023-03-26
1679875200000,19804.37138943977,19804.37138943977,19354.8500585916,19637.022684215866,3504.9581125357595,2023-03-27
1679961600000,19637.022684215866,21062.352598753616,19557.03852500362,20404.3510795414,1367.7121011941033,2023-03-28
1680048000000,20641.982261773723,21387.639429144416,20641.982261773723,20687.181597267634,831.9768483987264,2023-03-29
1680134400000,20563.44701890481,20563.44701890481,20110.232979396893,20233.327656707082,3427.2611169441507,2023-03-30
1680220800000,20273.983999584325,20754.756139610003,20273.983999584325,20672.89961319412,2015.7904915515273,2023-03-31
1680307200000,20672.89961319412,20913.946368337532,19248.455393949906,20757.106335117078,729.010866716045,2023-04-01
1680393600000,21451.769676277607,22183.151110743715,21451.769676277607,21616.342349417147,902.8156695729183,2023-04-02
1680480000000,21151.068707527804,21151.068707527804,20795.049485201645,20990.1212028469,573.8169370030263,2023-04-03
1680566400000,20990.1212028469,21832.96948467522,20617.852847411326,20704.09303004436,2165.366041661833,2023-04-04
1680652800000,20570.99729673589,20570.99729673589,19958.530343168128,20366.925958964723,1682.9227771663489,2023-04-05
1680739200000,19429.070142317527,19429.070142317527,18677.97004251695,19156.253385056276,664.3972510280494,2023-04-06
1680825600000,19156.253385056276,19439.717820858077,18967.855588527647,19395.26423754564,831.9439019404438,2023-04-07
1680912000000,19574.976390470663,19815.431378147667,19574.976390470663,19608.444803561815,636.813115846664,2023-04-08
1680998400000,19608.444803561815,19896.075123239516,18562.10337038091,19612.64382197568,556.1835691564969,2023-04-09
1681084800000,19612.64382197568,19863.021080784707,18979.417392437485,19420.93037515707,761.9060302253947,2023-04-10
1681171200000,18769.87047121693,18769.87047121693,17988.90243812037,18303.3528214081,2386.6772280370346,2023-04-11
1681257600000,18303.3528214081,18633.589543954113,17728.658672688314,17983.779115576206,893.4799193146354,2023-04-12
1681344000000,17983.779115576206,18048.073729333224,17512.399726445532,17727.54054354547,700.4211316416398,2023-04-13
1681430400000,17423.043350381624,17423.043350381624,17051.608313553803,17141.885346773095,2143.478368729371,2023-04-14
1681516800000,17141.885346773095,17546.87476014303,16413.317212551246,17026.50487204843,1581.7972204129242,2023-04-15
1681603200000,17026.50487204843,17347.963804107338,17023.98074988584,17317.030353408467,1735.5351233568276,2023-04-16
1681689600000,18516.822213796564,18928.681437346586,18516.822213796564,18740.227501602956,1376.5239671469428,2023-04-17
1681776000000,18740.227501602956,19134.810601951067,18283.64467994214,18877.7253273709,851.7725691046353,2023-04-18
1681862400000,18877.7253273709,19470.115703159252,18761.450012416182,19082.416630435044,608.1599460385941,2023-04-19
1681948800000,19082.416630435044,19817.865686012694,17784.391384596707,19023.022837757522,960.8944761872567,2023-04-20
1682035200000,17952.032291972824,17952.032291972824,17188.48705610528,17554.380386383633,1119.3692442292759,2023-04-21
1682121600000,17554.380386383633,17619.366928782743,17352.166464933354,17534.901630795946,1805.5665773552832,2023-04-22
1682208000000,17534.901630795946,17734.733990591893,17330.15678368237,17579.181776601527,2145.432535124599,2023-04-23
1682294400000,19040.297024984906,19717.021254303076,19040.297024984906,19489.2091645362,908.8866362702279,2023-04-24
1682380800000,19489.2091645362,19761.18766498254,18953.358648840025,19332.85595834743,1325.7025796841308,2023-04-25
1682467200000,19332.85595834743,19580.812916310028,19304.392052102805,19578.51902643924,978.8711656821708,2023-04-26
1682553600000,19578.51902643924,19735.987876752068,19331.205377484555,19550.081975304452,1825.9292819722025,2023-04-27
1682640000000,18730.96929729817,18730.96929729817,18588.482359535315,18616.389639138026,2326.3343161106413,2023-04-28
1682726400000,19342.972378395243,19553.578089645518,19342.972378395243,19528.92734929446,767.8446810487069,2023-04-29
1682812800000,19910.89464551148,20529.307150852233,19910.89464551148,20153.60537424137,1290.6063631889006,2023-04-30
1682899200000,20814.92560061885,21625.827610247467,20814.92560061885,20832.344495208716,2485.153492430679,2023-05-01
1682985600000,20260.554560701075,20260.554560701075,19833.105246023806,20053.9710363622,1304.54158739983,2023-05-02
1683072000000,21142.61670937419,21710.900665624173,21142.61670937419,21267.23613610154,2504.6737106042547,2023-05-03
1683158400000,20255.820139434916,20255.820139434916,19692.495918057186,20054.763133555032,842.5544405277208,2023-05-04
1683244800000,20205.186618788186,20715.745987007656,20205.186618788186,20553.694209521058,2092.981058310641,2023-05-05
1683331200000,21883.8247395775,22850.524138640703,21883.8247395775,22528.10502061853,1348.038762122536,2023-05-06
1683417600000,21644.366887329288,21644.366887329288,21323.308457460225,21612.80599271127,839.1616705698859,2023-05-07
1683504000000,21561.209745386073,21561.209745386073,20508.580039886216,21106.328126505465,1470.9910051382612,2023-05-08
1683590400000,21106.328126505465,21734.96048171305,20809.2136725472,21194.584467499226,1018.3998787738292,2023-05-09
1683676800000,20985.228798942975,20985.228798942975,20010.592474031673,20752.426990910455,1656.5927870318258,2023-05-10
1683763200000,19623.736861525915,19623.736861525915,19381.239382542233,19447.73977552301,968.2787928521474,2023-05-11
1683849600000,19447.73977552301,19568.99745560209,19298.752903668494,19503.65446544568,1613.1549686950416,2023-05-12
1683936000000,19118.109067619618,19118.109067619618,18451.61003658769,18655.09020976404,1041.8586455108923,2023-05-13
1684022400000,18925.038366802804,19193.461205739553,18925.038366802804,19028.73511150283,825.526249643295,2023-05-14
1684108800000,18504.44511215743,18504.44511215743,17670.441943955884,18310.05421867893,4430.632133279656,2023-05-15
1684195200000,19227.549258241725,19551.23729441924,19227.549258241725,19537.821272762867,697.6764606755113,2023-05-16
1684281600000,19506.59521226172,19506.59521226172,18664.60929481968,18907.416616506474,1719.270648703156,2023-05-17
1684368000000,18907.416616506474,19375.192271476153,18291.112618201358,18654.143304093017,1006.8541514341259,2023-05-18
1684454400000,19032.719193212284,19635.345612798697,19032.719193212284,19300.546900713725,1159.7891918683802,2023-05-19
1684540800000,18684.781418340594,18684.781418340594,17945.662677467935,18330.976358560158,1569.3138993831842,2023-05-20
1684627200000,18352.994056238455,18540.34013725634,18352.994056238455,18506.406394529626,580.1037988599451,2023-05-21
1684713600000,19436.41326647934,19771.330944541078,19436.41326647934,19547.59276767829,1413.9050477588241,2023-05-22
1684800000000,18848.515009224717,18848.515009224717,17797.695837474545,18275.119276115445,811.158196669566,2023-05-23
1684886400000,18275.119276115445,18729.828575119205,17974.19342519914,18416.958074041395,1726.3202244500762,2023-05-24
1684972800000,18416.958074041395,19232.42085685702,18257.479386655763,18618.47159361008,816.213591032566,2023-05-25
1685059200000,19128.735200477055,19647.990870398302,19128.735200477055,19238.089998857853,3432.4519609425633,2023-05-26
1685145600000,18349.194489336536,18349.194489336536,18161.139709299096,18267.00086138884,1385.727267264709,2023-05-27
1685232000000,17663.39124625988,17663.39124625988,16861.1312975956,17284.38536797741,1024.5049115039433,2023-05-28
1685318400000,17571.676529470384,17682.49991902785,17571.676529470384,17666.306717204556,791.8260323785146,2023-05-29
1685404800000,17864.084088733536,18101.614703751417,17864.084088733536,17887.37507243793,1009.2191109697121,2023-05-30
1685491200000,17916.862457687872,18221.835953464302,17916.862457687872,18075.985272825386,1616.1466144629726,2023-05-31
1685577600000,18273.177834177055,18349.17121534594,18273.177834177055,18340.127508324058,597.19999573861,2023-06-01
1685664000000,17943.38725963527,17943.38725963527,17754.469659854127,17825.2523395619,1069.1982557212377,2023-06-02
1685750400000,17825.2523395619,18164.051528814533,17394.010542026022,17999.455257997713,1785.3557519560595,2023-06-03
1685836800000,18188.60924362323,18227.73786852043,18188.60924362323,18221.70717824138,1450.0845778521457,2023-06-04
1685923200000,18163.196929731745,18163.196929731745,17429.34423645967,17684.71833529735,1751.9478326323365,2023-06-05
1686009600000,18894.406803493264,19265.58302639096,18894.406803493264,19121.78339052752,513.8408988589265,2023-06-06
1686096000000,19222.972624261165,19825.042278649024,19222.972624261165,19504.972161847298,815.8159142692778,2023-06-07
1686182400000,19218.248794149367,19218.248794149367,18438.98280725217,18555.8457794311,1433.2632656949172,2023-06-08
1686268800000,18977.467209626586,19304.702929624655,18977.467209626586,19073.069093771715,3525.999956634014,2023-06-09
1686355200000,18466.661963349834,18466.661963349834,18136.814224802183,18310.297540808144,2231.5140536547306,2023-06-10
1686441600000,18629.572735913644,18953.923038771965,18629.572735913644,18923.829000145008,723.496135799347,2023-06-11
1686528000000,19581.18099082675,20453.89575393413,19581.18099082675,19864.552322187494,1839.0955323734006,2023-06-12
1686614400000,19500.229028694805,19500.229028694805,19178.254400911705,19193.49985208087,963.8035907562944,2023-06-13
1686700800000,19662.914555630603,20047.963909800274,19662.914555630603,19983.601282387433,1272.9091380348864,2023-06-14
1686787200000,19983.601282387433,20666.602154884204,19744.117737093038,20332.015344835087,2757.096460059006,2023-06-15
1686873600000,20761.580966374695,21531.814996640383,20761.580966374695,21044.08726361513,1105.7691464212985,2023-06-16
1686960000000,22453.172197224907,23422.253105588337,22453.172197224907,22783.709305766693,1722.3432806039843,2023-06-17
1687046400000,22783.709305766693,23313.484452453504,21589.7313010586,22550.79714937603,1547.8877810532038,2023-06-18
1687132800000,22101.57549384929,22101.57549384929,21456.925479255322,21850.16629896208,1086.8421292278963,2023-06-19
1687219200000,21355.561662715052,21355.561662715052,21049.4700301262,21051.274021691363,1175.4953535639747,2023-06-20
1687305600000,20554.326829372912,20554.326829372912,19729.371214349365,20344.282462475563,1564.714509120123,2023-06-21
1687392000000,20344.282462475563,20575.584477911307,20069.663209182487,20278.7058382061,674.904270128219,2023-06-22
1687478400000,20424.019312501052,20910.87349985358,20424.019312501052,20570.473665215297,2182.6845626614077,2023-06-23
1687564800000,20666.419059325042,21112.725018017278,20666.419059325042,20810.191799747197,841.3465214844297,2023-06-24
1687651200000,21171.323541289108,22033.09755675862,21171.323541289108,21543.63163602238,1223.618057617327,2023-06-25
1687737600000,21543.63163602238,22523.32150215172,21314.894391392147,21555.36404648847,936.6294487848321,2023-06-26
1687824000000,22645.601732724146,23139.199203294516,22645.601732724146,22908.08392080578,867.8743259567037,2023-06-27
1687910400000,22908.08392080578,23198.987240855215,22008.911487252368,22655.61310620964,1204.47945577086,2023-06-28
1687996800000,24936.313523583718,25511.04606360037,24936.313523583718,25388.89235981453,1306.0274314681737,2023-06-29
1688083200000,26055.028847860547,26827.164761141783,26055.028847860547,26062.849519800035,2457.6967369558533,2023-06-30
1688169600000,25629.248260940323,25629.248260940323,24889.871178182442,25143.976595193843,2457.3250068054285,2023-07-01
1688256000000,24237.37193055535,24237.37193055535,23240.578673683332,24041.36548280941,1443.0114594270499,2023-07-02
1688342400000,24056.199824183663,24775.28258543648,24056.199824183663,24532.012979150655,697.5406893939021,2023-07-03
1688428800000,24532.012979150655,24831.2092480615,23925.046513593086,24303.531169875918,625.0546223461629,2023-07-04
1688515200000,24559.597505991907,25552.73555350152,24559.597505991907,25041.1294380943,1223.468974627051,2023-07-05
1688601600000,25315.03899247397,25692.58469426522,25315.03899247397,25542.301550569213,937.3758746010938,2023-07-06
1688688000000,25542.301550569213,25580.22816451237,25300.058096229524,25464.525594621,1232.3550010191643,2023-07-07
1688774400000,25306.88638418143,25306.88638418143,24268.73754430224,24577.410858515672,559.4657127876816,2023-07-08
1688860800000,23732.138063846287,23732.138063846287,22794.06203504935,23066.81907381164,747.889629472023,2023-07-09
1688947200000,22692.887511653968,22692.887511653968,22428.589781335733,22639.538131241905,1313.9111519309452,2023-07-10
1689033600000,22639.538131241905,24245.35096773492,22542.517220824713,23466.142130708162,1278.4981270198164,2023-07-11
1689120000000,23466.142130708162,24215.79132462839,23154.352738613827,23677.46057064329,688.3725162262277,2023-07-12
1689206400000,23677.46057064329,23714.229638415407,22472.423409462535,22474.01171160992,2544.2826532666186,2023-07-13
1689292800000,22474.01171160992,22897.72802339778,21585.763116989852,22637.580285312128,622.6136567936069,2023-07-14
1689379200000,22882.78341077526,23451.544950690728,22882.78341077526,23005.794443211726,911.2919143687304,2023-07-15
1689465600000,22371.11377360915,22371.11377360915,21795.748154946214,22169.900740332676,730.9893918794464,2023-07-16
1689552000000,22203.463112583708,22714.110997784992,22203.463112583708,22313.070285965532,728.5536387301536,2023-07-17
1689638400000,22313.070285965532,23624.830462291553,22245.96275725806,22367.523098202753,518.2902933165651,2023-07-18
1689724800000,22367.523098202753,22492.19363537848,20825.806427541902,21322.213260369026,1490.0084710640917,2023-07-19
1689811200000,21322.213260369026,22140.91345042155,21264.21054942469,21644.06672162044,510.02889836454807,2023-07-20
1689897600000,21644.06672162044,22288.52747868155,21342.459006721783,22158.33237876776,2308.606811312885,2023-07-21
1689984000000,23022.132593521168,23361.84664170309,23022.132593521168,23186.383767158753,1163.7722009982695,2023-07-22
1690070400000,23914.99525729902,24788.73222375968,23914.99525729902,24232.434783144563,1100.1927060322705,2023-07-23
1690156800000,23033.888761707913,23033.888761707913,22731.532231794365,22874.062065395396,2641.826664834698,2023-07-24
1690243200000,22361.591801241357,22361.591801241357,21963.94633937669,21993.19754021135,990.7388700351496,2023-07-25
1690329600000,22030.06019063534,22602.386857905014,22030.06019063534,22472.666426310403,1280.3643189371355,2023-07-26
1690416000000,22859.814027260192,23253.052931437658,22859.814027260192,22961.38688068819,970.7541963972017,2023-07-27
1690502400000,22961.38688068819,23606.777428876885,22800.702381779534,23461.97525177273,6371.853459960933,2023-07-28
1690588800000,27211.786370299822,28652.683388562236,27211.786370299822,27569.49706127674,748.60409500367,2023-07-29
1690675200000,27569.49706127674,28978.022536598655,27366.917003161514,28236.498175761797,571.1885062626451,2023-07-30
1690761600000,28244.19469174721,29986.52177882719,28244.19469174721,29611.594194599722,1782.791477852921,2023-07-31
1690848000000,30193.856075599168,31650.433635312198,30193.856075599168,30818.45713163957,508.39885371211676,2023-08-01
1690934400000,30916.255633051333,32102.655660835244,30916.255633051333,31670.64001215151,1161.6279094100246,2023-08-02
1691020800000,31431.01204957774,31431.01204957774,30265.186936684073,31255.285939839854,568.775029976428,2023-08-03
1691107200000,31281.123850434047,32573.466402408278,31281.123850434047,32264.56353127574,2023.0766420252808,2023-08-04
1691193600000,31728.404576047615,31728.404576047615,30829.007162859947,31237.156735860834,1229.8279003508778,2023-08-05
1691280000000,31194.268600770345,31194.268600770345,30371.319642851064,30928.92361232947,1468.8316069352845,2023-08-06
1691366400000,30763.93381850682,30763.93381850682,29971.107781015402,30306.666777071743,716.8821944608369,2023-08-07
1691452800000,30306.666777071743,30599.580361813132,30115.834476772783,30410.748184170992,2888.4533639455603,2023-08-08
1691539200000,32494.466193906283,33885.64862402485,32494.466193906283,33505.84555972776,1561.7002105589254,2023-08-09
1691625600000,31109.511272756674,31109.511272756674,30375.16218352759,30985.836599632643,1500.736287931406,2023-08-10
1691712000000,31076.54979262371,31950.866136200213,31076.54979262371,31889.175183412648,1760.1803008714285,2023-08-11
1691798400000,30335.757395858724,30335.757395858724,29399.835466963763,29806.78019262813,876.6252169752993,2023-08-12
1691884800000,29687.36734447163,29687.36734447163,28802.954117081095,29223.53145859326,1053.1258681164363,2023-08-13
1691971200000,30009.116788572064,30596.934584802366,30009.116788572064,30586.93264605698,708.1568904442586,2023-08-14
1692057600000,30586.93264605698,30812.09531874727,30361.579659732062,30669.3730470226,982.5601566098269,2023-08-15
1692144000000,29629.56839693796,29629.56839693796,28683.49099998748,29316.049896447443,2090.819567208323,2023-08-16
1692230400000,29002.936718846897,29002.936718846897,27796.597811608844,28450.97919880191,806.6093821336808,2023-08-17
1692316800000,28933.178704671864,29377.566300059076,28933.178704671864,29272.250805361255,892.3195905358594,2023-08-18
1692403200000,28876.4325814147,28876.4325814147,28028.22535316149,28390.559740174747,1686.2670107574804,2023-08-19
1692489600000,28390.559740174747,28926.902945835227,27829.018356982175,28649.060626483548,807.388341009099,2023-08-20
1692576000000,28649.060626483548,29331.504434620212,28380.954953924724,28703.783002503013,2005.1916114338844,2023-08-21
1692662400000,28338.654766239037,28338.654766239037,27590.8210750736,27931.186750343255,592.5374690050799,2023-08-22
1692748800000,29636.88797413502,31162.089212107767,29636.88797413502,30554.720755393308,1066.2435996412855,2023-08-23
1692835200000,30554.720755393308,31606.34248826016,30348.67814051632,31376.646360787476,539.7593516805459,2023-08-24
1692921600000,29571.135680687872,29571.135680687872,28122.68235821695,28825.581044343853,2781.990494660967,2023-08-25
1693008000000,28825.581044343853,29251.906462666633,28606.359049077786,29051.519709523745,2812.2405138111794,2023-08-26
1693094400000,28535.069268195613,28535.069268195613,27876.129411071375,28257.508393700056,1359.6797985106655,2023-08-27
1693180800000,28908.84969391081,29748.37649373288,28908.84969391081,29284.369986034413,2452.092115143325,2023-08-28
1693267200000,28386.220791320175,28386.220791320175,28029.685294393017,28328.489121489194,639.3547955739564,2023-08-29
1693353600000,28215.91424483869,28215.91424483869,28113.322984168986,28192.712347759178,2031.265804358061,2023-08-30
1693440000000,28409.049804487753,29887.667072994616,28409.049804487753,28795.217402974635,1562.3054479496666,2023-08-31
1693526400000,29027.499343518848,30247.152132194493,29027.499343518848,29858.270475971236,1936.7569459094216,2023-09-01
1693612800000,29031.601811915993,29031.601811915993,27193.736106152162,28394.650394750595,1479.8005772521858,2023-09-02
1693699200000,28145.854320300812,28145.854320300812,27387.041784145153,27999.70250014544,1369.7659409838188,2023-09-03
1693785600000,27999.70250014544,28464.836735645153,27165.52279389949,27448.350253676836,993.0355950481086,2023-09-04
1693872000000,26987.123966484323,26987.123966484323,25925.153289531157,26707.611885719052,3133.6215041162345,2023-09-05
1693958400000,28419.369064640043,28881.142070608534,28419.369064640043,28756.82391995108,1250.0931924870727,2023-09-06
1694044800000,28756.82391995108,29631.69253299403,28706.5494606855,29248.64541698653,1399.3309136890182,2023-09-07
1694131200000,27782.85203629581,27782.85203629581,27365.060003393843,27744.430464047044,1623.2727809391317,2023-09-08
1694217600000,27937.132262265466,29470.733982174035,27937.132262265466,28831.53023489297,3342.015744951548,2023-09-09
1694304000000,30668.529856273344,31511.780469119232,30668.529856273344,31510.870255772923,1674.0385921414738,2023-09-10
1694390400000,31978.939440594728,33599.85587680144,31978.939440594728,32903.06896779367,821.9812389614335,2023-09-11
1694476800000,31136.13482804383,31136.13482804383,30214.281352737897,30874.912721837925,1414.5475424606411,2023-09-12
1694563200000,30611.73102006393,30611.73102006393,29697.853916007425,30255.173428724785,1107.2851152877793,2023-09-13
1694649600000,31587.154028013752,32539.864768064916,31587.154028013752,31903.563772392106,686.0024372223012,2023-09-14
1694736000000,31903.563772392106,31979.85026822463,30418.2695472599,30972.039019231852,2321.116037350109,2023-09-15
1694822400000,30972.039019231852,32200.60367413319,29530.223123593132,31553.01941130721,1013.9759138744405,2023-09-16
1694908800000,31807.826905950264,32757.962820337285,31807.826905950264,32593.283724026292,824.3633796926085,2023-09-17
1694995200000,31451.630883466703,31451.630883466703,30850.091950421753,31352.438267736772,1398.5494937326825,2023-09-18
1695081600000,31352.438267736772,31579.39282457769,31175.620657133244,31274.387759020745,532.2585215406048,2023-09-19
1695168000000,27766.739062763925,27766.739062763925,27219.95486298685,27305.139127044436,1433.5563168130257,2023-09-20
1695254400000,26777.86535469767,26777.86535469767,25817.599137405206,26158.647157482334,2487.751224654121,2023-09-21
1695340800000,25973.663731909925,25973.663731909925,25768.629226914458,25883.450666885004,1837.2226585696405,2023-09-22
1695427200000,25026.285827369815,25026.285827369815,24240.934355754882,24565.775358659437,6391.763984102353,2023-09-23
1695513600000,26262.52096879448,26462.66905493735,26262.52096879448,26303.701715374733,1125.5063220133939,2023-09-24
1695600000000,25042.602901966296,25042.602901966296,24672.81835906612,24774.727028188518,4202.699856597469,2023-09-25
1695686400000,24497.10097747917,24497.10097747917,24165.324348441623,24322.398559475834,3280.060267792967,2023-09-26
1695772800000,24322.398559475834,24561.32632204385,24073.64719280625,24455.919595875384,573.684096356841,2023-09-27
1695859200000,25593.957032410945,26336.0737446427,25593.957032410945,25977.325213888944,1133.1951821699681,2023-09-28
1695945600000,24713.005268749705,24713.005268749705,24315.56300533285,24461.461581013024,683.3113533939617,2023-09-29
1696032000000,25433.5176318746,26597.677200943006,25433.5176318746,25682.378650275754,2100.94010731847,2023-09-30
1696118400000,25682.378650275754,26340.63731178308,25132.82712551592,25693.38586437355,764.6246069881767,2023-10-01
1696204800000,24855.777249160576,24855.777249160576,24359.287100756654,24658.803846994186,939.000819171165,2023-10-02
1696291200000,25045.1029595112,25380.687317695912,25045.1029595112,25140.60006501902,736.3642352748416,2023-10-03
1696377600000,25174.781611438044,25552.410890024974,25174.781611438044,25351.033041399423,919.5312944675591,2023-10-04
1696464000000,24738.087860236217,24738.087860236217,24282.66865908572,24721.81495903149,860.1373759277892,2023-10-05
1696550400000,24721.81495903149,25496.037542865462,24647.692099927135,24794.179723471214,647.512663134719,2023-10-06
1696636800000,24491.249631570892,24491.249631570892,23021.72759149838,24397.345824885688,655.5769468113575,2023-10-07
1696723200000,24397.345824885688,25245.66737705046,24112.566241115608,24513.59261319889,1169.107109694989,2023-10-08
1696809600000,24763.18836757971,25245.2964273701,24763.18836757971,25202.76641936794,865.9513629547137,2023-10-09
1696896000000,25624.024052089644,27602.092795060365,25624.024052089644,26933.382396097608,1791.0062771928367,2023-10-10
1696982400000,26554.115112011645,26554.115112011645,25137.016120351716,25572.928691736957,2000.8045438400286,2023-10-11
1697068800000,27490.374267005165,28204.621269990686,27490.374267005165,27962.176974856942,1272.2395349174067,2023-10-12
1697155200000,25917.88335061407,25917.88335061407,25311.472552300467,25767.4281210301,717.119876648513,2023-10-13
1697241600000,25767.4281210301,26516.94437448969,25564.105565302692,25604.173932093734,1178.3946773351386,2023-10-14
1697328000000,26208.70238672663,26927.866957797636,26208.70238672663,26242.770101940372,948.4829164564949,2023-10-15
1697414400000,26242.770101940372,26705.213776725413,25967.164359910847,26553.37227589582,897.8438820868781,2023-10-16
1697500800000,26553.37227589582,26716.46534728141,25721.54045666987,25869.94550347092,634.6772235398131,2023-10-17
1697587200000,25786.12237707701,25786.12237707701,24971.556044161036,25645.47124732383,1365.8696760982289,2023-10-18
1697673600000,25645.47124732383,26288.482286234186,25037.823926902416,25121.476502163194,761.1397580185179,2023-10-19
1697760000000,25121.476502163194,25584.991261362673,24065.839840833425,24509.090971636233,1583.7254287744831,2023-10-20
1697846400000,24813.257295166586,25511.992249985044,24813.257295166586,25396.72614461183,704.8989451706991,2023-10-21
1697932800000,25396.72614461183,26269.684167254745,25393.31069483565,25779.250120948825,701.9176479796174,2023-10-22
1698019200000,25329.475779904733,25329.475779904733,24605.096480022097,25042.016466248355,3118.9929190405373,2023-10-23
1698105600000,25761.017325720375,26040.081710738938,25761.017325720375,26003.336076803746,654.3186703802286,2023-10-24
1698192000000,26057.086402739078,27011.786883660938,26057.086402739078,26340.104774715608,957.9023123486684,2023-10-25
1698278400000,26770.01609796906,27318.3803889183,26770.01609796906,27252.09482286814,2365.1101532481334,2023-10-26
1698364800000,27696.688153175648,28291.347964766243,27696.688153175648,27980.152407704125,1617.0755334398084,2023-10-27
1698451200000,27411.65372380914,27411.65372380914,26642.5628132361,27025.534751297426,2572.0431637373576,2023-10-28
1698537600000,26862.473129243146,26862.473129243146,25908.89371603597,26398.974851557417,500.6536043140704,2023-10-29
1698624000000,27024.1352430432,27407.024417702625,27024.1352430432,27238.115186497766,1487.059111922587,2023-10-30
1698710400000,27675.078224212735,28316.11069488996,27675.078224212735,27943.255872595986,1113.0864938250957,2023-10-31
1698796800000,27943.255872595986,28336.48742918472,27765.834003270014,27918.809753179725,1165.7859080413011,2023-11-01
1698883200000,27918.809753179725,28606.427897447793,27664.04823849429,28056.31115024819,772.0012006969439,2023-11-02
1698969600000,29046.703737765998,29641.343561839127,29046.703737765998,29598.226169413636,1127.9202956612405,2023-11-03
1699056000000,29240.91393663313,29240.91393663313,28597.355569585896,28874.04294348869,1167.9968270904792,2023-11-04
1699142400000,28874.04294348869,30742.632200620534,28676.5750477778,29543.156664122107,8223.529522062461,2023-11-05
1699228800000,29543.156664122107,29616.845576829815,28442.57479211912,29294.082534938763,2257.6656392285076,2023-11-06
1699315200000,29294.082534938763,29392.548677258386,28353.655512482237,29028.275448113003,1214.5358101105603,2023-11-07
1699401600000,30257.996924321298,30883.94294812749,30257.996924321298,30395.071015344354,1213.0519925597378,2023-11-08
1699488000000,31462.77878328866,31892.737589293545,31462.77878328866,31463.994825317204,535.5355265647149,2023-11-09
1699574400000,31463.994825317204,33974.78045411411,31378.74361118208,32554.27521514749,2327.472007904813,2023-11-10
1699660800000,34166.36788734623,35501.485920468505,34166.36788734623,34383.41101375722,550.8874539506987,2023-11-11
1699747200000,34383.41101375722,34824.23952657428,34176.248190836995,34413.66497501675,1437.3088225665997,2023-11-12
1699833600000,35005.55823699545,36014.48047932208,35005.55823699545,35410.54875174622,977.6351117446677,2023-11-13
1699920000000,35282.79566577741,35282.79566577741,34033.4616055948,34953.467595939095,1889.3777065919564,2023-11-14
1700006400000,35100.132685325625,35672.267006203976,35100.132685325625,35431.16476944296,770.4098660721168,2023-11-15
1700092800000,35431.16476944296,35744.364457811,33874.72077287913,35238.60429313724,3147.1157526284796,2023-11-16
1700179200000,35258.8849655292,35856.12119899936,35258.8849655292,35382.020484711196,519.3413289728915,2023-11-17
1700265600000,35382.020484711196,36349.35574017461,35290.679049165585,36274.87486668144,1992.740140285175,2023-11-18
1700352000000,35568.8070426872,35568.8070426872,34168.94167979616,35053.0716832998,530.5662979726272,2023-11-19
1700438400000,38060.78741376147,38336.362805290955,38060.78741376147,38262.859171258344,3206.1283654016365,2023-11-20
1700524800000,37218.29962392614,37218.29962392614,35561.40267749198,36684.481056583245,1634.7576366812573,2023-11-21
1700611200000,35500.430994150156,35500.430994150156,34533.42139128656,34865.95936363063,3440.5144851815085,2023-11-22
1700697600000,36189.7161096196,36852.33365923936,36189.7161096196,36598.43982312121,824.9889739966056,2023-11-23
1700784000000,36665.528569236085,38525.91763214559,36665.528569236085,37832.01217377117,5116.114465417972,2023-11-24
1700870400000,37832.01217377117,39718.629676071294,37793.55386960716,38833.759811633645,582.2294500449138,2023-11-25
1700956800000,39541.47633241092,41237.62528539438,39541.47633241092,39869.086622810944,920.6600215727315,2023-11-26
1701043200000,39869.086622810944,40239.46494423184,38885.27352308911,39848.64618700864,3139.885542104075,2023-11-27
1701129600000,38639.64163320997,38639.64163320997,37457.02606927315,38379.24734266334,663.0746968560788,2023-11-28
1701216000000,38379.24734266334,38545.76085156232,38110.405207023236,38501.26559142121,1196.1877190159892,2023-11-29
1701302400000,37571.324115034055,37571.324115034055,36147.30054423343,37424.879185214144,1584.4538913974354,2023-11-30
1701388800000,38318.601387826246,39657.818764639575,38318.601387826246,38984.6423151929,1362.4919714380526,2023-12-01
1701475200000,38984.6423151929,39515.08731577324,37327.84081775887,38745.31765031297,1014.8441192801495,2023-12-02
1701561600000,37640.60945847966,37640.60945847966,36963.47026946715,37428.899322829304,1674.594642150482,2023-12-03
1701648000000,37428.899322829304,37566.05838182355,36458.022841044876,36928.567265820966,704.1162948189311,2023-12-04
1701734400000,36928.567265820966,38230.383059954016,36089.9731758712,37572.65361425144,2277.555846291423,2023-12-05
1701820800000,36966.95533503644,36966.95533503644,36257.92004591936,36696.12394694582,1258.1229475460696,2023-12-06
1701907200000,35500.70990078504,35500.70990078504,34080.46455422846,35454.193841453096,856.5921899015459,2023-12-07
1701993600000,35454.193841453096,36843.947127258776,34327.53482167873,35817.8254209569,679.6118662183135,2023-12-08
1702080000000,35817.8254209569,36280.19722009691,35422.91255607651,36187.12510033841,2827.0113322475054,2023-12-09
1702166400000,36187.12510033841,36364.38673259233,34799.30980731469,35427.051696536175,1574.8802004719741,2023-12-10
1702252800000,35427.051696536175,36123.74772152214,34146.136819441235,34735.12709466435,2786.578549795433,2023-12-11
1702339200000,34735.12709466435,36289.55254255886,34369.278955699134,35074.28785163192,510.8699480430147,2023-12-12
1702425600000,33333.25500492771,33333.25500492771,32660.715028814593,33010.68719042862,610.3222693798757,2023-12-13
1702512000000,31857.81572089866,31857.81572089866,29549.971824506047,31121.389452105654,626.3675094893069,2023-12-14
1702598400000,30293.226780787863,30293.226780787863,29769.47972878631,30199.074406549273,1842.7241864990604,2023-12-15
1702684800000,29975.50367398421,29975.50367398421,29797.380826735305,29930.361724900045,1259.9108441883163,2023-12-16
1702771200000,29952.92503887238,31429.980022007378,29952.92503887238,30322.570132723515,3285.7263019839534,2023-12-17
1702857600000,31673.906235916296,33543.32294031533,31673.906235916296,32254.941720794483,551.6612852135049,2023-12-18
1702944000000,33223.23587366909,33525.03605351498,33223.23587366909,33434.38389182676,1112.3582795438192,2023-12-19
1703030400000,33434.38389182676,33598.20816004723,32282.59745160591,33211.21353837521,791.5001764766147,2023-12-20
1703116800000,33211.21353837521,34480.93740672612,32470.081533138127,33184.77853821092,2234.7303478796616,2023-12-21
1703203200000,31882.90594850245,31882.90594850245,30937.24441702405,31820.523185907736,932.0438789798166,2023-12-22
1703289600000,31820.523185907736,32563.802076577605,31450.623100281075,31795.86491971489,897.7640616296516,2023-12-23
1703376000000,31795.86491971489,32413.143054664914,29551.114753804795,31413.853201874714,2338.2770931126533,2023-12-24
1703462400000,31413.853201874714,32211.620425457797,30973.693154919518,31841.245242087876,2152.375366366252,2023-12-25
1703548800000,31022.110881957222,31022.110881957222,30014.100338256183,30757.167986646495,1114.5652746364185,2023-12-26
1703635200000,31310.43349922268,31703.702859168465,31310.43349922268,31433.372390739874,626.293382608067,2023-12-27
1703721600000,33201.735171659944,33650.60014382963,33201.735171659944,33516.97143843436,1258.3731970333133,2023-12-28
1703808000000,33383.41857917837,33383.41857917837,33005.730653217055,33364.675066929056,1023.8232362906697,2023-12-29
1703894400000,33364.675066929056,34252.831982389645,33232.83095027421,33930.657257548846,4045.676737763038,2023-12-30
1703980800000,34560.578024470735,36185.78335284621,34560.578024470735,34925.52648000049,570.9058993363171,2023-12-31
1704067200000,34925.52648000049,35035.91021088207,34195.09160028116,34343.655779991175,1448.803168308293,2024-01-01
1704153600000,34343.655779991175,34797.96759681716,34313.66067911225,34667.4406764242,579.9126851341232,2024-01-02
1704240000000,34667.4406764242,35204.68470338208,33197.03029083504,34685.72539914004,1016.1862263788674,2024-01-03
1704326400000,34685.72539914004,35121.96589797269,34516.06913032356,34827.88332983683,1446.3145189701982,2024-01-04
1704412800000,34686.94485203396,34686.94485203396,33217.751337310554,33718.59164179579,611.908930035361,2024-01-05
1704499200000,33718.59164179579,34508.869974380796,32490.400025475887,33753.216042544926,1626.4653850249829,2024-01-06
1704585600000,34316.98337518629,34865.33865757779,34316.98337518629,34464.466627727896,1002.9555333827071,2024-01-07
1704672000000,36355.558453139536,36912.75164858758,36355.558453139536,36623.63887436068,2256.211741719636,2024-01-08
1704758400000,37702.177578024806,38199.24130726223,37702.177578024806,38124.69849986057,684.1676466896179,2024-01-09
1704844800000,40832.441397188006,41855.56933311998,40832.441397188006,41721.83043007407,763.1594078000812,2024-01-10
1704931200000,41721.83043007407,41887.0489741167,40386.974080872016,40402.54013520748,3672.8993515940024,2024-01-11
1705017600000,41681.080544607794,42215.82248617993,41681.080544607794,41905.62796067831,3222.7189759620637,2024-01-12
1705104000000,41905.62796067831,42427.75054475176,41616.12338997234,42228.58595965849,1493.7676730375315,2024-01-13
1705190400000,45739.64328149076,47702.9651177498,45739.64328149076,46283.84607774636,1257.779611922265,2024-01-14
1705276800000,45430.20942683879,45430.20942683879,43040.36175408944,44743.509302125785,1814.891195820636,2024-01-15
1705363200000,43467.61581431939,43467.61581431939,42949.720044477566,43197.55734154274,2289.3406902791594,2024-01-16
1705449600000,43185.71692004388,43185.71692004388,42003.04012663932,42126.83862732961,1064.4052250976836,2024-01-17
1705536000000,39132.90377115773,39132.90377115773,38369.8277132606,38542.02514436987,789.2423123912024,2024-01-18
1705622400000,37747.44824100064,37747.44824100064,36740.54541413974,37702.778337850825,1221.7430582178054,2024-01-19
1705708800000,37037.72479005156,37037.72479005156,35173.77925986023,36523.136338525095,893.3555204399868,2024-01-20
1705795200000,36523.136338525095,36826.55666876435,36430.97352575707,36753.86934870939,1803.3175780816855,2024-01-21
1705881600000,36753.86934870939,38304.66444498419,36363.432127798034,37283.623008116025,2136.963504735342,2024-01-22
1705968000000,39841.21943806264,40440.21909014854,39841.21943806264,40330.854033618736,2029.232062481517,2024-01-23
1706054400000,41672.735411916605,42032.83360220785,41672.735411916605,41968.30752393018,1577.3577208048118,2024-01-24
1706140800000,41592.40980834228,41592.40980834228,40656.62433938474,40966.61786813531,3289.2025055890326,2024-01-25
1706227200000,39820.43125508236,39820.43125508236,38502.57846265155,39454.0774046337,751.8981289020826,2024-01-26
1706313600000,39454.0774046337,40655.17030588576,38698.49909498255,40275.20339491073,1039.8999119392918,2024-01-27
1706400000000,38370.64934145404,38370.64934145404,37839.00246194397,38109.08281009376,1041.5336391128353,2024-01-28
1706486400000,40930.02873822589,41481.7694941036,40930.02873822589,41146.66974456526,587.8782932996094,2024-01-29
1706572800000,43026.41257739131,43990.54124286164,43026.41257739131,43229.83008335856,516.7316777376166,2024-01-30
1706659200000,43229.83008335856,43319.53575560465,40919.65381605517,42388.81572321993,677.9540448524372,2024-01-31
1706745600000,39763.19766987256,39763.19766987256,39035.49567325587,39454.53118840495,2528.0606331272174,2024-02-01
1706832000000,41109.26766499026,41877.77000349149,41109.26766499026,41755.90317936792,551.94874311459,2024-02-02
1706918400000,41628.74516733125,41628.74516733125,41103.70294707526,41556.111702829905,999.0537003688611,2024-02-03
1707004800000,43389.78632628551,43833.45633854697,43389.78632628551,43766.85591974643,511.36689566241824,2024-02-04
1707091200000,41520.193438714436,41520.193438714436,40079.07687853735,40940.176459122464,541.0907837754675,2024-02-05
1707177600000,40940.176459122464,41372.580878162895,38675.795307323046,39925.43990653553,4142.011645329983,2024-02-06
1707264000000,39925.43990653553,41383.861035394344,39649.13665631139,39934.207466791544,1735.9412760671196,2024-02-07
1707350400000,39934.207466791544,40409.495585919554,39788.63023266028,40012.845814770604,969.5588809727146,2024-02-08
1707436800000,39783.931911975254,39783.931911975254,39208.33556923989,39265.824901131076,1055.3371209164525,2024-02-09
1707523200000,39906.75744322186,40668.15167701001,39906.75744322186,40303.39503901893,754.013357069355,2024-02-10
1707609600000,39054.23413033515,39054.23413033515,38098.488776956976,38541.29499364678,3164.968013182787,2024-02-11
1707696000000,38400.96514960432,38400.96514960432,37592.96263350099,38312.19594285336,911.6657106188567,2024-02-12
1707782400000,38312.19594285336,39051.75242948825,37880.84486035392,38505.67089188533,552.6561689753751,2024-02-13
1707868800000,39035.383567225996,41738.76363931779,39035.383567225996,39344.14196373646,907.0681607939375,2024-02-14
1707955200000,39344.14196373646,41105.426408118044,38522.621443659526,40534.16479975348,675.9825210683183,2024-02-15
1708041600000,39745.23025600416,39745.23025600416,38415.971804956134,38669.532953079644,1927.7871213455,2024-02-16
1708128000000,36394.08512986558,36394.08512986558,36134.71377741261,36263.53399585028,812.2130006984853,2024-02-17
1708214400000,36853.348325567655,39181.135338029235,36853.348325567655,38256.519582352856,1638.4885331551513,2024-02-18
1708300800000,38256.519582352856,40065.953380238236,38094.50631693747,38792.591227059995,714.9712147065438,2024-02-19
1708387200000,38632.37150567441,38632.37150567441,36984.76667143254,37595.607430802556,2672.3124564704276,2024-02-20
1708473600000,39606.20237679186,40381.09977023656,39606.20237679186,40118.5982699524,761.3566524312562,2024-02-21
1708560000000,40118.5982699524,41551.41917888976,39890.190741904036,40313.394107204396,1615.912609817942,2024-02-22
1708646400000,41491.2936222253,42812.144233616425,41491.2936222253,42354.114131932634,2239.2644465266,2024-02-23
1708732800000,42354.114131932634,43455.49790964638,42179.86656509538,42474.029791400964,1839.2235690718926,2024-02-24
1708819200000,45195.203192270776,47660.54171810023,45195.203192270776,46301.96525983006,815.5932464334956,2024-02-25
1708905600000,47924.5416478854,50765.17140092078,47924.5416478854,49833.49745391265,2510.673567634917,2024-02-26
1708992000000,49606.06611024938,49606.06611024938,47431.2728889531,49316.67673092457,1465.9799696762552,2024-02-27
1709078400000,49342.632515472666,53015.22782320578,49342.632515472666,51364.422960710035,900.9025337516593,2024-02-28
1709164800000,52539.73620482863,54036.087918857025,52539.73620482863,52771.44285594231,725.0558511023859,2024-02-29
1709251200000,55386.32484613198,56100.777143702704,55386.32484613198,55884.113750992095,2233.1503134101567,2024-03-01
1709337600000,55322.50300289103,55322.50300289103,53339.1439966689,53671.118562220596,516.3330585033407,2024-03-02
1709424000000,54452.40707329998,56336.64003877343,54452.40707329998,55235.32460768116,1949.7171906671585,2024-03-03
1709510400000,57259.5707979751,58447.233265961215,57259.5707979751,57738.43461208118,608.5239497739826,2024-03-04
1709596800000,54650.254646953945,54650.254646953945,53132.32836874537,53639.07197225654,892.0495662842343,2024-03-05
1709683200000,52009.75919367397,52009.75919367397,49241.62404809079,51046.14830248177,1424.1972061363579,2024-03-06
1709769600000,47590.051810697696,47590.051810697696,45119.76322880109,46868.20247034904,1060.4753034927771,2024-03-07
1709856000000,46868.20247034904,47233.12418613687,45599.35690526078,46342.44784726575,756.5354440990673,2024-03-08
1709942400000,46998.603600516435,48805.995900093134,46998.603600516435,47755.99667301313,1481.7100940501914,2024-03-09
1710028800000,50100.89565889307,51717.39946296761,50100.89565889307,50856.81898601418,561.8150873045081,2024-03-10
1710115200000,50856.81898601418,51317.927623064876,49959.710971381675,51014.8543445013,2393.436153371088,2024-03-11
1710201600000,52196.95976943179,54942.48889522104,52196.95976943179,54615.26153316166,3143.0991847557534,2024-03-12
1710288000000,51999.53656501409,51999.53656501409,49362.1087940384,51548.49986443469,513.7768816776158,2024-03-13
1710374400000,48186.29058523558,48186.29058523558,47676.44615286155,47999.75083708367,528.2474704587223,2024-03-14
1710460800000,47999.75083708367,48961.90609264384,45971.77965840311,47888.233183243836,1294.3943957336257,2024-03-15
1710547200000,47888.233183243836,49220.76646815871,47777.91908758009,48664.61350757455,1590.121859148712,2024-03-16
1710633600000,48664.61350757455,48785.97643623312,47643.71013451128,48598.03446035928,1329.9285727291362,2024-03-17
1710720000000,45289.15557762881,45289.15557762881,44567.31419174512,44567.78080928194,594.1753608647562,2024-03-18
1710806400000,44567.78080928194,45952.96576969865,43417.538226435405,44401.772496539255,2992.1496157845495,2024-03-19
1710892800000,42981.208301807084,42981.208301807084,41795.372974343576,42041.454621673845,1754.2800359175762,2024-03-20
1710979200000,42041.454621673845,43444.35776833693,41555.18843492675,43237.05822879835,1696.7747244569955,2024-03-21
1711065600000,43765.78012518795,44008.19855614493,43765.78012518795,43905.90671092527,1628.1267916175996,2024-03-22
1711152000000,42536.38325453911,42536.38325453911,42080.609668886726,42211.48815235161,850.727092523681,2024-03-23
1711238400000,41877.417059583175,41877.417059583175,40328.838416238716,41312.89984394748,1504.3342770903525,2024-03-24
1711324800000,39717.59556830562,39717.59556830562,39482.50880204004,39520.57334010685,1804.8178060225275,2024-03-25
1711411200000,39520.57334010685,40378.45088315786,38389.02951989912,39416.98289001836,1313.234332785188,2024-03-26
1711497600000,40700.74873770555,41779.87149488444,40700.74873770555,41025.437799706095,599.1784393089007,2024-03-27
1711584000000,39993.09532803046,39993.09532803046,39129.87568647056,39366.53543482687,1014.2100392583,2024-03-28
1711670400000,39599.20254556623,40948.21764124193,39599.20254556623,40206.25181412447,625.8111247787906,2024-03-29
1711756800000,40206.25181412447,40391.60632612623,38699.40035637363,39323.35194525397,512.9813642848354,2024-03-30
1711843200000,38971.20070668268,38971.20070668268,37932.26732416003,38039.22449307665,3661.353569773724,2024-03-31
1711929600000,38039.22449307665,38351.507238079794,35676.076343544606,37869.122519505254,588.8928390909301,2024-04-01
1712016000000,37869.122519505254,37896.732569722946,35597.15266786866,36262.58244500736,1434.2899525391647,2024-04-02
1712102400000,36262.58244500736,36461.89283464164,34990.095380800645,35431.56040121774,599.7819661049211,2024-04-03
1712188800000,34141.045612452835,34141.045612452835,33494.934175088965,33698.15621325123,694.6738745078903,2024-04-04
1712275200000,36377.301232647726,36611.90312701287,36377.301232647726,36587.76353856108,1259.0130174021006,2024-04-05
1712361600000,36587.76353856108,37621.477283312066,36382.50884042279,36641.82977727192,895.9223221762986,2024-04-06
1712448000000,36193.00261403541,36193.00261403541,34367.47558927821,35583.79125264578,1616.2894002554692,2024-04-07
1712534400000,35583.79125264578,36771.05968706035,35049.11688148667,35904.06099100108,642.9584585509444,2024-04-08
1712620800000,35904.06099100108,36421.618592935956,35491.200289150394,35735.57865726492,1363.9177276277924,2024-04-09
1712707200000,35735.57865726492,36222.489825724435,34619.649573944625,35406.44733229761,1900.2801505590126,2024-04-10
1712793600000,35504.8196730805,36328.91532665352,35504.8196730805,36328.82470046783,1810.2566703241107,2024-04-11
1712880000000,37146.744349314475,38427.561904851704,37146.744349314475,37499.63905039132,526.0253863300023,2024-04-12
1712966400000,37028.678694361624,37028.678694361624,35341.13985099843,36675.80041304515,1459.996945374312,2024-04-13
1713052800000,36073.00573855168,36073.00573855168,35489.896071940115,35802.05825463054,634.1599214199144,2024-04-14
1713139200000,35802.05825463054,37285.102405929654,34916.20616528232,35392.07389649086,1279.5211336363259,2024-04-15
1713225600000,32271.853222691596,32271.853222691596,31531.516532983645,32139.87417499138,1286.019088162905,2024-04-16
1713312000000,30579.193735061308,30579.193735061308,29361.721373919903,30164.03936759055,2215.1735098465683,2024-04-17
1713398400000,31546.812256952373,31942.492240596173,31546.812256952373,31940.88468417855,1668.9609749009921,2024-04-18
1713484800000,33445.24446871005,34818.71844749535,33445.24446871005,34218.55623749705,1450.980274077799,2024-04-19
1713571200000,34218.55623749705,34990.77153301332,33456.558730715245,33863.5753513232,953.850744687199,2024-04-20
1713657600000,33863.5753513232,35068.1596103994,33119.308146724936,34691.082307002456,710.6421905441134,2024-04-21
1713744000000,34691.082307002456,35516.155490321646,33824.32015530274,35146.17953539478,944.1356404862513,2024-04-22
1713830400000,39852.228408383315,40295.684544827294,39852.228408383315,39982.45414995753,1954.6901946764356,2024-04-23
1713916800000,40822.43574427828,42801.92629949538,40822.43574427828,41901.5028979758,1625.9718787702627,2024-04-24
1714003200000,41901.5028979758,42921.90189346244,41172.384361294105,41677.66128938043,1105.4727384638722,2024-04-25
1714089600000,40612.16854531752,40612.16854531752,39928.11357661595,40042.967565475155,788.8548931247548,2024-04-26
1714176000000,37608.845181176024,37608.845181176024,36670.71855156166,37437.94910655422,3984.203374768196,2024-04-27
1714262400000,37627.337455651556,38227.70996576782,37627.337455651556,37758.27627442633,914.4633722946608,2024-04-28
1714348800000,37539.064738855035,37539.064738855035,36564.35221815478,36581.158940231704,1573.2434698001364,2024-04-29
1714435200000,35298.42449231537,35298.42449231537,33248.545213476355,34466.16077393147,622.3328209447349,2024-04-30
1714521600000,33695.35486566103,33695.35486566103,32871.30743342583,33545.52455799607,989.8380964941422,2024-05-01
1714608000000,32536.10666423801,32536.10666423801,30749.07074541544,32060.181565001254,1544.787587099343,2024-05-02
1714694400000,34039.05374451036,34531.353602609815,34039.05374451036,34407.068876348916,3591.4929897284223,2024-05-03
1714780800000,34807.58966432445,35758.92392796632,34807.58966432445,35701.03718098075,1420.8177984579845,2024-05-04
1714867200000,35701.03718098075,37031.681946916164,34575.47683235965,35689.1205326714,912.617237770347,2024-05-05
1714953600000,37203.98079993627,38193.22837331844,37203.98079993627,37970.78121893354,677.5260517571392,2024-05-06
1715040000000,37970.78121893354,38764.26820568877,37554.48388666018,38093.995165782435,560.3502963119342,2024-05-07
1715126400000,38093.995165782435,38410.2229325024,35828.68867717894,36744.60169088771,2555.0460368743375,2024-05-08
1715212800000,38410.347608073826,40678.22311079851,38410.347608073826,39164.49076486968,2124.611864379357,2024-05-09
1715299200000,39992.796219147436,40742.895877122384,39992.796219147436,40058.33477705788,1334.3664730746036,2024-05-10
1715385600000,38519.76190884439,38519.76190884439,37710.113425024756,38355.70219742037,851.4398167324398,2024-05-11
1715472000000,38110.146089562564,38110.146089562564,37990.93262070569,38051.21363861643,1066.993030595318,2024-05-12
1715558400000,37262.16467719296,37262.16467719296,36548.79433846661,36681.31203150581,3306.2462599678925,2024-05-13
1715644800000,34984.113054031426,34984.113054031426,33538.37549574356,34617.66772652266,2262.8144724468802,2024-05-14
1715731200000,35360.28660365044,36021.16178036471,35360.28660365044,35986.607612077096,1494.503999244885,2024-05-15
1715817600000,38517.043675344605,39383.15046740889,38517.043675344605,38982.06257262977,824.441842480381,2024-05-16
1715904000000,37195.42798090582,37195.42798090582,36138.491032017184,36764.698623991695,541.1194541507331,2024-05-17
1715990400000,36764.698623991695,37985.26886454133,35646.007161033,37641.67572601858,1369.0380011158259,2024-05-18
1716076800000,36773.20616728177,36773.20616728177,36267.47972994797,36629.97457500125,1156.3870907573178,2024-05-19
1716163200000,36397.53993175056,36397.53993175056,35587.48532361954,35890.37078849441,1079.5607422488072,2024-05-20
1716249600000,35890.37078849441,35938.077107335295,33890.01927405355,35011.03103392045,556.1105717881485,2024-05-21
1716336000000,34361.398667115114,34361.398667115114,33620.105466970024,33767.01739017274,983.235369409178,2024-05-22
1716422400000,33767.01739017274,34043.54794233053,32808.90181617998,33835.69463944729,549.5713157901519,2024-05-23
1716508800000,32969.98244934589,32969.98244934589,32392.491483712813,32678.624074586092,1386.7330544624383,2024-05-24
1716595200000,32678.624074586092,33840.6903528578,32663.76877796582,33050.81587041222,1308.9779289437242,2024-05-25
1716681600000,33050.81587041222,33288.09304017213,32220.865254638757,32981.36106451775,2034.355826228695,2024-05-26
1716768000000,32981.36106451775,33693.25187068248,31458.83919923327,32653.00524526725,3668.797441431948,2024-05-27
1716854400000,32653.00524526725,32930.99659760256,30850.239250339062,31435.36877740718,749.0867335410724,2024-05-28
1716940800000,31393.829040819677,31393.829040819677,29441.889278860457,30685.24684246915,704.3689006695159,2024-05-29
1717027200000,31264.145566300504,31767.866972028984,31264.145566300504,31671.371554183144,1942.6203799216212,2024-05-30
1717113600000,32253.136646278926,33388.49344608517,32253.136646278926,32342.706204168997,1598.1783129283094,2024-05-31
1717200000000,31117.999094770712,31117.999094770712,30522.29135160077,31045.51850398847,678.369486599447,2024-06-01
1717286400000,31045.51850398847,31512.48867427839,30817.126636994417,31174.919169496894,988.9125730917281,2024-06-02
1717372800000,31793.776820998504,32257.370302936226,31793.776820998504,32171.385821857544,1216.8405591360865,2024-06-03
1717459200000,31491.886730775976,31491.886730775976,29786.53535721023,29999.265125721835,2327.2619379891485,2024-06-04
1717545600000,29999.265125721835,30701.743344456554,29936.807157654304,30689.65120347853,564.0494854886571,2024-06-05
1717632000000,29928.893802462655,29928.893802462655,29390.748624203225,29849.82130074945,1334.7531994414878,2024-06-06
1717718400000,29916.47965151415,30671.913705171693,29916.47965151415,30571.617709700866,3713.664935287522,2024-06-07
1717804800000,30571.617709700866,30914.135232605782,29240.24607081128,29609.978161631818,546.6568571339644,2024-06-08
1717891200000,27715.886625098134,27715.886625098134,27328.91999565589,27454.605373820577,686.1935310837393,2024-06-09
1717977600000,26525.171155831675,26525.171155831675,25581.646207599293,25645.865134858323,943.3846259688029,2024-06-10
1718064000000,25645.865134858323,26223.647969479425,24564.65694221702,25697.55523194657,579.8639573631247,2024-06-11
1718150400000,25697.55523194657,26584.213150779215,25015.741490839024,25978.55676335719,1172.646906542572,2024-06-12
1718236800000,25202.43094477889,25202.43094477889,24979.599124128796,25013.212404705904,908.5272008587851,2024-06-13
1718323200000,25418.159535859864,25750.475768275875,25418.159535859864,25691.097908897926,1804.368937895508,2024-06-14
1718409600000,24428.311912165434,24428.311912165434,23162.83662869061,23964.41925217477,770.3976378446512,2024-06-15
1718496000000,23964.41925217477,24208.795402516072,23377.736710241246,23898.200885792037,1291.7061591687816,2024-06-16
1718582400000,23104.40233765653,23104.40233765653,22693.666056294052,22716.53767990262,575.5158295586109,2024-06-17
1718668800000,22520.24403303005,22520.24403303005,21497.58731619956,22104.876988629705,2025.2153933379457,2024-06-18
1718755200000,22125.051688229705,22169.764657785257,22125.051688229705,22148.79360613708,754.4502797528553,2024-06-19
1718841600000,22048.18888025327,22048.18888025327,20603.60627465793,21365.001839124987,4326.793856464401,2024-06-20
1718928000000,21243.911896938567,21243.911896938567,20788.84339765543,21023.71969227885,906.7550109348952,2024-06-21
1719014400000,21194.33469994034,22182.910447715676,21194.33469994034,21928.534366026735,1363.6028477808202,2024-06-22
1719100800000,21600.005926867976,21600.005926867976,21192.09135283614,21405.159848951887,2513.078562426349,2024-06-23
1719187200000,21997.485911282365,22241.59381878393,21997.485911282365,22167.46574235773,650.8082116117995,2024-06-24
1719273600000,21709.65598394027,21709.65598394027,20161.91406012277,21143.244794421924,1015.4018868145539,2024-06-25
1719360000000,21614.73760481663,21688.724962950055,21614.73760481663,21617.548899711644,645.2770333395755,2024-06-26
1719446400000,22179.41159098399,23426.924129565035,22179.41159098399,22962.663115160307,642.7276043500418,2024-06-27
1719532800000,21298.00442434418,21298.00442434418,20198.2886762386,20704.935986521476,1161.2659120131907,2024-06-28
1719619200000,20704.935986521476,20793.403034415383,19584.646356691665,20025.430724471607,1400.8619498880007,2024-06-29
1719705600000,20402.024256036737,21022.187465478262,20402.024256036737,20515.224531338205,1138.1663846557594,2024-06-30
1719792000000,20515.224531338205,21234.13580872381,19662.480359823217,20341.53725276611,735.8580299582401,2024-07-01
1719878400000,20390.180712067973,21181.23571371377,20390.180712067973,20660.141153733362,1329.8674718767224,2024-07-02
1719964800000,20515.07403248973,20515.07403248973,19689.78149729388,20144.173137217156,1337.9208321549434,2024-07-03
1720051200000,20144.173137217156,20495.424470699403,19866.83369534614,20217.34552982182,1441.8853013231987,2024-07-04
1720137600000,20217.34552982182,20553.444228705295,20070.9149629312,20085.981027408125,802.9080927326902,2024-07-05
1720224000000,20441.543625373608,21891.696582189816,20441.543625373608,21092.588351197453,1220.9457147263106,2024-07-06
1720310400000,21304.0932583075,22139.81020192534,21304.0932583075,21318.501533050603,1826.548433799724,2024-07-07
1720396800000,21458.99636386034,21651.064454670603,21458.99636386034,21622.016047069596,3338.288237173423,2024-07-08
1720483200000,21302.637961523295,21302.637961523295,20674.20330407456,21252.30067259638,595.8745300188066,2024-07-09
1720569600000,21194.473913074784,21194.473913074784,19898.277102040083,20822.77158192721,1023.1774683712669,2024-07-10
1720656000000,20822.77158192721,20859.329185451752,20426.88779462943,20449.005922971468,718.5221244655463,2024-07-11
1720742400000,20709.12978589832,21197.07628555432,20709.12978589832,20789.572236112443,1408.6828042203383,2024-07-12
1720828800000,20553.52202232813,20553.52202232813,19865.210494183106,20426.29943049765,1885.7342431683176,2024-07-13
1720915200000,20426.29943049765,20738.146309722506,20317.821032968444,20675.66212338466,699.4088981062736,2024-07-14
1721001600000,22251.48224457779,22945.711566180777,22251.48224457779,22552.872013796532,783.5001988145518,2024-07-15
1721088000000,22552.872013796532,23646.645341735526,22492.16885636375,23390.730715492504,1386.7116130036375,2024-07-16
1721174400000,23390.730715492504,24001.284175707024,22482.80421168906,23073.573061720803,585.0949515371022,2024-07-17
1721260800000,24216.030894263706,25020.350009195805,24216.030894263706,24263.84706900011,833.0761746627113,2024-07-18
1721347200000,24263.84706900011,24471.809080548075,23654.876989238004,23852.7557223904,513.9591125642377,2024-07-19
1721433600000,22514.55434659649,22514.55434659649,21359.241612700298,21901.508231316824,2102.7393001009114,2024-07-20
1721520000000,21901.508231316824,22008.90496009718,20345.872274480935,20996.231813440947,1587.7530751021566,2024-07-21
1721606400000,19609.19408882942,19609.19408882942,19333.348451342612,19414.216452262615,6292.422694036066,2024-07-22
1721692800000,19414.216452262615,19520.419373938763,18727.1540765347,19130.5466615283,2618.2023476955583,2024-07-23
1721779200000,19130.5466615283,19256.19473596494,18964.56946841238,19145.306779558217,749.2963996704411,2024-07-24
1721865600000,20537.290943807646,21418.99252591827,20537.290943807646,20537.58455221934,773.2091576127359,2024-07-25
1721952000000,20537.58455221934,21165.832871105362,20478.119428923008,20820.671784914037,874.8360412919455,2024-07-26
1722038400000,20820.671784914037,21213.46059798965,20451.17651834254,20630.524116985354,4253.354972346815,2024-07-27
1722124800000,21275.75092160074,21609.920373586992,21275.75092160074,21359.61928403131,861.5231685080828,2024-07-28
1722211200000,19753.19760422891,19753.19760422891,19171.268200444465,19470.74924770706,1676.5381070998153,2024-07-29
1722297600000,19492.150508567873,19703.039470195115,19492.150508567873,19663.800444460623,640.0869173020116,2024-07-30
1722384000000,19928.476862518823,20816.907138486702,19928.476862518823,20308.886465678843,1355.8086460009313,2024-07-31
1722470400000,19098.487223807882,19098.487223807882,18505.712648320594,19089.612790769363,874.2422589800525,2024-08-01
1722556800000,19628.689516637456,20821.83530270249,19628.689516637456,20026.12782865079,1867.3342168122133,2024-08-02
1722643200000,20026.12782865079,20525.22086642144,19708.942282172207,20312.002790641498,813.5628710108327,2024-08-03
1722729600000,20211.11268606197,20211.11268606197,19696.742526263362,19961.83601713381,2899.6764970437134,2024-08-04
1722816000000,20200.531426819565,21073.52773201671,20200.531426819565,20497.83569668573,2772.9805574721777,2024-08-05
1722902400000,22367.834718951694,22702.548858483635,22367.834718951694,22542.492908533244,3630.2214164088514,2024-08-06
1722988800000,22542.492908533244,23432.082287589565,22164.584623857216,22714.8195183933,564.4652729165866,2024-08-07
1723075200000,22935.325026162078,23427.870234446455,22935.325026162078,22952.147867712654,785.7370597857689,2024-08-08
1723161600000,22952.147867712654,22981.668294161573,22238.185293897204,22514.87681327844,2583.3584057535872,2024-08-09
1723248000000,22083.88338613184,22083.88338613184,21531.61951326207,21727.74407104355,2446.5269007961115,2024-08-10
1723334400000,22297.15548400545,22762.602979135725,22297.15548400545,22496.49193281082,1672.2249657953291,2024-08-11
1723420800000,21772.20464179398,21772.20464179398,21538.85690320453,21704.330495026337,902.8936906992657,2024-08-12
1723507200000,21765.446940800026,22781.628314479494,21765.446940800026,21769.470686773915,1214.5146654134442,2024-08-13
1723593600000,21499.22808074617,21499.22808074617,21013.10048022558,21338.37669464035,2121.490405578803,2024-08-14
1723680000000,21615.402021073965,21829.429922397758,21615.402021073965,21770.676165043842,1585.6380356598943,2024-08-15
1723766400000,21804.07743466658,22415.04736088618,21804.07743466658,22076.985205690948,3414.1467976536856,2024-08-16
1723852800000,22851.498613009877,23451.621858665876,22851.498613009877,23057.279445895492,641.2029190351665,2024-08-17
1723939200000,23056.549180352366,23056.549180352366,22157.86870008506,22570.08028459465,1632.344603221023,2024-08-18
1724025600000,22570.08028459465,22575.01077274891,22144.789437600335,22316.4578888083,684.9551777757217,2024-08-19
1724112000000,21453.141892907952,21453.141892907952,21352.934378164733,21420.31478398354,1145.2635514220833,2024-08-20
1724198400000,21179.875147279934,21179.875147279934,20563.271310631106,21025.48898774023,684.2577361893991,2024-08-21
1724284800000,21025.48898774023,21440.225494143935,20810.580371954184,21360.30966382083,709.7286749633356,2024-08-22
1724371200000,21360.30966382083,22090.290003829563,21214.297866445482,22048.2357519698,1427.1317394188782,2024-08-23
1724457600000,21779.527423426774,21779.527423426774,21145.696761877392,21213.078803310706,2269.387883844236,2024-08-24
1724544000000,21854.80757928877,22272.937689703853,21854.80757928877,21999.76385610681,2325.4436356623237,2024-08-25
1724630400000,22769.24638777977,23878.609053635973,22769.24638777977,23284.725376150916,950.9586856313101,2024-08-26
1724716800000,23389.646785720877,23870.61430349016,23389.646785720877,23691.343300706532,619.4486969456036,2024-08-27
1724803200000,25508.825901864748,26129.030436890847,25508.825901864748,25628.33322140211,548.3467992524319,2024-08-28
1724889600000,24849.022060456027,24849.022060456027,24713.94887476718,24811.24365723296,1497.978063985518,2024-08-29
1724976000000,24003.067156427198,24003.067156427198,23138.559068562696,23551.237337145478,3348.316556850679,2024-08-30
1725062400000,22316.937034922936,22316.937034922936,21526.861551472724,21860.828483455723,999.4271640815944,2024-08-31
1725148800000,23254.888539741325,23480.753793297343,23254.888539741325,23274.110654472595,960.6652777867604,2024-09-01
1725235200000,23292.975841359323,24605.92300908044,23292.975841359323,23920.65862495663,1235.1028117886722,2024-09-02
1725321600000,23920.65862495663,24371.022780006235,23786.023514605793,23865.046895127874,1204.2501747557835,2024-09-03
1725408000000,24134.133145710424,24721.65996332011,24134.133145710424,24146.472365329617,4559.3369952093235,2024-09-04
1725494400000,23122.39109780994,23122.39109780994,22983.597536967398,23034.88178133481,1588.1064160436101,2024-09-05
1725580800000,24586.18824096666,26348.970742868994,24586.18824096666,25518.989819833867,1048.5140501969202,2024-09-06
1725667200000,25518.989819833867,25991.5974190061,25344.407104205253,25657.44724641725,2216.2067467789284,2024-09-07
1725753600000,25657.44724641725,26312.422973162662,24789.156899352864,25775.248182590436,1112.5420770615797,2024-09-08
1725840000000,26109.86836164751,27047.919909651777,26109.86836164751,26570.600168575904,1219.2339863118927,2024-09-09
1725926400000,26570.600168575904,27620.131479248535,26161.991696877507,27111.204342957968,5957.184630633821,2024-09-10
1726012800000,27296.628908873092,27821.0322167878,27296.628908873092,27366.564298444464,923.1457534858857,2024-09-11
1726099200000,27256.64425791313,27256.64425791313,26249.03762026977,26475.55165114617,500.2270639953335,2024-09-12
1726185600000,26708.715720352204,27407.490362969642,26708.715720352204,27003.431575075498,628.2466116659132,2024-09-13
1726272000000,29041.194644715913,29309.016255004368,29041.194644715913,29217.61219614161,3142.374274229241,2024-09-14
1726358400000,30793.459859207665,31554.96610423859,30793.459859207665,30910.925204337847,1218.2451578002847,2024-09-15
1726444800000,32012.852322618626,33896.79552967439,32012.852322618626,33043.42638359801,1471.091813876365,2024-09-16
1726531200000,32740.372589726543,32740.372589726543,32120.732781591367,32343.596151122416,536.239002911492,2024-09-17
1726617600000,31099.895833157392,31099.895833157392,30735.88802193953,31030.711861225092,2121.5195243332564,2024-09-18
1726704000000,31030.711861225092,31315.08140228404,29595.229815710085,30867.696878214738,1625.7371855851006,2024-09-19
1726790400000,30921.661926728208,31677.257275834778,30921.661926728208,30939.808285224415,2510.181746161922,2024-09-20
1726876800000,32375.279955864324,32578.480935298543,32375.279955864324,32390.38858305582,1160.1613947623755,2024-09-21
1726963200000,30331.180695150473,30331.180695150473,29147.3449769248,30174.3314835457,5345.41405265386,2024-09-22
1727049600000,31292.20580286736,32827.13139410092,31292.20580286736,32170.177871052103,507.00675193472443,2024-09-23
1727136000000,32170.177871052103,32908.928503741714,31612.01098760483,31958.02941701847,2208.536246104378,2024-09-24
1727222400000,31958.02941701847,32050.298393853795,31064.820883909466,31391.84921500781,500.5981176715129,2024-09-25
1727308800000,30759.399303901926,30759.399303901926,29591.6505131236,30089.23626718798,766.0084659001128,2024-09-26
1727395200000,29115.830008440855,29115.830008440855,27797.62158885328,28074.794560220093,1040.2454786595356,2024-09-27
1727481600000,28876.03292959083,29619.13570289755,28876.03292959083,29059.386811484925,2857.0307087352544,2024-09-28
1727568000000,29096.21230343989,30415.4415219027,29096.21230343989,29148.739423462484,612.945547196431,2024-09-29
1727654400000,28226.781661514877,28226.781661514877,27003.995747335928,27616.017700531866,886.2527816820527,2024-09-30
1727740800000,26412.607989350166,26412.607989350166,25856.760826328755,26158.284284359543,630.6758871390892,2024-10-01
1727827200000,26158.284284359543,26274.338486044573,25620.445654752384,25793.056283928407,573.1468131613134,2024-10-02
1727913600000,26905.42425814927,27765.03564192718,26905.42425814927,27660.17859228462,581.0544488872824,2024-10-03
1728000000000,27477.38085707198,27477.38085707198,27234.907249512475,27361.137769775316,2423.757515573203,2024-10-04
1728086400000,25696.27839962046,25696.27839962046,25516.889086344614,25692.039544847976,1967.2553344303774,2024-10-05
1728172800000,25692.039544847976,25769.348653119076,24954.703093946126,25429.018300544296,841.0385814119751,2024-10-06
1728259200000,25429.018300544296,25871.145036341364,24297.950794106706,25140.270716126288,1286.4810288349036,2024-10-07
1728345600000,22685.12303732773,22685.12303732773,22047.5165814356,22455.639214753348,683.4019874143787,2024-10-08
1728432000000,22420.9271461999,22420.9271461999,21481.247539713535,22404.64344548278,2091.797235781115,2024-10-09
1728518400000,22404.64344548278,22556.218534083288,21584.844944215183,22189.031749242076,669.3341718640597,2024-10-10
1728604800000,22798.71039133391,23255.102340658592,22798.71039133391,22845.42747359175,973.7918784843434,2024-10-11
1728691200000,24635.559703621177,24944.68271974234,24635.559703621177,24684.46293905553,820.1888723770476,2024-10-12
1728777600000,25809.788857817734,26084.22639954283,25809.788857817734,25876.822964782914,697.3478148621479,2024-10-13
1728864000000,25876.822964782914,25885.65584287446,25515.235305835413,25587.09902167635,652.2181225463228,2024-10-14
1728950400000,24633.111221511877,24633.111221511877,24290.845284989893,24428.57880652907,4476.9657357820215,2024-10-15
1729036800000,26885.836359216442,27956.94857222428,26885.836359216442,27207.98118187372,919.4490535165588,2024-10-16
1729123200000,27207.98118187372,27947.206110298575,26997.103311851053,27275.532739078593,657.8486982563754,2024-10-17
1729209600000,27275.532739078593,27450.86235449018,26799.00450533395,27291.44648790132,2151.657816993581,2024-10-18
1729296000000,27291.44648790132,27379.495732988158,26962.326217388825,27263.890267275852,876.4449821263705,2024-10-19
1729382400000,27263.890267275852,28297.87987406601,26731.105290180152,27490.97337873779,660.7637432607055,2024-10-20
1729468800000,27490.97337873779,28033.365710898437,27108.02519635252,27325.29348595393,981.4666707162233,2024-10-21
1729555200000,26832.05845178837,26832.05845178837,26488.391226452124,26676.720698417266,771.130875880435,2024-10-22
1729641600000,26607.149285311396,26607.149285311396,25323.974524382542,26072.788310164062,1418.6572411940529,2024-10-23
1729728000000,26072.788310164062,26574.119392318535,25271.16820582507,26037.053793162864,2237.257942441951,2024-10-24
1729814400000,25531.161670215868,25531.161670215868,24687.57600892052,25451.26246156285,2114.142569706346,2024-10-25
1729900800000,24872.389826931518,24872.389826931518,24288.45806554522,24702.777938777173,1651.6021527080916,2024-10-26
1729987200000,24734.513635248764,25002.999663835835,24734.513635248764,24813.115263350228,1441.12855647433,2024-10-27
1730073600000,24813.115263350228,24860.135981937834,23838.50629548201,24549.597539981514,584.0131260067169,2024-10-28
1730160000000,25713.31892065895,26392.806432749916,25713.31892065895,26145.40696978454,594.0464292896677,2024-10-29
1730246400000,23918.304304391284,23918.304304391284,23376.11326947887,23398.386152212566,867.7056873312893,2024-10-30
1730332800000,23644.664058144896,24656.493956992526,23644.664058144896,24492.641266579187,2658.3005893272903,2024-10-31
1730419200000,24500.232327731268,26639.41340397565,24500.232327731268,25804.558952834945,717.4821080309616,2024-11-01
1730505600000,24202.25487694906,24202.25487694906,22927.102304094922,23658.683534715434,1926.381868893206,2024-11-02
1730592000000,23507.76875013518,23507.76875013518,23255.24235296734,23321.613421452606,1839.1351223725042,2024-11-03
1730678400000,23321.613421452606,23418.400808119204,22844.858846310923,22961.682823007024,550.8785470907684,2024-11-04
1730764800000,21756.399934313864,21756.399934313864,20890.637527602015,21647.47542411389,757.4484681300528,2024-11-05
1730851200000,21086.128845380295,21086.128845380295,20876.761398229173,20953.77058006841,1051.2486005622604,2024-11-06
1730937600000,20126.18475337304,20126.18475337304,19959.04599812436,20001.643654452815,1088.5213137801088,2024-11-07
1731024000000,21451.374396286737,22514.135191615344,21451.374396286737,21524.436571145543,2902.9411851621444,2024-11-08
1731110400000,22197.972977489186,23093.75987378866,22197.972977489186,22384.514230796136,2170.2857504004905,2024-11-09
1731196800000,22665.564752367427,24004.08424262231,22665.564752367427,23608.678541653553,2386.983363836401,2024-11-10
1731283200000,24050.097159954108,24941.117059668682,24050.097159954108,24333.003876247756,3330.0877176850545,2024-11-11
1731369600000,23886.489659556428,23886.489659556428,22864.083930754452,23209.363502751075,2135.2548810867347,2024-11-12
1731456000000,22863.29455500114,22863.29455500114,22185.238430373618,22705.157017748115,552.6241365926836,2024-11-13
1731542400000,22717.884787835887,23985.095634939415,22717.884787835887,23175.231677659664,1098.4742688237761,2024-11-14
1731628800000,22361.132107763475,22361.132107763475,21423.608912838557,22019.068627756405,1507.1571876970356,2024-11-15
1731715200000,22336.428923239127,22964.67783160419,22336.428923239127,22686.382816376303,1288.988632853167,2024-11-16
1731801600000,22686.382816376303,22766.94436066634,22021.602123174885,22459.226361572455,1880.744623767398,2024-11-17
1731888000000,22459.226361572455,22803.378075904253,22066.960463633914,22109.475877458004,3919.4995605254085,2024-11-18
1731974400000,22109.475877458004,23199.234905521847,21543.187001479084,22777.58562501231,2782.3435050455755,2024-11-19
1732060800000,23096.339945711326,24106.776584947962,23096.339945711326,23205.283954622413,790.5834473663516,2024-11-20
1732147200000,23205.283954622413,23352.917221945576,22787.03505022735,22857.172048271634,730.6466743193133,2024-11-21
1732233600000,23761.82817103712,24476.586948997876,23761.82817103712,23994.16365060474,1299.9764615179965,2024-11-22
1732320000000,23159.755546437693,23159.755546437693,22586.210669049822,22932.20528597213,1416.919454727911,2024-11-23
1732406400000,23156.507548169113,23968.6087267329,23156.507548169113,23531.3576902013,4205.430375478479,2024-11-24
1732492800000,23686.589195351586,25062.732963244984,23686.589195351586,24123.087571152995,1545.4447389605757,2024-11-25
1732579200000,23986.640129850763,23986.640129850763,23427.25213111076,23812.423767135726,2191.436676998317,2024-11-26
1732665600000,23812.423767135726,24971.555083653126,23378.922906576212,24139.847964232194,1141.3817504585445,2024-11-27
1732752000000,23105.44981318608,23105.44981318608,22469.622363143666,22907.74116334065,2537.5297205938223,2024-11-28
1732838400000,23739.539718200762,23859.816488926142,23739.539718200762,23811.472997952296,2380.9030796253464,2024-11-29
1732924800000,23766.333940401077,23766.333940401077,22995.093001678975,23627.822736149512,680.9222658547063,2024-11-30
1733011200000,23268.46825218409,23268.46825218409,22226.653354358914,23116.265141484782,1508.7441994171234,2024-12-01
1733097600000,23845.116342252564,24447.948730405402,23845.116342252564,24154.304643859054,542.3829262133264,2024-12-02
1733184000000,23761.725318230412,23761.725318230412,22530.803242886333,23452.309668039095,2451.4699742606404,2024-12-03
1733270400000,22447.8131666024,22447.8131666024,21234.06067382121,22109.14218301393,3560.166573864348,2024-12-04
1733356800000,20858.506402907606,20858.506402907606,20640.32469357807,20713.984265969677,1249.9037362026554,2024-12-05
1733443200000,21084.822444226254,21516.90833946636,21084.822444226254,21246.34857946293,860.647292237577,2024-12-06
1733529600000,21184.884113827866,21184.884113827866,19609.074921742762,20137.19214438653,1417.7497882472496,2024-12-07
1733616000000,21172.431119554087,21852.825667121157,21172.431119554087,21672.595040048487,1460.2275388403696,2024-12-08
1733702400000,19895.24032801754,19895.24032801754,19811.62612191309,19863.224926805044,1395.7946413840687,2024-12-09
1733788800000,20856.916536047578,21579.23407134679,20856.916536047578,21325.580108058133,1476.5174049636921,2024-12-10
1733875200000,21325.580108058133,21627.178056091267,20387.970859001838,21514.850624931067,1252.1683720353626,2024-12-11
1733961600000,21514.850624931067,21536.862268892794,20493.79465193626,21427.896908071583,720.0930908015006,2024-12-12
1734048000000,21173.35690146214,21173.35690146214,20722.220667226215,20944.49350680844,588.7943727343963,2024-12-13
1734134400000,20952.08429711682,22155.16201024329,20952.08429711682,21297.488677487596,1075.749685763407,2024-12-14
1734220800000,21297.488677487596,21461.4099904548,20506.160266238916,21263.952135695257,926.1817261473234,2024-12-15
1734307200000,22256.115531731917,23232.235407103188,22256.115531731917,22269.383968099377,1836.1048487108292,2024-12-16
1734393600000,22269.383968099377,22390.090746012993,22120.310319517233,22376.157118987623,909.9602877117508,2024-12-17
1734480000000,22376.157118987623,23292.195390961897,22347.40437895269,22517.430555407747,1163.623306159519,2024-12-18
1734566400000,22517.430555407747,23287.266954786835,22002.087637930596,22177.18004301954,769.9859534079594,2024-12-19
1734652800000,22177.18004301954,23377.080359675132,21832.58765657323,22124.360755514652,577.8489445678823,2024-12-20
1734739200000,22125.18309669596,22746.89033871247,22125.18309669596,22411.364250227816,1203.0186460483492,2024-12-21
1734825600000,21292.81533505451,21292.81533505451,20775.788375390344,20862.57155751496,537.1423672697514,2024-12-22
1734912000000,20203.545557920042,20203.545557920042,19629.670745735843,19717.42808034163,804.3649632159809,2024-12-23
1734998400000,20303.234937478293,20561.222163294307,20303.234937478293,20340.75065683525,1096.1629738751385,2024-12-24
1735084800000,20340.75065683525,21209.375759587532,19695.900607261072,20486.80663170574,904.1060702801168,2024-12-25
1735171200000,20486.80663170574,20618.437925736365,20194.12611760432,20329.580596603075,956.9662988092903,2024-12-26
1735257600000,20329.580596603075,20437.891630895978,20206.14784679156,20345.279076712577,3889.495054219591,2024-12-27
1735344000000,20345.279076712577,21334.471577497723,20296.87139192436,20643.562035126903,835.7606136375007,2024-12-28
1735430400000,20490.107727374965,20490.107727374965,19274.362378134498,20182.212650222937,1157.8135117557792,2024-12-29
1735516800000,19866.104336357563,19866.104336357563,19143.767523193652,19535.06370609051,882.783704488999,2024-12-30
1735603200000,19683.388424945806,20056.186283007537,19683.388424945806,19695.925697311628,1442.5397625891,2024-12-31
1735689600000,19544.92274971864,19544.92274971864,18786.71603971751,18905.3225646798,920.4906620785935,2025-01-01
1735776000000,18905.3225646798,19308.82336110195,18770.358626232715,19231.290005154777,1223.0749700078632,2025-01-02
1735862400000,17947.073024835478,17947.073024835478,17760.485189392366,17907.95094700973,1424.3558227107892,2025-01-03
1735948800000,18485.13762531092,18788.67548478689,18485.13762531092,18696.560485010436,3196.616446896824,2025-01-04
1736035200000,18987.84682426955,19477.378101182243,18987.84682426955,19070.24147143699,1371.6078660550047,2025-01-05
1736121600000,19070.24147143699,19478.08392053085,18700.053466646055,19275.79278706246,2618.912348977063,2025-01-06
1736208000000,19968.07976977005,20400.875482278818,19968.07976977005,20085.52018173739,1476.85133874033,2025-01-07
1736294400000,21190.208872659827,21714.90707026108,21190.208872659827,21536.283121980974,725.3897574630221,2025-01-08
1736380800000,22330.912022449094,22559.82946273747,22330.912022449094,22470.756314761067,1628.242053359348,2025-01-09
1736467200000,21201.91474595044,21201.91474595044,20552.823128240187,20803.685023481863,1912.4374859492198,2025-01-10
1736553600000,20353.12111893463,20353.12111893463,19658.518731018896,19718.341436655977,1458.7337743884373,2025-01-11
1736640000000,19246.524999080862,19246.524999080862,19110.241421916227,19209.12911408876,1132.1593204234969,2025-01-12
1736726400000,19209.12911408876,19386.483594884663,19107.07874481724,19230.12721668898,727.5719345038183,2025-01-13
1736812800000,19230.12721668898,19819.132148064058,19046.12338999536,19651.51794253924,1333.3658886675275,2025-01-14
1736899200000,19586.619658212152,19586.619658212152,18973.764901554725,19063.29675423804,2664.9025171565568,2025-01-15
1736985600000,19063.29675423804,19245.051680630753,18867.332665047692,19212.96873252024,2944.490723639544,2025-01-16
1737072000000,19058.883476066283,19058.883476066283,18463.788192005944,18614.75723797105,643.5189938218563,2025-01-17
1737158400000,18207.601424987457,18207.601424987457,17985.585464377982,18144.146871109788,951.6199407153103,2025-01-18
1737244800000,17146.922956124305,17146.922956124305,17026.927544243656,17106.27947287025,903.7254053615225,2025-01-19
1737331200000,16808.246989008872,16808.246989008872,16192.17460631426,16457.581086364888,3150.7744820058047,2025-01-20
1737417600000,15745.846046104245,15745.846046104245,15359.872072555958,15551.947978265933,1841.4971234034583,2025-01-21
1737504000000,14979.746466170342,14979.746466170342,14733.928906924702,14929.248422719716,832.3523748026487,2025-01-22
1737590400000,15313.180710496701,16044.033438703156,15313.180710496701,15602.675032329653,4255.773272227464,2025-01-23
1737676800000,15375.103500925386,15375.103500925386,14839.739802643076,14994.557902122906,1070.0997387791122,2025-01-24
1737763200000,16660.64882894821,16812.14376081283,16660.64882894821,16741.91522206937,3450.4946419583875,2025-01-25
1737849600000,16741.91522206937,17333.339024634697,16699.743767963562,17091.352258235944,1911.375208901592,2025-01-26
1737936000000,17091.352258235944,17786.28189920115,16672.23241778735,17224.149359400093,1088.0189938133617,2025-01-27
1738022400000,16908.4975829423,16908.4975829423,16355.159032095711,16616.058909370095,560.2363086589305,2025-01-28
1738108800000,16616.058909370095,17197.47987263206,16433.452831729013,17110.53485895525,683.9469396444902,2025-01-29
1738195200000,17108.09488956536,17108.09488956536,16114.964608940483,16703.02997704157,559.1046115363869,2025-01-30
1738281600000,16715.611630306852,17125.250142640394,16715.611630306852,16788.584596994988,664.5715204491362,2025-01-31
1738368000000,18297.056848772885,19347.389229867284,18297.056848772885,18688.342364065997,1043.5807301359346,2025-02-01
1738454400000,18688.342364065997,18899.833764522726,17967.886486213058,18613.32128540251,1202.465033184062,2025-02-02
1738540800000,19490.70547578943,19646.21780517561,19490.70547578943,19530.983356912377,959.2617027101013,2025-02-03
1738627200000,18986.486036524766,18986.486036524766,18830.095065770314,18964.282578231723,1197.0455797169077,2025-02-04
1738713600000,18964.282578231723,19038.103313215444,18744.84735963953,18936.51825612571,1372.4416383427993,2025-02-05
1738800000000,20260.965439067313,20556.85285327642,20260.965439067313,20394.03780866391,1110.4398508926483,2025-02-06
1738886400000,20394.03780866391,20846.06299080529,19651.408852637196,19865.58880826234,3902.382283935487,2025-02-07
1738972800000,21322.684787333477,21662.9549863821,21322.684787333477,21431.961674666672,2487.4796762325905,2025-02-08
1739059200000,22060.67572933396,22430.60308319468,22060.67572933396,22076.632309321154,1297.8795716699965,2025-02-09
1739145600000,22009.76252429288,22009.76252429288,21464.7182061485,21562.743818670715,728.1493137755422,2025-02-10
1739232000000,21562.743818670715,22244.802063670533,21556.126498694786,22141.382954880442,556.1580589407639,2025-02-11
1739318400000,22830.015280900665,23067.890001708176,22830.015280900665,23061.69579725276,843.7260781550874,2025-02-12
1739404800000,23621.493098266237,24238.074852885984,23621.493098266237,23670.05311197456,863.7040537571318,2025-02-13
1739491200000,22301.77029089877,22301.77029089877,22049.443048988152,22163.77529788631,853.6216078176968,2025-02-14
1739577600000,21567.885500614255,21567.885500614255,20820.20027679116,21499.10128086876,758.0994565048401,2025-02-15
1739664000000,21493.11502456881,21493.11502456881,20846.97529102787,21277.42303921673,3312.1510585578067,2025-02-16
1739750400000,21277.42303921673,21801.49707311208,21184.034733648106,21211.208406050868,2717.693469201768,2025-02-17
1739836800000,21613.432112363935,22596.249308565868,21613.432112363935,21769.713400571523,4617.301050112322,2025-02-18
1739923200000,21769.713400571523,22378.715073628668,21481.229867935046,21932.30681185375,703.710351255344,2025-02-19
1740009600000,20947.482982745132,20947.482982745132,20583.501504825927,20739.59452235841,1130.586769538705,2025-02-20
1740096000000,20739.59452235841,21649.841845508097,20218.981522765964,21072.418897379812,527.4808146603052,2025-02-21
1740182400000,21498.849173455113,21797.282700165695,21498.849173455113,21618.13701565986,1067.1136889230938,2025-02-22
1740268800000,21618.13701565986,22922.327543552732,20908.681571659814,22130.86534226668,992.9998161226719,2025-02-23
1740355200000,22396.40760264062,23687.41679004967,22396.40760264062,23155.44075939401,3116.0303669054815,2025-02-24
1740441600000,23696.628494400586,23983.764001974632,23696.628494400586,23978.3025097711,1102.9862449957473,2025-02-25
1740528000000,23978.3025097711,24568.508950904594,23885.864528644164,24443.810299930654,832.0523930620525,2025-02-26
1740614400000,24443.810299930654,24716.94972076649,23570.15602276585,24372.0970266845,7219.564161523771,2025-02-27
1740700800000,22787.213741823914,22787.213741823914,22436.47777148627,22734.5996675943,586.181348506174,2025-02-28
1740787200000,22734.5996675943,23246.75209480024,22578.740101985375,23147.29147485522,1214.2893726192501,2025-03-01
1740873600000,23147.29147485522,23768.36087372897,22798.983774819615,23349.474326367348,590.9832766473793,2025-03-02
1740960000000,23403.872256579165,23695.479352019163,23403.872256579165,23616.52171802699,1345.9579431278557,2025-03-03
1741046400000,22408.404286570512,22408.404286570512,22125.37966547094,22387.081641721663,514.2983707095092,2025-03-04
1741132800000,21548.226083616486,21548.226083616486,20660.43848766633,21396.257245921704,1680.6108686439713,2025-03-05
1741219200000,21516.424558427676,22512.84082267452,21516.424558427676,22360.93903240905,1262.1190833944656,2025-03-06
1741305600000,22360.93903240905,22873.598796810016,22167.168296261083,22323.93261417836,4292.311305678069,2025-03-07
1741392000000,22403.393203297677,22972.844045758993,22403.393203297677,22970.169958986902,1424.4373826138894,2025-03-08
1741478400000,22970.169958986902,23115.010762848146,22265.006063856556,22997.424170881506,1687.3455829771035,2025-03-09
1741564800000,23021.97210361696,23159.43590744606,23021.97210361696,23026.096959377894,1445.0546149855404,2025-03-10
1741651200000,23642.935583212417,24593.924129170446,23642.935583212417,23948.790902050117,686.8869763784519,2025-03-11
1741737600000,23948.790902050117,24203.81200910019,22858.081046529245,23436.837246677667,1065.2942966301168,2025-03-12
1741824000000,23436.837246677667,23573.148052627315,22787.365644428475,23531.359514322205,2079.949259575116,2025-03-13
1741910400000,23531.359514322205,23970.296963423825,22649.163083901876,23080.236842407456,2160.619337729086,2025-03-14
1741996800000,23024.50988366585,23024.50988366585,22321.895975976804,22664.110675035103,1202.1938264501641,2025-03-15
1742083200000,22449.54459527346,22449.54459527346,21343.84523764806,22372.58664636213,1089.7205998370382,2025-03-16
1742169600000,22372.58664636213,22615.64325130912,22358.765950492365,22581.658576560032,2490.929528330529,2025-03-17
1742256000000,22230.56947656414,22230.56947656414,21627.60244802519,22133.46974230899,2524.799025357708,2025-03-18
1742342400000,23024.69134857749,24125.37038626431,23024.69134857749,23328.466536445627,965.284490417675,2025-03-19
1742428800000,22513.87643820186,22513.87643820186,22053.063817525,22470.731620614686,1001.6666799684822,2025-03-20
1742515200000,22470.731620614686,22473.433009594304,22040.58182180743,22295.58325267807,3903.226264506965,2025-03-21
1742601600000,22236.879679657697,22236.879679657697,21755.09682020116,21888.80541789778,3899.86489669791,2025-03-22
1742688000000,22965.66277231714,24175.125650508595,22965.66277231714,23256.06516230486,1246.7463171522045,2025-03-23
1742774400000,23256.06516230486,23998.722620129865,22991.984312387896,23448.264484867614,1833.6001120802155,2025-03-24
1742860800000,23857.669213509267,25290.17811760861,23857.669213509267,24483.60848680013,879.2612702387685,2025-03-25
1742947200000,23980.87206976191,23980.87206976191,22958.192942616777,23006.979473640997,713.5124774429952,2025-03-26
1743033600000,23006.979473640997,23909.137254304485,22231.22408494785,23265.69749027349,1359.308004184084,2025-03-27
1743120000000,23656.743093903708,24734.92890335297,23656.743093903708,24148.744431741634,1434.771496038803,2025-03-28
1743206400000,24148.744431741634,24365.127387079276,23922.64478913171,24232.09371241688,566.2409946287563,2025-03-29
1743292800000,25016.438562186202,26138.295101070813,25016.438562186202,25337.70935520802,736.9507974194624,2025-03-30
1743379200000,24866.95822619653,24866.95822619653,24169.175621268256,24794.773436531505,745.3737461825311,2025-03-31
1743465600000,25461.084471441434,26966.534950281206,25461.084471441434,26302.07348127226,1287.0207803470635,2025-04-01
1743552000000,28547.27979728594,29191.642751920026,28547.27979728594,28959.88618831076,772.795786510522,2025-04-02
1743638400000,28776.17922928355,28776.17922928355,27707.678706027942,28523.21071693562,1717.5020890595358,2025-04-03
1743724800000,28339.09980445747,28339.09980445747,27269.008414207176,27996.04451180067,995.801432353727,2025-04-04
1743811200000,29296.80799713479,30145.229762242452,29296.80799713479,29752.766792144692,570.4625016770758,2025-04-05
1743897600000,31193.038259106794,32544.065883364852,31193.038259106794,31787.24144846489,1205.0695709406195,2025-04-06
1743984000000,31420.959162278155,31420.959162278155,30849.18836496494,31098.848763718554,2363.453677968022,2025-04-07
1744070400000,31098.848763718554,31448.678718570536,29887.768870535023,30556.454341004504,875.1796731187616,2025-04-08
1744156800000,30295.703910663993,30295.703910663993,29985.237588692977,30198.02455848375,509.8761616992535,2025-04-09
1744243200000,29573.573500020782,29573.573500020782,27997.397060901512,28544.92338638726,1682.1380553414715,2025-04-10
1744329600000,27906.239110312177,27906.239110312177,26871.753587705887,27467.72153822108,2169.3313158941355,2025-04-11
1744416000000,26593.51165835673,26593.51165835673,25350.76360547303,26336.722264581702,1798.3513506207153,2025-04-12
1744502400000,25867.26880436985,25867.26880436985,24887.414716637795,25503.44548377671,1440.7932524898306,2025-04-13
1744588800000,25503.44548377671,25691.49527200121,24636.318203539802,25466.43136997779,821.122861037019,2025-04-14
1744675200000,25546.546215118542,26828.45004747761,25546.546215118542,25717.42185910154,1365.8671471970724,2025-04-15
1744761600000,26893.641061018516,27540.3267636432,26893.641061018516,27442.534934333737,1498.9183271273994,2025-04-16
1744848000000,26679.272704773943,26679.272704773943,26303.898651522813,26318.94938109294,765.0840837639221,2025-04-17
1744934400000,27378.834814550988,28555.302454476387,27378.834814550988,27426.415540599257,700.6039838399917,2025-04-18
1745020800000,27426.415540599257,28340.57731282357,27154.728844690406,27181.757533538042,798.5511180009521,2025-04-19
1745107200000,27181.757533538042,27750.033901047398,27064.182935754543,27125.5158791955,3127.563895953608,2025-04-20
1745193600000,27484.728099485263,28139.085151578052,27484.728099485263,27902.94289906903,612.2887131646137,2025-04-21
1745280000000,26983.48156796446,26983.48156796446,26297.238268994228,26621.50634571887,1960.0038428355447,2025-04-22
1745366400000,26621.50634571887,27225.331993494656,26584.191753259034,27051.227714181245,2297.726008169606,2025-04-23
1745452800000,27051.227714181245,28300.667597716158,26680.265642072267,27240.433534774056,1113.1601287606568,2025-04-24
1745539200000,27789.11851593703,28114.016362831786,27789.11851593703,27807.98635262979,1518.7748936881085,2025-04-25
1745625600000,27807.98635262979,28220.40107673816,27672.38116210134,28146.749611362906,846.2368928147023,2025-04-26
1745712000000,31106.204854333737,31907.88315295571,31106.204854333737,31194.597027120282,1676.4983799247518,2025-04-27
1745798400000,30690.780548279763,30690.780548279763,30093.732927723988,30372.580327259253,610.1643549194253,2025-04-28
1745884800000,30372.580327259253,31179.69777682267,28434.684744517155,29704.701048792565,612.8460391940159,2025-04-29
1745971200000,29478.145996464358,29478.145996464358,28720.777670574196,28939.63141838282,2261.3420220777934,2025-04-30
1746057600000,28669.022917697126,28669.022917697126,28157.101663150668,28274.263786521467,619.2307386458606,2025-05-01
1746144000000,27763.76083616333,27763.76083616333,27174.075466708346,27529.608285741106,986.2274151745636,2025-05-02
1746230400000,28580.388703396453,29023.31829362841,28580.388703396453,28934.969072370593,2301.6509430520837,2025-05-03
1746316800000,30490.738779666142,31109.0748855836,30490.738779666142,30708.298840562446,1831.5047302673324,2025-05-04
1746403200000,30510.192949612225,30510.192949612225,29130.902075301925,29983.090042475982,916.9740430229774,2025-05-05
1746489600000,29150.59380516378,29150.59380516378,28856.296449524136,28956.061836656816,524.953161282465,2025-05-06
1746576000000,28956.061836656816,30201.17369972943,28950.37175286716,29533.333847208414,2310.199918461819,2025-05-07
1746662400000,29533.333847208414,29662.06984163422,28060.05739582706,28858.24804449643,637.3672276016639,2025-05-08
1746748800000,29107.88106970692,29710.97546873308,29107.88106970692,29633.313322393664,540.7678014950719,2025-05-09
1746835200000,29633.313322393664,30563.046936881343,29600.613005676445,29886.185781879896,1708.982335987063,2025-05-10
1746921600000,28440.73180030057,28440.73180030057,28012.383051310564,28048.24943329911,1056.685858065787,2025-05-11
1747008000000,29890.788272447746,30412.573878683725,29890.788272447746,29925.95968616318,1524.6727621079945,2025-05-12
1747094400000,30946.268346731347,32440.207671082608,30946.268346731347,32263.183407310284,568.3380585903191,2025-05-13
1747180800000,31490.70729347368,31490.70729347368,31294.351757953584,31445.84584198895,1149.833614018005,2025-05-14
1747267200000,31445.84584198895,31826.719673102223,30235.934956647703,30939.457313396906,1585.396478458099,2025-05-15
1747353600000,30939.457313396906,31961.90642204413,30708.512811420012,31312.03748365754,879.3128021166588,2025-05-16
1747440000000,31312.03748365754,31986.58299243139,31192.32066747268,31753.648196075035,540.6106911543552,2025-05-17
1747526400000,32460.645671232247,33325.81299949716,32460.645671232247,32641.46617496835,2714.8686572717234,2025-05-18
1747612800000,33849.82320819143,36832.18616575706,33849.82320819143,35508.0197796799,580.0926571796778,2025-05-19
1747699200000,35508.0197796799,35980.72497016164,34855.2991792428,35245.89636492089,780.580752753342,2025-05-20
1747785600000,34924.64151124007,34924.64151124007,33892.66696669451,34087.177162903594,2596.55081543546,2025-05-21
1747872000000,32383.56752624815,32383.56752624815,31110.722859680896,32174.16440495851,713.8037417365647,2025-05-22
1747958400000,31564.89063688241,31564.89063688241,30759.919908533426,31204.330439858775,549.9955250789013,2025-05-23
1748044800000,31204.330439858775,31299.714907331527,30391.907912838917,31161.075173288013,919.1510193550425,2025-05-24
1748131200000,33522.651277742494,34210.61679907096,33522.651277742494,33592.90508963756,1913.2403630308565,2025-05-25
1748217600000,33592.90508963756,33749.27228358028,32642.053223172472,32872.63259890035,708.5409400216104,2025-05-26
1748304000000,32976.08414678501,33980.84064625496,32976.08414678501,33182.12585561712,517.6531174158322,2025-05-27
1748390400000,33182.12585561712,33225.77974782289,32747.395797494755,33159.31465290259,2212.000597816509,2025-05-28
1748476800000,33878.40379351055,35695.47871024671,33878.40379351055,34851.157125027385,1407.1984360990505,2025-05-29
1748563200000,37606.59253231965,39346.981220980415,37606.59253231965,38741.01625216124,1369.302187398866,2025-05-30
1748649600000,38558.14681925164,38558.14681925164,36966.857378942404,37889.322229590405,730.5231992809348,2025-05-31
1748736000000,37796.271588487805,37796.271588487805,36854.1429662239,37120.69355947867,639.0977284446424,2025-06-01
1748822400000,38440.602934648596,39469.934798952716,38440.602934648596,38779.730276319766,3789.6358960708026,2025-06-02
1748908800000,39513.857105270916,40860.74288473336,39513.857105270916,39902.98607334167,611.6584677999375,2025-06-03
1748995200000,41952.28714829365,43402.79125972578,41952.28714829365,43111.079257373356,1463.0810771759911,2025-06-04
1749081600000,43272.49235743153,44832.3135961074,43272.49235743153,44178.196782447565,2298.531867370704,2025-06-05
1749168000000,43938.704815905076,43938.704815905076,42829.17193801166,43518.512221311124,1522.8944477442633,2025-06-06
1749254400000,44532.675402221066,44794.58952572923,44532.675402221066,44608.27791781917,533.9949068284867,2025-06-07
1749340800000,46448.46309599277,47896.73098299245,46448.46309599277,46728.07695058577,1745.5596926124358,2025-06-08
1749427200000,47699.321446792295,48901.95116977725,47699.321446792295,48361.40139167746,1181.9517064981524,2025-06-09
1749513600000,48801.929478433674,49834.78115982679,48801.929478433674,49399.66054959022,1194.387013503127,2025-06-10
1749600000000,50925.57768610355,52993.48196263613,50925.57768610355,51656.157106410596,670.5041723289947,2025-06-11
1749686400000,52343.18252699182,55221.377788470025,52343.18252699182,54248.33927372833,1905.7930647238663,2025-06-12
1749772800000,55242.92505533152,58091.71593968749,55242.92505533152,57480.67394165615,1019.9869211441636,2025-06-13
1749859200000,57480.67394165615,60249.11519300542,57390.95544079665,59063.48059976931,1331.4765365449189,2025-06-14
1749945600000,59037.538641969695,59037.538641969695,58421.433786553,58651.60378701377,808.817956357811,2025-06-15
1750032000000,58684.8536300528,59866.153508210766,58684.8536300528,59013.03761578841,684.8240114011489,2025-06-16
1750118400000,61435.44395327769,62134.9926781556,61435.44395327769,62071.047010458715,3413.5093309244207,2025-06-17
1750204800000,61474.32421841311,61474.32421841311,58655.12818949247,59983.609783603584,708.6275758729269,2025-06-18
1750291200000,60564.17063238357,61648.05401219022,60564.17063238357,60916.80915262346,655.3306698089038,2025-06-19
1750377600000,60144.90004313831,60144.90004313831,58776.49590666138,59921.688225225866,2087.5706349447,2025-06-20
1750464000000,59921.688225225866,61430.26910840522,59313.50180344129,59993.85688337844,602.7085220912049,2025-06-21
1750550400000,61869.40910393887,63939.36679270242,61869.40910393887,63293.07698255016,1566.592732084178,2025-06-22
1750636800000,63293.07698255016,66436.88654041258,63246.986716353764,63801.58419644456,1647.8166688708511,2025-06-23
1750723200000,63801.58419644456,65783.30433640536,62903.406697251456,63925.7657970323,539.7875513690432,2025-06-24
1750809600000,61617.079014940566,61617.079014940566,60247.61826823306,60387.37149581485,1342.8015870012387,2025-06-25
1750896000000,61158.24864135779,62957.49733310231,61158.24864135779,62304.182563292125,1621.7588361608691,2025-06-26
1750982400000,62946.642601784915,65473.18267647883,62946.642601784915,64011.164173155725,2102.2430483087755,2025-06-27
1751068800000,69635.18477900347,70398.21273571959,69635.18477900347,70080.28056941001,2910.127143633191,2025-06-28
1751155200000,70080.28056941001,71389.68421790122,67203.61859487568,69182.88952823663,1062.3693566980703,2025-06-29
1751241600000,69182.88952823663,72482.80378579123,68946.99073403509,69820.68082871217,1936.0293774129016,2025-06-30
1751328000000,70384.15784334815,70748.87840152333,70384.15784334815,70553.61545603913,1837.2430555351211,2025-07-01
1751414400000,75280.77252281168,75529.89307203736,75280.77252281168,75371.33771792144,811.971031263285,2025-07-02
1751500800000,75371.33771792144,75437.19371068465,73938.29329803221,75071.17544643284,1776.7394335517256,2025-07-03
1751587200000,75071.17544643284,77341.42495772951,74417.01528673354,75953.43026396808,528.5244887944258,2025-07-04
1751673600000,75953.43026396808,80276.6911904001,75585.30526016635,77911.64271044554,657.9371659913159,2025-07-05
1751760000000,77911.64271044554,79406.73866181567,77445.33032922373,78522.83334872064,1556.3609211055277,2025-07-06
1751846400000,78522.83334872064,79696.99314491876,74474.09987633085,77068.56887670385,613.6733636461348,2025-07-07
1751932800000,77068.56887670385,78985.6372573429,76769.1924222205,77697.4810644503,7839.000566875333,2025-07-08
1752019200000,79835.1570897237,82438.08603965481,79835.1570897237,81270.24841874352,1587.2563747276574,2025-07-09
1752105600000,80217.82155055755,80217.82155055755,77827.86288677591,77850.92564357116,645.8884019274092,2025-07-10
1752192000000,77850.92564357116,79115.95914259284,76893.5015706601,78285.60555332461,605.5327499412622,2025-07-11
1752278400000,77311.40122832751,77311.40122832751,75093.55604029787,76023.83809991325,975.3227220355632,2025-07-12
1752364800000,78815.66441250194,80350.17586328198,78815.66441250194,79924.96282723073,4483.698090905679,2025-07-13
1752451200000,76834.18980840893,76834.18980840893,72128.14580610723,74986.37517402091,682.1677848141956,2025-07-14
1752537600000,73771.18317537075,73771.18317537075,72987.74128864717,73251.75359172063,558.2919992107844,2025-07-15
1752624000000,73251.75359172063,74744.34835183041,72883.98727968986,74417.97595641122,3141.748845373203,2025-07-16
1752710400000,79440.47356909594,81502.72771204861,79440.47356909594,79459.87229593811,1090.3859558815343,2025-07-17
1752796800000,79459.87229593811,80936.17206778107,77716.8550224951,79241.40261119125,691.1165668421385,2025-07-18
1752883200000,79241.40261119125,79631.52391379645,75185.44968471426,77420.41808423342,573.3200145647123,2025-07-19
1752969600000,79957.06771733465,84722.75934450443,79957.06771733465,83765.56082385608,6079.220612486673,2025-07-20
1753056000000,81058.14258752792,81058.14258752792,78658.5001248984,78837.43480777992,1065.752326902208,2025-07-21
1753142400000,72537.76782986583,72537.76782986583,69930.41214856508,71902.80913303005,2676.79369010487,2025-07-22
1753228800000,71902.80913303005,75892.55005460116,70975.02251086659,73239.90781384848,1494.30276277743,2025-07-23
1753315200000,73239.90781384848,73356.13166125168,71335.35921130216,71716.25897192056,598.2297853112447,2025-07-24
1753401600000,69769.02586537093,69769.02586537093,67750.48147762565,68714.10360727413,1831.9402773500024,2025-07-25
1753488000000,68714.10360727413,70883.34176513489,67789.3216915372,70782.80667676909,677.3472276656689,2025-07-26
1753574400000,70782.80667676909,71906.80627830539,69957.26777167458,71509.12169627831,1937.0034628429898,2025-07-27
1753660800000,69921.54132302538,69921.54132302538,69387.07481710297,69839.85516869795,1107.694343751239,2025-07-28
1753747200000,66526.29453321379,66526.29453321379,66182.09672812969,66194.24209436063,1049.3700397326484,2025-07-29
1753833600000,66194.24209436063,69309.3369879979,66175.84110695448,68657.24656050233,1817.5865671626402,2025-07-30
1753920000000,69706.28456141724,71544.41872678768,69706.28456141724,70552.22055971227,1387.7791779354786,2025-07-31
1754006400000,70552.22055971227,71241.28631141834,69181.61597641556,70259.8330886006,1488.9433220666194,2025-08-01
1754092800000,73999.95882571004,76396.31632630184,73999.95882571004,75908.31190084617,798.8110088127895,2025-08-02
1754179200000,73169.20847977146,73169.20847977146,71308.9372178999,72582.04319635114,1094.362112964813,2025-08-03
1754265600000,70153.26756845078,70153.26756845078,68006.11557689017,68090.50954193396,1485.647857367232,2025-08-04
1754352000000,68090.50954193396,68939.8404477718,62223.55588906661,66146.03465023878,1334.369299518789,2025-08-05
1754438400000,66146.03465023878,68436.87011887868,65479.79985510342,66019.89123878827,1382.4583046410203,2025-08-06
1754524800000,66647.79797596492,68640.87771844184,66647.79797596492,66696.04488937613,1123.502213515987,2025-08-07
1754611200000,66415.42449660756,66415.42449660756,65786.91886643891,66025.7063442147,908.5801751399958,2025-08-08
1754697600000,66131.68067486298,67070.18496272515,66131.68067486298,67006.2630638957,1498.4350052052564,2025-08-09
1754784000000,65016.18207045395,65016.18207045395,63419.298178148616,63585.1046699063,971.318443648194,2025-08-10
1754870400000,66413.16714564318,67895.81031229642,66413.16714564318,67547.78775991233,1092.1698082161454,2025-08-11
1754956800000,67547.78775991233,68290.2526779884,66346.7778775128,67315.82316027337,679.8039986198335,2025-08-12
1755043200000,70307.09120164308,71601.0934540761,70307.09120164308,70540.06682819717,1739.3299493894106,2025-08-13
1755129600000,70540.06682819717,72396.66209157562,67630.98408454063,71559.7041115241,587.971486303941,2025-08-14
1755216000000,71559.7041115241,73937.71532864755,70450.19849544225,72941.53054167077,615.9523741677353,2025-08-15
1755302400000,73558.46477639407,76670.33444630052,73558.46477639407,74702.72380402965,1764.294035716798,2025-08-16
1755388800000,74702.72380402965,77220.43746825725,74354.10247823689,76116.4088907078,1453.212685863501,2025-08-17
1755475200000,76901.61999010295,80114.86816579702,76901.61999010295,78192.76951376024,4924.012812043892,2025-08-18
1755561600000,81457.41740642837,85214.21138343084,81457.41740642837,82668.11688436166,1654.3105249436946,2025-08-19
1755648000000,82668.11688436166,84528.01854253831,82053.03777421966,83351.20871908742,830.2897764484748,2025-08-20
1755734400000,84994.77216461049,88458.081783965,84994.77216461049,85862.90299784408,519.8471406886708,2025-08-21
1755820800000,85862.90299784408,87817.92488304737,83307.01313471734,85540.87127448819,507.1170792059845,2025-08-22
1755907200000,89855.66794877728,92667.64039370671,89855.66794877728,90857.98039975499,658.5366345000549,2025-08-23
1755993600000,89122.25739844638,89122.25739844638,87380.27761865815,88320.69393239538,1457.8701703549252,2025-08-24
1756080000000,94303.2954766492,95490.61859358959,94303.2954766492,95238.74687492487,869.4963926120577,2025-08-25
1756166400000,95238.74687492487,97637.4949238215,93833.41287123502,95078.73077851688,2165.6654267857493,2025-08-26
1756252800000,90632.13998874769,90632.13998874769,89308.41962853621,89549.64284018027,1021.655249638398,2025-08-27
1756339200000,89549.64284018027,90205.29266451513,87097.68819930789,90031.29871213227,2778.207910849886,2025-08-28
1756425600000,88614.51365415346,88614.51365415346,86414.51845024648,87500.02463788315,2135.367234301898,2025-08-29
1756512000000,89175.23280176961,91514.02110683433,89175.23280176961,90634.96905154262,3541.9872995123424,2025-08-30
1756598400000,90634.96905154262,92601.68576031382,86004.95346563958,88191.64143351522,1536.0603487607946,2025-08-31
1756684800000,86627.40445267016,86627.40445267016,86063.552621532,86559.2147720665,3192.1800594457327,2025-09-01
1756771200000,81660.77977485693,81660.77977485693,79107.03471843406,79974.375560148,513.3701873953047,2025-09-02
1756857600000,79974.375560148,81814.15886330584,75003.32632597278,78473.92798485156,1191.0851963529035,2025-09-03
1756944000000,71212.5292873339,71212.5292873339,70174.79971971366,70899.90744009873,1199.6088419178136,2025-09-04
1757030400000,66472.49564513253,66472.49564513253,64143.37215421307,66350.07676368032,661.791707195591,2025-09-05
1757116800000,67817.84065377567,69997.01733588851,67817.84065377567,68496.76072729437,2558.8123020419102,2025-09-06
1757203200000,70257.92894002893,72394.79271697399,70257.92894002893,70788.10538935923,3779.1051766586825,2025-09-07
1757289600000,72009.2279823677,73253.7627475258,72009.2279823677,72060.53696150836,1485.7289822107596,2025-09-08
1757376000000,70314.21892432941,70314.21892432941,68296.34679676524,69201.01161358702,2202.7714516941887,2025-09-09
1757462400000,69065.23667641018,69065.23667641018,68463.14775245164,69062.8956107081,1106.8903676830764,2025-09-10
1757548800000,69062.8956107081,69853.52949507798,68500.01339005487,69052.47809214299,1291.6766671208309,2025-09-11
1757635200000,66978.85610133136,66978.85610133136,65648.28597572366,65783.00382483848,1041.2574871347138,2025-09-12
1757721600000,69514.3412248539,70914.99050899401,69514.3412248539,70057.3838380856,638.0014657584096,2025-09-13
1757808000000,72230.20530604574,73492.78457739708,72230.20530604574,72679.05696443825,1475.8758182125312,2025-09-14
1757894400000,72679.05696443825,73795.1415647749,71120.19775445975,72009.68569437263,766.1690770685294,2025-09-15
1757980800000,72009.68569437263,74007.6885661187,71081.27908021443,72090.80095244535,1750.57635177767,2025-09-16
1758067200000,72090.80095244535,73120.26881639309,71164.68802892377,72722.60361719936,635.9462957195433,2025-09-17
1758153600000,68417.22537731861,68417.22537731861,66410.20115547479,66763.51993727787,1705.133106771773,2025-09-18
1758240000000,66635.3085098973,66635.3085098973,65708.81289536804,66076.06234563475,1205.5029044960638,2025-09-19
1758326400000,65083.775626403236,65083.775626403236,64189.73597445722,64215.79372498701,1267.2006290284821,2025-09-20
1758412800000,62968.68049537761,62968.68049537761,61155.632627065075,61578.170864696374,1179.2101743118283,2025-09-21
1758499200000,61578.170864696374,62253.16159476989,56809.92768049107,60857.59758382471,2375.913127444893,2025-09-22
1758585600000,64012.64079161219,66081.45230343052,64012.64079161219,65615.55848774726,905.4148991744415,2025-09-23
1758672000000,66968.89942077416,71288.20055414978,66968.89942077416,67400.16315651762,772.2513548749382,2025-09-24
1758758400000,65899.40758315632,65899.40758315632,63803.01429372829,65807.24501286742,906.5340018014808,2025-09-25
1758844800000,66839.8021343304,67778.95625914133,66839.8021343304,67404.12520602743,3481.4580715645056,2025-09-26
1758931200000,70692.76370138525,72795.3534932743,70692.76370138525,71471.7816683843,1117.4328266877546,2025-09-27
1759017600000,71471.7816683843,75049.54620892402,71261.0974985255,74293.29764267152,1302.3202258370031,2025-09-28
1759104000000,74293.29764267152,75649.9624923512,71291.79452883592,74479.0366046634,3867.3154589873475,2025-09-29
1759190400000,74479.0366046634,74606.35587598033,71414.11124052393,72488.49959942215,779.0091830102767,2025-09-30
1759276800000,74236.67710060626,77112.2425403869,74236.67710060626,74639.15727263063,730.656936471009,2025-10-01
1759363200000,75212.81024368749,78146.68683186741,75212.81024368749,75879.15727855226,913.5975203753619,2025-10-02
1759449600000,78282.58695198892,81068.24836719202,78282.58695198892,78777.48894507009,1854.777830368031,2025-10-03
1759536000000,80481.20912891075,81421.44403211371,80481.20912891075,80900.85657191397,934.681646737881,2025-10-04
1759622400000,82486.87044170345,86198.84368516195,82486.87044170345,84535.64603503598,2863.5212702069534,2025-10-05
1759708800000,82936.05201589706,82936.05201589706,82343.87943375504,82662.07394725623,1179.3036956154765,2025-10-06
1759795200000,86986.5357522525,88594.21186210164,86986.5357522525,87350.20158991017,1287.0726060607685,2025-10-07
1759881600000,87350.20158991017,89778.9482460171,86138.56493555914,88075.95905445296,1575.5848858918712,2025-10-08
1759968000000,95779.79479140039,96833.13452687669,95779.79479140039,96072.09585905976,620.6389033008978,2025-10-09
1760054400000,94487.98690165857,94487.98690165857,92128.05912451426,93339.17640209685,1212.791014052415,2025-10-10
1760140800000,99400.319607429,102080.15235317744,99400.319607429,100376.84122050705,835.0179290243875,2025-10-11
1760227200000,100376.84122050705,104074.70721277065,99826.95581834172,101212.15057375282,1275.7938181417403,2025-10-12
1760313600000,98897.94332508293,98897.94332508293,96670.14050919036,98488.6578944579,3205.946171860229,2025-10-13
1760400000000,98488.6578944579,98870.01842148544,95440.20532830418,96513.14334729813,1128.061174015892,2025-10-14
1760486400000,96513.14334729813,96846.80177145288,94654.99132293365,95227.14178900635,2586.9337155425405,2025-10-15
1760572800000,95960.76680761387,98073.88338733569,95960.76680761387,96933.62755332272,1217.9739580963646,2025-10-16
1760659200000,98589.71283975098,103929.22398759698,98589.71283975098,99079.2128926538,3422.238235371163,2025-10-17
1760745600000,99079.2128926538,99120.27264710379,91981.07400687292,96727.3886850152,551.6332815815566,2025-10-18
1760832000000,96727.3886850152,97998.82654556217,95788.08817362945,96628.79423957718,2308.3700693350847,2025-10-19
1760918400000,103869.4081276326,106750.51069518649,103869.4081276326,105697.58217066705,786.3188675863776,2025-10-20
1761004800000,111936.63047177876,116874.65797561682,111936.63047177876,113626.9838496281,1171.289659022416,2025-10-21
1761091200000,115634.07160579917,116184.66153192907,115634.07160579917,115722.09589286437,557.5510969479906,2025-10-22
1761177600000,115722.09589286437,117202.85278545538,115540.17761414443,115906.39736135495,2310.5737778139796,2025-10-23
1761264000000,115906.39736135495,123994.75480094804,113173.16880084782,116490.4304418951,1324.6110153980521,2025-10-24
1761350400000,118287.2158390298,120655.75660371351,118287.2158390298,119521.88900785489,883.9247604538332,2025-10-25
1761436800000,117723.87522306523,117723.87522306523,113474.7905576008,114511.03552645762,623.673543709076,2025-10-26
1761523200000,114511.03552645762,114668.98537793038,111827.55915859538,113283.53502600963,852.703005177472,2025-10-27
1761609600000,107836.58299523323,107836.58299523323,102599.82886869906,105638.58469030434,2026.6866036488427,2025-10-28
1761696000000,106540.15284621349,107805.1230132128,106540.15284621349,107419.39200544008,669.4268952956718,2025-10-29
1761782400000,109274.59054886524,111831.81754120646,109274.59054886524,110370.33041478539,734.8443340554421,2025-10-30
1761868800000,108614.86250678128,108614.86250678128,107202.40593093696,108159.65723193895,1015.0451057562609,2025-10-31
1761955200000,113990.23164037114,116078.7909754206,113990.23164037114,115528.52039030944,594.7712006505147,2025-11-01
1762041600000,112076.06388293597,112076.06388293597,105871.43266359475,109748.32869475544,552.5828585753158,2025-11-02
1762128000000,105520.75231683906,105520.75231683906,103199.55844968816,103220.83436258788,1012.4441440107728,2025-11-03
1762214400000,103220.83436258788,106832.87788927452,102752.47553815307,104195.54688049684,2125.417466324188,2025-11-04
1762300800000,106545.94458909774,109758.9642600231,106545.94458909774,108865.7526627053,967.3721522712178,2025-11-05
1762387200000,115731.01079927986,117751.03141427807,115731.01079927986,116819.2816296766,1728.3622513549935,2025-11-06
1762473600000,115787.31968814708,115787.31968814708,111828.43088114363,114595.99535737232,611.8314345857824,2025-11-07
1762560000000,119129.14176368399,122140.23508490455,119129.14176368399,119890.81425602801,4764.006729289723,2025-11-08
1762646400000,119890.81425602801,120996.44131002815,116376.36574481333,119697.64606189432,1364.0871910500846,2025-11-09
1762732800000,119115.82012733171,119115.82012733171,116704.28322476716,118835.52169209188,691.7641820657373,2025-11-10
1762819200000,122345.24818879802,126058.6887831366,122345.24818879802,123315.07511894635,1533.4230867400067,2025-11-11
1762905600000,125759.00967915526,129092.74749641021,125759.00967915526,126729.89092686848,2744.062042285001,2025-11-12
1762992000000,122767.06947196015,122767.06947196015,117876.4330135419,118634.6104593958,1914.3928320876785,2025-11-13
1763078400000,125238.06303305946,129208.17021784754,125238.06303305946,126201.11590856031,2096.623143161346,2025-11-14
1763164800000,133041.28442910663,134964.78849549673,133041.28442910663,133709.1099266095,1123.2663761276578,2025-11-15
1763251200000,131621.41978489896,131621.41978489896,127505.25368417766,130252.10740757763,518.2465526583342,2025-11-16
1763337600000,130252.10740757763,135469.2239972439,126353.27754310622,132428.87425975243,1466.4861891767073,2025-11-17
1763424000000,133862.74388838897,137941.37564112403,133862.74388838897,135196.9603445662,742.6614259328373,2025-11-18
1763510400000,135196.9603445662,136689.7847115008,133160.93865893103,136680.7769258279,4485.746239712025,2025-11-19
1763596800000,134379.85042483013,134379.85042483013,131905.75574273712,133567.19451592694,1516.7311904444864,2025-11-20
1763683200000,131459.87791893526,131459.87791893526,129304.05755723696,129863.14717178556,567.8785870087861,2025-11-21
1763769600000,129863.14717178556,135714.5488484737,126466.82536110074,129724.26156586896,1557.647300850289,2025-11-22
1763856000000,132446.31279212248,138363.9760184336,132446.31279212248,136253.60430461724,2355.8534790312865,2025-11-23
1763942400000,138058.98585089677,140817.56138932033,138058.98585089677,139390.6681093868,1327.033888650658,2025-11-24
1764028800000,139390.6681093868,139513.96776421493,134458.12097163807,137244.15325220328,732.577278553416,2025-11-25
1764115200000,141163.4760960341,144893.7971161665,141163.4760960341,141751.500135981,1065.8385234599873,2025-11-26
1764201600000,125948.62041045647,125948.62041045647,124487.69172606706,125812.90183938647,654.0672594193694,2025-11-27
1764288000000,131658.98349129644,133458.4969265401,131658.98349129644,132012.84299516122,885.2520493738068,2025-11-28
1764374400000,124422.78431028889,124422.78431028889,122132.10595331223,122737.8264765599,1789.3778690672982,2025-11-29
1764460800000,122737.8264765599,123505.73412704153,119145.89595649324,120889.12070919799,1084.570568956086,2025-11-30
1764547200000,119044.16690635565,119044.16690635565,115156.32002239776,115352.05583552696,981.8549087530512,2025-12-01
1764633600000,114005.65592573074,114005.65592573074,107087.23984886844,109264.92375542302,957.8229404056283,2025-12-02
1764720000000,114429.1469888854,118017.87697957628,114429.1469888854,114707.31387580425,949.0539141026325,2025-12-03
1764806400000,114707.31387580425,117294.10400398051,111799.14223315161,112482.68599969122,813.9431577342576,2025-12-04
1764892800000,113774.90642428555,114811.88486664098,113774.90642428555,114126.64824368892,1785.6695050099072,2025-12-05
1764979200000,114126.64824368892,118333.37960979392,111587.48746087748,113902.63824202574,529.7372445579485,2025-12-06
1765065600000,113902.63824202574,116669.35221518035,110381.0433509511,116200.78493840204,1289.10686676265,2025-12-07
1765152000000,116200.78493840204,118207.4274791128,116026.94152986028,116575.18535545545,714.852062921371,2025-12-08
1765238400000,110743.1163984504,110743.1163984504,109166.59207014585,110477.57143228909,1128.6395770831905,2025-12-09
1765324800000,110885.34789715921,115937.90503860245,110885.34789715921,115183.91569594346,1210.7125202527045,2025-12-10
1765411200000,114735.66341955961,114735.66341955961,110823.53449242469,112826.87872122753,684.207228486038,2025-12-11
1765497600000,106088.74879065102,106088.74879065102,102697.28971607109,105707.34937348263,837.2643572226334,2025-12-12
1765584000000,105422.30728298685,105422.30728298685,101059.22079058742,103829.23345608886,1552.6024007975489,2025-12-13
1765670400000,107721.32809178249,111284.25372708871,107721.32809178249,110563.525781973,575.8935094591295,2025-12-14
1765756800000,112811.12307482706,118404.72432942779,112811.12307482706,114570.73001542348,507.3850319694256,2025-12-15
1765843200000,114223.28293998282,114223.28293998282,112858.52298594512,112910.21351900142,1342.181466362131,2025-12-16
1765929600000,112910.21351900142,116174.32403894144,106513.33126114742,111270.94191218451,3400.7329465774733,2025-12-17
1766016000000,110872.28765784715,110872.28765784715,109347.49278603274,109782.37826724553,1126.8456725239998,2025-12-18
1766102400000,115746.40365967133,120222.80490948934,115746.40365967133,119756.62913611582,1107.8241099695138,2025-12-19
1766188800000,119756.62913611582,126339.99727062767,119018.9074640686,121687.3104065774,679.4502223700712,2025-12-20
1766275200000,123860.80955320745,127239.78784455864,123860.80955320745,123898.44671617284,1590.6805127395164,2025-12-21
1766361600000,128849.54563779588,130737.84325009963,128849.54563779588,129360.6516198045,2932.78001496574,2025-12-22
1766448000000,129360.6516198045,132660.37340420292,129187.65996214478,130660.62191245098,3937.7959932127733,2025-12-23
1766534400000,129880.12825512794,129880.12825512794,126811.4310152889,129250.99100272675,1255.133950505363,2025-12-24
1766620800000,129250.99100272675,134057.37049848388,126349.53497994164,128192.65429256807,1314.754143080812,2025-12-25
1766707200000,128192.65429256807,130147.0918537001,125232.81552533188,127808.87948520854,1332.3003059024982,2025-12-26
1766793600000,127808.87948520854,128065.05664479067,125438.1558022163,127609.82652716125,1886.937899965005,2025-12-27
1766880000000,127609.82652716125,131598.22312370045,126595.67582536134,131557.77057938022,899.7769371310967,2025-12-28
1766966400000,131557.77057938022,134941.04938394096,131328.93171278518,131844.24353962982,1652.6749147124845,2025-12-29
1767052800000,135137.95850487475,136582.57638561758,135137.95850487475,135951.71149236837,2566.4156903706216,2025-12-30
1767139200000,135951.71149236837,138944.19083252866,132311.4126397595,135492.98137558374,1217.6213992322657,2025-12-31
1767225600000,135492.98137558374,138615.20544514805,134831.1591421367,135939.86300993807,1004.271279544665,2026-01-01
1767312000000,125905.87366791147,125905.87366791147,121517.77976239793,125028.30116054075,987.0317913667741,2026-01-02
1767398400000,129302.21199449006,130307.72999366188,129302.21199449006,129918.89186718319,1203.430989613681,2026-01-03
1767484800000,131019.49722858565,131874.34778074617,131019.49722858565,131817.60353154037,560.0025106142859,2026-01-04
1767571200000,132764.65244437932,138701.19130479262,132764.65244437932,137443.0658653339,670.6728165552315,2026-01-05
1767657600000,123299.0979357443,123299.0979357443,117780.81429583913,121745.42896874623,1778.1546765266114,2026-01-06
1767744000000,132633.70906308782,137165.69653924752,132633.70906308782,132871.25332016152,1325.8669114197817,2026-01-07
1767830400000,132871.25332016152,134844.8413066429,131720.93702588344,132096.86446570474,634.8324191825476,2026-01-08
1767916800000,137729.44881902818,143393.1136880354,137729.44881902818,138371.13052213352,521.2613311972726,2026-01-09
1768003200000,135127.47613015884,135127.47613015884,126027.3007874105,132475.0725158496,3967.8081469049494,2026-01-10
1768089600000,135842.55785811867,138011.1463741941,135842.55785811867,135918.26840268236,1302.2657885790045,2026-01-11
1768176000000,135010.91487756363,135010.91487756363,128131.3733955439,130053.13594192664,2871.4347277969923,2026-01-12
1768262400000,127899.3710372105,127899.3710372105,123492.47074951204,126700.17357112271,1020.3953077789556,2026-01-13
1768348800000,136278.77295535657,137603.806467258,136278.77295535657,137272.972193506,808.1957430830057,2026-01-14
1768435200000,137074.01505892724,137074.01505892724,135811.084608494,136181.26412819835,812.0392307307135,2026-01-15
1768521600000,137230.95994455225,139633.3217612173,137230.95994455225,137426.8242506029,3218.6005275459243,2026-01-16
1768608000000,138972.78160850698,144633.17242908105,138972.78160850698,142526.04135131944,2236.6827164148863,2026-01-17
1768694400000,145277.24965962942,146271.80569447536,145277.24965962942,145515.2467804198,1751.6164435330732,2026-01-18
1768780800000,145515.2467804198,146534.32701246496,143964.81830516076,146434.68578990537,624.5030289233325,2026-01-19
1768867200000,148437.31969185296,152032.25021795678,148437.31969185296,148689.7386196451,1397.6983444081588,2026-01-20
1768953600000,163282.67369526578,172485.82086795103,163282.67369526578,164432.84682634563,510.0977925904956,2026-01-21
1769040000000,164173.60823090756,164173.60823090756,159213.8354617959,164036.5938783467,3505.8545632917644,2026-01-22
1769126400000,164036.5938783467,169696.3290747398,158848.26891673318,165423.74618067514,1754.2003125027056,2026-01-23
1769212800000,169907.69876848915,178591.23093764755,169907.69876848915,172864.03352464203,1029.0174216094636,2026-01-24
1769299200000,177502.13474640273,182287.0967037961,177502.13474640273,181054.49254413554,526.1786627416602,2026-01-25
1769385600000,187557.78989938446,193026.8992414279,187557.78989938446,190281.32870561525,724.6136717730346,2026-01-26
1769472000000,192045.02366858377,195645.7788857887,192045.02366858377,195439.2889417905,510.01926031061225,2026-01-27
1769558400000,186889.0136199597,186889.0136199597,185923.88987037246,186305.48137975528,2427.6852867320713,2026-01-28
1769644800000,198918.2908018411,200902.16433487902,198918.2908018411,199494.3411364008,2027.1605556957813,2026-01-29
1769731200000,191707.5169404158,191707.5169404158,188338.6779844985,190144.42262894387,1210.250685793965,2026-01-30
1769817600000,190752.31132195008,194918.62855974975,190752.31132195008,192569.36642852816,1798.8800343725943,2026-01-31
1769904000000,189286.85424360857,189286.85424360857,184007.6980558039,186582.21106801232,2072.8156088659844,2026-02-01
1769990400000,186582.21106801232,187737.1760863194,181959.73461348834,186081.77513807284,2342.7294038461077,2026-02-02
1770076800000,188173.45268219573,192247.64014322896,188173.45268219573,188661.19686005378,3106.301516859094,2026-02-03
1770163200000,188661.19686005378,194412.10683646915,186506.26139521474,191217.07127601755,2691.689691718487,2026-02-04
1770249600000,191217.07127601755,203899.09238512348,191152.71408994004,194625.4135182717,708.8707106295547,2026-02-05
1770336000000,200580.8311907565,208402.293803521,200580.8311907565,208231.23343637283,590.0517511626483,2026-02-06
1770422400000,208231.23343637283,212833.89665792353,199257.22806513796,212223.5961491825,655.9949442855404,2026-02-07
1770508800000,212223.5961491825,218557.04283021894,207099.30984140278,210064.9195763953,1237.79079171612,2026-02-08
1770595200000,218645.38040448612,219139.86325286826,218645.38040448612,218718.7650655668,1931.3167606257016,2026-02-09
1770681600000,223130.03969869434,234130.96810492393,223130.03969869434,229888.5236166427,554.3885382096764,2026-02-10
1770768000000,221872.46197171602,221872.46197171602,213212.25888454387,218369.75888949254,703.1116481981207,2026-02-11
1770854400000,222700.82720838755,229286.88023083625,222700.82720838755,223901.2814032421,940.3577526770248,2026-02-12
1770940800000,223901.2814032421,233226.26239382837,221876.28627887554,230572.6722527186,988.5139968524393,2026-02-13
1771027200000,230572.6722527186,235125.60060144076,218205.55803562992,227717.52722340237,505.88199294007563,2026-02-14
1771113600000,238966.56474512973,242324.99669473412,238966.56474512973,241220.67386025676,3026.205809496616,2026-02-15
1771200000000,241220.67386025676,243661.9113114407,232711.7545769232,239709.73622295097,1341.4648524741815,2026-02-16
1771286400000,239894.8210154566,242834.93307058778,239894.8210154566,240973.5403954411,1606.1027387808258,2026-02-17
1771372800000,240973.5403954411,243250.0907319544,226936.94844530153,239233.47116824915,550.3972647264502,2026-02-18
1771459200000,239233.47116824915,242176.41990110185,236426.0151354221,239389.58740187046,1105.060908731227,2026-02-19
1771545600000,232910.58070999957,232910.58070999957,221360.62951491325,228648.74677605397,2426.8888006817324,2026-02-20
1771632000000,219083.5056845432,219083.5056845432,211096.4998370616,215268.56810971705,624.9985754033446,2026-02-21
1771718400000,229382.86864703606,231403.90490051135,229382.86864703606,230132.34814940474,1371.2906884079193,2026-02-22
1771804800000,230132.34814940474,233189.48469984747,218266.63995039495,222113.6046562854,955.7509087351677,2026-02-23
1771891200000,213551.26028387612,213551.26028387612,206888.51168961555,213081.6671079334,624.1446182976919,2026-02-24
1771977600000,195145.5971829007,195145.5971829007,190312.03399639262,194708.70746860327,3257.8217813185797,2026-02-25
1772064000000,192584.7072595359,192584.7072595359,188003.7938316576,189568.19061317848,1944.3285838790794,2026-02-26
1772150400000,180443.7855846539,180443.7855846539,177447.34108389585,179351.19317855593,722.7308090548245,2026-02-27
1772236800000,182746.97956491046,192240.4652798536,182746.97956491046,192116.78801848018,1792.6880628254264,2026-02-28
1772323200000,196517.36708413463,201358.14607937934,196517.36708413463,200414.64628523513,1163.729959491407,2026-03-01
1772409600000,200106.54850941835,200106.54850941835,194031.47782693396,194722.0006251243,688.3535467735712,2026-03-02
1772496000000,209690.1927123041,216670.88310677125,209690.1927123041,213981.85170838167,1311.6397998589237,2026-03-03
1772582400000,215180.1882206965,226393.47683131424,215180.1882206965,222962.04823862057,648.961351342728,2026-03-04
1772668800000,221367.4522799661,221367.4522799661,210425.51147310194,219949.85935438427,1519.9160886323018,2026-03-05
1772755200000,200899.29241040818,200899.29241040818,196976.48062873358,198093.61240266735,1385.2036528378235,2026-03-06
1772841600000,214192.48263980518,218503.8474470443,214192.48263980518,218038.23573711657,1912.0473601702179,2026-03-07
1772928000000,205828.54900858423,205828.54900858423,199440.9081322296,205713.33109568295,2751.393726698347,2026-03-08
1773014400000,194428.514791199,194428.514791199,185750.35977544586,192017.07832632848,2788.651720527551,2026-03-09
1773100800000,197643.5541844814,201717.75134952244,197643.5541844814,200417.63088724038,2458.8574344478834,2026-03-10
1773187200000,219472.1126170605,226463.58391555565,219472.1126170605,221975.12494436518,773.6080265594233,2026-03-11
1773273600000,232742.6478666492,242742.54276475287,232742.6478666492,235222.11700344388,886.497514674119,2026-03-12
1773360000000,237117.64331221857,242922.4620616541,237117.64331221857,240842.53263232327,1349.2954214491729,2026-03-13
1773446400000,243043.46479023324,257124.35057866163,243043.46479023324,246915.9561956054,1872.2026329787393,2026-03-14
1773532800000,253662.5903787711,257358.83099707236,253662.5903787711,255899.26474762958,903.4681565204137,2026-03-15
1773619200000,261604.4479014275,267803.6681505229,261604.4479014275,264162.1661585096,639.62763769942,2026-03-16
1773705600000,264224.73002958135,273402.662606249,264224.73002958135,267290.95007553336,782.8248840364063,2026-03-17
1773792000000,267290.95007553336,270488.9960371761,263018.3266178917,268459.7709368423,791.9594251223933,2026-03-18
1773878400000,268459.7709368423,274993.06886225747,253249.1899994452,267757.0540309124,1565.4753667251664,2026-03-19
1773964800000,262231.21612051746,262231.21612051746,257388.72291280868,259435.62700982968,870.1489724443733,2026-03-20
1774051200000,259435.62700982968,264298.40576637955,249625.3771068326,256404.3376418534,1284.1324690863962,2026-03-21
1774137600000,242243.646376041,242243.646376041,233458.2037731545,238856.96850989643,2125.628898111523,2026-03-22
1774224000000,238856.96850989643,245937.59935100478,235804.43246863826,237875.4100953868,1584.2961914043326,2026-03-23
1774310400000,233585.20310738834,233585.20310738834,225724.0634395517,228229.31037738096,849.1339770434301,2026-03-24
1774396800000,225102.8218730887,225102.8218730887,215838.75051668964,217922.45028226724,976.3532008773319,2026-03-25
1774483200000,217922.45028226724,221340.2958950864,210982.77860885396,219570.23071322142,2203.5480315197647,2026-03-26
1774569600000,229051.22990533285,233136.79031009175,229051.22990533285,232749.0239955419,1583.131355050817,2026-03-27
1774656000000,236908.16006622073,245744.73578997483,236908.16006622073,241873.34785721038,2235.8204160092264,2026-03-28
1774742400000,227698.8327747033,227698.8327747033,221347.63917657232,226478.77372334423,593.585560336827,2026-03-29
1774828800000,224111.4538091636,224111.4538091636,215708.10011880237,217285.38396604764,844.176878288175,2026-03-30
1774915200000,220177.821308921,227304.97736424697,220177.821308921,226015.90991130387,1406.498658841598,2026-03-31
1775001600000,218087.70524396445,218087.70524396445,213925.07525467267,216906.15665626875,593.982073045001,2026-04-01
1775088000000,216906.15665626875,221668.8753203028,213883.27889956278,214875.44464863965,3209.878450079134,2026-04-02
1775174400000,217804.57545352302,224414.17204690896,217804.57545352302,219882.0722091833,1328.1983296099347,2026-04-03
1775260800000,215937.4969630016,215937.4969630016,210214.86347969493,211144.55527239054,1148.3838134355817,2026-04-04
1775347200000,211144.55527239054,219225.00001333296,208982.04230228366,212078.2859474254,1316.1720939335726,2026-04-05
1775433600000,202818.49763040387,202818.49763040387,199485.68921412504,200556.22096443616,501.42936413354573,2026-04-06
1775520000000,200556.22096443616,200586.7829182428,194817.9544225017,195568.9483759325,1349.3687697106216,2026-04-07
1775606400000,196138.8801177526,201407.91312185855,196138.8801177526,198205.33038631035,679.202731308679,2026-04-08
1775692800000,188955.1470472452,188955.1470472452,182818.78568697482,185415.38514635907,2861.8765044427655,2026-04-09
1775779200000,185819.01116903583,190239.8740837953,185819.01116903583,188866.99448311926,619.7305434006043,2026-04-10
1775865600000,188866.99448311926,190041.43072413388,185096.80343800696,188711.75081973002,680.0013259099305,2026-04-11
1775952000000,190858.69188980846,200010.1547871103,190858.69188980846,193128.47473796876,1834.8204441443306,2026-04-12
1776038400000,194846.43687437355,196012.37360733002,194846.43687437355,194947.79422775813,556.3005278513097,2026-04-13
1776124800000,196894.98918293908,207595.34649281087,196894.98918293908,206407.77440657772,1199.4340108252934,2026-04-14
1776211200000,206407.77440657772,212430.0808117717,203528.76418653227,207492.94511085542,2577.420173932642,2026-04-15
1776297600000,204510.3769007772,204510.3769007772,198836.18627746592,203795.37954380809,2248.0578091459183,2026-04-16
1776384000000,203795.37954380809,208397.55981962653,197959.2956370241,204841.70786390587,881.1330685435719,2026-04-17
1776470400000,208349.4033647003,217483.5765770605,208349.4033647003,209555.2733038401,3759.995839168159,2026-04-18
1776556800000,209555.2733038401,212747.55125568324,208697.9227631647,209984.45440265271,1248.2734240583432,2026-04-19
1776643200000,209984.45440265271,211179.47983989626,203747.04817276873,210341.6754089868,1067.8386346051643,2026-04-20
1776729600000,206996.86595485389,206996.86595485389,200809.36667830384,204248.64401599218,1055.6805556127365,2026-04-21
1776816000000,203823.8668811807,203823.8668811807,193975.3990327633,198657.02373830826,1987.198542308982,2026-04-22
1776902400000,187762.67988017068,187762.67988017068,181670.6151666397,187325.41033248385,640.2753835001093,2026-04-23
1776988800000,198442.85405439,203385.93982748076,198442.85405439,201564.39177081297,1158.2149388799057,2026-04-24
1777075200000,193122.01893088705,193122.01893088705,191258.1104758981,191334.5507754149,3874.665794221674,2026-04-25
1777161600000,188231.6441292038,188231.6441292038,183694.79064518763,185862.80946438716,719.7028101676269,2026-04-26
1777248000000,182845.92932537824,182845.92932537824,176302.43936123923,180354.8490947656,1019.1957198038394,2026-04-27
1777334400000,187150.76260515084,190543.7312089537,187150.76260515084,187241.69713517325,2844.5917522807667,2026-04-28
1777420800000,186492.1446996619,186492.1446996619,180954.4874456261,184943.3538787157,1465.2745899236133,2026-04-29
1777507200000,185977.3703283669,200292.19774991163,185977.3703283669,194863.13238961884,1413.8213937345665,2026-04-30
1777593600000,193776.13659468,193776.13659468,183588.20002536237,189444.43046621585,821.8460196170109,2026-05-01
1777680000000,189444.43046621585,192632.23318837667,188728.8618438051,191670.60813448075,574.623031114606,2026-05-02
1777766400000,185323.27798964438,185323.27798964438,181933.6710253667,185082.01767016607,861.492647909042,2026-05-03
1777852800000,200792.35645784112,207511.93666617863,200792.35645784112,202476.70750627876,1362.9208373933093,2026-05-04
1777939200000,192669.96157623257,192669.96157623257,190264.11675297387,192653.92824332736,586.5546610033257,2026-05-05
1778025600000,192653.92824332736,201427.83619420105,190469.30036588453,195169.58887619348,2437.4225975811323,2026-05-06
1778112000000,199227.9169762624,206016.82382822855,199227.9169762624,200418.4810235946,712.0869300160701,2026-05-07
1778198400000,200418.4810235946,207184.16264493924,200180.65067969105,203921.47094298943,1957.7190191153024,2026-05-08
1778284800000,203921.47094298943,205032.2659723975,197913.71237899788,202345.42342009477,1126.3991754552214,2026-05-09
1778371200000,202345.42342009477,203651.47302560098,196280.22999087392,201248.43766777246,661.8125772042124,2026-05-10
1778457600000,201248.43766777246,214582.1265153225,198333.9494206968,201617.9784274174,2810.215757108007,2026-05-11
1778544000000,201125.80053879117,201125.80053879117,197629.01566745047,200380.7209588506,1176.7581042149468,2026-05-12
1778630400000,206792.20909310016,214996.81108100695,206792.20909310016,208633.79808076535,722.6082145024576,2026-05-13
1778716800000,227213.75826129792,229380.62724110723,227213.75826129792,228867.6302252946,804.5031440630216,2026-05-14
1778803200000,225546.17477635373,225546.17477635373,221903.6715313496,223586.74052027985,1159.8405465197245,2026-05-15
1778889600000,212633.85994294452,212633.85994294452,210857.5176359332,211122.8998436961,723.8496250106723,2026-05-16
1778976000000,211122.8998436961,213416.15493255956,206142.26111368998,210343.87947287486,689.6571787364242,2026-05-17
1779062400000,233249.74567643506,238045.95171819173,233249.74567643506,234338.40343608285,1455.4158352324916,2026-05-18
1779148800000,229811.15251595824,229811.15251595824,225929.18759960163,226583.43410870756,549.6780022806865,2026-05-19
1779235200000,235532.70731023772,244307.1471865783,235532.70731023772,242681.4008408907,1455.948360763483,2026-05-20
1779321600000,257714.59162956293,260896.93311025164,257714.59162956293,260343.35988663897,1547.4077979914794,2026-05-21
1779408000000,259576.06768681118,259576.06768681118,246924.2559029005,254377.77580712846,886.4910951370396,2026-05-22
1779494400000,255815.5616284067,261353.24380613575,255815.5616284067,260511.24228246853,637.8314100257454,2026-05-23
1779580800000,275042.61051958764,279108.09556353686,275042.61051958764,278894.439353981,881.6399560776199,2026-05-24
1779667200000,274572.06818491453,274572.06818491453,265379.0527779179,274501.79341318225,871.1129927695891,2026-05-25
1779753600000,273844.40008285595,273844.40008285595,270750.3985590616,272171.69202980783,1617.8200817565917,2026-05-26
1779840000000,266100.4582389493,266100.4582389493,262357.066039102,265622.42125201324,1940.9402671177359,2026-05-27
1779926400000,256562.1147747677,256562.1147747677,251906.03767352103,254572.07430593256,2641.2752872710516,2026-05-28
1780012800000,254572.07430593256,261329.62173495002,241050.11150698664,247744.06159245528,507.1218326482407,2026-05-29
1780099200000,237743.54884141043,237743.54884141043,229951.1326564101,235366.7731650902,1278.1945920487244,2026-05-30
1780185600000,235366.7731650902,241546.74776182114,230589.59574348954,235702.93038272604,3623.1125392334716,2026-05-31
1780272000000,235702.93038272604,239617.65360106644,224664.07328891117,228224.649762225,3572.691646912401,2026-06-01
1780358400000,228224.649762225,237099.31175460233,225802.41573817027,230469.83379225593,635.2062176797085,2026-06-02
1780444800000,217791.31527900387,217791.31527900387,211314.34043162,215933.0791156429,1580.1921499938887,2026-06-03
1780531200000,218318.62336181715,225414.98133263065,218318.62336181715,218945.70815092034,1420.5161680201927,2026-06-04
1780617600000,223629.10112695224,227332.71834525093,223629.10112695224,226722.52455200927,1291.0134917464006,2026-06-05
1780704000000,215467.95226310624,215467.95226310624,206787.26144793222,208563.05061131544,2259.824586541489,2026-06-06
1780790400000,208563.05061131544,212589.20231073402,205725.44487727032,211855.53614302631,3230.6339108157363,2026-06-07
1780876800000,221681.63798667816,224411.40265921789,221681.63798667816,223031.2541275252,861.2686126399562,2026-06-08
1780963200000,216681.85025886665,216681.85025886665,200777.10407044168,212015.52665386093,671.2292050473263,2026-06-09
1781049600000,223661.85094817716,231142.81968142884,223661.85094817716,227396.83497100256,587.0612550721675,2026-06-10
1781136000000,227892.07059575073,232078.7825197439,227892.07059575073,231421.94100169736,1599.723477185524,2026-06-11
1781222400000,225875.7001097401,225875.7001097401,221528.38501892527,224689.85365244007,1471.558522375958,2026-06-12
1781308800000,224689.85365244007,226533.93289695136,221225.19143485482,224165.7544734066,931.7721613221278,2026-06-13
1781395200000,224165.7544734066,232418.76947625921,218636.36203722,229468.34427558136,500.24103373143066,2026-06-14
1781481600000,229468.34427558136,233795.02871581618,227011.4029810223,230199.8235444658,788.3262088627874,2026-06-15
1781568000000,231200.7711000325,238514.10703001835,231200.7711000325,235452.113186729,712.6009726691307,2026-06-16
1781654400000,231853.57834840615,231853.57834840615,226485.79306997836,226547.66064602847,776.2143506300231,2026-06-17
1781740800000,226547.66064602847,229209.24090941643,225080.40028526916,228160.0019137542,1876.9454965171412,2026-06-18
1781827200000,220968.38779521387,220968.38779521387,214097.70892080612,215045.44687896792,3708.731146793607,2026-06-19
1781913600000,215045.44687896792,216114.07224235157,208216.069356793,214046.20782218353,1179.9182461512898,2026-06-20
1782000000000,210651.04256428932,210651.04256428932,204569.77351090527,206095.9352434405,1598.738862867656,2026-06-21
1782086400000,202553.5714198237,202553.5714198237,193033.72243425398,199845.03636159358,1383.7458773871454,2026-06-22
1782172800000,209590.61013221028,215854.643246171,209590.61013221028,210461.40920131933,807.8399665631455,2026-06-23
1782259200000,210461.40920131933,228135.37685227374,209626.76301062515,220302.08828296876,1589.527839812185,2026-06-24
1782345600000,220302.08828296876,228321.36367308442,219709.75273603963,225993.61128086114,1538.5909850842663,2026-06-25
1782432000000,222449.40865107998,222449.40865107998,212547.4267608629,215889.63318963794,520.5508106353657,2026-06-26
1782518400000,213331.69562568562,213331.69562568562,206576.14185980556,213048.12081124994,2605.8057860736963,2026-06-27
1782604800000,223920.59720306288,227767.1727618048,223920.59720306288,224149.9411432295,1161.2549796715198,2026-06-28
1782691200000,225360.07977260445,230419.9480426932,225360.07977260445,225484.05566343304,2122.808117364815,2026-06-29
1782777600000,247169.7985491668,250553.33818497154,247169.7985491668,248481.61405626588,2917.1458046343446,2026-06-30
1782864000000,248958.24216857416,252774.48627096033,248958.24216857416,252607.93239290675,1630.3933532880815,2026-07-01
1782950400000,252848.89086503893,257030.47910269728,252848.89086503893,254647.55721130772,1418.6865871384102,2026-07-02
1783036800000,251387.32452986686,251387.32452986686,248567.01792415266,251372.66128911616,668.2324933561249,2026-07-03
1783123200000,251372.66128911616,255311.27405489396,246840.17112759646,252782.244568412,1066.4038163132388,2026-07-04
1783209600000,252782.244568412,254687.13154591416,250156.54957594513,251173.49510899145,1200.5580961586938,2026-07-05
1783296000000,251829.18792508598,260341.7110565566,251829.18792508598,258732.6263074582,1514.4677007124556,2026-07-06
1783382400000,267102.7260587945,278575.19317705213,267102.7260587945,269308.0974758426,908.8848150076158,2026-07-07
1783468800000,262672.29027600936,262672.29027600936,252373.2808819115,260588.7809838511,1162.0061323273185,2026-07-08
1783555200000,252580.64839881827,252580.64839881827,238511.73271505296,246459.99275041485,870.8421360110393,2026-07-09
1783641600000,229292.4316400752,229292.4316400752,225822.43759283295,228220.11355383604,635.9372715983237,2026-07-10
1783728000000,228220.11355383604,238617.47302340975,224620.3103822306,233126.71772012487,2305.280701015106,2026-07-11
1783814400000,229328.58296462896,229328.58296462896,219399.5273561327,222600.76610175977,569.3405330526388,2026-07-12
1783900800000,204322.131529566,204322.131529566,199278.88176138856,203411.27715491594,1774.1569893093647,2026-07-13
1783987200000,203420.88938373554,207479.6061276932,203420.88938373554,206748.11825414986,712.2992773717565,2026-07-14
1784073600000,229316.53913667126,233815.7604153319,229316.53913667126,229497.6705235541,2131.552722868948,2026-07-15
1784160000000,229497.6705235541,230322.26503944522,227448.70695658278,229439.3366869619,1348.3926785528504,2026-07-16
1784246400000,237174.74736764817,242805.7526545588,237174.74736764817,237638.24939060005,1027.673059406533,2026-07-17
1784332800000,238291.41021940814,242330.7744128658,238291.41021940814,238453.91718824196,825.9291078722686,2026-07-18
1784419200000,238453.91718824196,239409.39515732034,236703.34910924325,237468.5456910974,832.2156136661943,2026-07-19
1784505600000,244432.40100144895,257087.91346368587,244432.40100144895,246785.73855778898,676.9560239340831,2026-07-20
1784592000000,246785.73855778898,252563.11416045847,243306.411443553,243804.23158759947,2516.3181190249948,2026-07-21
1784678400000,243804.23158759947,254232.47378797928,240811.20266624523,246549.38947825655,634.9992952775938,2026-07-22
1784764800000,246549.38947825655,253767.30853362955,245368.30233288743,249893.06406563523,3211.9549703191674,2026-07-23
1784851200000,247849.60979965795,247849.60979965795,238795.4613896525,242999.04676256733,747.2558977745158,2026-07-24
1784937600000,247960.57699812207,264362.17761410953,247960.57699812207,253305.99299059194,1969.5612731873182,2026-07-25
1785024000000,253139.02490479997,253139.02490479997,248598.9021046816,251456.99141125864,2230.25190385655,2026-07-26
1785110400000,251456.99141125864,258074.54130915803,236691.0984289377,243623.97704867306,877.5106588685586,2026-07-27
1785196800000,246221.1195501733,257500.80108997726,246221.1195501733,249159.1193462073,1029.2151883424053,2026-07-28
1785283200000,247233.061852424,247233.061852424,235243.56300241046,239959.30706267338,1741.7501918945475,2026-07-29
1785369600000,239959.30706267338,248701.64956033955,238756.27779007898,240242.63946895627,776.7612654414295,2026-07-30
1785456000000,240242.63946895627,245230.6111953352,239927.8700848373,240150.92079087903,975.3741554317398,2026-07-31
1785542400000,250048.73392085303,253379.83464710572,250048.73392085303,251322.82287433144,1146.371810728192,2026-08-01
1785628800000,251322.82287433144,256407.9864120937,248432.25429260713,256368.46666339066,766.0833644975273,2026-08-02
1785715200000,256368.46666339066,263528.8523908236,253701.14469642754,256099.9392101249,1975.0154837956147,2026-08-03
1785801600000,257620.07804927195,274622.25057672185,257620.07804927195,265021.4672948166,1197.0258544615067,2026-08-04
1785888000000,268732.6392772044,287846.6445115152,268732.6392772044,280907.17100122035,1166.3203310473193,2026-08-05
1785974400000,287424.69809854013,295486.3751481859,287424.69809854013,287545.7457222535,2175.2193619788795,2026-08-06
1786060800000,287545.7457222535,294200.76382562215,286931.2163303143,287670.4251802659,1953.1057633824503,2026-08-07
1786147200000,277717.0942673903,277717.0942673903,270345.6457487658,272294.377292929,1230.6406097242573,2026-08-08
1786233600000,263560.58628131944,263560.58628131944,256393.1636353792,260416.76052577444,1021.9481282693781,2026-08-09
1786320000000,260416.76052577444,263866.1308525568,254430.54880105378,257109.56572937447,1109.3885925002235,2026-08-10
1786406400000,253440.78220537223,253440.78220537223,246655.90662141278,250630.47881284254,1211.542104917539,2026-08-11
1786492800000,250402.6280786784,250402.6280786784,243223.8557573301,248675.899000954,1334.1286713496943,2026-08-12
1786579200000,248675.899000954,250755.96240648173,248535.88595535938,249266.49676495732,2933.3153963478317,2026-08-13
1786665600000,250880.91154787614,256990.91480955938,250880.91154787614,254857.07581036811,2754.6064272033714,2026-08-14
1786752000000,254857.07581036811,254969.20743552782,253970.97925397483,254105.83189737704,1084.102194254841,2026-08-15
1786838400000,256056.72406642337,259652.4274725953,256056.72406642337,259335.49453378312,913.3269728927252,2026-08-16
1786924800000,259335.49453378312,272840.5211641594,257031.06104356697,260036.593473777,2531.040754777,2026-08-17
1787011200000,243268.54071859055,243268.54071859055,229875.1532902646,239391.87379816736,2211.624878411772,2026-08-18
1787097600000,238848.3580420845,238848.3580420845,228870.75706050103,230158.499350931,548.2045934202475,2026-08-19
1787184000000,230158.499350931,232877.64469682833,226867.4326380559,228774.01661417526,677.8149123609272,2026-08-20
1787270400000,219121.35109837647,219121.35109837647,216017.9867198139,217474.1593561837,2957.374474523459,2026-08-21
1787356800000,221784.4369016362,225110.0076772626,221784.4369016362,223006.60722728953,886.6375954000039,2026-08-22
1787443200000,237405.37926094796,240892.58606599102,237405.37926094796,237769.07469433153,544.8729891143292,2026-08-23
1787529600000,241196.38251541636,252491.41186527023,241196.38251541636,250218.43014897843,796.1072990317938,2026-08-24
1787616000000,250218.43014897843,250938.53403131128,242624.6637412652,247992.0200938611,500.40162466572986,2026-08-25
1787702400000,257251.8891698846,266441.4032960815,257251.8891698846,263965.6830819166,1163.314124116132,2026-08-26
1787788800000,263965.6830819166,273222.1368992531,259460.7997040556,265614.0710792091,3821.9060597734465,2026-08-27
1787875200000,262685.63439488236,262685.63439488236,261655.23352545584,261891.23546567414,1062.4275770896227,2026-08-28
1787961600000,257276.04622955355,257276.04622955355,251423.40318417083,255250.0659700405,599.3302286354651,2026-08-29
1788048000000,255094.71512798627,255094.71512798627,244586.4364884979,252037.56047688524,1344.6970969015556,2026-08-30
1788134400000,252037.56047688524,254441.60593275703,245261.15782491813,247973.93585290358,1201.3206520549275,2026-08-31
1788220800000,247973.93585290358,259000.17082754482,247832.08788352937,249749.80518333334,3464.7212358605443,2026-09-01
1788307200000,249749.80518333334,254015.1984758231,247460.74706101956,251434.7464761976,581.2034029632989,2026-09-02
1788393600000,251434.7464761976,251561.03487628908,246326.1213343821,251466.81871805195,675.2029731681642,2026-09-03
1788480000000,254987.69127685303,268279.5053694201,254987.69127685303,256110.08166782826,1519.9483134978468,2026-09-04
1788566400000,263328.09427031025,270306.134240087,263328.09427031025,269202.6328650384,821.1768555685196,2026-09-05
1788652800000,276155.56646404427,285790.8886003652,276155.56646404427,280122.19707071315,531.7110838878157,2026-09-06
1788739200000,263397.27237226564,263397.27237226564,260387.66645192713,263235.0703361885,861.3731433072074,2026-09-07
1788825600000,239441.7341744771,239441.7341744771,235616.45555338365,236537.0281860706,5042.149758012238,2026-09-08
1788912000000,244332.58247429004,246526.74525117432,244332.58247429004,245974.6285139115,1084.7160539286126,2026-09-09
1788998400000,239868.85971576997,239868.85971576997,218510.59346158465,232291.21781186727,1713.5735579236946,2026-09-10
1789084800000,232291.21781186727,233476.10647247857,226086.97790284298,230115.19390838317,709.6582583906932,2026-09-11
1789171200000,225584.052797675,225584.052797675,217441.5945489877,219111.95618021465,2477.787527223345,2026-09-12
1789257600000,203311.20094026747,203311.20094026747,200217.75727671915,203187.02109484735,934.341369436942,2026-09-13
1789344000000,203187.02109484735,211541.72883329168,202300.2453951556,207846.53704242624,1262.7479467257417,2026-09-14
1789430400000,211904.34778307084,215180.16530365488,211904.34778307084,214559.86760059552,1683.7236830249842,2026-09-15
1789516800000,214559.86760059552,221790.58528353466,198958.4730603078,209442.25221856486,811.6664991572763,2026-09-16
1789603200000,194302.95772810304,194302.95772810304,178046.32336464542,187907.71676023034,1726.363351345916,2026-09-17
1789689600000,184318.58472841894,184318.58472841894,181954.05244717363,183658.41298038274,543.1167803004114,2026-09-18
1789776000000,185687.2644036364,198807.2374380553,185687.2644036364,186696.43363056364,684.4524869721133,2026-09-19
1789862400000,176877.33436383418,176877.33436383418,172930.5425859943,175485.44985615555,1104.8553240469219,2026-09-20
1789948800000,176331.71493530643,181196.48082647275,176331.71493530643,176838.01253910916,1154.1860003869983,2026-09-21
1790035200000,176838.01253910916,177185.42353531142,168073.2627864717,176724.68097300798,1365.4308159647344,2026-09-22
1790121600000,176724.68097300798,185246.1621008713,175597.64392477003,181063.94373154853,604.8009235705081,2026-09-23
1790208000000,181063.94373154853,185576.55794656154,180982.42955585974,181972.85856674475,581.9670394745797,2026-09-24
1790294400000,181972.85856674475,183615.15976230393,172204.62734368574,174707.18470320833,1388.7005412139429,2026-09-25
1790380800000,180442.29225879817,184228.56712005415,180442.29225879817,183683.92363710218,692.1133988418684,2026-09-26
1790467200000,182597.43953623224,182597.43953623224,181442.50318752436,182468.62136087703,1662.9487852247962,2026-09-27
1790553600000,182468.62136087703,184737.86579004137,181192.72969663466,182260.11545973673,4224.3351556221005,2026-09-28
1790640000000,177465.2838628565,177465.2838628565,169130.00875621033,175274.84600111336,1549.433404924422,2026-09-29
1790726400000,175274.84600111336,178407.36339133632,171003.13552353936,172051.41003424648,563.5874911552805,2026-09-30
1790812800000,169622.90940710562,169622.90940710562,162945.20768647655,165793.5227211448,567.8514855568716,2026-10-01
1790899200000,165793.5227211448,166915.17392451188,158495.05225040045,164597.19498772838,1018.3866773879795,2026-10-02
1790985600000,174638.8893830776,181373.1065307202,174638.8893830776,176827.94188842308,1607.4853073391696,2026-10-03
1791072000000,172047.57782690538,172047.57782690538,160433.84683532445,166956.00087027982,1091.8345456687275,2026-10-04
1791158400000,158403.70323201275,158403.70323201275,154266.86497751722,156048.08219571013,1164.0848202578184,2026-10-05
1791244800000,164519.81153662977,172457.15404297167,164519.81153662977,165963.49233096017,700.6588202367116,2026-10-06
1791331200000,165352.60997362642,165352.60997362642,162895.5554066985,164515.14565814755,718.447447401131,2026-10-07
1791417600000,163007.09964248625,163007.09964248625,154703.84332651188,159969.94320977284,1037.46875574042,2026-10-08
1791504000000,165277.31794083383,174868.54523650577,165277.31794083383,167089.7046669567,606.0496166140175,2026-10-09
1791590400000,166597.30860691314,166597.30860691314,158613.53405113498,162905.67119773998,1595.96898966969,2026-10-10
1791676800000,169245.5688211903,177083.04510629468,169245.5688211903,175850.37692092775,714.9859502183439,2026-10-11
1791763200000,180089.6983206535,181514.779522605,180089.6983206535,180913.8428969567,758.1671248112702,2026-10-12
1791849600000,179680.2583843697,179680.2583843697,175820.6111309685,177255.13787527793,1519.6057941803028,2026-10-13
1791936000000,189025.6104809773,199537.2362886009,189025.6104809773,194012.98499210807,1730.8228169935942,2026-10-14
1792022400000,194012.98499210807,195560.97828664677,187645.98933748345,189153.98812146232,1552.1904997131023,2026-10-15
1792108800000,190974.96928916135,195517.81855685284,190974.96928916135,195124.1207889259,1074.7387494730083,2026-10-16
1792195200000,195124.1207889259,200366.07308500083,191377.70013650227,197584.9117097478,2550.532211194819,2026-10-17
1792281600000,206546.8625573915,214730.24264113093,206546.8625573915,208654.01032663323,797.1885688661107,2026-10-18
1792368000000,221117.1568782982,233321.4572597093,221117.1568782982,222753.10651890782,2951.2535914335804,2026-10-19
1792454400000,222753.10651890782,229545.94158757996,216293.48774848194,223051.82675835871,983.7529391839626,2026-10-20
1792540800000,218165.31185445847,218165.31185445847,211569.26152392259,216124.70876717824,1452.355441279677,2026-10-21
1792627200000,217867.08120148833,225044.3458059329,217867.08120148833,220327.7984457271,539.1191341225349,2026-10-22
1792713600000,214331.42641231505,214331.42641231505,209267.52013936316,214163.0916700184,1007.9135926196764,2026-10-23
1792800000000,232829.1689640257,243205.2534820341,232829.1689640257,233001.8141143919,512.8476046836224,2026-10-24
1792886400000,233001.8141143919,235083.36399609857,229136.35898778588,234337.76344146504,920.0203024352991,2026-10-25
1792972800000,231668.0436167823,231668.0436167823,225474.973031477,230780.27444405842,1185.8196352817865,2026-10-26
1793059200000,230780.27444405842,240710.25530204462,228182.77176342765,232571.88317236258,1046.2741105691282,2026-10-27
1793145600000,220280.779189766,220280.779189766,217654.66474074984,219815.79541153734,2147.5445118325842,2026-10-28
1793232000000,212090.0952730069,212090.0952730069,207103.76214652747,211052.01496968872,910.750603934765,2026-10-29
1793318400000,220958.63395521187,226990.24969180868,220958.63395521187,221931.91553481357,581.5769532688018,2026-10-30
1793404800000,218830.24102390555,218830.24102390555,210942.2466100173,215910.48783801796,1282.8052548429985,2026-10-31
1793491200000,207355.34241105412,207355.34241105412,202052.75185857227,206649.81658284325,3425.808031949795,2026-11-01
1793577600000,207537.49007180467,219100.34324261412,207537.49007180467,211346.1698389063,1433.155453200115,2026-11-02
1793664000000,217931.98003622133,223284.17032613876,217931.98003622133,222104.3858875329,2218.0060076229356,2026-11-03
1793750400000,225077.60333680606,233525.33227710632,225077.60333680606,228892.59293050325,2046.3495017981054,2026-11-04
1793836800000,235962.73664775168,239429.87223476116,235962.73664775168,238641.22703261024,1204.8336472616727,2026-11-05
1793923200000,238641.22703261024,239297.6734599396,229058.96082470534,231197.2655812072,938.2658023077688,2026-11-06
1794009600000,224025.35909388293,224025.35909388293,209662.8395031802,217834.2673941876,1293.2241247937977,2026-11-07
1794096000000,228221.94451952446,238383.5483996215,228221.94451952446,231968.4215250798,588.447411504311,2026-11-08
1794182400000,230254.66298553604,230254.66298553604,226920.56880767393,228855.17514134073,1193.543129983144,2026-11-09
1794268800000,228800.99961738917,228800.99961738917,222511.50425289987,226464.00645931682,2056.089601000968,2026-11-10
1794355200000,230808.42639768528,244923.18480946255,230808.42639768528,239416.01982107406,1000.3504900363955,2026-11-11
1794441600000,244927.58688917596,245758.68196730217,244927.58688917596,245057.83279212232,682.5172218754336,2026-11-12
1794528000000,247021.26702235744,253457.6623286696,247021.26702235744,249780.87666452088,1717.1818848236032,2026-11-13
1794614400000,270033.14336727886,274188.53299439495,270033.14336727886,273483.4646614841,1584.620155085518,2026-11-14
1794700800000,273483.4646614841,278521.42939550447,262899.69830937067,266212.41289856564,1097.1080047336873,2026-11-15
1794787200000,268788.5445649854,276961.0861744311,268788.5445649854,276758.9283224494,1252.0147749081377,2026-11-16
1794873600000,276758.9283224494,280922.6619983281,272801.72606011207,277420.4415805205,1590.024144401978,2026-11-17
1794960000000,277420.4415805205,282543.36695433897,277079.3607219933,280558.2041906763,1193.7576795855878,2026-11-18
1795046400000,296732.97816210525,299782.4859823772,296732.97816210525,299101.8527857927,1281.541278058568,2026-11-19
1795132800000,301445.42951745266,308389.6710018714,301445.42951745266,305530.38416664134,508.3898003284163,2026-11-20
1795219200000,305530.38416664134,314412.11102948716,304633.7795172497,312495.41418380185,1753.1194991754016,2026-11-21
1795305600000,323521.58442482905,328490.9203796247,323521.58442482905,326849.5176345798,1614.0689403916667,2026-11-22
1795392000000,322527.9667241999,322527.9667241999,314908.0456986031,321892.5760453023,1624.3298252853062,2026-11-23
1795478400000,321125.7255108211,321125.7255108211,307074.09895505424,310777.39427028166,1237.8565029000956,2026-11-24
1795564800000,300579.3522251925,300579.3522251925,292779.52651813737,297473.9421401761,2751.5307037607613,2026-11-25
1795651200000,279687.70786123694,279687.70786123694,270985.7446396325,273961.49994530575,1368.0448400777336,2026-11-26
1795737600000,294593.13109196763,300376.4440972691,294593.13109196763,298595.26435823116,1609.4325452113408,2026-11-27
1795824000000,287908.62267434364,287908.62267434364,278129.2919912112,285115.21834839304,910.1516003039928,2026-11-28
1795910400000,285115.21834839304,286415.6384321713,276411.11632847047,282485.89448536554,697.0386054481221,2026-11-29
1795996800000,280482.40514524723,280482.40514524723,274336.22969759785,279230.43199197884,781.4075385413298,2026-11-30
1796083200000,279600.4024030969,294144.8417063584,279600.4024030969,282848.0092614869,1864.2168872242078,2026-12-01
1796169600000,289940.2016330099,293036.2921308855,289940.2016330099,292676.4677640347,2473.5216622952034,2026-12-02
1796256000000,301976.9422581437,310894.56811981386,301976.9422581437,303414.2962778119,1673.1938473628784,2026-12-03
1796342400000,303414.2962778119,309601.5826852162,294891.1780719139,296095.9187400819,2704.437239303356,2026-12-04
1796428800000,296095.9187400819,299602.75533662824,293203.7955946929,294031.06099189026,1888.974005288231,2026-12-05
1796515200000,295817.0770711649,313055.70728075196,295817.0770711649,297530.9162876084,893.9038959939744,2026-12-06
1796601600000,295131.6179103593,295131.6179103593,292651.613410416,294448.60422427504,1476.3444813417177,2026-12-07
1796688000000,311077.39369550586,327909.8885542196,311077.39369550586,314948.8734696844,1076.7849013146608,2026-12-08
1796774400000,318042.6596024278,326362.8930893333,318042.6596024278,321490.9397226269,1668.4234279959815,2026-12-09
1796860800000,331056.4177303639,341441.8749870124,331056.4177303639,331537.71406896895,885.0588781049894,2026-12-10
1796947200000,339774.8751718274,345968.45145831985,339774.8751718274,340869.26074555604,659.5269502481864,2026-12-11
1797033600000,351910.52114701614,364185.85413580464,351910.52114701614,358037.2199571484,1759.9272731140588,2026-12-12
1797120000000,358037.2199571484,362867.9603343241,345253.60694426566,360761.48316180566,1527.999587633613,2026-12-13
1797206400000,342477.1935545065,342477.1935545065,338714.10832410696,341693.3164719099,2004.5271728263058,2026-12-14
1797292800000,347419.1909855372,363761.8103785404,347419.1909855372,347460.1902928801,824.9364590169494,2026-12-15
1797379200000,347460.1902928801,347860.43010386906,330890.4739891656,338111.33532785374,2547.691742300567,2026-12-16
1797465600000,338111.33532785374,338906.90320848516,325918.4151579857,330709.3808847588,1324.066728027723,2026-12-17
1797552000000,331651.8634151561,339458.6460994277,331651.8634151561,338929.914025343,1229.04346881004,2026-12-18
1797638400000,353376.32042875205,368464.82696904405,353376.32042875205,356967.62854372646,3843.602629837865,2026-12-19
1797724800000,356967.62854372646,357654.72804475325,351881.4826050273,357285.7298879063,1454.260066202653,2026-12-20
1797811200000,361638.56385555345,368816.43994089717,361638.56385555345,361936.17077081464,1961.4032333489656,2026-12-21
1797897600000,379747.2286551137,395476.65251257713,379747.2286551137,388676.0709871108,865.6281116681764,2026-12-22
1797984000000,388676.0709871108,395419.8572537289,388220.2126946398,392614.2400010834,1398.9046194394787,2026-12-23
1798070400000,433653.42342242546,439499.00270205823,433653.42342242546,437803.51186584437,1035.1692268984366,2026-12-24
1798156800000,437803.51186584437,458356.7202481321,436070.79840574536,448294.46696980763,824.7035430503171,2026-12-25
1798243200000,428084.0562531653,428084.0562531653,404776.7519268007,416430.79145483737,550.4103465691965,2026-12-26
1798329600000,425489.91523682553,430271.92952431686,425489.91523682553,429776.6447548309,1935.622098119723,2026-12-27
1798416000000,435466.38882740267,447857.448533587,435466.38882740267,436691.16818026913,533.997969868478,2026-12-28
1798502400000,454581.7076467949,473438.9243676685,454581.7076467949,460924.02836655313,1092.8910126309725,2026-12-29
1798588800000,473701.38973908714,476724.8124516743,473701.38973908714,474101.75413444906,1307.567240150137,2026-12-30
1798675200000,474101.75413444906,475293.23997385544,468939.15035533067,471361.0099429317,650.4980203928479,2026-12-31
1798761600000,449330.5679658876,449330.5679658876,439637.0868783489,447805.11072643264,3213.247274517523,2027-01-01
1798848000000,447805.11072643264,459204.047629177,420280.9994949985,443902.7448050151,652.1331876830582,2027-01-02
1798934400000,430461.6427007807,430461.6427007807,421931.3512413632,428371.5279581006,2960.6018725738977,2027-01-03
1799020800000,423551.1030331418,423551.1030331418,408446.0939653703,418083.8816163392,581.9680179943633,2027-01-04
1799107200000,425376.5855910963,438684.89026373177,425376.5855910963,428516.0388209598,1831.6302841661904,2027-01-05
1799193600000,441541.2701011821,462870.0133525677,441541.2701011821,459552.69065872073,1414.8680993648818,2027-01-06
1799280000000,460101.6001111876,472436.16972953134,460101.6001111876,467210.56579174526,860.4539907451721,2027-01-07
1799366400000,453265.6882877568,453265.6882877568,440173.36355559906,444390.52743324894,1665.1292751384503,2027-01-08
1799452800000,444390.52743324894,454703.36452306976,442968.2366098209,452741.35218432266,783.963758940748,2027-01-09
1799539200000,467202.75063355005,484438.5792509247,467202.75063355005,476005.13389639213,2634.677811137417,2027-01-10
1799625600000,465116.76356007933,465116.76356007933,462569.25620241003,464004.6820931291,1451.5188829413948,2027-01-11
1799712000000,463370.88610175793,463370.88610175793,453947.10088380385,461408.0625129947,1749.3947007379911,2027-01-12
1799798400000,461408.0625129947,473019.1538299312,447210.6925584942,461691.9398477158,832.039285809878,2027-01-13
1799884800000,454465.2916786939,454465.2916786939,444398.52118563565,446764.27543563436,1769.4818244537012,2027-01-14
1799971200000,458723.72239931935,477017.942186823,458723.72239931935,459058.26752728695,786.2744300412168,2027-01-15
1800057600000,459058.26752728695,467941.99057933793,444875.7507144614,456739.21118981723,526.079543926042,2027-01-16
1800144000000,459274.9741673077,475441.03447826614,459274.9741673077,464833.8544832751,2775.92851512216,2027-01-17
1800230400000,464833.8544832751,474435.5116006734,437002.65538007155,447876.3852661855,531.3096914141431,2027-01-18
1800316800000,439899.3757858403,439899.3757858403,433455.4893390927,439746.8310918673,918.4507987741728,2027-01-19
1800403200000,439746.8310918673,465850.62580168806,432287.4031842233,453251.9319876893,747.5904581447971,2027-01-20
1800489600000,453251.9319876893,463908.9257851968,437974.38590588624,446230.72053239704,1798.764173969264,2027-01-21
1800576000000,473511.1105044747,484606.30613541196,473511.1105044747,479695.18183034274,805.8099890027934,2027-01-22
1800662400000,478891.16323891986,478891.16323891986,467305.0466656086,471734.59708900406,796.9950364710894,2027-01-23
1800748800000,472445.72498396615,490973.5651687081,472445.72498396615,476193.8227370178,1225.5585572885689,2027-01-24
1800835200000,486122.4712158661,496644.5634649381,486122.4712158661,495157.6467197864,937.6123250270115,2027-01-25
1800921600000,479448.35536998743,479448.35536998743,449288.43332840235,466605.2754335824,1800.4077976573376,2027-01-26
1801008000000,443747.8890225538,443747.8890225538,432041.763208866,433439.2765365604,3384.0976282221654,2027-01-27
1801094400000,412669.4639736497,412669.4639736497,390249.6896884892,406614.8846807736,599.8828088718377,2027-01-28
1801180800000,416838.708507832,432114.8219577099,416838.708507832,428690.77126730286,730.9271600320445,2027-01-29
1801267200000,428690.77126730286,438529.33333151124,410662.92231959174,418897.9715792085,1677.2137369778181,2027-01-30
1801353600000,463280.9082361782,475674.9040364261,463280.9082361782,466262.6966814463,1340.0687394105782,2027-01-31
1801440000000,462307.6079153184,462307.6079153184,454406.30107218557,455375.3148622196,1124.9082676593252,2027-02-01
1801526400000,455375.3148622196,462912.722691585,447694.17842049035,458908.03574242425,2284.758753894771,2027-02-02
1801612800000,489352.1239540941,500174.5657869365,489352.1239540941,489519.3598097748,513.7337231586582,2027-02-03
1801699200000,520418.3491357883,544489.3836012561,520418.3491357883,532416.9761261535,2061.886152588445,2027-02-04
1801785600000,557430.459826915,580908.1259173024,557430.459826915,580418.9643696605,1046.6581842156406,2027-02-05
1801872000000,604451.5526876376,628833.5002746106,604451.5526876376,610543.3012283335,646.6121221581154,2027-02-06
1801958400000,623650.3884004769,656980.1713680322,623650.3884004769,637293.7685985303,4117.292510082321,2027-02-07
1802044800000,638296.7856254198,660857.662522754,638296.7856254198,653303.7270937241,942.9195894483672,2027-02-08
1802131200000,661185.0819118286,676194.5667892753,661185.0819118286,674947.6764321004,1284.3759654042601,2027-02-09
1802217600000,674947.6764321004,675594.9619251328,637700.737823389,659548.0767542465,1541.9171184028232,2027-02-10
1802304000000,659548.0767542465,666153.0885297754,612494.55411496,637333.8902538983,2687.62952049863,2027-02-11
1802390400000,637333.8902538983,643601.9639748617,619838.0772482082,637243.8402292893,880.6785021217685,2027-02-12
1802476800000,637243.8402292893,647104.2340087881,628609.2327919306,632718.7944211025,1200.3129422221014,2027-02-13
1802563200000,624275.8123266204,624275.8123266204,603015.2020245442,620824.012807849,1174.5483675539895,2027-02-14
1802649600000,628621.4681807664,645440.5511662961,628621.4681807664,639194.0695587522,1174.2359475352348,2027-02-15
1802736000000,660715.6423531194,672535.2478169663,660715.6423531194,665281.649757272,1360.431332045955,2027-02-16
1802822400000,665281.649757272,677881.7701869718,655510.9563355552,667749.0483280068,2125.2273569066165,2027-02-17
1802908800000,704960.0648517424,714698.505189771,704960.0648517424,710367.4661162564,1002.155512657865,2027-02-18
1802995200000,692006.2267112788,692006.2267112788,676903.2798730646,677205.9270427541,1032.5791751793213,2027-02-19
1803081600000,677205.9270427541,680616.6013992322,670997.7444731111,671736.4815013948,502.35023350386115,2027-02-20
1803168000000,662677.8228173528,662677.8228173528,636603.9475734578,651873.1364028163,629.2717843469887,2027-02-21
1803254400000,605596.4654950772,605596.4654950772,591008.2564799517,602863.4822521807,1543.6612520169056,2027-02-22
1803340800000,602863.4822521807,611506.3500015165,593705.4307695817,600779.8790289799,582.9340432115814,2027-02-23
1803427200000,600779.8790289799,605295.0000718368,591495.2786350959,597724.8702696967,2224.8569528353,2027-02-24
1803513600000,618079.6315281092,643567.3343401557,618079.6315281092,636831.2004547614,911.2850639971361,2027-02-25
1803600000000,648978.2158365241,661676.2385351126,648978.2158365241,653876.9494892337,1212.8542289017164,2027-02-26
1803686400000,650079.6431255017,650079.6431255017,612090.3106236503,626427.1410251304,1145.0411888228546,2027-02-27
1803772800000,657932.1150563491,696698.481792502,657932.1150563491,676999.5340367141,2815.257123057854,2027-02-28
1803859200000,696142.8701099312,718291.284740415,696142.8701099312,712514.3443473849,651.8334047269472,2027-03-01
1803945600000,718275.3438444949,751746.2929133471,718275.3438444949,730095.0662621857,3186.9650524332133,2027-03-02
1804032000000,725490.6308276943,725490.6308276943,713508.2327509957,723203.7380193202,558.8297478691184,2027-03-03
1804118400000,695791.3093980271,695791.3093980271,680633.4317526793,694724.5957229612,1606.6898770099888,2027-03-04
1804204800000,687971.9760669924,687971.9760669924,680196.2516932318,683980.73185595,539.355946712586,2027-03-05
1804291200000,704766.4945198065,721316.2990688994,704766.4945198065,715885.2675607365,638.0890864953554,2027-03-06
1804377600000,762221.9844915384,813463.303937151,762221.9844915384,774668.2845728792,531.4603305262557,2027-03-07
1804464000000,823206.1385466929,842130.0028704554,823206.1385466929,826381.5272754747,4554.3017732332255,2027-03-08
1804550400000,826381.5272754747,827260.6189231486,802499.4699411839,809637.426423455,2862.8595448697547,2027-03-09
1804636800000,792114.1717538931,792114.1717538931,771637.6368014943,772555.4312460824,3047.5483400285584,2027-03-10
1804723200000,772555.4312460824,790315.2023766887,762471.4465017446,777126.5603335223,1735.0531799341272,2027-03-11
1804809600000,730636.4162109479,730636.4162109479,712348.7750374012,721658.2889449679,1665.6916299242462,2027-03-12
1804896000000,721658.2889449679,736370.0242260004,709189.7365223422,731490.3584529796,2023.2685905122473,2027-03-13
1804982400000,730657.9506624545,730657.9506624545,704657.5538670517,726983.1805755579,2071.1307812546074,2027-03-14
1805068800000,719672.7353620979,719672.7353620979,698190.2101968551,712933.8004223115,759.3225033180049,2027-03-15
1805155200000,679854.3620369169,679854.3620369169,651047.6099667023,666881.3278257832,624.2082544370061,2027-03-16
1805241600000,671680.489722985,693798.2417054322,671680.489722985,681378.912462303,1107.5728769816228,2027-03-17
1805328000000,679724.8908395139,679724.8908395139,650615.4616945059,666348.1544179849,600.6540514157361,2027-03-18
1805414400000,636165.7713305195,636165.7713305195,624156.1011530405,634491.1198784892,952.1252382004188,2027-03-19
1805500800000,572136.7591871592,572136.7591871592,552495.3702505032,562589.6117919415,1682.5696188886855,2027-03-20
1805587200000,562589.6117919415,586340.5279711437,552690.650363103,561941.7936319008,750.049568305111,2027-03-21
1805673600000,596153.2689169408,619186.2136919107,596153.2689169408,605230.5047668801,1140.959341477189,2027-03-22
1805760000000,618888.4569152491,659939.4887193791,618888.4569152491,648831.3426265825,2745.178530714009,2027-03-23
1805846400000,648831.3426265825,652968.1601372553,636428.0705684783,636530.5419107525,2116.221158065158,2027-03-24
1805932800000,636530.5419107525,639212.4177126208,614535.0678685496,620679.8596460102,1021.0142394823565,2027-03-25
1806019200000,624779.9136041369,639833.4503040276,624779.9136041369,632983.8053678119,1243.254538149141,2027-03-26
1806105600000,613899.2879455747,613899.2879455747,592792.6436812001,607066.6164381715,1527.8080423191489,2027-03-27
1806192000000,611072.4505966887,620492.5065236782,611072.4505966887,614786.9223527475,2081.7460221423707,2027-03-28
1806278400000,628301.8104425409,638548.8501288819,628301.8104425409,634828.2688751018,2431.776455906584,2027-03-29
1806364800000,667664.5208643021,670241.184856689,667664.5208643021,668295.8840513543,4398.827193082865,2027-03-30
1806451200000,668295.8840513543,671518.9178475351,640312.9209558716,665499.0248190098,606.1973590019817,2027-03-31
1806537600000,661832.0576911863,661832.0576911863,657566.7527627269,659847.3731263633,3725.5570569769247,2027-04-01
1806624000000,648990.7278480805,648990.7278480805,627720.7746760965,636028.8909157059,1006.8916814286077,2027-04-02
1806710400000,629426.8703332803,629426.8703332803,605109.397244098,614383.4665765807,1155.1734528630516,2027-04-03
1806796800000,614383.4665765807,635221.803689803,598107.6608308319,608584.4666211042,797.2187409266046,2027-04-04
1806883200000,614974.4077500956,644895.4679286652,614974.4077500956,618018.7183381538,1096.2444766414683,2027-04-05
1806969600000,618018.7183381538,665416.093487204,616560.5855061967,642119.2983913951,1035.8816716561955,2027-04-06
1807056000000,632560.6329923201,632560.6329923201,606261.0947952425,620882.506353644,2291.387230732488,2027-04-07
1807142400000,641207.7144955806,669567.9016953072,641207.7144955806,660929.1022587569,1379.9462313288645,2027-04-08
1807228800000,656838.2716103471,656838.2716103471,621980.1153265128,653468.0030878625,876.560126316551,2027-04-09
1807315200000,653468.0030878625,657909.8542060925,646593.600200756,652883.5856840239,611.5056320482277,2027-04-10
1807401600000,647595.4686772765,647595.4686772765,615887.9594093133,632771.9950095632,3507.933842456464,2027-04-11
1807488000000,596811.174354217,596811.174354217,555107.882526651,571690.4834601958,4232.970639642183,2027-04-12
1807574400000,592352.732551317,604510.2164620798,592352.732551317,593250.164630817,586.6900734969655,2027-04-13
1807660800000,594711.9180010462,615124.4727304205,594711.9180010462,611839.9389602258,1378.8909263782434,2027-04-14
1807747200000,611196.6644934317,611196.6644934317,603072.8424346661,604674.577435376,2115.312651447488,2027-04-15
1807833600000,604674.577435376,622457.1950156287,600804.0129016946,606373.1698016651,1182.8572175297413,2027-04-16
1807920000000,609822.0467276884,630545.8585446967,609822.0467276884,619616.0317926297,1192.384295628192,2027-04-17
1808006400000,592163.8233719275,592163.8233719275,559380.5735530298,580372.4613060261,829.1476409722695,2027-04-18
1808092800000,578386.432173418,578386.432173418,558038.4359899905,567656.5474711722,688.3919310590971,2027-04-19
1808179200000,583653.2907456502,609382.5648688761,583653.2907456502,586853.6889964109,1491.2975749934076,2027-04-20
1808265600000,560674.9535492761,560674.9535492761,547336.4640744801,556826.4043096281,833.093091564951,2027-04-21
1808352000000,556826.4043096281,572419.1781911378,555382.293428933,563713.3902270426,1437.9526491728752,2027-04-22
1808438400000,533501.1468424565,533501.1468424565,529166.8237539572,532583.9615457781,1644.0091460496935,2027-04-23
1808524800000,535803.2713553228,544819.9600365509,535803.2713553228,543088.2383515375,3819.1841573282,2027-04-24
1808611200000,543088.2383515375,562757.4772084333,538514.9046638458,542278.3117392882,628.1413315708612,2027-04-25
1808697600000,517066.5534671161,517066.5534671161,492412.90686644433,506815.72171148553,968.3070110826723,2027-04-26
1808784000000,529594.6307166197,537622.4043226925,529594.6307166197,532146.945651542,887.0390724670644,2027-04-27
1808870400000,518487.984537688,518487.984537688,498211.581990831,516027.18100580527,2236.1454969739716,2027-04-28
1808956800000,504562.98617195105,504562.98617195105,493489.8598146513,498812.8621959664,1744.8224422774433,2027-04-29
1809043200000,498812.8621959664,517942.59811166086,485449.32640145475,503019.8421971018,2029.1956513135995,2027-04-30
1809129600000,503019.8421971018,534752.5561476398,498873.3071185446,527805.3489244507,972.1047421663407,2027-05-01
1809216000000,511020.54486570595,511020.54486570595,504237.6650645036,505825.1838364304,1656.8940102633196,2027-05-02
1809302400000,505825.1838364304,521417.8469468187,504147.9544196031,507133.30591013766,2193.0016156799456,2027-05-03
1809388800000,507133.30591013766,517009.57302169135,501029.17469542084,516321.7537822022,854.4640485526119,2027-05-04
1809475200000,521491.6288926323,546921.1358011132,521491.6288926323,531526.5606062146,769.1978698743478,2027-05-05
1809561600000,531526.5606062146,540397.6892704447,528792.84676818,535468.1804868057,3250.836178289058,2027-05-06
1809648000000,535468.1804868057,552172.5858062739,523592.4258431691,527301.5446193044,2566.6552984773293,2027-05-07
1809734400000,526773.6655609,526773.6655609,498246.2155484133,509341.20422683,732.2883913812423,2027-05-08
1809820800000,509341.20422683,527305.5325141618,500433.29647875024,511181.8081134557,1631.044449284091,2027-05-09
1809907200000,495054.24269336986,495054.24269336986,471529.77926764946,488740.00414849457,568.1633924198219,2027-05-10
1809993600000,435913.0073972495,435913.0073972495,420970.99695625895,432465.38170760346,3263.8153833136316,2027-05-11
1810080000000,432465.38170760346,454391.63344803767,430008.989831955,440443.75311068224,794.4881445323356,2027-05-12
1810166400000,452808.9754111174,465572.67569056706,452808.9754111174,457434.6523443979,691.1731544710898,2027-05-13
1810252800000,432308.3526286771,432308.3526286771,405723.58202717954,414340.7939391382,1206.3337421787874,2027-05-14
1810339200000,412402.5222352595,412402.5222352595,392064.7780708933,397187.0913293615,849.7118997014835,2027-05-15
1810425600000,404329.66334164416,412852.3957343489,404329.66334164416,407619.37910251424,713.9133218234481,2027-05-16
1810512000000,425433.3730186832,450743.6532807387,425433.3730186832,444295.21164760005,945.5735206011498,2027-05-17
1810598400000,444295.21164760005,446895.8601949613,435409.66676283575,444682.23414275993,1244.7370489625473,2027-05-18
1810684800000,433389.9941575995,433389.9941575995,418624.85813405795,431330.9298238991,2094.2907324636526,2027-05-19
1810771200000,431330.9298238991,435681.8029413732,426325.86227051716,428040.1605704607,1294.1206605223792,2027-05-20
1810857600000,447107.22786477907,462500.4165115126,447107.22786477907,453406.23106726375,1491.870190148079,2027-05-21
1810944000000,445672.65368838195,445672.65368838195,434090.54808091343,441306.40610053047,1631.1618632057318,2027-05-22
1811030400000,427376.09403622267,427376.09403622267,423582.71038744075,426782.33766171837,904.8906435880677,2027-05-23
1811116800000,426782.33766171837,427915.5858481479,412468.4463790195,418241.8169738012,1393.727025197345,2027-05-24
1811203200000,410838.74004050787,410838.74004050787,399703.42701534287,401874.63019289775,790.1046070996065,2027-05-25
1811289600000,402179.5021311102,404361.40306696005,402179.5021311102,403944.245005787,2077.636007580913,2027-05-26
1811376000000,419484.78383349034,443455.1019166462,419484.78383349034,432381.589230273,1445.448860148173,2027-05-27
1811462400000,432381.589230273,447800.7037539351,426411.4441443244,438270.850938432,614.2470487577925,2027-05-28
1811548800000,434984.43505078566,434984.43505078566,427274.60110472096,433664.01339552447,1235.335428258566,2027-05-29
1811635200000,429010.25325020374,429010.25325020374,413145.4776679056,428397.1953182768,1048.9529709153085,2027-05-30
1811721600000,404178.5727042935,404178.5727042935,400624.23119554354,401253.69153473043,908.8064868466333,2027-05-31
1811808000000,401253.69153473043,424176.27428452356,401197.84565306705,416369.5208180188,2379.258754185018,2027-06-01
1811894400000,416369.5208180188,417962.96045755234,414655.4519318064,415014.6368390048,577.4324509964298,2027-06-02
1811980800000,415014.6368390048,416211.98944747297,411794.34479992365,411890.02691482235,1681.5903123810303,2027-06-03
1812067200000,466279.72714323166,476521.30468851555,466279.72714323166,470814.5594522636,1461.5354772201922,2027-06-04
1812153600000,476061.4535866931,478962.0915525286,476061.4535866931,476741.42281157133,2263.3484686521397,2027-06-05
1812240000000,468599.1419860345,468599.1419860345,454033.08721545537,461967.16620211536,1733.3217004808782,2027-06-06
1812326400000,458818.0462395238,458818.0462395238,449119.3743887462,453792.7329727552,912.1091258965901,2027-06-07
1812412800000,453792.7329727552,478940.6329526915,449485.7834609553,476148.8308123464,1147.7033242927798,2027-06-08
1812499200000,476148.8308123464,493977.1806434032,462721.65992454364,478412.6050040935,854.7798227979359,2027-06-09
1812585600000,454139.5788850718,454139.5788850718,444963.2477360208,450450.06277007126,2450.278515095185,2027-06-10
1812672000000,467979.87714618136,478925.3301738529,467979.87714618136,468126.6765230116,1691.4562512877922,2027-06-11
1812758400000,457884.4268564311,457884.4268564311,441840.69246609916,455211.03644042544,567.2095934894087,2027-06-12
1812844800000,491103.4007671511,493797.802201463,491103.4007671511,492356.69191737275,2834.050033371044,2027-06-13
1812931200000,503140.7334967201,516301.45972796273,503140.7334967201,515135.14154237614,1864.0171679085704,2027-06-14
1813017600000,515135.14154237614,518467.91890823684,500495.01727973437,505575.8913757415,1065.2907866982819,2027-06-15
1813104000000,517000.67988149956,535595.0445258545,517000.67988149956,533436.120653619,3329.6381360630726,2027-06-16
1813190400000,533436.120653619,568436.0916242201,522747.3844795679,534953.9685041368,2037.4515465553477,2027-06-17
1813276800000,539441.3241526115,556936.7359731143,539441.3241526115,554401.7887792493,698.2044002085111,2027-06-18
1813363200000,565359.1989752145,571731.1982130442,565359.1989752145,565769.8299311594,1898.311045289649,2027-06-19
1813449600000,565769.8299311594,570571.0349104342,540699.1061225818,546069.9433826006,2272.149117051285,2027-06-20
1813536000000,546069.9433826006,546925.0313973846,529092.6011673827,531550.9844475787,881.6341590085905,2027-06-21
1813622400000,534142.7967711394,557925.8312461895,534142.7967711394,554977.520468093,553.0692704062307,2027-06-22
1813708800000,551542.7031308118,551542.7031308118,542566.3557429218,547251.9260282362,642.2596484063167,2027-06-23
1813795200000,541121.0324392108,541121.0324392108,520691.6821077026,538079.8207728261,1227.9889426052441,2027-06-24
1813881600000,520325.2859163017,520325.2859163017,500261.107870574,516984.1385974902,2060.003294234254,2027-06-25
1813968000000,523270.30942311476,535931.8665888405,523270.30942311476,526236.0861904114,669.9955610304091,2027-06-26
1814054400000,558783.8935688275,598140.0227742308,558783.8935688275,573705.3493125689,1860.7992204454206,2027-06-27
1814140800000,569762.723694225,569762.723694225,533368.4403013622,548624.4549694639,687.2460021367639,2027-06-28
1814227200000,548624.4549694639,553797.2397146585,532480.0415871902,549181.1320676949,1050.6737955565839,2027-06-29
1814313600000,581923.511850748,598366.4195919795,581923.511850748,582636.515768119,1587.3942043616682,2027-06-30
1814400000000,582636.515768119,586138.616025936,572771.0999479808,580696.7194518008,1176.3180399553153,2027-07-01
1814486400000,589474.5121027438,601834.3693003078,589474.5121027438,591801.4562449098,1431.442447768157,2027-07-02
1814572800000,576931.2017543531,576931.2017543531,557908.5519098489,566051.2521699145,1717.7484570000022,2027-07-03
1814659200000,566051.2521699145,591089.8169465214,549790.4791629177,576294.9064926206,2454.5611193538634,2027-07-04
1814745600000,571811.6202623023,571811.6202623023,564602.2014606768,571796.4419292805,3181.433331160105,2027-07-05
1814832000000,571796.4419292805,609485.2307451147,566380.7750152854,595891.9925957798,1106.0208205992647,2027-07-06
1814918400000,604994.9272790113,627069.1794123405,604994.9272790113,626268.9624770727,977.9712098996148,2027-07-07
1815004800000,697424.890645666,703337.0519129878,697424.890645666,697997.2033478405,931.2020357097774,2027-07-08
1815091200000,713016.0371049745,731469.9871756133,713016.0371049745,715145.9198830791,549.1458464757217,2027-07-09
1815177600000,715145.9198830791,730638.7914609752,702877.5313215007,724969.0559558434,1930.0573680300215,2027-07-10
1815264000000,724969.0559558434,734457.5138838161,713523.9556843274,730894.118111004,792.5505366702455,2027-07-11
1815350400000,726096.2956523505,726096.2956523505,708669.0695788328,720164.8535663004,624.2927838294835,2027-07-12
1815436800000,725259.269015279,734666.0121351912,725259.269015279,730444.8940235268,1386.0118693787072,2027-07-13
1815523200000,727463.7660296232,727463.7660296232,720838.7821597029,721465.2252409245,1523.6260426213853,2027-07-14
1815609600000,721465.2252409245,750602.1568133917,717577.5141206632,726572.520363188,731.7266693823399,2027-07-15
1815696000000,738875.408592127,783512.5702851922,738875.408592127,767786.1664111549,698.0355238375173,2027-07-16
1815782400000,745698.5098062627,745698.5098062627,708197.9506136093,736098.0931652038,2456.6722376461985,2027-07-17
1815868800000,766516.4247651822,776243.466009318,766516.4247651822,772084.9364062756,1619.3767460353797,2027-07-18
1815955200000,804160.7693814628,821785.9034932173,804160.7693814628,815863.7174023028,1082.585335283888,2027-07-19
1816041600000,815863.7174023028,833414.7738887656,785729.2854691033,811840.0489499139,3642.254438419255,2027-07-20
1816128000000,746416.0235366562,746416.0235366562,741496.3254354061,742819.4156157657,2817.555097472637,2027-07-21
1816214400000,736783.7824469992,736783.7824469992,714596.2840642707,724151.8312392407,5927.106149660532,2027-07-22
1816300800000,739136.9734821221,771068.8670432044,739136.9734821221,764568.2687220568,1234.345780501203,2027-07-23
1816387200000,764568.2687220568,775350.8564569121,749058.4947021884,763836.4874797035,1086.2672821216834,2027-07-24
1816473600000,734167.4111517237,734167.4111517237,731093.7259146887,732533.48202426,1720.4787230289535,2027-07-25
1816560000000,720829.5484116208,720829.5484116208,707216.2661615615,717212.4835628833,1560.324153708477,2027-07-26
1816646400000,741590.3818804785,745144.1363373406,741590.3818804785,742907.987650163,3190.2188596061847,2027-07-27
1816732800000,747747.7040584638,775009.020612326,747747.7040584638,760112.2140112714,595.9416328514551,2027-07-28
1816819200000,760112.2140112714,777339.3090780892,751263.4582117863,752545.1917259995,699.9374620934279,2027-07-29
1816905600000,745965.7627903838,745965.7627903838,736915.1147862208,741074.1416264863,1132.337421993219,2027-07-30
1816992000000,741074.1416264863,748100.4184019469,725798.6491643991,729016.4008560852,879.9507180609544,2027-07-31
1817078400000,727173.810199404,727173.810199404,691186.7444850461,701395.0672351983,829.3872066536055,2027-08-01
1817164800000,747665.926383732,762651.1124687452,747665.926383732,750480.3043267507,839.5848073781721,2027-08-02
1817251200000,748491.0501007806,748491.0501007806,723684.2015429346,740419.2558936756,1746.8852020033178,2027-08-03
1817337600000,760154.3142033386,797373.1626389186,760154.3142033386,779134.5705519635,790.6229287461431,2027-08-04
1817424000000,827830.011892434,851091.103750319,827830.011892434,830383.1626414232,1102.0704539762937,2027-08-05
1817510400000,861200.8152912473,886853.0514805536,861200.8152912473,865831.5897200215,1055.8335484902193,2027-08-06
1817596800000,857683.6947988753,857683.6947988753,849746.6790921828,850323.4348812624,1087.1902521073248,2027-08-07
1817683200000,850323.4348812624,877217.9680040558,845448.37584074,864820.9988203174,1508.288124398501,2027-08-08
1817769600000,864820.9988203174,889889.5807362702,858794.4859189808,863945.2364016195,1279.436017265633,2027-08-09
1817856000000,846327.8390091269,846327.8390091269,824860.1461252724,831863.0710211443,2685.3628529202597,2027-08-10
1817942400000,841807.4456783632,861748.0180171768,841807.4456783632,843238.6734078103,1381.5321767443515,2027-08-11
1818028800000,819995.6957948536,819995.6957948536,792669.3052324222,802618.1175827578,1576.3290482856555,2027-08-12
1818115200000,802618.1175827578,849431.5151613435,799517.6657558569,843543.7902154457,2124.782666674772,2027-08-13
1818201600000,843543.7902154457,851224.5505215843,800261.6508384967,827290.9698039996,600.5831853584674,2027-08-14
1818288000000,827290.9698039996,852539.6054743392,803128.33864061,834288.9564926726,1020.2354076709825,2027-08-15
1818374400000,840798.9761386157,852551.9043568006,840798.9761386157,844244.5340193864,1400.6777092953475,2027-08-16
1818460800000,844244.5340193864,845893.7076617863,826229.2372763153,835141.206662608,686.9688058199425,2027-08-17
1818547200000,842659.5603851789,861119.3878231418,842659.5603851789,855912.3585282889,2635.8409094433546,2027-08-18
1818633600000,855912.3585282889,890627.0736684904,821001.8384691911,839059.7429137598,3013.77879190895,2027-08-19
1818720000000,853479.8888381947,872410.1109254351,853479.8888381947,870237.8274299143,820.773788871442,2027-08-20
1818806400000,849549.8721444046,849549.8721444046,796843.9495545212,822546.5707722509,838.0871648921142,2027-08-21
1818892800000,822546.5707722509,838331.592354535,819591.1148501381,826911.0316878703,572.4222314736845,2027-08-22
1818979200000,887118.3830022672,914774.2738323385,887118.3830022672,896849.1313537449,922.3659665038688,2027-08-23
1819065600000,861712.7978346433,861712.7978346433,856903.860456577,860058.0334932421,1962.834518066683,2027-08-24
1819152000000,840623.2127641576,840623.2127641576,829590.8769655142,835992.8273289948,1122.777890055731,2027-08-25
1819238400000,852656.8747576801,873323.9165637499,852656.8747576801,854177.7978298819,1938.8476189314854,2027-08-26
1819324800000,857776.557005603,897820.1705950695,857776.557005603,860625.2486128457,2379.6406681735443,2027-08-27
1819411200000,873141.4418128176,873396.5473404055,873141.4418128176,873354.3851349294,2877.7739120363003,2027-08-28
1819497600000,873354.3851349294,896976.2127647839,860311.4617162797,891428.8213210695,1254.266544690837,2027-08-29
1819584000000,891428.8213210695,921002.4082795528,874168.3356478881,915439.1218123572,1565.3222023432827,2027-08-30
1819670400000,946347.6616146406,992121.5186613337,946347.6616146406,958981.0746601825,2474.95344274161,2027-08-31
1819756800000,958981.0746601825,978987.6650262582,951293.3111737553,975579.8882244204,1024.2825826555936,2027-09-01
1819843200000,975579.8882244204,987953.0176090912,949151.327939783,965773.803685953,1522.3484765181756,2027-09-02
1819929600000,972708.3531288077,997838.6146809333,972708.3531288077,993359.8074897412,2919.2953290719583,2027-09-03
1820016000000,1075417.6906328355,1102683.249960049,1075417.6906328355,1075615.6073945789,520.6125981359849,2027-09-04
1820102400000,1075615.6073945789,1103792.1749956324,1053662.7061202251,1069658.310668133,2482.931474317549,2027-09-05
1820188800000,1047880.1764284577,1047880.1764284577,1002545.9291856285,1026887.0101284373,1621.5318438299641,2027-09-06
1820275200000,1059896.7534706653,1112117.0682032558,1059896.7534706653,1075611.8969068485,2155.365363551361,2027-09-07
1820361600000,1074689.4330082594,1074689.4330082594,1038851.3333336232,1070203.562369538,1432.7052797730453,2027-09-08
1820448000000,1001034.8196572126,1001034.8196572126,969520.0405610861,977136.1302255088,1053.3894366687264,2027-09-09
1820534400000,993208.3593561533,1032547.3956459557,993208.3593561533,1012432.2058287727,1268.2852076459699,2027-09-10
1820620800000,1012432.2058287727,1032976.3352516994,953483.7839688819,989989.7140395315,595.5612843271048,2027-09-11
1820707200000,989989.7140395315,1005041.0208775683,971889.3568455509,986243.784865022,719.3428210098432,2027-09-12
1820793600000,990493.4405399545,1029867.8770721037,990493.4405399545,1000049.6083519674,1376.7293731606596,2027-09-13
1820880000000,1000049.6083519674,1025732.8952172985,963591.5352105142,1008058.8736000868,1270.393997190703,2027-09-14
1820966400000,1029671.0169427084,1048654.9282608633,1029671.0169427084,1038455.0694387982,2623.785588631445,2027-09-15
1821052800000,1038455.0694387982,1061631.1990965223,988068.6366297615,1019689.9186844641,536.2617315442433,2027-09-16
1821139200000,1039408.1597007815,1106817.5184677686,1039408.1597007815,1041835.777512485,1318.3496317837553,2027-09-17
1821225600000,1041835.777512485,1049301.4074468124,1018552.7621494504,1030574.1689916274,790.6506533052255,2027-09-18
1821312000000,1037885.5137322849,1063117.0788921742,1037885.5137322849,1062955.2269429932,741.0227518252077,2027-09-19
1821398400000,1080750.131960116,1094648.332386183,1080750.131960116,1090701.2346498754,655.12004555869,2027-09-20
1821484800000,1055245.331864141,1055245.331864141,1008707.233828237,1048803.8710047773,655.2915465236134,2027-09-21
1821571200000,1070558.8192527674,1106468.2968097352,1070558.8192527674,1097598.5598282695,910.8625175667901,2027-09-22
1821657600000,1097598.5598282695,1111926.4921064181,1055299.6027223032,1073239.643886958,590.9532019935916,2027-09-23
1821744000000,1097041.6366499467,1124963.9276790186,1097041.6366499467,1110175.733621114,1058.650121111126,2027-09-24
1821830400000,1110175.733621114,1156846.0525711488,1107636.7639320092,1127381.9414618865,512.1433684568502,2027-09-25
1821916800000,1206442.3006154012,1279818.7173992249,1206442.3006154012,1217585.772905976,3793.3433155358352,2027-09-26
1822003200000,1217585.772905976,1226271.0553320735,1144092.75248545,1206245.4820748635,1351.9122842454078,2027-09-27
1822089600000,1206245.4820748635,1216615.2221554948,1169942.4287141368,1188729.8293949745,804.6703764912344,2027-09-28
1822176000000,1188729.8293949745,1229873.4611281378,1187000.7420226606,1187763.5770504521,1199.6064109117083,2027-09-29
1822262400000,1176497.5702509936,1176497.5702509936,1165593.118531934,1172779.84639558,2139.743155848966,2027-09-30
1822348800000,1181002.1493120736,1237466.8146051161,1181002.1493120736,1212729.4536831689,1056.157601207073,2027-10-01
1822435200000,1179243.559427066,1179243.559427066,1127273.8932489639,1133366.3954377198,2648.574717484155,2027-10-02
1822521600000,1129494.055648982,1129494.055648982,1083414.2353935787,1084447.356274135,1901.067500193853,2027-10-03
1822608000000,1048459.0936047193,1048459.0936047193,1008315.392361068,1037026.4349450074,2507.88200396462,2027-10-04
1822694400000,1043962.5631909661,1094195.854506653,1043962.5631909661,1079124.9906071073,741.7461395160736,2027-10-05
1822780800000,1137443.441330653,1191958.1878659034,1137443.441330653,1159258.522258756,693.6931140991053,2027-10-06
1822867200000,1159258.522258756,1175014.549458527,1133770.108251975,1154199.347786401,1105.443072205002,2027-10-07
1822953600000,1150555.6898130085,1150555.6898130085,1145006.4766560209,1146068.8235355439,996.0884909683889,2027-10-08
1823040000000,1146068.8235355439,1190150.751081008,1112248.3879392776,1149435.5895141368,1042.5897896972347,2027-10-09
1823126400000,1204296.4109980578,1222741.04501253,1204296.4109980578,1206741.1020738268,1226.8001639366562,2027-10-10
1823212800000,1189749.2512186945,1189749.2512186945,1160387.4260718233,1160779.2152155607,609.6356254991208,2027-10-11
1823299200000,1161381.5829320797,1202971.8664216206,1161381.5829320797,1172423.4825177062,789.5907624254021,2027-10-12
1823385600000,1207445.9750998802,1231812.638524142,1207445.9750998802,1221290.761383515,896.851750688169,2027-10-13
1823472000000,1221290.761383515,1248265.7857902953,1208684.8979569136,1247187.5728493324,519.8053704236808,2027-10-14
1823558400000,1247187.5728493324,1264391.8355652892,1203374.698946291,1257127.8048528924,2789.0661698316135,2027-10-15
1823644800000,1298148.215353838,1322538.420903329,1298148.215353838,1310943.7749857034,2070.029786395229,2027-10-16
1823731200000,1177176.6993298952,1177176.6993298952,1146625.8986399376,1170642.0988445992,686.5135000974842,2027-10-17
1823817600000,1181891.20091374,1226022.6884887805,1181891.20091374,1204347.219266702,1312.4632773121898,2027-10-18
1823904000000,1186346.617615812,1186346.617615812,1168932.9531534824,1171809.323462405,635.0984964013412,2027-10-19
1823990400000,1100940.6225117254,1100940.6225117254,1058903.6857173897,1085339.9115798322,654.4123420446969,2027-10-20
1824076800000,1090103.5138065445,1118820.8890635078,1090103.5138065445,1108823.201471129,1575.4488570504636,2027-10-21
1824163200000,1111510.7316380092,1201237.1501485477,1111510.7316380092,1174473.2316720295,1184.820885855795,2027-10-22
1824249600000,1174473.2316720295,1177742.8381309453,1162093.6542940976,1167732.957920659,1603.1646206996184,2027-10-23
1824336000000,1197020.234600359,1226269.0145334043,1197020.234600359,1215268.22410314,1074.9760393278173,2027-10-24
1824422400000,1292670.702502064,1328286.2870754376,1292670.702502064,1300146.8424450876,1206.7797648445937,2027-10-25
1824508800000,1342831.8518064716,1375676.2419784004,1342831.8518064716,1373741.2101890456,1942.2947119642592,2027-10-26
1824595200000,1419146.3468036144,1475545.696565317,1419146.3468036144,1471392.986062548,5330.311906918656,2027-10-27
1824681600000,1502562.3647345842,1545768.0277734157,1502562.3647345842,1517835.5568029126,1035.8829640690278,2027-10-28
1824768000000,1517835.5568029126,1530614.9044359368,1512506.5663880273,1522637.526549075,1014.084134642865,2027-10-29
1824854400000,1436636.9405138993,1436636.9405138993,1395087.7627084253,1423848.5722420407,1563.1134744904607,2027-10-30
1824940800000,1423848.5722420407,1429253.5303387092,1360677.408465529,1409253.1288470388,941.9869368739737,2027-10-31
1825027200000,1409253.1288470388,1412724.9704898358,1334780.6203017866,1360360.6289573028,587.6010837983474,2027-11-01
1825113600000,1448284.3425148777,1521323.4311798578,1448284.3425148777,1489820.5868256583,898.9946810368274,2027-11-02
1825200000000,1489820.5868256583,1524248.955082665,1458190.674168571,1478888.3250780017,920.138242638817,2027-11-03
1825286400000,1478888.3250780017,1536270.2695525698,1466389.0287681168,1486537.7246305933,1216.489902843661,2027-11-04
1825372800000,1518171.0809638447,1606208.279978946,1518171.0809638447,1521265.5580155717,3028.1940067467776,2027-11-05
1825459200000,1521265.5580155717,1527132.6192461448,1505110.2439090752,1524045.6295633102,2421.6171281893253,2027-11-06
1825545600000,1624430.8132327734,1653241.2277204855,1624430.8132327734,1636151.4686437373,519.2270704205976,2027-11-07
1825632000000,1601721.765896527,1601721.765896527,1589922.974228372,1594043.7918733365,1570.6012709284003,2027-11-08
1825718400000,1604479.1972897935,1626550.4135612976,1604479.1972897935,1607086.6871103162,3027.1523237919882,2027-11-09
1825804800000,1573537.669233744,1573537.669233744,1556904.0718624464,1557890.8378545714,1670.6059587505401,2027-11-10
1825891200000,1507017.3101974307,1507017.3101974307,1472525.0538317396,1474115.8267631794,741.1443597319945,2027-11-11
1825977600000,1440391.8820919027,1440391.8820919027,1415969.0142616688,1436832.7390466824,1472.9390738429056,2027-11-12
1826064000000,1436832.7390466824,1475130.4455794636,1433872.2754454727,1434606.1171955455,2473.344810512864,2027-11-13
1826150400000,1430226.2748198677,1430226.2748198677,1358623.6503878518,1409047.2466481484,1333.6916404427743,2027-11-14
1826236800000,1406477.40783217,1406477.40783217,1331253.2445600063,1368779.392011051,2990.1021853001307,2027-11-15
1826323200000,1301075.7287571812,1301075.7287571812,1267936.8260207686,1290502.1054932333,504.3691106352031,2027-11-16
1826409600000,1290502.1054932333,1293474.3563163658,1267932.7200444706,1286019.0204761552,967.7123139771923,2027-11-17
1826496000000,1217871.172055357,1217871.172055357,1172641.9836746184,1207488.8648875207,1085.0358284000808,2027-11-18
1826582400000,1245024.686382212,1247122.6714905447,1245024.686382212,1246537.1198363057,2163.0122990257387,2027-11-19
1826668800000,1246537.1198363057,1280003.1221173755,1226252.1150746539,1250847.6955345622,1697.7155024147937,2027-11-20
1826755200000,1192330.2828853896,1192330.2828853896,1169448.347615352,1176787.2926696884,818.096173095531,2027-11-21
1826841600000,1168442.9697316433,1168442.9697316433,1161563.4459134343,1161648.7100575883,650.874998225032,2027-11-22
1826928000000,1144136.5957767027,1144136.5957767027,1083736.7460731594,1125631.898248931,578.0627853031433,2027-11-23
1827014400000,1128182.572393324,1144609.6236157946,1128182.572393324,1140777.0479764093,2937.0794396794504,2027-11-24
1827100800000,1187011.9927201592,1224512.6679675654,1187011.9927201592,1206639.9037125374,1433.2323841098996,2027-11-25
1827187200000,1149594.1305335062,1149594.1305335062,1084211.933635927,1115517.8619995143,1490.8025198501564,2027-11-26
1827273600000,1120148.4873513686,1127741.9908837897,1120148.4873513686,1120903.8171094165,1817.853093460961,2027-11-27
1827360000000,1120903.8171094165,1123619.185033662,1105823.9124397715,1113412.8662903756,742.8868778441723,2027-11-28
1827446400000,1124682.8408748435,1145998.2971946301,1124682.8408748435,1145156.8208322546,1221.7127092367464,2027-11-29
1827532800000,1145156.8208322546,1160600.2288066933,1125126.586619187,1155425.8372549259,1345.9558209285406,2027-11-30
1827619200000,1132662.3212973508,1132662.3212973508,1118845.640639428,1119610.7354996921,1455.0702735098794,2027-12-01
1827705600000,1112433.34067643,1112433.34067643,1097395.207268551,1104752.1711392873,1402.2195320080327,2027-12-02
1827792000000,1094417.6821333896,1094417.6821333896,1061319.7133394573,1068534.744349152,631.7770167059941,2027-12-03
1827878400000,1111859.2727377324,1119091.317079705,1111859.2727377324,1117780.410180515,758.021953302229,2027-12-04
1827964800000,1117780.410180515,1130511.7595853822,1095768.5835848686,1118778.3650324321,1440.187235844257,2027-12-05
1828051200000,1205323.3739890559,1229172.4011652227,1205323.3739890559,1211485.9201939576,2739.9350742529623,2027-12-06
1828137600000,1211485.9201939576,1248170.2046220761,1184823.0821016396,1208412.5229451654,1120.5687796356121,2027-12-07
1828224000000,1197744.5486024523,1197744.5486024523,1165639.0453583049,1173092.9054575555,3148.757880964118,2027-12-08
1828310400000,1118710.958461169,1118710.958461169,1091502.4675827431,1101043.7833224074,2021.07512603621,2027-12-09
1828396800000,1055808.189913776,1055808.189913776,1009079.297126928,1020970.9726169792,2237.808305866575,2027-12-10
1828483200000,955686.7377138787,955686.7377138787,953585.425976878,955443.2944757884,914.3092493916319,2027-12-11
1828569600000,955443.2944757884,988814.3680522072,938506.6164297295,966190.5329464944,2407.065607797691,2027-12-12
1828656000000,980284.463950464,1008692.2928310485,980284.463950464,986993.4090129937,807.3367828464056,2027-12-13
1828742400000,977632.1756754998,977632.1756754998,902520.4725178448,923760.388717858,511.7132323494097,2027-12-14
1828828800000,945245.1005020884,998255.8737663297,945245.1005020884,959038.7451282598,1396.2783334909536,2027-12-15
1828915200000,949392.0856296158,949392.0856296158,908179.4162396119,939834.5215089496,569.0824342662456,2027-12-16
1829001600000,939834.5215089496,950306.1831679505,927035.3206878223,945629.285778771,821.5549238133067,2027-12-17
1829088000000,994977.3817412845,1014468.9485873714,994977.3817412845,1011672.9284482491,1308.1599027688324,2027-12-18
1829174400000,1029785.9406185743,1076906.1407290807,1029785.9406185743,1050387.871730574,1532.1803963742357,2027-12-19
1829260800000,1050387.871730574,1064227.0048761333,1021861.3981022089,1038643.0155198181,1546.1006080337672,2027-12-20
1829347200000,1017371.8199168154,1017371.8199168154,957444.8843368352,1000597.5404240926,511.4550271104334,2027-12-21
1829433600000,932265.1296298828,932265.1296298828,886030.7182527144,914381.3426128442,3357.8801564939877,2027-12-22
1829520000000,893626.7002097879,893626.7002097879,864157.1067760681,887256.3462335849,790.5956218099973,2027-12-23
1829606400000,887256.3462335849,890436.1988884583,859047.9911172516,879446.8187717071,1147.3480442579876,2027-12-24
1829692800000,846273.6708498072,846273.6708498072,810511.3556792132,843834.1953979577,680.7672759303249,2027-12-25
1829779200000,843834.1953979577,870297.1106807593,835703.5598920704,839208.9999126641,1072.7866658541084,2027-12-26
1829865600000,839208.9999126641,867658.4198081599,820915.5078395553,841913.9993974281,858.3320587460106,2027-12-27
1829952000000,835160.8572118119,835160.8572118119,786476.1475320396,834024.0764121054,1366.3972935592894,2027-12-28
1830038400000,826540.7664321115,826540.7664321115,787718.9229197417,811629.6325002203,587.6275238188273,2027-12-29
1830124800000,811629.6325002203,838910.945411283,802336.7129934998,817381.8364006586,2552.181929741119,2027-12-30
1830211200000,830045.1188183858,866381.4493397649,830045.1188183858,832648.9579880093,1229.0623492839554,2027-12-31
1830297600000,813748.6634031449,813748.6634031449,761959.0634241508,795485.6887661491,621.6399408291222,2028-01-01
1830384000000,827136.9402440836,867118.0928210756,827136.9402440836,843900.0962653685,952.3985622610782,2028-01-02
1830470400000,843435.0814859049,843435.0814859049,818474.551025278,840423.4292594767,1771.3898226413867,2028-01-03
1830556800000,840423.4292594767,855887.9596802746,828984.9097750967,841087.0436274551,656.9883803303308,2028-01-04
1830643200000,841087.0436274551,871811.6573580331,836429.0905579227,866403.6118544806,530.4800589570849,2028-01-05
1830729600000,866403.6118544806,899491.9562503722,839477.7046858594,874906.0740597975,3560.2625282289846,2028-01-06
1830816000000,909194.9892419006,936007.5887130513,909194.9892419006,910531.1384956901,1292.1449648794774,2028-01-07
1830902400000,917983.7422991771,922978.9842081275,917983.7422991771,921544.5402629393,1356.9599062537818,2028-01-08
1830988800000,911662.6932867707,911662.6932867707,885157.2915200423,898211.856294132,724.6108361426705,2028-01-09
1831075200000,898211.856294132,921992.8427721605,886078.3375629282,911912.0309061453,1201.9471959632003,2028-01-10
1831161600000,899332.4062922181,899332.4062922181,864919.2723323184,869267.7890094059,1203.25417690502,2028-01-11
1831248000000,869267.7890094059,878890.9741239712,864530.2670898983,873228.3188108298,1049.6849779197178,2028-01-12
1831334400000,873228.3188108298,913895.321963617,866488.9230244393,872014.0929832598,1850.0776445291751,2028-01-13
1831420800000,872014.0929832598,876873.9223033182,851035.1721092022,864447.7970059128,1782.3370388816606,2028-01-14
1831507200000,864447.7970059128,870680.216029027,839978.8808057439,859807.5193071672,1134.5866828460726,2028-01-15
1831593600000,814083.5768976002,814083.5768976002,781760.1506306793,794655.0846367342,899.5131426242929,2028-01-16
1831680000000,781279.8791506485,781279.8791506485,759850.142891004,776604.2619308614,4407.753770712317,2028-01-17
1831766400000,776604.2619308614,788575.5379742993,757764.8296997258,779629.40470638,1067.3484452370517,2028-01-18
1831852800000,779629.40470638,785228.5412239765,772023.3771992141,784865.6034949052,1711.2133829919703,2028-01-19
1831939200000,768889.0538227586,768889.0538227586,751200.1767783513,751807.056415156,840.9942689356914,2028-01-20
1832025600000,761335.2166144975,812419.8175003926,761335.2166144975,792727.7594952132,2070.232228865859,2028-01-21
1832112000000,783491.0901097371,783491.0901097371,749048.0706262199,764490.5981155346,645.5101087649263,2028-01-22
1832198400000,788736.5887162341,808806.9157716152,788736.5887162341,796163.6016723096,2167.228894310218,2028-01-23
1832284800000,796163.6016723096,822918.0879224532,794734.5587606924,810533.7606033435,3369.952801375501,2028-01-24
1832371200000,810533.7606033435,830311.1980415978,760160.0810329469,788894.7598120709,1118.1019884871293,2028-01-25
1832457600000,813746.5270788445,854813.2109402406,813746.5270788445,849775.4541349376,1423.3343104017013,2028-01-26
1832544000000,843679.4080194604,843679.4080194604,801130.4844627775,808345.7675884808,2754.430587348065,2028-01-27
1832630400000,838228.8391681074,847981.8495744664,838228.8391681074,840064.3363607998,1037.4880311638044,2028-01-28
1832716800000,862092.2161707918,904895.448764459,862092.2161707918,876009.3615260804,3507.64318923211,2028-01-29
1832803200000,866255.2027898896,866255.2027898896,836703.3733669209,851751.8978540612,1235.6697580522664,2028-01-30
1832889600000,889025.5159078368,919465.0208896672,889025.5159078368,902892.2814674204,1303.458330798137,2028-01-31
1832976000000,902892.2814674204,917252.4932485786,871887.1721086112,893487.9341462145,1156.3793807009906,2028-02-01
1833062400000,893487.9341462145,930438.2490060554,872163.5285922543,904354.6203545823,721.111292561264,2028-02-02
1833148800000,904354.6203545823,914534.7218915725,903474.6337058407,914266.6393491717,1823.959655178974,2028-02-03
1833235200000,914266.6393491717,942835.1104605392,888449.0575841281,909139.2058476545,1022.8379815558416,2028-02-04
1833321600000,909139.2058476545,962329.3131659029,895744.2626947329,940536.0135654099,1284.1005788937591,2028-02-05
1833408000000,972133.8664820951,995129.0498903696,972133.8664820951,972311.6865516527,1185.328781055382,2028-02-06
1833494400000,904750.8010504829,904750.8010504829,902703.6909976503,903664.8415038926,3197.7887900429882,2028-02-07
1833580800000,932838.7236882106,987150.5346783167,932838.7236882106,954393.7975847762,1013.8195516543121,2028-02-08
1833667200000,894782.032438519,894782.032438519,876667.2533693905,890213.5037331836,1966.0732048774512,2028-02-09
1833753600000,927301.5712136559,937408.620457667,927301.5712136559,929547.656122295,2217.3644405896007,2028-02-10
1833840000000,968791.6518077545,979698.7190917776,968791.6518077545,974454.3081231177,816.0310789345558,2028-02-11
1833926400000,950370.5433012678,950370.5433012678,912757.3058009875,930939.7837479709,2433.8404169383584,2028-02-12
1834012800000,930939.7837479709,931420.4126393723,902739.8341589237,915062.3398973243,763.7827681159554,2028-02-13
1834099200000,878999.6456999099,878999.6456999099,848461.7229401176,873660.6360725434,505.78737589272765,2028-02-14
1834185600000,873660.6360725434,900590.8650186128,839164.8727573582,865833.3272748167,620.9765576489515,2028-02-15
1834272000000,865833.3272748167,876038.7792771468,836171.0254759236,854737.0059523982,1776.160842970389,2028-02-16
1834358400000,854737.0059523982,896399.543868948,849455.858236848,883102.4900758698,3411.9368208416327,2028-02-17
1834444800000,909279.8500027035,974028.9152524234,909279.8500027035,932910.2672725008,1146.9094014210882,2028-02-18
1834531200000,988810.7833880705,1030133.5690774451,988810.7833880705,989056.8015207838,2069.7679656928626,2028-02-19
1834617600000,982907.3362232026,982907.3362232026,962622.9622742592,966046.1310382799,3347.16481178853,2028-02-20
1834704000000,960569.7202645468,960569.7202645468,944454.5492528616,957619.6260395837,523.7385651026239,2028-02-21
1834790400000,900538.5925542399,900538.5925542399,854965.1857942215,892439.3028248071,2916.8174081629913,2028-02-22
1834876800000,866132.2370585044,866132.2370585044,847755.3710096884,862826.4496105274,1259.539092744847,2028-02-23
1834963200000,893116.0873713867,907435.2423018059,893116.0873713867,898400.251816412,3122.3277845616576,2028-02-24
1835049600000,956736.0489539591,979494.2325218979,956736.0489539591,961280.7016621052,984.4253550311173,2028-02-25
1835136000000,916185.4381488862,916185.4381488862,880094.9338052477,912857.1821417544,630.7730933829772,2028-02-26
1835222400000,892028.772129956,892028.772129956,876133.510136983,890488.9055965035,1826.0916271464316,2028-02-27
1835308800000,890488.9055965035,891013.7745182799,889088.2380945763,889504.8251348569,605.9499767912823,2028-02-28
1835395200000,899263.8489643335,937064.6411536377,899263.8489643335,900001.4512788418,907.5703123653796,2028-02-29
1835481600000,889852.3239950528,889852.3239950528,850465.484272315,870001.6496913958,1717.179318799293,2028-03-01
1835568000000,885299.7663093003,901597.7733577293,885299.7663093003,885588.3297058943,1171.7703380510113,2028-03-02
1835654400000,885588.3297058943,893431.43766833,864014.137637398,868190.0961739626,867.671018862966,2028-03-03
1835740800000,868190.0961739626,869885.5481867911,860053.8502531786,867664.8497914702,785.7316343628563,2028-03-04
1835827200000,873915.66572818,906859.8603595841,873915.66572818,887741.4865519542,896.3386558985142,2028-03-05
1835913600000,887741.4865519542,900269.7713120827,878406.7183587273,887980.2550435037,1991.025751083043,2028-03-06
1836000000000,874348.736934258,874348.736934258,852305.3962318598,871901.3809452847,1207.1043626064502,2028-03-07
1836086400000,871901.3809452847,886473.213768605,841807.9342748275,867908.7051976341,2164.5314340477653,2028-03-08
1836172800000,865461.4947067816,865461.4947067816,863007.6008356124,864703.2874928205,828.6903604004956,2028-03-09
1836259200000,859435.172557445,859435.172557445,837932.5324438899,851408.9946461329,870.7236147894589,2028-03-10
1836345600000,851408.9946461329,879022.941310264,837313.9758927881,842232.2552984162,979.8124001156824,2028-03-11
1836432000000,877098.1927207609,918043.7968948663,877098.1927207609,900542.5613936073,842.8899343000987,2028-03-12
1836518400000,921240.2229578388,930091.905392578,921240.2229578388,921944.7708465157,583.1524217631345,2028-03-13
1836604800000,921944.7708465157,922720.6829013708,908364.534771572,910607.9040649576,1778.3795179722829,2028-03-14
1836691200000,910607.9040649576,951360.5272578658,908710.3318761814,937574.8658732173,2216.4273129447147,2028-03-15
1836777600000,937574.8658732173,951189.1176171401,915391.7269891511,924560.3091536891,1217.4878027791533,2028-03-16
1836864000000,924906.3050762198,1007369.4889675936,924906.3050762198,971111.8022438075,1332.5788978696453,2028-03-17
1836950400000,980036.1177216887,991252.9965873777,980036.1177216887,986259.9573696678,3372.243011910058,2028-03-18
1837036800000,986259.9573696678,987417.6685794401,972301.2297437316,981838.4735176652,1183.307639318145,2028-03-19
1837123200000,981838.4735176652,1000797.289395799,975060.8077401889,1000419.2764231403,1878.4640555036367,2028-03-20
1837209600000,944817.669165276,944817.669165276,924937.7288214648,936730.6069148142,1815.9331810016245,2028-03-21
1837296000000,902003.2453253026,902003.2453253026,874516.5531178166,893560.0778025595,807.7028341639997,2028-03-22
1837382400000,873556.1100335721,873556.1100335721,832998.2087999284,849985.4725798757,958.62411207543,2028-03-23
1837468800000,852824.3982521998,871478.1295503149,852824.3982521998,855088.3911756764,2134.8464590715703,2028-03-24
1837555200000,894976.2667880852,947342.4869133852,894976.2667880852,919428.2678208678,1792.4019191468306,2028-03-25
1837641600000,1004591.1037985871,1015944.876373904,1004591.1037985871,1009474.622589579,1457.69688554192,2028-03-26
1837728000000,1030583.1248598436,1064557.035134361,1030583.1248598436,1036808.9891690499,3352.5143603871384,2028-03-27
1837814400000,1044071.386140843,1075623.0911788119,1044071.386140843,1058782.8938383884,912.052922269507,2028-03-28
1837900800000,994119.1510072389,994119.1510072389,962482.4388520443,981869.0780474332,1951.512762243915,2028-03-29
1837987200000,981869.0780474332,994533.0587134339,950377.0632487132,959808.8036933211,988.5647832028519,2028-03-30
1838073600000,939595.3856774716,939595.3856774716,904873.260551199,928663.5530467406,4230.281850317759,2028-03-31
1838160000000,912285.3675981064,912285.3675981064,868663.2607772944,904831.9121912397,1620.8621033600207,2028-04-01
1838246400000,904831.9121912397,921153.5960151753,895743.6309523316,898483.510945712,1934.404123986763,2028-04-02
1838332800000,891454.2182368068,891454.2182368068,873573.5957337542,880896.4429524369,1553.250027609153,2028-04-03
1838419200000,825189.9542072809,825189.9542072809,805022.1201710623,810830.5108983347,725.2147087644115,2028-04-04
1838505600000,831119.7819470279,842162.4994208027,831119.7819470279,836625.863948708,2426.5212146506,2028-04-05
1838592000000,803419.318375699,803419.318375699,766925.8927564261,799876.2475043973,2273.429648222239,2028-04-06
1838678400000,802092.203491973,830051.6589212887,802092.203491973,807929.843701284,835.2667108143925,2028-04-07
1838764800000,871272.092746089,941686.614476337,871272.092746089,881235.7524746978,2137.7387624018374,2028-04-08
1838851200000,854724.8607910769,854724.8607910769,823711.4882419754,847954.4802896399,2017.7045005786279,2028-04-09
1838937600000,775741.0283364448,775741.0283364448,745802.9486339908,762706.9746505442,1026.697480638971,2028-04-10
1839024000000,759552.0736009773,759552.0736009773,742590.5776926307,753627.1861693487,511.94237378992534,2028-04-11
1839110400000,760844.7193292185,800283.104834875,760844.7193292185,789183.8313435352,971.5061581223799,2028-04-12
1839196800000,854879.8234522686,875498.905933205,854879.8234522686,856627.3207156829,2935.9456914089415,2028-04-13
1839283200000,818339.3580512151,818339.3580512151,784584.8153420853,813639.10301661,1296.6073147347306,2028-04-14
1839369600000,814883.0900107884,844340.8998581455,814883.0900107884,830738.9831052973,974.8651267716293,2028-04-15
1839456000000,830004.1468115515,830004.1468115515,763004.5434998673,814709.2293693624,522.8282905070387,2028-04-16
1839542400000,814709.2293693624,830363.3223366933,793625.2330509973,811102.8003029146,1320.737630522998,2028-04-17
1839628800000,896262.2469634011,922486.2161330418,896262.2469634011,906076.5628555274,1022.8539053723182,2028-04-18
1839715200000,854414.8928428524,854414.8928428524,823075.221859996,850809.7635164594,721.6802852684392,2028-04-19
1839801600000,859355.12948884,882019.7676042388,859355.12948884,859897.8745427261,1611.620660307303,2028-04-20
1839888000000,871507.3974820178,885184.3393096791,871507.3974820178,876904.2217942269,1130.7404526497567,2028-04-21
1839974400000,904326.5541270839,920752.2891868468,904326.5541270839,917693.9050108563,807.0746290227721,2028-04-22
1840060800000,917693.9050108563,955516.8555944387,867597.5985788227,921466.881169943,3081.6952917372305,2028-04-23
1840147200000,921466.881169943,976591.5882731283,907905.5321542941,933430.1348923931,1013.5846359494835,2028-04-24
1840233600000,933170.0768751412,933170.0768751412,908943.0918586489,918246.8550161015,1066.3319210760246,2028-04-25
1840320000000,920720.7119638892,936446.7486369599,920720.7119638892,928653.4726242617,709.3271720320331,2028-04-26
1840406400000,928653.4726242617,935783.4098692908,895823.1940112642,915403.4108564418,853.0994436545341,2028-04-27
1840492800000,920938.5496189795,960147.4496844133,920938.5496189795,939541.9807883118,761.1388699004781,2028-04-28
1840579200000,937058.9584410405,937058.9584410405,899003.2219311777,925112.6100365934,1146.084846273419,2028-04-29
1840665600000,925112.6100365934,958862.340826325,916586.7065129109,939836.7031066634,883.748515502996,2028-04-30
1840752000000,939836.7031066634,980179.5600963299,921772.896437018,938685.7808610043,658.2610267615454,2028-05-01
1840838400000,977944.1115915481,991012.3437778058,977944.1115915481,984006.9132411007,796.0569424992677,2028-05-02
1840924800000,984006.9132411007,1001383.3050772864,975601.7954478931,981891.5519180684,1588.1111077779797,2028-05-03
1841011200000,936233.2104544909,936233.2104544909,890435.0269614434,911632.5995854858,519.8795099406165,2028-05-04
1841097600000,926281.7572707855,963018.6829429565,926281.7572707855,961100.180590095,2177.6211864717116,2028-05-05
1841184000000,925846.3339200827,925846.3339200827,908019.4201450692,925331.5386245009,946.5091806280038,2028-05-06
1841270400000,925331.5386245009,936510.0807839422,893684.2939646428,900343.4828398539,2654.1459231558542,2028-05-07
1841356800000,884788.3486343054,884788.3486343054,866718.3513275931,878164.2670346755,612.0001888546562,2028-05-08
1841443200000,917968.8391208793,936767.1033342881,917968.8391208793,930188.0506223915,1452.3939916983088,2028-05-09
1841529600000,851014.3362964035,851014.3362964035,810051.7013723828,850613.3969712671,544.3669983137386,2028-05-10
1841616000000,959889.6819610231,991562.4070429223,959889.6819610231,970049.9299691772,1541.4860130780653,2028-05-11
1841702400000,970049.9299691772,1022856.734824643,945638.3153097862,1013909.3443558727,1058.0776006108993,2028-05-12
1841788800000,1020820.864192554,1060409.0737543493,1020820.864192554,1023431.6919585731,1313.8343587115955,2028-05-13
1841875200000,1023431.6919585731,1025035.0347003681,1007184.0794500398,1021081.9062712637,1123.0164607778959,2028-05-14
1841961600000,1021081.9062712637,1037809.6803392883,1016583.898415213,1033364.5419976552,839.9751203886634,2028-05-15
1842048000000,1033364.5419976552,1059696.3956539163,1029200.0154807428,1056161.870451275,1259.9501588569333,2028-05-16
1842134400000,1074527.1417918678,1090020.52418098,1074527.1417918678,1085085.908047789,1477.5604431323777,2028-05-17
1842220800000,1085085.908047789,1113745.5864588944,1078894.3769932678,1110626.7496531268,1774.1196144818089,2028-05-18
1842307200000,1110626.7496531268,1170327.6735115957,1099161.3216940186,1114800.6381145986,889.1073163932547,2028-05-19
1842393600000,1114800.6381145986,1119769.5083486913,1102071.0434967037,1105626.6264789912,1613.964047651577,2028-05-20
1842480000000,1100326.9102341225,1100326.9102341225,1080455.733926745,1098645.2749618082,2714.7952246215677,2028-05-21
1842566400000,1093958.9182825536,1093958.9182825536,1076276.319877627,1089715.0935957932,2362.4555787465624,2028-05-22
1842652800000,1093664.599436859,1178229.9689330056,1093664.599436859,1142697.472573782,1505.7863492467634,2028-05-23
1842739200000,1162337.5440792402,1202113.582204012,1162337.5440792402,1171454.5881850196,924.5707406923023,2028-05-24
1842825600000,1045100.9102341565,1045100.9102341565,989769.8331272351,1035744.6474354384,906.6704520576659,2028-05-25
1842912000000,1053054.1610437708,1065321.0880437756,1053054.1610437708,1064585.7610412939,3588.8940495970214,2028-05-26
1842998400000,1064585.7610412939,1091165.534760569,1042984.9371460556,1073302.2741714166,1536.4202051108234,2028-05-27
1843084800000,1073302.2741714166,1115772.1968728902,1071417.0147705614,1072461.7689385023,1383.8730228097174,2028-05-28
1843171200000,1062712.9929613806,1062712.9929613806,1012799.6834832227,1055155.2751026067,976.6832708307243,2028-05-29
1843257600000,1070682.0434379252,1132735.726517251,1070682.0434379252,1106009.9898090411,2716.3649631970234,2028-05-30
1843344000000,1150402.1711580525,1182428.847535892,1150402.1711580525,1150774.9406202433,1014.426067330991,2028-05-31
1843430400000,1117400.4479944452,1117400.4479944452,1101878.0566907874,1114128.1424237413,911.3389516538731,2028-06-01
1843516800000,1114128.1424237413,1156354.7037045853,1112572.0544528903,1133281.0804224685,552.1926132153619,2028-06-02
1843603200000,1104610.9900424527,1104610.9900424527,1067694.8197895805,1088096.6378352938,1293.2150252387196,2028-06-03
1843689600000,1034725.1336256497,1034725.1336256497,1000677.7753540302,1027018.5097502936,939.4697673954752,2028-06-04
1843776000000,1001497.2971897717,1001497.2971897717,969633.4689931502,1000416.937760318,636.7935499569162,2028-06-05
1843862400000,1004983.1820064187,1051105.5373297979,1004983.1820064187,1037204.009941205,805.0646073151543,2028-06-06
1843948800000,1037204.009941205,1080397.263069543,1026152.9769428754,1079437.1164456587,920.247100030987,2028-06-07
1844035200000,1079437.1164456587,1115855.133954798,1069884.882028838,1102879.6374786084,519.3590946362298,2028-06-08
1844121600000,1124838.28239952,1151419.8403954427,1124838.28239952,1136879.4788882486,544.897594371093,2028-06-09
1844208000000,1145490.617447809,1190645.3542510225,1145490.617447809,1161719.9413299717,2181.090379616866,2028-06-10
1844294400000,1161719.9413299717,1165353.3417915618,1130171.6063796151,1130929.9625889538,1836.4673146980456,2028-06-11
1844380800000,1131848.5331648956,1176626.3709533452,1131848.5331648956,1151570.378533095,2837.256829421664,2028-06-12
1844467200000,1170681.2835015752,1201325.237689861,1170681.2835015752,1190820.823374527,3292.7896055562355,2028-06-13
1844553600000,1213389.5116136565,1250815.61738488,1213389.5116136565,1229033.3511262236,1083.6761731634938,2028-06-14
1844640000000,1273455.7500462497,1296484.5764958325,1273455.7500462497,1291768.7755562281,1853.2581934314826,2028-06-15
1844726400000,1301331.92425701,1374479.0609894767,1301331.92425701,1330655.7652541872,1404.7469250168892,2028-06-16
1844812800000,1340104.2214736892,1381055.8648784112,1340104.2214736892,1350383.1800544672,1688.60565522223,2028-06-17
1844899200000,1390649.7872156007,1421310.1452709124,1390649.7872156007,1412272.0183783637,837.1256691788446,2028-06-18
1844985600000,1412004.233353895,1412004.233353895,1400647.1759859535,1410704.4917767597,521.8642833603393,2028-06-19
1845072000000,1366263.0232130035,1366263.0232130035,1254571.200886499,1359560.7586975514,888.1102851166278,2028-06-20
1845158400000,1359376.8947671463,1359376.8947671463,1323325.159749336,1350308.9579977656,1615.5436382239545,2028-06-21
1845244800000,1313301.3808222977,1313301.3808222977,1267871.7310588653,1308840.2436440005,1391.194284835296,2028-06-22
