timestamp,open,high,low,close,volume,datetime
1672531200000,30103.05781323041,30151.594711298396,30077.0578123328,30090.199222233627,617.6559048780725,2023-01-01 00:00:00
1672533000000,30090.199222233627,30237.111188752588,30045.685275575106,30065.064354042115,579.9766247395721,2023-01-01 00:30:00
1672534800000,30182.70688203149,30315.70456581194,30182.70688203149,30182.98819347742,1727.8778577836497,2023-01-01 01:00:00
1672536600000,30391.8966211187,30610.095958437592,30391.8966211187,30462.1101466275,764.4660917325596,2023-01-01 01:30:00
1672538400000,30462.1101466275,30499.274067787133,30361.1254472001,30419.03010967261,3148.292594543428,2023-01-01 02:00:00
1672540200000,30419.03010967261,30452.156478321238,30358.221548507245,30376.014011414107,887.8644640572495,2023-01-01 02:30:00
1672542000000,30655.051734316214,30810.127981375455,30655.051734316214,30667.33289725112,1522.9744619715448,2023-01-01 03:00:00
1672543800000,30784.083614398987,30815.489570729507,30784.083614398987,30809.909410110806,942.8774286066841,2023-01-01 03:30:00
1672545600000,30801.961158898375,30801.961158898375,30691.504426429376,30722.61041354187,2695.158435666306,2023-01-01 04:00:00
1672547400000,30806.39673816099,31104.784619441445,30806.39673816099,30823.522021304507,1381.5627605399604,2023-01-01 04:30:00
1672549200000,30797.58581811472,30797.58581811472,30719.7452288831,30737.30961929451,1647.64672952438,2023-01-01 05:00:00
1672551000000,30725.671153993524,30725.671153993524,30560.733633277632,30650.91003037715,2228.980713981719,2023-01-01 05:30:00
1672552800000,30650.91003037715,30717.713031840518,30568.709853925597,30695.767168321945,1234.3231800466301,2023-01-01 06:00:00
1672554600000,30378.834026920045,30378.834026920045,30296.18132630728,30342.851140567982,816.6432691086065,2023-01-01 06:30:00
1672556400000,30194.52516416028,30194.52516416028,30025.610561069254,30028.15902524761,643.6721949072962,2023-01-01 07:00:00
1672558200000,29973.679854269732,29973.679854269732,29912.504414776773,29926.282918709545,1880.8899279180805,2023-01-01 07:30:00
1672560000000,29799.932941536114,29799.932941536114,29742.265517602893,29743.647857179236,823.1981099097798,2023-01-01 08:00:00
1672561800000,29786.217943272397,29829.72261952115,29786.217943272397,29800.193775398373,2328.455564214786,2023-01-01 08:30:00
1672563600000,29713.981278421576,29713.981278421576,29536.28492765537,29637.09593453804,607.4653827437935,2023-01-01 09:00:00
1672565400000,29504.70797472943,29504.70797472943,29312.440770598412,29385.192294375483,2349.6761371370294,2023-01-01 09:30:00
1672567200000,29587.189011786624,29738.70158114306,29587.189011786624,29646.652962693355,2724.440907704028,2023-01-01 10:00:00
1672569000000,29646.652962693355,29682.354694656107,29593.934497316506,29606.22510990704,973.7194105595161,2023-01-01 10:30:00
1672570800000,29606.22510990704,29624.177951127196,29440.93728417147,29618.311032433383,990.4493137625132,2023-01-01 11:00:00
1672572600000,29490.61129114928,29490.61129114928,29282.16713141805,29364.35835665379,504.3728164917464,2023-01-01 11:30:00
1672574400000,29314.092446245264,29314.092446245264,29195.692689703694,29267.901408660604,1597.7688851674723,2023-01-01 12:00:00
1672576200000,29270.06584870718,29295.37637439282,29270.06584870718,29287.529592032126,853.8962490032648,2023-01-01 12:30:00
1672578000000,29102.3644682937,29102.3644682937,29059.473898062184,29084.495554943005,1533.243797452025,2023-01-01 13:00:00
1672579800000,29110.954620954977,29162.897292922757,29110.954620954977,29150.613073846875,3641.9105125441147,2023-01-01 13:30:00
1672581600000,29150.613073846875,29293.601495563413,29043.49842438095,29044.980983781385,1111.9351970499988,2023-01-01 14:00:00
1672583400000,29042.05755722146,29042.05755722146,28886.862435713465,28993.820059293957,961.7390844520373,2023-01-01 14:30:00
1672585200000,28993.820059293957,28996.396983896637,28860.625338206795,28888.569672898335,2399.4426877388573,2023-01-01 15:00:00
1672587000000,29113.257558793895,29268.728865401823,29113.257558793895,29213.798061284368,1139.1928577607432,2023-01-01 15:30:00
1672588800000,29213.798061284368,29235.516238927918,29179.18296093721,29211.414986210384,1632.6237783834447,2023-01-01 16:00:00
1672590600000,29161.554875951755,29161.554875951755,28953.527977589834,29025.268395366988,646.8782424806875,2023-01-01 16:30:00
1672592400000,29098.517203363477,29282.281982175595,29098.517203363477,29169.925171938372,879.2526906601768,2023-01-01 17:00:00
1672594200000,29059.55692766726,29059.55692766726,28811.74057325103,28955.47963648258,1748.9941708327506,2023-01-01 17:30:00
1672596000000,28979.06881145729,29008.902660088035,28979.06881145729,28992.055163837736,838.8484927346187,2023-01-01 18:00:00
1672597800000,28697.803426304294,28697.803426304294,28636.597948059396,28650.692898265206,618.2343763567113,2023-01-01 18:30:00
1672599600000,28571.398148689124,28571.398148689124,28411.396854019582,28421.61932504809,2304.724507747006,2023-01-01 19:00:00
1672601400000,28421.61932504809,28475.11399240351,28369.950029716598,28455.456208417992,1178.977219233992,2023-01-01 19:30:00
1672603200000,28455.456208417992,28650.030362154634,28374.586312119212,28582.744624735507,1404.1933879635167,2023-01-01 20:00:00
1672605000000,28589.63324493041,28614.029805503702,28589.63324493041,28612.36443244854,3810.422221009638,2023-01-01 20:30:00
1672606800000,28612.36443244854,28766.731115698163,28573.681027633032,28592.37207080298,873.7685796898804,2023-01-01 21:00:00
1672608600000,28592.37207080298,28602.085889189933,28478.442535115682,28540.385150581784,1236.6729262027566,2023-01-01 21:30:00
1672610400000,28306.798506807703,28306.798506807703,28270.047479339013,28286.479984456768,808.6780643480349,2023-01-01 22:00:00
1672612200000,28172.34969159246,28172.34969159246,28031.8430273668,28163.68066714441,927.8573430933416,2023-01-01 22:30:00
1672614000000,28163.68066714441,28169.29149699103,27970.67723781664,28085.37946695925,4157.165454285179,2023-01-01 23:00:00
1672615800000,28244.559805169014,28280.20418632954,28244.559805169014,28265.397734311235,2015.8388483489996,2023-01-01 23:30:00
1672617600000,28265.397734311235,28518.761552231248,28244.019003951536,28324.16092420052,860.8489699823131,2023-01-02 00:00:00
1672619400000,28032.691761901442,28032.691761901442,27884.788822181043,28023.947315291713,1876.1238826067156,2023-01-02 00:30:00
1672621200000,28075.39980423879,28137.870520907905,28075.39980423879,28078.89320390547,3665.093404396757,2023-01-02 01:00:00
1672623000000,28015.38574522218,28015.38574522218,27994.08714742186,28013.617560789015,3790.5960797829002,2023-01-02 01:30:00
1672624800000,27916.584662680136,27916.584662680136,27844.435831425068,27899.239521219464,755.384329398591,2023-01-02 02:00:00
1672626600000,27975.686588316246,28034.32316796461,27975.686588316246,28002.5727450515,1473.955972391981,2023-01-02 02:30:00
1672628400000,28057.29111762832,28211.09890763394,28057.29111762832,28177.611072611387,658.9520156678252,2023-01-02 03:00:00
1672630200000,28239.02533948474,28379.32408655959,28239.02533948474,28336.659820550085,991.2937947777808,2023-01-02 03:30:00
1672632000000,28292.979458150865,28292.979458150865,28120.99679842821,28193.294145274544,923.4135344939629,2023-01-02 04:00:00
1672633800000,28160.55488803344,28160.55488803344,28100.994192299077,28140.653661872606,1134.8561371298943,2023-01-02 04:30:00
1672635600000,28144.227226205505,28225.17712071834,28144.227226205505,28197.05188834604,564.2220124740727,2023-01-02 05:00:00
1672637400000,28197.05188834604,28435.38206865479,28184.692700274943,28363.79771402048,644.1878005901035,2023-01-02 05:30:00
1672639200000,28285.00757010361,28285.00757010361,28231.80982333447,28281.77161768158,776.9311303092047,2023-01-02 06:00:00
1672641000000,28281.77161768158,28422.811928778556,28249.4733932576,28250.05390526395,579.3021347700508,2023-01-02 06:30:00
1672642800000,28133.149037871808,28133.149037871808,28009.408320631053,28061.785399017896,1115.5657215573474,2023-01-02 07:00:00
1672644600000,28045.85462816558,28045.85462816558,27730.53249318271,27859.634609159195,544.892708900157,2023-01-02 07:30:00
1672646400000,27892.540047113263,28013.7712551855,27892.540047113263,27996.786672801103,734.691808249024,2023-01-02 08:00:00
1672648200000,28177.01691422883,28263.837465414595,28177.01691422883,28227.221900722947,3734.6743548587883,2023-01-02 08:30:00
1672650000000,28219.02875086725,28219.02875086725,28186.64455689166,28214.93930626964,800.4860724923195,2023-01-02 09:00:00
1672651800000,28269.653815539863,28560.245649427823,28269.653815539863,28386.592309542553,575.8897022138439,2023-01-02 09:30:00
1672653600000,28445.147895096015,28462.69673387985,28445.147895096015,28448.70532203958,710.8539411153337,2023-01-02 10:00:00
1672655400000,28374.468983085633,28374.468983085633,28336.35746524191,28337.997225906856,1915.9712237241736,2023-01-02 10:30:00
1672657200000,28337.997225906856,28407.248255840128,28293.25512547673,28399.962639221878,1767.0232789212519,2023-01-02 11:00:00
1672659000000,28553.164646737692,28727.54529643756,28553.164646737692,28665.195603952845,1598.413745518963,2023-01-02 11:30:00
1672660800000,28665.195603952845,28679.095716978052,28554.789447747804,28658.989348849722,1976.774632041396,2023-01-02 12:00:00
1672662600000,28931.23160860137,28958.66424447152,28931.23160860137,28931.293561070008,509.07956385090426,2023-01-02 12:30:00
1672664400000,28530.037176205526,28530.037176205526,28458.957338037686,28476.81215344806,759.647770963917,2023-01-02 13:00:00
1672666200000,28566.342786904373,28726.766142288838,28566.342786904373,28618.62440392102,888.1213685465557,2023-01-02 13:30:00
1672668000000,28618.62440392102,28674.317303007156,28571.893057350164,28633.684928113507,600.261623036669,2023-01-02 14:00:00
1672669800000,28619.706461374797,28619.706461374797,28576.27286286535,28581.985031513326,1155.6397546358057,2023-01-02 14:30:00
1672671600000,28581.985031513326,28666.64796408586,28568.54436362294,28597.841002379326,840.9210323270345,2023-01-02 15:00:00
1672673400000,28319.902223224402,28319.902223224402,28240.88056185213,28256.355367787004,5498.956075902351,2023-01-02 15:30:00
1672675200000,28256.355367787004,28333.486715364576,28082.143098081367,28218.864517570113,1903.5014509953419,2023-01-02 16:00:00
1672677000000,28218.864517570113,28439.354411789074,28193.73385174769,28279.83735141793,2049.044309577099,2023-01-02 16:30:00
1672678800000,28397.3672586707,28568.62440376529,28397.3672586707,28533.574598526906,944.0684118766535,2023-01-02 17:00:00
1672680600000,28533.574598526906,28548.445962376027,28381.520089458427,28444.335463103638,712.6895672844425,2023-01-02 17:30:00
1672682400000,28436.237153344213,28436.237153344213,28302.894246843625,28305.680744401932,539.7079937138667,2023-01-02 18:00:00
1672684200000,28254.682952734496,28254.682952734496,28161.441162565803,28219.970711542188,3504.9581125357595,2023-01-02 18:30:00
1672686000000,28219.970711542188,28508.61699996166,28206.452748023083,28376.535236896827,1367.7121011941033,2023-01-02 19:00:00
1672687800000,28424.007770034856,28571.932078013502,28424.007770034856,28432.974465074625,831.9768483987264,2023-01-02 19:30:00
1672689600000,28408.82606351313,28408.82606351313,28317.194063308547,28342.081667206956,3427.2611169441507,2023-01-02 20:00:00
1672691400000,28350.956244620793,28446.38874052277,28350.956244620793,28430.14035179268,2015.7904915515273,2023-01-02 20:30:00
1672693200000,28430.14035179268,28477.85058963144,28148.401225247715,28446.826194994057,729.010866716045,2023-01-02 21:00:00
1672695000000,28582.412209878894,28722.151163409126,28582.412209878894,28613.855738577404,902.8156695729183,2023-01-02 21:30:00
1672696800000,28524.233056880938,28524.233056880938,28454.478679006963,28492.698824021176,573.8169370030263,2023-01-02 22:00:00
1672698600000,28492.698824021176,28660.11945228529,28419.23173499296,28436.32820137015,2165.366041661833,2023-01-02 22:30:00
1672700400000,28410.044912659563,28410.044912659563,28286.910102851798,28369.016927039618,1682.9227771663489,2023-01-02 23:00:00
1672702200000,28176.988635200807,28176.988635200807,28017.852288807666,28119.186669794457,664.3972510280494,2023-01-02 23:30:00
1672704000000,28119.186669794457,28178.876922457013,28079.95810186506,28169.55789726054,831.9439019404438,2023-01-03 00:00:00
1672705800000,28207.088432253764,28257.02690859462,28207.088432253764,28214.039261477417,636.813115846664,2023-01-03 00:30:00
1672707600000,28214.039261477417,28273.76440103739,27996.77154907827,28214.911247435513,556.1835691564969,2023-01-03 01:00:00
1672709400000,28214.911247435513,28267.508229407213,28082.48349110989,28174.93537328273,761.9060302253947,2023-01-03 01:30:00
1672711200000,28037.711262618584,28037.711262618584,27865.671134813932,27934.9416834618,2386.6772280370346,2023-01-03 02:00:00
1672713000000,27934.9416834618,28009.332007826055,27806.956730466514,27864.01089010338,893.4799193146354,2023-01-03 02:30:00
1672714800000,27864.01089010338,27878.92271313546,27757.64653139516,27806.35424671029,700.4211316416398,2023-01-03 03:00:00
1672716600000,27737.35935627382,27737.35935627382,27650.81438396347,27671.849080654847,2143.478368729371,2023-01-03 03:30:00
1672718400000,27671.849080654847,27766.837234277045,27501.18573323685,27644.887499866003,1581.7972204129242,2023-01-03 04:00:00
1672720200000,27644.887499866003,27719.62600785811,27644.791197071867,27712.480884371394,1735.5351233568276,2023-01-03 04:30:00
1672722000000,27981.9818947795,28070.89785276595,27981.9818947795,28030.212683477937,1376.5239671469428,2023-01-03 05:00:00
1672723800000,28030.212683477937,28114.960067018827,27932.348374129993,28059.80422020453,851.7725691046353,2023-01-03 05:30:00
1672725600000,28059.80422020453,28185.931026957416,28035.28832835252,28103.516941832804,608.1599460385941,2023-01-03 06:00:00
1672727400000,28103.516941832804,28260.287485661396,27826.87262142481,28090.874621714185,960.8944761872567,2023-01-03 06:30:00
1672729200000,27857.773515779914,27857.773515779914,27683.44943214709,27766.986093122603,1119.3692442292759,2023-01-03 07:00:00
1672731000000,27766.986093122603,27781.839307352813,27720.77711365629,27762.536809475372,1805.5665773552832,2023-01-03 07:30:00
1672732800000,27762.536809475372,27808.116108517752,27715.859097548047,27772.64504868694,2145.432535124599,2023-01-03 08:00:00
1672734600000,28095.49196106684,28236.771678170273,28095.49196106684,28189.211348274246,908.8866362702279,2023-01-03 08:30:00
1672736400000,28189.211348274246,28246.498159898383,28076.681295172657,28156.456893702318,1325.7025796841308,2023-01-03 09:00:00
1672738200000,28156.456893702318,28208.297142065774,28150.81408063702,28207.820116524552,978.8711656821708,2023-01-03 09:30:00
1672740000000,28207.820116524552,28240.61096296229,28156.32971885585,28201.90281552734,1825.9292819722025,2023-01-03 10:00:00
1672741800000,28028.27877313721,28028.27877313721,27997.34237403362,28003.401531127176,2326.3343161106413,2023-01-03 10:30:00
1672743600000,28158.741843684387,28202.63347080244,28158.741843684387,28197.49609301126,767.8446810487069,2023-01-03 11:00:00
1672745400000,28276.69803005159,28402.15337334006,28276.69803005159,28325.935969985916,1290.6063631889006,2023-01-03 11:30:00
1672747200000,28458.2509979389,28618.159012789263,28458.2509979389,28461.685963966458,2485.153492430679,2023-01-03 12:00:00
1672749000000,28347.767622153075,28347.767622153075,28260.683851621823,28305.680591922024,1304.54158739983,2023-01-03 12:30:00
1672750800000,28522.545362831486,28632.645908928327,28522.545362831486,28546.689396436617,2504.6737106042547,2023-01-03 13:00:00
1672752600000,28346.801696759918,28346.801696759918,28232.040162146826,28305.84196226979,842.5544405277208,2023-01-03 13:30:00
1672754400000,28336.898332399465,28438.74626998584,28336.898332399465,28406.419687914153,2092.981058310641,2023-01-03 14:00:00
1672756200000,28666.172968894596,28844.45694904093,28666.172968894596,28784.99465528967,1348.038762122536,2023-01-03 14:30:00
1672758000000,28619.210950352925,28619.210950352925,28557.86040450278,28613.1800290869,839.1616705698859,2023-01-03 15:00:00
1672759800000,28604.117665748894,28604.117665748894,28398.849316927728,28515.41334899927,1470.9910051382612,2023-01-03 15:30:00
1672761600000,28515.41334899927,28637.593691752994,28457.711594813496,28532.593091577903,1018.3998787738292,2023-01-03 16:00:00
1672763400000,28491.959702529046,28491.959702529046,28299.130517085592,28445.9004885789,1656.5927870318258,2023-01-03 16:30:00
1672765200000,28217.35583354097,28217.35583354097,28166.6372780108,28180.545892188187,968.2787928521474,2023-01-03 17:00:00
1672767000000,28180.545892188187,28205.85914813278,28149.47595014629,28192.226137866124,1613.1549686950416,2023-01-03 17:30:00
1672768800000,28112.147628777933,28112.147628777933,27967.69597611944,28011.79663633053,1041.8586455108923,2023-01-03 18:00:00
1672770600000,28069.995725174856,28127.19269320346,28069.995725174856,28092.0919797811,825.526249643295,2023-01-03 18:30:00
1672772400000,27979.22683701238,27979.22683701238,27795.561091013,27936.41770890894,4430.632133279656,2023-01-03 19:00:00
1672774200000,28134.711726498273,28202.144183395318,28134.711726498273,28199.34928460092,697.6764606755113,2023-01-03 19:30:00
1672776000000,28194.54682103177,28194.54682103177,28014.147388649122,28066.169996276243,1719.270648703156,2023-01-03 20:00:00
1672777800000,28066.169996276243,28167.872563003548,27932.907631451704,28011.591407135602,1006.8541514341259,2023-01-03 20:30:00
1672779600000,28093.278486684612,28220.14035136198,28093.278486684612,28149.660220511047,1159.7891918683802,2023-01-03 21:00:00
1672781400000,28018.862486856015,28018.862486856015,27856.25134455315,27941.022971035454,1569.3138993831842,2023-01-03 21:30:00
1672783200000,27945.98387104028,27986.866729522688,27945.98387104028,27979.461672559995,580.1037988599451,2023-01-03 22:00:00
1672785000000,28178.23288752079,28247.97492002001,28178.23288752079,28201.384500271535,1413.9050477588241,2023-01-03 22:30:00
1672786800000,28055.19878699622,28055.19878699622,27823.406943509664,27928.7179826887,811.158196669566,2023-01-03 23:00:00
1672788600000,27928.7179826887,28028.46024959581,27862.879717599226,27959.90168132383,1726.3202244500762,2023-01-03 23:30:00
1672790400000,27959.90168132383,28137.139875796234,27925.48333382144,28003.853538125117,816.213591032566,2023-01-04 00:00:00
1672792200000,28113.409115829054,28223.0237793436,28113.409115829054,28136.49386987715,3432.4519609425633,2023-01-04 00:30:00
1672794000000,27945.06419884791,27945.06419884791,27903.566916409007,27926.926865710488,1385.727267264709,2023-01-04 01:00:00
1672795800000,27792.619982750723,27792.619982750723,27607.01156129373,27704.934335588536,1024.5049115039433,2023-01-04 01:30:00
1672797600000,27770.98269797674,27796.147423408864,27770.98269797674,27792.470424542673,791.8260323785146,2023-01-04 02:00:00
1672799400000,27837.169131419076,27890.534444083132,27837.169131419076,27842.401849010217,1009.2191109697121,2023-01-04 02:30:00
1672801200000,27849.156194910178,27917.06150051478,27849.156194910178,27884.586432423337,1616.1466144629726,2023-01-04 03:00:00
1672803000000,27928.312762210426,27945.024683694723,27928.312762210426,27943.035856255385,597.19999573861,2023-01-04 03:30:00
1672804800000,27855.044288849294,27855.044288849294,27812.474183225757,27828.424132595046,1069.1982557212377,2023-01-04 04:00:00
1672806600000,27828.424132595046,27904.29758319137,27732.216904469344,27867.515335904252,1785.3557519560595,2023-01-04 04:30:00
1672808400000,27909.60235634656,27918.255071932035,27909.60235634656,27916.92147413999,1450.0845778521457,2023-01-04 05:00:00
1672810200000,27905.200889042288,27905.200889042288,27738.713027777703,27796.64929745096,1751.9478326323365,2023-01-04 05:30:00
1672812000000,28063.629040314205,28142.391812270555,28063.629040314205,28111.877848206535,513.8408988589265,2023-01-04 06:00:00
1672813800000,28133.668721126804,28259.275879371507,28133.668721126804,28192.501051048046,815.8159142692778,2023-01-04 06:30:00
1672815600000,28134.45875014756,28134.45875014756,27964.794266339595,27990.238076520443,1433.2632656949172,2023-01-04 07:00:00
1672817400000,28081.198663192063,28150.789083764794,28081.198663192063,28101.529497873693,3525.999956634014,2023-01-04 07:30:00
1672819200000,27970.905769077894,27970.905769077894,27898.266905801727,27936.471293461134,2231.5140536547306,2023-01-04 08:00:00
1672821000000,28006.686125838307,28076.128124953426,28006.686125838307,28069.685121246363,723.496135799347,2023-01-04 08:30:00
1672822800000,28208.732029012557,28387.9789159225,28208.732029012557,28266.933667317706,1839.0955323734006,2023-01-04 09:00:00
1672824600000,28191.950659885133,28191.950659885133,28123.846855095177,28127.07156021405,963.8035907562944,2023-01-04 09:30:00
1672826400000,28225.792717301712,28304.474696651178,28225.792717301712,28291.322671161106,1272.9091380348864,2023-01-04 10:00:00
1672828200000,28291.322671161106,28429.359673228217,28243.624250581757,28361.993090792923,2757.096460059006,2023-01-04 10:30:00
1672830000000,28448.031102717814,28598.610839997258,28448.031102717814,28503.26071131298,1105.7691464212985,2023-01-04 11:00:00
1672831800000,28771.533555058893,28948.539707512413,28771.533555058893,28831.907360095356,1722.3432806039843,2023-01-04 11:30:00
1672833600000,28831.907360095356,28929.71569522133,28612.085472677936,28789.17785915618,1547.8877810532038,2023-01-04 12:00:00
1672835400000,28705.919637115494,28705.919637115494,28583.880413159255,28658.32515585449,1086.8421292278963,2023-01-04 12:30:00
1672837200000,28564.135962538414,28564.135962538414,28504.312932854667,28504.665507801063,1175.4953535639747,2023-01-04 13:00:00
1672839000000,28406.731407884214,28406.731407884214,28240.718390556267,28364.462346996166,1564.714509120123,2023-01-04 13:30:00
1672840800000,28364.462346996166,28411.15630744433,28309.063709032886,28351.247555601352,674.904270128219,2023-01-04 14:00:00
1672842600000,28380.570968538184,28477.62233431806,28380.570968538184,28409.765736344572,2182.6845626614077,2023-01-04 14:30:00
1672844400000,28428.938037686206,28517.028707575115,28428.938037686206,28457.31551454684,841.3465214844297,2023-01-04 15:00:00
1672846200000,28528.60429365652,28693.731653184233,28528.60429365652,28599.943474822947,1223.618057617327,2023-01-04 15:30:00
1672848000000,28599.943474822947,28787.57817153612,28556.13531422409,28602.191037053206,936.6294487848321,2023-01-04 16:00:00
1672849800000,28806.85144621925,28896.589816377673,28806.85144621925,28854.571957685494,867.8743259567037,2023-01-04 16:30:00
1672851600000,28854.571957685494,28908.182878603824,28689.760005191463,28808.453647529303,1204.47945577086,2023-01-04 17:00:00
1672853400000,29210.646864732997,29306.335738300648,29210.646864732997,29285.99801683277,1306.0274314681737,2023-01-04 17:30:00
1672855200000,29395.680046749774,29521.385338238546,29395.680046749774,29396.953267990855,2457.6967369558533,2023-01-04 18:00:00
1672857000000,29326.51917822678,29326.51917822678,29202.392880908657,29245.051985819584,2457.3250068054285,2023-01-04 18:30:00
1672858800000,29090.56865308109,29090.56865308109,28916.681783288088,29056.37605855578,1443.0114594270499,2023-01-04 19:00:00
1672860600000,29059.648372171774,29182.93981824079,29059.648372171774,29141.22965195706,697.5406893939021,2023-01-04 19:30:00
1672862400000,29141.22965195706,29193.099108483217,29036.482608597562,29101.89794722569,625.0546223461629,2023-01-04 20:00:00
1672864200000,29146.632380458035,29313.945716223534,29146.632380458035,29227.755759065556,1223.468974627051,2023-01-04 20:30:00
1672866000000,29273.830713867366,29336.36620125887,29273.830713867366,29311.47377209554,937.3758746010938,2023-01-04 21:00:00
1672867800000,29311.47377209554,29317.789077810117,29271.261331528367,29298.57439206925,1232.3550010191643,2023-01-04 21:30:00
1672869600000,29273.882905334,29273.882905334,29096.166858919874,29149.00725995711,559.4657127876816,2023-01-04 22:00:00
1672871400000,29003.591146883748,29003.591146883748,28834.04918403556,28883.34557613261,747.889629472023,2023-01-04 22:30:00
1672873200000,28815.299930804293,28815.299930804293,28766.762061655103,28805.50239965443,1313.9111519309452,2023-01-04 23:00:00
1672875000000,28805.50239965443,29093.7640215467,28790.491320087956,28954.98783776809,1278.4981270198164,2023-01-04 23:30:00
1672876800000,28954.98783776809,29087.62263823219,28900.026244724315,28992.479208086912,688.3725162262277,2023-01-05 00:00:00
1672878600000,28992.479208086912,29004.206955412745,28774.714681791655,28775.00820831979,2544.2826532666186,2023-01-05 00:30:00
1672880400000,28775.00820831979,28852.922096012473,28611.96394106738,28805.142830975663,622.6136567936069,2023-01-05 01:00:00
1672882200000,28850.021172610126,28953.048825810354,28850.021172610126,28872.30386421327,911.2919143687304,2023-01-05 01:30:00
1672884000000,28756.100044583844,28756.100044583844,28648.522662541385,28718.478798804495,730.9893918794464,2023-01-05 02:00:00
1672885800000,28724.79293258044,28819.745459150043,28724.79293258044,28745.173861091786,728.5536387301536,2023-01-05 02:30:00
1672887600000,28745.173861091786,28988.591734310667,28732.732075366825,28755.288544897347,518.2902933165651,2023-01-05 03:00:00
1672889400000,28755.288544897347,28783.503323586483,28461.36632581785,28557.329020470537,1490.0084710640917,2023-01-05 03:30:00
1672891200000,28557.329020470537,28713.974206809642,28546.65350009158,28619.149898940883,510.02889836454807,2023-01-05 04:00:00
1672893000000,28619.149898940883,28740.669093452547,28563.701562187314,28716.315353636182,2308.606811312885,2023-01-05 04:30:00
1672894800000,28875.35248770029,28936.47925761371,28875.35248770029,28904.907178631343,1163.7722009982695,2023-01-05 05:00:00
1672896600000,29034.59228812436,29185.98351485484,29034.59228812436,29089.594606986033,1100.1927060322705,2023-01-05 05:30:00
1672898400000,28877.47691943393,28877.47691943393,28822.437111580628,28848.382688668073,2641.826664834698,2023-01-05 06:00:00
1672900200000,28754.67973775433,28754.67973775433,28679.82025162527,28685.3269908519,990.7388700351496,2023-01-05 06:30:00
1672902000000,28692.959453559757,28798.733827091863,28692.959453559757,28774.75958620651,1280.3643189371355,2023-01-05 07:00:00
1672903800000,28845.823315035443,28917.173986703972,28845.823315035443,28864.253056442987,970.7541963972017,2023-01-05 07:30:00
1672905600000,28864.253056442987,28980.038682765906,28836.455842120038,28954.245665111794,6371.853459960933,2023-01-05 08:00:00
1672907400000,29580.878583057583,29804.446068311026,29580.878583057583,29636.380453501053,748.60409500367,2023-01-05 08:30:00
1672909200000,29636.380453501053,29851.54025478735,29606.624790534446,29738.815930204,571.1885062626451,2023-01-05 09:00:00
1672911000000,29744.045240650335,29998.34834507923,29744.045240650335,29943.625411990437,1782.791477852921,2023-01-05 09:30:00
1672912800000,30028.677297536295,30234.129410460137,30028.677297536295,30116.778068993495,508.39885371211676,2023-01-05 10:00:00
1672914600000,30131.62921442259,30295.111994145653,30131.62921442259,30235.581382651482,1161.6279094100246,2023-01-05 10:30:00
1672916400000,30202.51259600051,30202.51259600051,30040.040009187902,30178.022923146607,568.775029976428,2023-01-05 11:00:00
1672918200000,30183.395332767148,30358.668005076954,30183.395332767148,30316.773360638555,2023.0766420252808,2023-01-05 11:30:00
1672920000000,30243.991404208533,30243.991404208533,30118.586669814238,30175.495760328424,1229.8279003508778,2023-01-05 12:00:00
1672921800000,30169.648500704814,30169.648500704814,30053.92534404815,30132.33566450773,1468.8316069352845,2023-01-05 12:30:00
1672923600000,30109.500110857665,30109.500110857665,29996.057060935716,30044.07117013655,716.8821944608369,2023-01-05 13:00:00
1672925400000,30044.07117013655,30085.882296178854,30016.867334562336,30058.94202465417,2888.4533639455603,2023-01-05 13:30:00
1672927200000,30349.60686761039,30532.287389644745,30349.60686761039,30482.41425974177,1561.7002105589254,2023-01-05 14:00:00
1672929000000,30157.696288131425,30157.696288131425,30054.594367811576,30140.332480534955,1500.736287931406,2023-01-05 14:30:00
1672930800000,30154.28574498845,30274.057405860996,30154.28574498845,30265.606428213763,1760.1803008714285,2023-01-05 15:00:00
1672932600000,30048.808554198233,30048.808554198233,29912.970905485705,29972.03396724715,876.6252169752993,2023-01-05 15:30:00
1672934400000,29955.13329166065,29955.13329166065,29824.582541309705,29886.665158139196,1053.1258681164363,2023-01-05 16:00:00
1672936200000,30001.986548203153,30085.43571269614,30001.986548203153,30084.01579408026,708.1568904442586,2023-01-05 16:30:00
1672938000000,30084.01579408026,30115.920779169217,30052.11075509246,30095.705917792482,982.5601566098269,2023-01-05 17:00:00
1672939800000,29946.457962582892,29946.457962582892,29807.181991886653,29900.30360604949,2090.819567208323,2023-01-05 17:30:00
1672941600000,29854.680634299802,29854.680634299802,29672.480153140685,29771.31523413888,806.6093821336808,2023-01-05 18:00:00
1672943400000,29843.87152667637,29909.375412818685,29843.87152667637,29893.851635275576,892.3195905358594,2023-01-05 18:30:00
1672945200000,29835.699277025546,29835.699277025546,29707.35628634071,29762.18142494865,1686.2670107574804,2023-01-05 19:00:00
1672947000000,29762.18142494865,29842.859684944604,29678.021198407016,29801.143909094368,807.388341009099,2023-01-05 19:30:00
1672948800000,29801.143909094368,29903.446853223504,29760.96238471113,29809.353324748157,2005.1916114338844,2023-01-05 20:00:00
1672950600000,29754.708215737395,29754.708215737395,29639.962306831778,29692.187245652367,592.5374690050799,2023-01-05 20:30:00
1672952400000,29949.023738746288,30165.743228467574,29949.023738746288,30079.440792608737,1066.2435996412855,2023-01-05 21:00:00
1672954200000,30079.440792608737,30226.813125111817,30052.121808089145,30194.908015377892,539.7593516805459,2023-01-05 21:30:00
1672956000000,29938.92961371651,29938.92961371651,29722.596103574688,29827.57742239586,2781.990494660967,2023-01-05 22:00:00
1672957800000,29827.57742239586,29890.93929406835,29795.165637120408,29861.209840044634,2812.2405138111794,2023-01-05 22:30:00
1672959600000,29784.175956460298,29784.175956460298,29684.06961456781,29742.008824668494,1359.6797985106655,2023-01-05 23:00:00
1672961400000,29840.304652530707,29964.009262002233,29840.304652530707,29895.63771765219,2452.092115143325,2023-01-05 23:30:00
1672963200000,29761.53247283618,29761.53247283618,29707.483641903495,29752.7806675067,639.3547955739564,2023-01-06 00:00:00
1672965000000,29735.687088869516,29735.687088869516,29720.070747984475,29732.15531889605,2031.265804358061,2023-01-06 00:30:00
1672966800000,29765.312386536138,29986.350268593214,29765.312386536138,29823.040420630317,1562.3054479496666,2023-01-06 01:00:00
1672968600000,29859.103285060573,30035.859769702765,29859.103285060573,29979.501636360164,1936.7569459094216,2023-01-06 01:30:00
1672970400000,29859.16615261705,29859.16615261705,29581.11133732432,29762.8003473817,1479.8005772521858,2023-01-06 02:00:00
1672972200000,29725.0673726966,29725.0673726966,29608.88072228797,29702.689130870225,1369.7659409838188,2023-01-06 02:30:00
1672974000000,29702.689130870225,29775.86005958347,29573.49928424572,29617.5480566082,993.0355950481086,2023-01-06 03:00:00
1672975800000,29545.391085893792,29545.391085893792,29376.077795508598,29500.827604882663,3133.6215041162345,2023-01-06 03:30:00
1672977600000,29766.79410769751,29835.90321551675,29766.79410769751,29817.29771808267,1250.0931924870727,2023-01-06 04:00:00
1672979400000,29817.29771808267,29946.872067564327,29810.40940851355,29890.370938650634,1399.3309136890182,2023-01-06 04:30:00
1672981200000,29669.378729161766,29669.378729161766,29604.904616532112,29663.449471106345,1623.2727809391317,2023-01-06 05:00:00
1672983000000,29694.90680648267,29923.917199811447,29694.90680648267,29828.4658843351,3342.015744951548,2023-01-06 05:30:00
1672984800000,30096.942201228398,30213.643837133033,30096.942201228398,30213.517868192226,1674.0385921414738,2023-01-06 06:00:00
1672986600000,30279.395615037552,30495.575348929593,30279.395615037552,30402.64569185161,821.9812389614335,2023-01-06 06:30:00
1672988400000,30161.523020775603,30161.523020775603,30031.697888204835,30124.73496770964,1414.5475424606411,2023-01-06 07:00:00
1672990200000,30087.79080690849,30087.79080690849,29956.836521135345,30036.697783017695,1107.2851152877793,2023-01-06 07:30:00
1672992000000,30224.249220236306,30354.709679099862,30224.249220236306,30267.577125239543,686.0024372223012,2023-01-06 08:00:00
1672993800000,30267.577125239543,30279.94462832724,30060.616596246367,30138.394944098305,2321.116037350109,2023-01-06 08:30:00
1672995600000,30138.394944098305,30308.867713218046,29939.72296049482,30219.347763516493,1013.9759138744405,2023-01-06 09:00:00
1672997400000,30255.555774654127,30383.30415309469,30255.555774654127,30361.162597135975,824.3633796926085,2023-01-06 09:30:00
1672999200000,30205.331461161033,30205.331461161033,30121.721671699455,30191.544367322665,1398.5494937326825,2023-01-06 10:00:00
1673001000000,30191.544367322665,30223.168436409218,30166.927048884016,30180.68430928944,532.2585215406048,2023-01-06 10:30:00
1673002800000,29667.40787252247,29667.40787252247,29581.86730405741,29595.19378711002,1433.5563168130257,2023-01-06 11:00:00
1673004600000,29513.018844348135,29513.018844348135,29357.17557196825,29412.52484754452,2487.751224654121,2023-01-06 11:30:00
1673006400000,29382.43432157496,29382.43432157496,29348.856423176665,29367.660393002927,1837.2226585696405,2023-01-06 12:00:00
1673008200000,29225.879698618624,29225.879698618624,29091.384415979628,29147.01502733959,6391.763984102353,2023-01-06 12:30:00
1673010000000,29429.35859914396,29461.687645865677,29429.35859914396,29436.01034538788,1125.5063220133939,2023-01-06 13:00:00
1673011800000,29228.213269524713,29228.213269524713,29165.343151841735,29182.66948454994,4202.699856597469,2023-01-06 13:30:00
1673013600000,29135.332430261064,29135.332430261064,29078.027930046454,29105.15780711474,3280.060267792967,2023-01-06 14:00:00
1673015400000,29105.15780711474,29146.286374593034,29062.44803120319,29128.165596453673,573.684096356841,2023-01-06 14:30:00
1673017200000,29320.421253219276,29441.57963019587,29320.421253219276,29383.010150473267,1133.1951821699681,2023-01-06 15:00:00
1673019000000,29172.353469658647,29172.353469658647,29104.041255116957,29129.11824294786,683.3113533939617,2023-01-06 15:30:00
1673020800000,29293.59334102496,29485.520810417947,29293.59334102496,29334.621449852442,2100.94010731847,2023-01-06 16:00:00
1673022600000,29334.621449852442,29443.10485396334,29244.053984596143,29336.43580548957,764.6246069881767,2023-01-06 16:30:00
1673024400000,29196.544596848296,29196.544596848296,29111.79277745731,29162.920859783422,939.000819171165,2023-01-06 17:00:00
1673026200000,29228.451248675832,29284.79547645813,29228.451248675832,29244.48510285899,736.3642352748416,2023-01-06 17:30:00
1673028000000,29250.308583546124,29313.261501258392,29250.308583546124,29279.690684977842,919.5312944675591,2023-01-06 18:00:00
1673029800000,29176.4369928934,29176.4369928934,29098.865640652784,29173.665236787947,860.1373759277892,2023-01-06 18:30:00
1673031600000,29173.665236787947,29305.224206517607,29161.086839642605,29185.975687119982,647.512663134719,2023-01-06 19:00:00
1673033400000,29134.26210990759,29134.26210990759,28881.113397553578,29118.085674917664,655.5769468113575,2023-01-06 19:30:00
1673035200000,29118.085674917664,29263.670055687035,29069.26754060537,29138.07034458698,1169.107109694989,2023-01-06 20:00:00
1673037000000,29181.26288876981,29262.037402293125,29181.26288876981,29254.911736922564,865.9513629547137,2023-01-06 20:30:00
1673038800000,29329.436551594477,29642.54280344389,29329.436551594477,29536.69339485483,1791.0062771928367,2023-01-06 21:00:00
1673040600000,29478.89823893791,29478.89823893791,29244.414960874474,29316.54415529846,2000.8045438400286,2023-01-06 21:30:00
1673042400000,29624.61637713327,29734.10488329286,29624.61637713327,29696.940059933222,1272.2395349174067,2023-01-06 22:00:00
1673044200000,29373.357692596885,29373.357692596885,29273.66508254294,29348.623181642917,717.119876648513,2023-01-06 22:30:00
1673046000000,29348.623181642917,29472.587283725898,29315.088441073836,29321.711514500003,1178.3946773351386,2023-01-06 23:00:00
1673047800000,29420.644819824443,29537.03907898839,29420.644819824443,29426.158559840595,948.4829164564949,2023-01-06 23:30:00
1673049600000,29426.158559840595,29500.504562768507,29382.250444177378,29476.175727277172,897.8438820868781,2023-01-07 00:00:00
1673051400000,29476.175727277172,29504.142188866146,29341.133483871617,29365.448198200276,634.6772235398131,2023-01-07 00:30:00
1673053200000,29351.749815160878,29351.749815160878,29217.29217206391,29328.5330203569,1365.8696760982289,2023-01-07 01:00:00
1673055000000,29328.5330203569,29437.339783455544,29227.218913996534,29241.27323323978,761.1397580185179,2023-01-07 01:30:00
1673056800000,29241.27323323978,29321.91571160177,29061.238830279475,29137.297951746117,1583.7254287744831,2023-01-07 02:00:00
1673058600000,29190.184347281698,29306.488034173693,29190.184347281698,29287.30211405314,704.8989451706991,2023-01-07 02:30:00
1673060400000,29287.30211405314,29431.16095830965,29287.143610282128,29350.566311216535,701.9176479796174,2023-01-07 03:00:00
1673062200000,29276.331813966255,29276.331813966255,29154.299792409616,29227.905193870327,3118.9929190405373,2023-01-07 03:30:00
1673064000000,29347.72765247908,29393.248857092436,29347.72765247908,29387.25488003621,654.3186703802286,2023-01-07 04:00:00
1673065800000,29396.226237578212,29550.252460076492,29396.226237578212,29441.886894092248,957.9023123486684,2023-01-07 04:30:00
1673067600000,29511.34503217802,29597.275653244607,29511.34503217802,29586.888470941798,2365.1101532481334,2023-01-07 05:00:00
1673069400000,29656.2658199566,29747.372428625258,29656.2658199566,29699.69479633185,1617.0755334398084,2023-01-07 05:30:00
1673071200000,29612.198745771708,29612.198745771708,29490.81549924063,29551.25877913526,2572.0431637373576,2023-01-07 06:00:00
1673073000000,29526.011205222458,29526.011205222458,29372.459455343887,29451.375605272813,500.6536043140704,2023-01-07 06:30:00
1673074800000,29551.151193703,29611.177628205103,29551.151193703,29584.697331621275,1487.059111922587,2023-01-07 07:00:00
1673076600000,29652.905398737068,29751.22761822611,29652.905398737068,29694.038762197637,1113.0864938250957,2023-01-07 07:30:00
1673078400000,29694.038762197637,29754.399614056205,29666.80663075063,29690.28778708737,1165.7859080413011,2023-01-07 08:00:00
1673080200000,29690.28778708737,29795.435813218064,29651.39117692226,29711.3493561116,772.0012006969439,2023-01-07 08:30:00
1673082000000,29861.144771382395,29947.969565892192,29861.144771382395,29941.67389145939,1127.9202956612405,2023-01-07 09:00:00
1673083800000,29889.525497119263,29889.525497119263,29793.544997954203,29834.810240735067,1167.9968270904792,2023-01-07 09:30:00
1673085600000,29834.810240735067,30109.044273044045,29806.893191899842,29933.62665225831,8223.529522062461,2023-01-07 10:00:00
1673087400000,29933.62665225831,29944.614433022274,29771.634252773485,29897.068662582522,2257.6656392285076,2023-01-07 10:30:00
1673089200000,29897.068662582522,29911.840871720604,29757.60469204533,29857.760131634626,1214.5358101105603,2023-01-07 11:00:00
1673091000000,30037.14021444973,30126.48196780529,30037.14021444973,30056.704904001,1213.0519925597378,2023-01-07 11:30:00
1673092800000,30206.857903612126,30266.437882203852,30206.857903612126,30207.02641221578,535.5355265647149,2023-01-07 12:00:00
1673094600000,30207.02641221578,30547.101739504924,30197.699622578915,30355.91510864076,2327.472007904813,2023-01-07 12:30:00
1673096400000,30568.50235865995,30739.98498323059,30568.50235865995,30596.379388284764,550.8874539506987,2023-01-07 13:00:00
1673098200000,30596.379388284764,30652.958290654475,30569.792863290753,30600.263746512,1437.3088225665997,2023-01-07 13:30:00
1673100000000,30675.926206872075,30802.289119028115,30675.926206872075,30726.649422886687,977.6351117446677,2023-01-07 14:00:00
1673101800000,30710.791329579963,30710.791329579963,30552.5687389472,30669.083397299393,1889.3777065919564,2023-01-07 14:30:00
1673103600000,30687.791225500263,30759.412763428703,30687.791225500263,30729.23084221779,770.4098660721168,2023-01-07 15:00:00
1673105400000,30729.23084221779,30768.677823841233,30533.536146846054,30705.069290173986,3147.1157526284796,2023-01-07 15:30:00
1673107200000,30707.64235343182,30782.495072821814,30707.64235343182,30723.07515530775,519.3413289728915,2023-01-07 16:00:00
1673109000000,30723.07515530775,30842.926513246857,30713.040107008557,30833.78864039703,1992.740140285175,2023-01-07 16:30:00
1673110800000,30746.839204002565,30746.839204002565,30569.983635326455,30681.682459155,530.5662979726272,2023-01-07 17:00:00
1673112600000,31048.472114648146,31080.772953686308,31048.472114648146,31072.157420062533,3206.1283654016365,2023-01-07 17:30:00
1673114400000,30948.66775610685,30948.66775610685,30747.330917047624,30883.801112945217,1634.7576366812573,2023-01-07 18:00:00
1673116200000,30738.514518449374,30738.514518449374,30615.784100747795,30657.988980747505,3440.5144851815085,2023-01-07 18:30:00
1673118000000,30823.569648512796,30904.24916630608,30823.569648512796,30873.33535745744,824.9889739966056,2023-01-07 19:00:00
1673119800000,30883.35429586215,31103.538052769414,30883.35429586215,31021.411838522385,5116.114465417972,2023-01-07 19:30:00
1673121600000,31021.411838522385,31241.06236374234,31018.261142043673,31138.65076718129,582.2294500449138,2023-01-07 20:00:00
1673123400000,31220.05875441785,31411.994647354357,31220.05875441785,31257.131072572756,920.6600215727315,2023-01-07 20:30:00
1673125200000,31257.131072572756,31299.061915697366,31145.75461537767,31254.817529232692,3139.885542104075,2023-01-07 21:00:00
1673127000000,31116.224040979687,31116.224040979687,30977.96666413747,31085.78183080293,663.0746968560788,2023-01-07 21:30:00
1673128800000,31085.78183080293,31105.215139690245,31054.45657571657,31100.0273913821,1196.1877190159892,2023-01-07 22:00:00
1673130600000,30990.496335115626,30990.496335115626,30820.390400858614,30973.00283843831,1584.4538913974354,2023-01-07 22:30:00
1673132400000,31079.25461278142,31233.737285575648,31079.25461278142,31156.084397423834,1362.4919714380526,2023-01-07 23:00:00
1673134200000,31156.084397423834,31217.66910985776,30964.030858152426,31128.40480775903,1014.8441192801495,2023-01-07 23:30:00
1673136000000,30998.770430502973,30998.770430502973,30917.890583705896,30973.483039646508,1674.594642150482,2023-01-08 00:00:00
1673137800000,30973.483039646508,30990.403045959334,30856.52262654909,30913.37701670331,704.1162948189311,2023-01-08 00:30:00
1673139600000,30913.37701670331,31068.929616623096,30814.108859970722,30990.625401961755,2277.555846291423,2023-01-08 01:00:00
1673141400000,30918.116678771603,30918.116678771603,30831.98207170524,30885.215699719527,1258.1229475460696,2023-01-08 01:30:00
1673143200000,30737.932678273017,30737.932678273017,30560.24080684172,30732.112891111352,856.5921899015459,2023-01-08 02:00:00
1673145000000,30732.112891111352,30904.675359158107,30592.575169529366,30777.409736426554,679.6118662183135,2023-01-08 02:30:00
1673146800000,30777.409736426554,30834.45415663495,30729.05784204578,30823.01168154442,2827.0113322475054,2023-01-08 03:00:00
1673148600000,30823.01168154442,30846.06607527611,30650.125458240098,30728.71592949862,1574.8802004719741,2023-01-08 03:30:00
1673150400000,30728.71592949862,30818.16543685562,30566.363343383386,30641.357359739137,2786.578549795433,2023-01-08 04:00:00
1673152200000,30641.357359739137,30837.816265191483,30595.339166038226,30684.362164184327,510.8699480430147,2023-01-08 04:30:00
1673154000000,30459.87902173016,30459.87902173016,30370.4334196134,30416.978564633013,610.3222693798757,2023-01-08 05:00:00
1673155800000,30262.3365413622,30262.3365413622,29939.52541175937,30159.328449666806,626.3675094893069,2023-01-08 05:30:00
1673157600000,30042.165707065953,30042.165707065953,29966.995942966063,30028.652672989843,1842.7241864990604,2023-01-08 06:00:00
1673159400000,29996.46723289328,29996.46723289328,29970.706238640236,29989.938584216878,1259.9108441883163,2023-01-08 06:30:00
1673161200000,29993.478574377867,30204.730998678933,29993.478574377867,30046.346221891778,3285.7263019839534,2023-01-08 07:00:00
1673163000000,30236.645772585816,30490.248266157174,30236.645772585816,30315.468245644824,551.6612852135049,2023-01-08 07:30:00
1673164800000,30445.244622515944,30484.947416812964,30445.244622515944,30473.02183038712,1112.3582795438192,2023-01-08 08:00:00
1673166600000,30473.02183038712,30494.781840915435,30320.71432102673,30443.578856953314,791.5001764766147,2023-01-08 08:30:00
1673168400000,30443.578856953314,30611.69081698535,30345.45456416721,30440.080069172403,2234.7303478796616,2023-01-08 09:00:00
1673170200000,30264.754712419388,30264.754712419388,30134.97043823517,30256.193190886093,932.0438789798166,2023-01-08 09:30:00
1673172000000,30256.193190886093,30358.270921199524,30205.39488150428,30252.807923985387,897.7640616296516,2023-01-08 10:00:00
1673173800000,30252.807923985387,30338.73553722504,29941.598771224308,30200.073477064703,2338.2770931126533,2023-01-08 10:30:00
1673175600000,30200.073477064703,30309.838974122453,30140.038241159564,30259.036330781273,2152.375366366252,2023-01-08 11:00:00
1673177400000,30145.560034268332,30145.560034268332,30003.13647550932,30108.125792876843,1114.5652746364185,2023-01-08 11:30:00
1673179200000,30185.73124186239,30240.272537722885,30185.73124186239,30202.7812516977,626.293382608067,2023-01-08 12:00:00
1673181000000,30442.49212252974,30501.41724589507,30442.49212252974,30483.875026210375,1258.3731970333133,2023-01-08 12:30:00
1673182800000,30466.313394767167,30466.313394767167,30416.538508698548,30463.843217346588,1023.8232362906697,2023-01-08 13:00:00
1673184600000,30463.843217346588,30579.74952074869,30447.246172836785,30537.89737716265,4045.676737763038,2023-01-08 13:30:00
1673186400000,30619.2928360002,30825.258736304335,30619.2928360002,30665.54356868942,570.9058993363171,2023-01-08 14:00:00
1673188200000,30665.54356868942,30680.271949254256,30572.1702074943,30591.270696455067,1448.803168308293,2023-01-08 14:30:00
1673190000000,30591.270696455067,30649.379182828205,30587.611116954624,30632.731897558537,579.9126851341232,2023-01-08 15:00:00
1673191800000,30632.731897558537,30701.221132263425,30445.28220771447,30635.06338848925,1016.1862263788674,2023-01-08 15:30:00
1673193600000,30635.06338848925,30690.51333715902,30613.54251844935,30653.154207277068,1446.3145189701982,2023-01-08 16:00:00
1673195400000,30636.745706867227,30636.745706867227,30444.86333435135,30510.275021044163,611.908930035361,2023-01-08 16:30:00
1673197200000,30510.275021044163,30613.399819152026,30350.011222427154,30514.795116702102,1626.4653850249829,2023-01-08 17:00:00
1673199000000,30587.875061298397,30658.164081339306,30587.875061298397,30606.779690516858,1002.9555333827071,2023-01-08 17:30:00
1673200800000,30843.78072802079,30911.583958821102,30843.78072802079,30876.402660272648,2256.211741719636,2023-01-08 18:00:00
1673202600000,31006.26001182953,31064.70263371014,31006.26001182953,31055.93821005449,684.1676466896179,2023-01-08 18:30:00
1673204400000,31365.928442221306,31477.291831888015,31365.928442221306,31462.73488641674,763.1594078000812,2023-01-08 19:00:00
1673206200000,31462.73488641674,31483.24090005936,31315.412312701064,31317.153845021636,3672.8993515940024,2023-01-08 19:30:00
1673208000000,31458.35357601401,31516.339594283327,31458.35357601401,31482.702910820837,3222.7189759620637,2023-01-08 20:00:00
1673209800000,31482.702910820837,31539.064188010987,31451.629720291512,31517.608708874224,1493.7676730375315,2023-01-08 20:30:00
1673211600000,31883.31921371486,32078.86237758242,31883.31921371486,31937.52078912654,1257.779611922265,2023-01-08 21:00:00
1673213400000,31852.279494269213,31852.279494269213,31607.260877941684,31781.875712342997,1814.891195820636,2023-01-08 21:30:00
1673215200000,31649.51641737686,31649.51641737686,31594.79744631179,31620.98302780649,2289.3406902791594,2023-01-08 22:00:00
1673217000000,31620.942306604975,31620.942306604975,31493.272374138185,31506.63641942153,1064.4052250976836,2023-01-08 22:30:00
1673218800000,31173.606243859456,31173.606243859456,31084.718931148236,31104.777438748722,789.2423123912024,2023-01-08 23:00:00
1673220600000,31011.396493336324,31011.396493336324,30891.87647583685,31006.094146909498,1221.7430582178054,2023-01-08 23:30:00
1673222400000,30926.924607544166,30926.924607544166,30699.572505950804,30864.158413996545,893.3555204399868,2023-01-09 00:00:00
1673224200000,30864.158413996545,30901.04426027944,30853.05287414235,30892.225974400248,1803.3175780816855,2023-01-09 00:30:00
1673226000000,30892.225974400248,31078.46507284882,30845.824717281284,30956.101849849056,2136.963504735342,2023-01-09 01:00:00
1673227800000,31254.26380793489,31321.38188385397,31254.26380793489,31309.127499161925,2029.232062481517,2023-01-09 01:30:00
1673229600000,31457.485269671117,31496.48346997233,31457.485269671117,31489.495373410973,1577.3577208048118,2023-01-09 02:00:00
1673231400000,31449.077182373047,31449.077182373047,31345.61611050838,31379.889203882412,3289.2025055890326,2023-01-09 02:30:00
1673233200000,31251.787589285344,31251.787589285344,31101.318401293287,31209.958208408065,751.8981289020826,2023-01-09 03:00:00
1673235000000,31209.958208408065,31345.513875125027,31126.009134812623,31302.88814543875,1039.8999119392918,2023-01-09 03:30:00
1673236800000,31084.866516117763,31084.866516117763,31022.335839624615,31054.10186238934,1041.5336391128353,2023-01-09 04:00:00
1673238600000,31375.89626555331,31436.668620302236,31375.89626555331,31399.7585304851,587.8782932996094,2023-01-09 04:30:00
1673240400000,31602.913138925574,31704.714369930447,31602.913138925574,31624.3917581774,516.7316777376166,2023-01-09 05:00:00
1673242200000,31624.3917581774,31634.781535039416,31377.084967830313,31534.841886581828,677.9540448524372,2023-01-09 05:30:00
1673244000000,31245.25245231287,31245.25245231287,31162.16604724257,31210.010020067144,2528.0606331272174,2023-01-09 06:00:00
1673245800000,31396.107726883325,31479.697728828094,31396.107726883325,31466.442273958095,551.94874311459,2023-01-09 06:30:00
1673247600000,31452.59916830688,31452.59916830688,31395.25547052007,31444.666336856593,999.0537003688611,2023-01-09 07:00:00
1673249400000,31641.40066704255,31687.754985617255,31641.40066704255,31680.796622543417,511.36689566241824,2023-01-09 07:30:00
1673251200000,31441.127521442475,31441.127521442475,31281.708656229916,31376.96501630881,541.0907837754675,2023-01-09 08:00:00
1673253000000,31376.96501630881,31427.064546855047,31122.265404155445,31263.50414654479,4142.011645329983,2023-01-09 08:30:00
1673254800000,31263.50414654479,31428.308592007405,31232.281448537033,31264.49499054925,1735.9412760671196,2023-01-09 09:00:00
1673256600000,31264.49499054925,31318.120585377153,31248.07962349502,31273.373795504343,969.5588809727146,2023-01-09 09:30:00
1673258400000,31247.818769800153,31247.818769800153,31181.829084769015,31188.41999340148,1055.3371209164525,2023-01-09 10:00:00
1673260200000,31261.58055502939,31346.944721760585,31261.58055502939,31306.049814654623,754.013357069355,2023-01-09 10:30:00
1673262000000,31164.443337574416,31164.443337574416,31053.111036772494,31104.692386071467,3164.968013182787,2023-01-09 11:00:00
1673263800000,31088.330492623852,31088.330492623852,30993.726986365396,31077.93711136692,911.6657106188567,2023-01-09 11:30:00
1673265600000,31077.93711136692,31164.202962159838,31027.6990043081,31100.540984769366,552.6561689753751,2023-01-09 12:00:00
1673267400000,31162.053517369364,31471.456636677125,31162.053517369364,31197.3910609057,907.0681607939375,2023-01-09 12:30:00
1673269200000,31197.3910609057,31395.594747938605,31107.433261335602,31331.85954664745,675.9825210683183,2023-01-09 13:00:00
1673271000000,31244.558815185792,31244.558815185792,31090.156424589066,31119.60927283077,1927.7871213455,2023-01-09 13:30:00
1673272800000,30848.41835049115,30848.41835049115,30816.588210177815,30832.397071061205,812.2130006984853,2023-01-09 14:00:00
1673274600000,30906.9219694075,31179.80604110254,30906.9219694075,31071.414289274893,1638.4885331551513,2023-01-09 14:30:00
1673276400000,31071.414289274893,31281.39199043814,31053.016752501564,31133.883903548594,714.9712147065438,2023-01-09 15:00:00
1673278200000,31116.72207385689,31116.72207385689,30920.67337828406,30993.357393035883,2672.3124564704276,2023-01-09 15:30:00
1673280000000,31227.616537600803,31314.83692719021,31227.616537600803,31285.290456500963,761.3566524312562,2023-01-09 16:00:00
1673281800000,31285.290456500963,31445.94320449875,31259.733120639277,31307.17074714968,1615.912609817942,2023-01-09 16:30:00
1673283600000,31438.400739533838,31580.331588333876,31438.400739533838,31531.114363806508,2239.2644465266,2023-01-09 17:00:00
1673285400000,31531.114363806508,31649.192189364803,31512.45153847478,31543.98421537611,1839.2235690718926,2023-01-09 17:30:00
1673287200000,31829.13061348648,32074.591475067926,31829.13061348648,31939.325123417875,815.5932464334956,2023-01-09 18:00:00
1673289000000,32101.50202404016,32367.088475062017,32101.50202404016,32279.981038117443,2510.673567634917,2023-01-09 18:30:00
1673290800000,32258.743853299664,32258.743853299664,32053.588278954845,32231.444777809036,1465.9799696762552,2023-01-09 19:00:00
1673292600000,32237.072346285993,32571.667818891212,32237.072346285993,32421.269589066458,900.9025337516593,2023-01-09 19:30:00
1673294400000,32527.352882768635,32660.56328552366,32527.352882768635,32547.980209904697,725.0558511023859,2023-01-09 20:00:00
1673296200000,32776.13889392032,32836.69818312645,32776.13889392032,32818.33309268702,2233.1503134101567,2023-01-09 20:30:00
1673298000000,32772.395108041164,32772.395108041164,32598.365240120012,32627.494353717146,516.3330585033407,2023-01-09 21:00:00
1673299800000,32696.035457368314,32857.35299533904,32696.035457368314,32763.064498572225,1949.7171906671585,2023-01-09 21:30:00
1673301600000,32933.852751721715,33031.749924171214,32933.852751721715,32973.32475210315,608.5239497739826,2023-01-09 22:00:00
1673303400000,32713.453302816506,32713.453302816506,32580.194751163814,32624.68170657963,892.0495662842343,2023-01-09 22:30:00
1673305200000,32480.454586997286,32480.454586997286,32226.915991440987,32392.195690965622,1424.1972061363579,2023-01-09 23:00:00
1673307000000,32066.53678034842,32066.53678034842,31823.127882541135,31995.409644189178,1060.4753034927771,2023-01-09 23:30:00
1673308800000,31995.409644189178,32031.96795071369,31869.423883104213,31943.35425601049,756.5354440990673,2023-01-10 00:00:00
1673310600000,32008.746656835276,32184.000627462767,32008.746656835276,32082.187349988548,1481.7100940501914,2023-01-10 00:30:00
1673312400000,32305.370190156158,32453.90025737692,32305.370190156158,32374.827089860344,561.8150873045081,2023-01-10 01:00:00
1673314200000,32374.827089860344,32417.102277096055,32292.635418839287,32389.328667666632,2393.436153371088,2023-01-10 01:30:00
1673316000000,32500.670186074047,32738.008724758954,32500.670186074047,32709.721403674146,3143.0991847557534,2023-01-10 02:00:00
1673317800000,32478.98100309777,32478.98100309777,32239.429892998065,32438.014443365395,513.7768816776158,2023-01-10 02:30:00
1673319600000,32123.780764724943,32123.780764724943,32074.558545488173,32105.771545055424,528.2474704587223,2023-01-10 03:00:00
1673321400000,32105.771545055424,32198.857274035778,31909.604571564527,32094.994511893754,1294.3943957336257,2023-01-10 03:30:00
1673323200000,32094.994511893754,32222.647336569935,32084.979678515476,32169.582628109245,1590.121859148712,2023-01-10 04:00:00
1673325000000,32169.582628109245,32181.17963290213,32072.063831066283,32163.226341830534,1329.9285727291362,2023-01-10 04:30:00
1673326800000,31838.037085838754,31838.037085838754,31763.780838595678,31763.828839815695,594.1753608647562,2023-01-10 05:00:00
1673328600000,31763.828839815695,31906.806707272513,31645.151611639976,31746.724189705998,2992.1496157845495,2023-01-10 05:30:00
1673330400000,31599.033871652897,31599.033871652897,31470.80055000343,31497.411215332173,1754.2800359175762,2023-01-10 06:00:00
1673332200000,31497.411215332173,31647.040302709684,31447.59363147308,31625.154915106436,1696.7747244569955,2023-01-10 06:30:00
1673334000000,31680.704198759577,31705.96324803045,31680.704198759577,31695.3048391454,1628.1267916175996,2023-01-10 07:00:00
1673335800000,31550.778716408426,31550.778716408426,31501.662405026673,31515.76648773219,850.727092523681,2023-01-10 07:30:00
1673337600000,31480.00213532724,31480.00213532724,31310.018932270013,31418.03663883333,1504.3342770903525,2023-01-10 08:00:00
1673339400000,31240.008203909176,31240.008203909176,31213.20522438926,31217.545081755317,1804.8178060225275,2023-01-10 08:30:00
1673341200000,31217.545081755317,31315.58758460551,31088.257453169314,31205.721143393643,1313.234332785188,2023-01-10 09:00:00
1673343000000,31350.5345865139,31469.696742662385,31350.5345865139,31386.388383914076,599.1784393089007,2023-01-10 09:30:00
1673344800000,31271.62854888472,31271.62854888472,31172.88074521363,31199.953380314135,1014.2100392583,2023-01-10 10:00:00
1673346600000,31226.94692607245,31378.505183231613,31226.94692607245,31295.147296436986,625.8111247787906,2023-01-10 10:30:00
1673348400000,31295.147296436986,31317.328618491032,31123.567238763204,31195.011095424754,512.9813642848354,2023-01-10 11:00:00
1673350200000,31155.667304722185,31155.667304722185,31033.279149977716,31045.878890019387,3661.353569773724,2023-01-10 11:30:00
1673352000000,31045.878890019387,31082.84623530205,30766.464870183438,31025.802139681153,588.8928390909301,2023-01-10 12:00:00
1673353800000,31025.802139681153,31032.828255282493,30750.61669368866,30832.280295108172,1434.2899525391647,2023-01-10 12:30:00
1673355600000,30832.280295108172,30858.259326139276,30674.01694430039,30729.280368386313,599.7819661049211,2023-01-10 13:00:00
1673357400000,30565.47846936912,30565.47846936912,30481.050024245247,30507.605382508133,694.6738745078903,2023-01-10 13:30:00
1673359200000,30846.403227631734,30874.97520476957,30846.403227631734,30872.03526359293,1259.0130174021006,2023-01-10 14:00:00
1673361000000,30872.03526359293,30997.775622435947,30847.073177888964,30878.615788461226,895.9223221762986,2023-01-10 14:30:00
1673362800000,30824.28495250415,30824.28495250415,30596.598826597467,30748.30197725809,1616.2894002554692,2023-01-10 15:00:00
1673364600000,30748.30197725809,30895.40340145508,30682.27695840215,30788.09417630281,642.9584585509444,2023-01-10 15:30:00
1673366400000,30788.09417630281,30852.453202466593,30736.830060155196,30767.19897564124,1363.9177276277924,2023-01-10 16:00:00
1673368200000,30767.19897564124,30828.351446467546,30627.583113023964,30726.13571333848,1900.2801505590126,2023-01-10 16:30:00
1673370000000,30739.43675385652,30840.41450796584,30739.43675385652,30840.40340339484,1810.2566703241107,2023-01-10 17:00:00
1673371800000,30939.8426960184,31092.581002977982,30939.8426960184,30981.925613249245,526.0253863300023,2023-01-10 17:30:00
1673373600000,30925.63465973858,30925.63465973858,30720.532860191757,30882.74618294669,1459.996945374312,2023-01-10 18:00:00
1673375400000,30809.070988151143,30809.070988151143,30736.723060851087,30775.453831737377,634.1599214199144,2023-01-10 18:30:00
1673377200000,30775.453831737377,30961.53410330979,30664.708130422092,30724.335014815828,1279.5211336363259,2023-01-10 19:00:00
1673379000000,30317.793393367254,30317.793393367254,30217.05274591984,30299.83446346462,1286.019088162905,2023-01-10 19:30:00
1673380800000,30083.265265476897,30083.265265476897,29908.356298656985,30023.62184045737,2215.1735098465683,2023-01-10 20:00:00
1673382600000,30218.776376826445,30272.905060462163,30218.776376826445,30272.685148117962,1668.9609749009921,2023-01-10 20:30:00
1673384400000,30475.4283643904,30652.564391736465,30475.4283643904,30575.161869894473,1450.980274077799,2023-01-10 21:00:00
1673386200000,30575.161869894473,30675.852424543034,30476.21256630266,30529.175714777197,953.850744687199,2023-01-10 21:30:00
1673388000000,30529.175714777197,30683.810303186954,30435.40049742117,30635.746250363292,710.6421905441134,2023-01-10 22:00:00
1673389800000,30635.746250363292,30740.068015841087,30526.810275476317,30693.43213201489,944.1356404862513,2023-01-10 22:30:00
1673391600000,31255.24358130026,31305.303219654765,31255.24358130026,31269.944141269792,1954.6901946764356,2023-01-10 23:00:00
1673393400000,31365.23450300347,31579.903365634626,31365.23450300347,31482.25558096536,1625.9718787702627,2023-01-10 23:30:00
1673395200000,31482.25558096536,31593.478494391195,31402.877828708188,31457.9250729208,1105.4727384638722,2023-01-11 00:00:00
1673397000000,31340.942067271317,31340.942067271317,31263.82224231033,31276.770791655283,788.8548931247548,2023-01-11 00:30:00
1673398800000,30994.972061436732,30994.972061436732,30882.942149191244,30974.56386531629,3984.203374768196,2023-01-11 01:00:00
1673400600000,30997.154669936866,31068.329638657844,30997.154669936866,31012.677643047096,914.4633722946608,2023-01-11 01:30:00
1673402400000,30987.9114366277,30987.9114366277,30869.183639259933,30871.23083271522,1573.2434698001364,2023-01-11 02:00:00
1673404200000,30713.67319552818,30713.67319552818,30450.927581021133,30606.99684420541,622.3328209447349,2023-01-11 02:30:00
1673406000000,30507.276767621723,30507.276767621723,30399.178046628214,30487.621995346402,989.8380964941422,2023-01-11 03:00:00
1673407800000,30353.877638716614,30353.877638716614,30110.191224552498,30288.978841987268,1544.787587099343,2023-01-11 03:30:00
1673409600000,30552.17704099333,30615.370855165034,30552.17704099333,30599.417111188683,3591.4929897284223,2023-01-11 04:00:00
1673411400000,30651.784036732777,30770.104272725614,30651.784036732777,30762.90472801672,1420.8177984579845,2023-01-11 04:30:00
1673413200000,30762.90472801672,30928.448419045904,30622.875699024673,30761.422407775506,912.617237770347,2023-01-11 05:00:00
1673415000000,30947.340217253983,31064.055012324498,30947.340217253983,31037.80994007298,677.5260517571392,2023-01-11 05:30:00
1673416800000,31037.80994007298,31131.189176169206,30988.84983188345,31052.32699925713,560.3502963119342,2023-01-11 06:00:00
1673418600000,31052.32699925713,31093.21509309263,30779.960733208707,30891.10151866489,2555.0460368743375,2023-01-11 06:30:00
1673420400000,31090.138914165393,31350.71676597898,31090.138914165393,31176.789615899983,2124.611864379357,2023-01-11 07:00:00
1673422200000,31271.11665414779,31355.654546555128,31271.11665414779,31278.502994747014,1334.3664730746036,2023-01-11 07:30:00
1673424000000,31102.21847753541,31102.21847753541,31007.51426948226,31083.028489096796,851.4398167324398,2023-01-11 08:00:00
1673425800000,31054.231514999956,31054.231514999956,31040.191747811914,31047.291041754455,1066.993030595318,2023-01-11 08:30:00
1673427600000,30954.003195164736,30954.003195164736,30867.312018140314,30883.41601653004,3306.2462599678925,2023-01-11 09:00:00
1673429400000,30673.173594971267,30673.173594971267,30488.558713193794,30626.37999787052,2262.8144724468802,2023-01-11 09:30:00
1673431200000,30720.93286231042,30802.5694177141,30720.93286231042,30798.301012161537,1494.503999244885,2023-01-11 10:00:00
1673433000000,31102.142469818842,31202.056099140485,31102.142469818842,31155.78680808823,824.441842480381,2023-01-11 10:30:00
1673434800000,30945.781682147845,30945.781682147845,30817.588442934455,30893.539595668437,541.1194541507331,2023-01-11 11:00:00
1673436600000,30893.539595668437,31039.677563589295,30761.62005162104,30998.83619338958,1369.0380011158259,2023-01-11 11:30:00
1673438400000,30894.600435565764,30894.600435565764,30833.069153992044,30877.173576330704,1156.3870907573178,2023-01-11 12:00:00
1673440200000,30849.192729422935,30849.192729422935,30748.898803181408,30786.399450877096,1079.5607422488072,2023-01-11 12:30:00
1673442000000,30786.399450877096,30793.60948114629,30534.59702990916,30676.368418915063,556.1105717881485,2023-01-11 13:00:00
1673443800000,30594.128960436152,30594.128960436152,30497.432009386175,30516.59572900995,983.235369409178,2023-01-11 13:30:00
1673445600000,30516.59572900995,30552.612487379163,30391.840555755454,30525.546450973172,549.5713157901519,2023-01-11 14:00:00
1673447400000,30411.710387452713,30411.710387452713,30334.238680089355,30372.624008460603,1386.7330544624383,2023-01-11 14:30:00
1673449200000,30372.624008460603,30527.25433130796,30370.890267871397,30422.312773335943,1308.9779289437242,2023-01-11 15:00:00
1673451000000,30422.312773335943,30453.902181550697,30311.856416674396,30413.076803234606,2034.355826228695,2023-01-11 15:30:00
1673452800000,30413.076803234606,30508.83112839272,30208.87843861975,30369.18603180536,3668.797441431948,2023-01-11 16:00:00
1673454600000,30369.18603180536,30410.470783352757,30121.91274502255,30203.058116789187,749.0867335410724,2023-01-11 16:30:00
1673456400000,30198.271310502445,30198.271310502445,29921.925336733406,30097.953748754517,704.3689006695159,2023-01-11 17:00:00
1673458200000,30179.56863332929,30248.978736264402,30179.56863332929,30235.682186208604,1942.6203799216212,2023-01-11 17:30:00
1673460000000,30315.237753826754,30468.900999991674,30315.237753826754,30327.360417843294,1598.1783129283094,2023-01-11 18:00:00
1673461800000,30158.864332213867,30158.864332213867,30075.365121682484,30148.704866975157,678.369486599447,2023-01-11 18:30:00
1673463600000,30148.704866975157,30213.958814797475,30116.83753050852,30166.81044879058,988.9125730917281,2023-01-11 19:00:00
1673465400000,30252.7808483216,30315.81103870297,30252.7808483216,30304.120584838995,1216.8405591360865,2023-01-11 19:30:00
1673467200000,30215.33981607659,30215.33981607659,29969.18838805038,29999.893928922775,2327.2619379891485,2023-01-11 20:00:00
1673469000000,29999.893928922775,30100.288993370985,29992.006411484515,30098.577258107016,564.0494854886571,2023-01-11 20:30:00
1673470800000,29989.739250923954,29989.739250923954,29911.730420362783,29978.277003119107,1334.7531994414878,2023-01-11 21:00:00
1673472600000,29988.795047095085,30096.085711062395,29988.795047095085,30081.84115338694,3713.664935287522,2023-01-11 21:30:00
1673474400000,30081.84115338694,30133.747984519876,29889.42239702239,29943.389536763923,546.6568571339644,2023-01-11 22:00:00
1673476200000,29659.20730049921,29659.20730049921,29598.951192652636,29618.52216111662,686.1935310837393,2023-01-11 22:30:00
1673478000000,29473.740129274818,29473.740129274818,29317.997781007383,29328.598037580647,943.3846259688029,2023-01-11 23:00:00
1673479800000,29328.598037580647,29423.812562488194,29150.443646755364,29337.122882513497,579.8639573631247,2023-01-11 23:30:00
1673481600000,29337.122882513497,29482.086989199044,29226.02784243458,29383.211209829435,1172.646906542572,2023-01-12 00:00:00
1673483400000,29254.958317105764,29254.958317105764,29217.382133839397,29223.050349390767,908.5272008587851,2023-01-12 00:30:00
1673485200000,29291.07420987614,29345.84513025413,29291.07420987614,29336.0587289563,1804.368937895508,2023-01-12 01:00:00
1673487000000,29124.081285425797,29124.081285425797,28902.7174670957,29042.93465865892,770.3976378446512,2023-01-12 01:30:00
1673488800000,29042.93465865892,29085.797334922147,28940.07943042161,29031.337664928807,1291.7061591687816,2023-01-12 02:00:00
1673490600000,28890.646814782784,28890.646814782784,28815.43456152784,28819.622714426077,575.5158295586109,2023-01-12 02:30:00
1673492400000,28784.16341107761,28784.16341107761,28592.47385033501,28706.30588080604,2025.2153933379457,2023-01-12 03:00:00
1673494200000,28710.08804446689,28718.454943774417,28710.08804446689,28714.53074282652,754.4502797528553,2023-01-12 03:30:00
1673496000000,28697.43726612014,28697.43726612014,28418.656966224156,28565.593585133618,4326.793856464401,2023-01-12 04:00:00
1673497800000,28542.360195728983,28542.360195728983,28453.321160904132,28499.277228198287,906.7550109348952,2023-01-12 04:30:00
1673499600000,28534.571563901933,28721.147211577154,28534.571563901933,28673.13836420152,1363.6028477808202,2023-01-12 05:00:00
1673501400000,28610.878850922043,28610.878850922043,28532.28454296285,28573.33718502613,2513.078562426349,2023-01-12 05:30:00
1673503200000,28686.23900841335,28731.88469351518,28686.23900841335,28718.02350045353,650.8082116117995,2023-01-12 06:00:00
1673505000000,28632.895045720405,28632.895045720405,28331.52817645066,28522.60691287493,1015.4018868145539,2023-01-12 06:30:00
1673506800000,28613.54915355185,28627.684626166036,28613.54915355185,28614.086258579,645.2770333395755,2023-01-12 07:00:00
1673508600000,28722.375419246306,28948.717786513476,28722.375419246306,28864.48461547878,642.7276043500418,2023-01-12 07:30:00
1673510400000,28554.062561408948,28554.062561408948,28336.05979555955,28436.495308229158,1161.2659120131907,2023-01-12 08:00:00
1673512200000,28436.495308229158,28456.51148196134,28209.95255687464,28299.862562682843,1400.8619498880007,2023-01-12 08:30:00
1673514000000,28376.121723939817,28500.032240980585,28376.121723939817,28398.73948718055,1138.1663846557594,2023-01-12 09:00:00
1673515800000,28398.73948718055,28543.556011547607,28227.24154826023,28363.90987259498,735.8580299582401,2023-01-12 09:30:00
1673517600000,28373.992121805295,28531.09823449355,28373.992121805295,28427.607149181917,1329.8674718767224,2023-01-12 10:00:00
1673519400000,28399.295708888567,28399.295708888567,28231.804206842262,28324.022099337766,1337.9208321549434,2023-01-12 10:30:00
1673521200000,28324.022099337766,28395.11002193321,28267.933933753946,28338.849266458445,1441.8853013231987,2023-01-12 11:00:00
1673523000000,28338.849266458445,28407.30337659428,28309.132296052616,28312.197502526335,802.9080927326902,2023-01-12 11:30:00
1673524800000,28385.70535554025,28668.6504496551,28385.70535554025,28512.733273771464,1220.9457147263106,2023-01-12 12:00:00
1673526600000,28553.825690897043,28715.406056233995,28553.825690897043,28556.611435896764,1826.548433799724,2023-01-12 12:30:00
1673528400000,28583.799824615675,28620.48843388994,28583.799824615675,28614.939642979294,3338.288237173423,2023-01-12 13:00:00
1673530200000,28553.553216015272,28553.553216015272,28431.725733559524,28543.794898088458,595.8745300188066,2023-01-12 13:30:00
1673532000000,28533.125515720687,28533.125515720687,28277.41793365807,28459.797836208105,1023.1774683712669,2023-01-12 14:00:00
1673533800000,28459.797836208105,28467.701458748277,28381.058985836684,28385.490498121126,718.5221244655463,2023-01-12 14:30:00
1673535600000,28437.352965996823,28533.744262606593,28437.352965996823,28453.243954218015,1408.6828042203383,2023-01-12 15:00:00
1673537400000,28406.453065882954,28406.453065882954,28268.414165817234,28380.938940488137,1885.7342431683176,2023-01-12 15:30:00
1673539200000,28380.938940488137,28443.09026667295,28359.665914626927,28430.688674271434,699.4088981062736,2023-01-12 16:00:00
1673541000000,28734.02846050841,28861.9417031945,28734.02846050841,28789.5601724277,783.5001988145518,2023-01-12 16:30:00
1673542800000,28789.5601724277,28987.242450881426,28781.06446159198,28941.538650295523,1386.7116130036375,2023-01-12 17:00:00
1673544600000,28941.538650295523,29052.19277376943,28777.820992564575,28884.566096553077,585.0949515371022,2023-01-12 17:30:00
1673546400000,29086.758489788557,29225.967384608975,29086.758489788557,29095.03435532006,833.0761746627113,2023-01-12 18:00:00
1673548200000,29095.03435532006,29132.08461589145,28988.610185802936,29023.362815510685,513.9591125642377,2023-01-12 18:30:00
1673550000000,28783.858414219198,28783.858414219198,28565.583993658973,28668.03498246484,2102.7393001009114,2023-01-12 19:00:00
1673551800000,28668.03498246484,28692.258225411864,28366.50356258265,28493.895918826795,1587.7530751021566,2023-01-12 19:30:00
1673553600000,28214.36926872034,28214.36926872034,28156.59068552491,28173.529284088854,6292.422694036066,2023-01-12 20:00:00
1673555400000,28173.529284088854,28196.434728053835,28028.1715702613,28113.73703039581,2618.2023476955583,2023-01-12 20:30:00
1673557200000,28113.73703039581,28140.372272462886,28078.55510150985,28116.866834078362,749.2963996704411,2023-01-12 21:00:00
1673559000000,28403.14639707614,28579.148957331076,28403.14639707614,28403.205006284992,773.2091576127359,2023-01-12 21:30:00
1673560800000,28403.205006284992,28527.481204350257,28391.80063863259,28459.383580302732,874.8360412919455,2023-01-12 22:00:00
1673562600000,28459.383580302732,28537.636790246994,28386.0587285973,28421.721498015744,4253.354972346815,2023-01-12 22:30:00
1673564400000,28548.366047848434,28612.869072342935,28548.366047848434,28564.554729979664,861.5231685080828,2023-01-12 23:00:00
1673566200000,28244.370485015006,28244.370485015006,28122.782533240148,28185.355908799524,1676.5381070998153,2023-01-12 23:30:00
1673568000000,28189.958909372195,28233.651495559523,28189.958909372195,28225.521840500376,640.0869173020116,2023-01-13 00:00:00
1673569800000,28280.666698986126,28459.71987051697,28280.666698986126,28357.333993842087,1355.8086460009313,2023-01-13 00:30:00
1673571600000,28106.932249641417,28106.932249641417,27980.965438078412,28105.046399470848,874.2422589800525,2023-01-13 01:00:00
1673573400000,28218.938774323877,28462.306182833447,28218.938774323877,28300.004753994388,1867.3342168122133,2023-01-13 01:30:00
1673575200000,28300.004753994388,28400.92808678719,28236.437877654484,28357.962013007153,813.5628710108327,2023-01-13 02:00:00
1673577000000,28337.858384586896,28337.858384586896,28232.65260361703,28286.873026800156,2899.6764970437134,2023-01-13 02:30:00
1673578800000,28335.818459925416,28510.37241288733,28335.818459925416,28395.26388395373,2772.9805574721777,2023-01-13 03:00:00
1673580600000,28755.453599119304,28817.149693679978,28755.453599119304,28787.647423363742,3630.2214164088514,2023-01-13 03:30:00
1673582400000,28787.647423363742,28950.658642067097,28718.544924123675,28819.308081932497,564.4652729165866,2023-01-13 04:00:00
1673584200000,28859.52296048072,28948.922903541814,28859.52296048072,28862.576408268764,785.7370597857689,2023-01-13 04:30:00
1673586000000,28862.576408268764,28868.68593420053,28731.499810944766,28782.554423986574,2583.3584057535872,2023-01-13 05:00:00
1673587800000,28702.839495663782,28702.839495663782,28597.78612661772,28635.093556199434,2446.5269007961115,2023-01-13 05:30:00
1673589600000,28742.353978151732,28828.29755129622,28742.353978151732,28779.1608937491,1672.2249657953291,2023-01-13 06:00:00
1673591400000,28643.56084771564,28643.56084771564,28599.13173857822,28630.63769751681,902.8936906992657,2023-01-13 06:30:00
1673593200000,28642.26025629326,28835.24439458742,28642.26025629326,28643.02441037992,1214.5146654134442,2023-01-13 07:00:00
1673595000000,28591.52740377773,28591.52740377773,28497.612748421656,28560.452635602673,2121.490405578803,2023-01-13 07:30:00
1673596800000,28613.766449923478,28654.410801620797,28613.766449923478,28643.253338679464,1585.6380356598943,2023-01-13 08:00:00
1673598600000,28649.86507375841,28764.51073166681,28649.86507375841,28701.07494451424,3414.1467976536856,2023-01-13 08:30:00
1673600400000,28844.41643874306,28952.91733717955,28844.41643874306,28881.62113862882,641.2029190351665,2023-01-13 09:00:00
1673602200000,28881.62113862882,28882.304258211916,28716.82848167349,28792.729798707293,1632.344603221023,2023-01-13 09:30:00
1673604000000,28792.729798707293,28793.874153480785,28713.886949242948,28745.803728691422,684.9551777757217,2023-01-13 10:00:00
1673605800000,28582.577337656145,28582.577337656145,28563.281699091996,28576.256254546413,1145.2635514220833,2023-01-13 10:30:00
1673607600000,28529.828531011786,28529.828531011786,28409.192061126247,28499.623397376425,684.2577361893991,2023-01-13 11:00:00
1673609400000,28499.623397376425,28580.11330703953,28458.579482536028,28564.687988625625,709.7286749633356,2023-01-13 11:30:00
1673611200000,28564.687988625625,28703.57732353272,28539.018101979225,28695.677235559644,1427.1317394188782,2023-01-13 12:00:00
1673613000000,28646.17004988414,28646.17004988414,28523.102136227128,28536.185389783965,2269.387883844236,2023-01-13 12:30:00
1673614800000,28659.280942982637,28737.97670094552,28659.280942982637,28686.56298699604,2325.4436356623237,2023-01-13 13:00:00
1673616600000,28830.152440038448,29029.045071311903,28830.152440038448,28922.57034404659,950.9586856313101,2023-01-13 13:30:00
1673618400000,28941.63773446526,29026.60028477298,28941.63773446526,28994.932196949998,619.4486969456036,2023-01-13 14:00:00
1673620200000,29305.965350433282,29408.398940267372,29305.965350433282,29325.703296643474,548.3467992524319,2023-01-13 14:30:00
1673622000000,29195.28899411571,29195.28899411571,29172.353012428877,29188.87406608937,1497.978063985518,2023-01-13 15:00:00
1673623800000,29050.341244491312,29050.341244491312,28896.849506709194,28970.119734575026,3348.316556850679,2023-01-13 15:30:00
1673625600000,28746.653449783695,28746.653449783695,28597.146033354195,28660.3432014977,999.4271640815944,2023-01-13 16:00:00
1673627400000,28917.219316048388,28957.729481367143,28917.219316048388,28920.666907181952,960.6652777867604,2023-01-13 16:30:00
1673629200000,28925.30428909129,29155.33161188874,28925.30428909129,29035.273824672488,1235.1028117886722,2023-01-13 17:00:00
1673631000000,29035.273824672488,29114.344293580998,29011.648552390197,29025.52098798815,1204.2501747557835,2023-01-13 17:30:00
1673632800000,29072.53284849761,29174.642851240194,29072.53284849761,29074.67735954186,4559.3369952093235,2023-01-13 18:00:00
1673634600000,28893.4046535902,28893.4046535902,28868.290221785977,28877.570008614544,1588.1064160436101,2023-01-13 18:30:00
1673636400000,29152.983887690974,29445.193872557396,29152.983887690974,29307.610981475947,1048.5140501969202,2023-01-13 19:00:00
1673638200000,29307.610981475947,29385.644443691017,29278.85764856032,29330.509462207072,2216.2067467789284,2023-01-13 19:30:00
1673640000000,29330.509462207072,29438.196051323834,29187.839449218,29349.90861578198,1112.5420770615797,2023-01-13 20:00:00
1673641800000,29405.155413529028,29555.371524997376,29405.155413529028,29478.9353039986,1219.2339863118927,2023-01-13 20:30:00
1673643600000,29478.9353039986,29644.866617467906,29415.355298412098,29564.761445271444,5957.184630633821,2023-01-13 21:00:00
1673645400000,29593.8742032537,29675.755850465102,29593.8742032537,29604.794090313997,923.1457534858857,2023-01-13 21:30:00
1673647200000,29589.156659407745,29589.156659407745,29427.30672121978,29463.691239271186,500.2270639953335,2023-01-13 22:00:00
1673649000000,29501.222411341743,29611.585096110124,29501.222411341743,29547.76908173785,628.2466116659132,2023-01-13 22:30:00
1673650800000,29859.745312798274,29899.28607507555,29859.745312798274,29885.791323256315,3142.374274229241,2023-01-13 23:00:00
1673652600000,30113.27787967369,30220.41430561081,30113.27787967369,30129.80409640643,1218.2451578002847,2023-01-13 23:30:00
1673654400000,30284.38417485368,30534.729982941397,30284.38417485368,30421.330923101643,1471.091813876365,2023-01-14 00:00:00
1673656200000,30381.180741659595,30381.180741659595,30297.31845041273,30327.480865026017,536.239002911492,2023-01-14 00:30:00
1673658000000,30156.33036838191,30156.33036838191,30105.28726132142,30146.62902468163,2121.5195243332564,2023-01-14 01:00:00
1673659800000,30146.62902468163,30186.736666218003,29944.480573311503,30123.718654853565,1625.7371855851006,2023-01-14 01:30:00
1673661600000,30131.315063372804,30237.534964371745,30131.315063372804,30133.86603778687,2510.181746161922,2023-01-14 02:00:00
1673663400000,30331.76757502446,30359.234875605496,30331.76757502446,30333.80985457248,1160.1613947623755,2023-01-14 02:30:00
1673665200000,30047.62751650365,30047.62751650365,29877.600619269484,30025.100248258394,5345.41405265386,2023-01-14 03:00:00
1673667000000,30184.58339258609,30393.278649051994,30184.58339258609,30303.956349155575,507.00675193472443,2023-01-14 03:30:00
1673668800000,30303.956349155575,30405.05246136629,30227.71669868299,30275.029994493292,2208.536246104378,2023-01-14 04:00:00
1673670600000,30275.029994493292,30288.44087534112,30151.61341208238,30197.01927523643,500.5981176715129,2023-01-14 04:30:00
1673672400000,30109.34796765114,30109.34796765114,29941.225761541424,30012.863784515794,766.0084659001128,2023-01-14 05:00:00
1673674200000,29873.20851503672,29873.20851503672,29671.83120532976,29714.17378672125,1040.2454786595356,2023-01-14 05:30:00
1673676000000,29835.18072175499,29945.402189413184,29835.18072175499,29862.376871048396,2857.0307087352544,2023-01-14 06:00:00
1673677800000,29867.84208779183,30063.004729013017,29867.84208779183,29875.612785511286,612.945547196431,2023-01-14 06:30:00
1673679600000,29738.2219584139,29738.2219584139,29548.76978026559,29643.5933227705,886.2527816820527,2023-01-14 07:00:00
1673681400000,29453.741081653345,29453.741081653345,29363.530609286237,29412.465955885593,630.6758871390892,2023-01-14 07:30:00
1673683200000,29412.465955885593,29431.889072684055,29324.4819211618,29352.834603918123,573.1468131613134,2023-01-14 08:00:00
1673685000000,29533.652711072227,29666.654525598857,29533.652711072227,29650.430708497835,581.0544488872824,2023-01-14 08:30:00
1673686800000,29622.100273866487,29622.100273866487,29584.233411933845,29603.94670663255,2423.757515573203,2023-01-14 09:00:00
1673688600000,29336.912530629415,29336.912530629415,29307.34728913586,29336.213922876723,1967.2553344303774,2023-01-14 09:30:00
1673690400000,29336.213922876723,29349.260251952768,29213.810721927737,29292.674187264332,841.0385814119751,2023-01-14 10:00:00
1673692200000,29292.674187264332,29367.144138588847,29103.003673791176,29244.429805248757,1286.4810288349036,2023-01-14 10:30:00
1673694000000,28814.051183575357,28814.051183575357,28696.135694882225,28771.611686867054,683.4019874143787,2023-01-14 11:00:00
1673695800000,28765.188912949023,28765.188912949023,28591.071253892507,28762.17162936633,2091.797235781115,2023-01-14 11:30:00
1673697600000,28762.17162936633,28790.65751951585,28609.17164756106,28722.0544459793,669.3341718640597,2023-01-14 12:00:00
1673699400000,28834.654048988778,28917.822960469643,28834.654048988778,28843.167364976704,973.7918784843434,2023-01-14 12:30:00
1673701200000,29158.958516847684,29211.679470080486,29158.958516847684,29167.298967263247,820.1888723770476,2023-01-14 13:00:00
1673703000000,29355.594490207695,29400.54816954688,29355.594490207695,29366.574874780297,697.3478148621479,2023-01-14 13:30:00
1673704800000,29366.574874780297,29368.266247420186,29307.002876744547,29318.888323207328,652.2181225463228,2023-01-14 14:00:00
1673706600000,29158.65854724125,29158.65854724125,29099.76226587639,29123.46311183371,4476.9657357820215,2023-01-14 14:30:00
1673708400000,29529.419658170522,29697.49955647958,29529.419658170522,29579.97091542953,919.4490535165588,2023-01-14 15:00:00
1673710200000,29579.97091542953,29695.73611907693,29546.96113247046,29590.559924489924,657.8486982563754,2023-01-14 15:30:00
1673712000000,29590.559924489924,29618.001414559716,29515.979029595543,29593.051209646823,2151.657816993581,2023-01-14 16:00:00
1673713800000,29593.051209646823,29606.845594758444,29541.497859364306,29588.73651655164,876.4449821263705,2023-01-14 16:30:00
1673715600000,29588.73651655164,29749.68632884073,29505.993837166978,29624.181960556572,660.7637432607055,2023-01-14 17:00:00
1673717400000,29624.181960556572,29709.048839965813,29564.377147086812,29598.345800540817,981.4666707162233,2023-01-14 17:30:00
1673719200000,29520.69060647386,29520.69060647386,29465.844385439526,29495.900087831786,771.130875880435,2023-01-14 18:00:00
1673721000000,29485.53773271919,29485.53773271919,29276.702421784837,29398.571059282363,1418.6572411940529,2023-01-14 18:30:00
1673722800000,29398.571059282363,29480.261376410435,29267.95847209051,29392.751892023745,2237.257942441951,2023-01-14 19:00:00
1673724600000,29309.646047482634,29309.646047482634,29169.489602835867,29296.37129717725,2114.142569706346,2023-01-14 19:30:00
1673726400000,29199.33056828523,29199.33056828523,29099.80414633573,29170.421600723635,1651.6021527080916,2023-01-14 20:00:00
1673728200000,29175.845844389274,29221.432932296175,29175.845844389274,29189.19186223886,1441.12855647433,2023-01-14 20:30:00
1673730000000,29189.19186223886,29197.45492942937,29022.397196994505,29144.243715813092,584.0131260067169,2023-01-14 21:00:00
1673731800000,29340.220904370373,29450.543894850987,29340.220904370373,29410.37560902974,594.0464292896677,2023-01-14 21:30:00
1673733600000,29035.73184662014,29035.73184662014,28938.92904238926,28942.905643565035,867.7056873312893,2023-01-14 22:00:00
1673735400000,28988.883273580257,29162.606728091698,28988.883273580257,29134.474474397655,2658.3005893272903,2023-01-14 22:30:00
1673737200000,29140.55924158309,29491.80289437278,29140.55924158309,29354.723649318308,717.4821080309616,2023-01-14 23:00:00
1673739000000,29085.29434674897,29085.29434674897,28859.773558378252,28989.159468267822,1926.381868893206,2023-01-14 23:30:00
1673740800000,28962.509131822022,28962.509131822022,28917.296094215468,28929.179357308225,1839.1351223725042,2023-01-15 00:00:00
1673742600000,28929.179357308225,28947.174381984478,28843.110027043847,28864.30675297851,550.8785470907684,2023-01-15 00:30:00
1673744400000,28640.58609864979,28640.58609864979,28475.37567277927,28619.800413595363,757.4484681300528,2023-01-15 01:00:00
1673746200000,28511.54268246576,28511.54268246576,28470.460709723866,28485.571411756315,1051.2486005622604,2023-01-15 01:30:00
1673748000000,28320.437478482705,28320.437478482705,28286.3102766247,28295.008072740486,1088.5213137801088,2023-01-15 02:00:00
1673749800000,28582.253676278688,28786.048154566382,28582.253676278688,28596.26404236799,2902.9411851621444,2023-01-15 02:30:00
1673751600000,28723.84865623577,28889.96093724112,28723.84865623577,28758.440357918862,2170.2857504004905,2023-01-15 03:00:00
1673753400000,28813.208322263104,29050.365019715973,28813.208322263104,28980.307683324158,2386.983363836401,2023-01-15 03:30:00
1673755200000,29058.143757682803,29211.983429417407,29058.143757682803,29106.989217116505,3330.0877176850545,2023-01-15 04:00:00
1673757000000,29030.776415871227,29030.776415871227,28846.964737839116,28909.04030699039,2135.2548810867347,2023-01-15 04:30:00
1673758800000,28846.50817162213,28846.50817162213,28722.29221346053,28817.538289929827,552.6241365926836,2023-01-15 05:00:00
1673760600000,28820.573073662734,29048.683743881134,28820.573073662734,28902.900103768625,1098.4742688237761,2023-01-15 05:30:00
1673762400000,28754.526002023234,28754.526002023234,28578.208283820735,28690.194951227117,1507.1571876970356,2023-01-15 06:00:00
1673764200000,28749.942825829334,28865.115882440787,28749.942825829334,28814.09774756342,1288.988632853167,2023-01-15 06:30:00
1673766000000,28814.09774756342,28829.174953779006,28691.35423049509,28772.27502906075,1880.744623767398,2023-01-15 07:00:00
1673767800000,28772.27502906075,28837.21160065557,28699.200045755468,28707.1678323365,3919.4995605254085,2023-01-15 07:30:00
1673769600000,28707.1678323365,28907.822210041846,28605.269454819485,28830.788718894484,2782.3435050455755,2023-01-15 08:00:00
1673771400000,28888.71753512939,29070.40469468782,28888.71753512939,28908.30681639785,790.5834473663516,2023-01-15 08:30:00
1673773200000,28908.30681639785,28935.607705187344,28832.531585059383,28845.307123850216,730.6466743193133,2023-01-15 09:00:00
1673775000000,29007.536677353277,29132.43353615858,29007.536677353277,29048.134949779967,1299.9764615179965,2023-01-15 09:30:00
1673776800000,28900.287846194326,28900.287846194326,28796.108513307165,28858.955362428507,1416.919454727911,2023-01-15 10:00:00
1673778600000,28899.98684187085,29044.27805738333,28899.98684187085,28966.58886641723,4205.430375478479,2023-01-15 10:30:00
1673780400000,28994.686747884218,29234.053850294044,28994.686747884218,29070.611483264245,1545.4447389605757,2023-01-15 11:00:00
1673782200000,29046.9155925971,29046.9155925971,28948.530211508634,29016.27435024622,2191.436676998317,2023-01-15 11:30:00
1673784000000,29016.27435024622,29218.107510463782,28941.24889597293,29073.525927811294,1141.3817504585445,2023-01-15 12:00:00
1673785800000,28890.454476367227,28890.454476367227,28774.856538822314,28854.509642347562,2537.5297205938223,2023-01-15 12:30:00
1673787600000,29003.455039963213,29024.61008842563,29003.455039963213,29016.107125731953,2380.9030796253464,2023-01-15 13:00:00
1673789400000,29008.22261806331,29008.22261806331,28871.670149880123,28983.698444277987,680.9222658547063,2023-01-15 13:30:00
1673791200000,28919.73184035693,28919.73184035693,28731.7854444819,28892.27396261241,1508.7441994171234,2023-01-15 14:00:00
1673793000000,29022.31751056903,29127.058495360492,29022.31751056903,29076.03839191632,542.3829262133264,2023-01-15 14:30:00
1673794800000,29007.658046735258,29007.658046735258,28788.32162857596,28952.523670811075,2451.4699742606404,2023-01-15 15:00:00
1673796600000,28770.576227128313,28770.576227128313,28543.10470914606,28707.105294469806,3560.166573864348,2023-01-15 15:30:00
1673798400000,28466.92738162355,28466.92738162355,28423.692175144017,28438.288663691714,1249.9037362026554,2023-01-15 16:00:00
1673800200000,28511.320153734367,28595.10381256357,28511.320153734367,28542.640895178956,860.647292237577,2023-01-15 16:30:00
1673802000000,28535.295212442692,28535.295212442692,28215.392962924958,28322.605110424396,1417.7497882472496,2023-01-15 17:00:00
1673803800000,28529.241650367407,28658.950195413585,28529.241650367407,28624.591524413136,1460.2275388403696,2023-01-15 17:30:00
1673805600000,28273.23704510203,28273.23704510203,28256.06254114862,28266.66102578293,1395.7946413840687,2023-01-15 18:00:00
1673807400000,28467.392559712058,28607.00823080257,28467.392559712058,28557.979837362498,1476.5174049636921,2023-01-15 18:30:00
1673809200000,28557.979837362498,28615.97355937113,28378.25321618759,28594.42549578092,1252.1683720353626,2023-01-15 19:00:00
1673811000000,28594.42549578092,28598.69169155488,28397.902740051522,28577.716023061483,720.0930908015006,2023-01-15 19:30:00
1673812800000,28528.675201397484,28528.675201397484,28440.11993266752,28483.750724315,588.7943727343963,2023-01-15 20:00:00
1673814600000,28485.708988158825,28718.512497320673,28485.708988158825,28552.54702443266,1075.749685763407,2023-01-15 20:30:00
1673816400000,28552.54702443266,28584.314066602423,28399.217490343533,28546.053105154446,926.1817261473234,2023-01-15 21:00:00
1673818200000,28734.57244411572,28916.38188171866,28734.57244411572,28737.043787046754,1836.1048487108292,2023-01-15 21:30:00
1673820000000,28737.043787046754,28759.475029814446,28709.431695611824,28756.89039028762,909.9602877117508,2023-01-15 22:00:00
1673821800000,28756.89039028762,28925.969930140014,28751.655738397072,28783.025612948353,1163.623306159519,2023-01-15 22:30:00
1673823600000,28783.025612948353,28927.336744771794,28687.111415571533,28719.839634973512,769.9859534079594,2023-01-15 23:00:00
1673825400000,28719.839634973512,28944.59281803414,28655.307064354696,28709.95659468989,577.8489445678823,2023-01-15 23:30:00
1673827200000,28710.402552824977,28825.572054560776,28710.402552824977,28763.4167991309,1203.0186460483492,2023-01-16 00:00:00
1673829000000,28552.38086529388,28552.38086529388,28450.550748496396,28467.642974359333,537.1423672697514,2023-01-16 00:30:00
1673830800000,28337.100420711566,28337.100420711566,28218.48013026654,28236.619627415752,804.3649632159809,2023-01-16 01:00:00
1673832600000,28356.200820913637,28408.1255549076,28356.200820913637,28363.751558133437,1096.1629738751385,2023-01-16 01:30:00
1673834400000,28363.751558133437,28537.601009935704,28234.845134559313,28393.058135547886,904.1060702801168,2023-01-16 02:00:00
1673836200000,28393.058135547886,28419.668096348018,28334.22729361568,28361.502847106152,956.9662988092903,2023-01-16 02:30:00
1673838000000,28361.502847106152,28383.299351452017,28336.665482212367,28364.662900172734,3889.495054219591,2023-01-16 03:00:00
1673839800000,28364.662900172734,28561.624536768766,28355.412141158373,28424.31335095432,835.7606136375007,2023-01-16 03:30:00
1673841600000,28394.12182694299,28394.12182694299,28147.786666243916,28331.73591417262,1157.8135117557792,2023-01-16 04:00:00
1673843400000,28267.747297743343,28267.747297743343,28117.247977925905,28198.774778581672,882.783704488999,2023-01-16 04:30:00
1673845200000,28229.579113230528,28306.708645739753,28229.579113230528,28232.172996042904,1442.5397625891,2023-01-16 05:00:00
1673847000000,28202.771642426495,28202.771642426495,28040.306901788732,28065.721314589056,920.4906620785935,2023-01-16 05:30:00
1673848800000,28065.721314589056,28151.4303889825,28037.72630925232,28135.0581768106,1223.0749700078632,2023-01-16 06:00:00
1673850600000,27855.80309905978,27855.80309905978,27813.92416931335,27847.022297541247,1424.3558227107892,2023-01-16 06:30:00
1673852400000,27975.040920851017,28040.702404042968,27975.040920851017,28020.77603466028,3196.616446896824,2023-01-16 07:00:00
1673854200000,28083.403745823092,28187.52138165269,28083.403745823092,28100.928133482634,1371.6078660550047,2023-01-16 07:30:00
1673856000000,28100.928133482634,28187.078344352736,28023.11134951299,28144.446248048636,2618.912348977063,2023-01-16 08:00:00
1673857800000,28288.20989913739,28376.26436527631,28288.20989913739,28312.10374207538,1476.85133874033,2023-01-16 08:30:00
1673859600000,28532.203408268164,28632.771912546646,28532.203408268164,28598.535196299148,725.3897574630221,2023-01-16 09:00:00
1673861400000,28748.559397827463,28790.86977997016,28748.559397827463,28774.4065567016,1628.242053359348,2023-01-16 09:30:00
1673863200000,28534.653599707144,28534.653599707144,28406.503355417863,28456.031052711965,1912.4374859492198,2023-01-16 10:00:00
1673865000000,28368.01258060422,28368.01258060422,28224.443513616614,28236.808415008276,1458.7337743884373,2023-01-16 10:30:00
1673866800000,28138.28073673882,28138.28073673882,28109.47421835186,28130.376297546412,1132.1593204234969,2023-01-16 11:00:00
1673868600000,28130.376297546412,28167.83109502425,28108.82794585495,28134.81263201609,727.5719345038183,2023-01-16 11:30:00
1673870400000,28134.81263201609,28257.721803806286,28097.48196231581,28222.976435859935,1333.3658886675275,2023-01-16 12:00:00
1673872200000,28210.79026062822,28210.79026062822,28080.40251803278,28099.45084234609,2664.9025171565568,2023-01-16 12:30:00
1673874000000,28099.45084234609,28137.968089583752,28058.14255700239,28131.187815586298,2944.490723639544,2023-01-16 13:00:00
1673875800000,28099.481882273645,28099.481882273645,27970.26662282118,28003.047095068534,643.5189938218563,2023-01-16 13:30:00
1673877600000,27913.822188720867,27913.822188720867,27864.54712852743,27899.738845553617,951.6199407153103,2023-01-16 14:00:00
1673879400000,27673.032333594954,27673.032333594954,27645.023417708042,27663.545471672714,903.7254053615225,2023-01-16 14:30:00
1673881200000,27594.216795339285,27594.216795339285,27445.578883806673,27509.612698679855,3150.7744820058047,2023-01-16 15:00:00
1673883000000,27334.88958511892,27334.88958511892,27237.145813820327,27285.786977956584,1841.4971234034583,2023-01-16 15:30:00
1673884800000,27138.567933930604,27138.567933930604,27074.10214738987,27125.32479499536,832.3523748026487,2023-01-16 16:00:00
1673886600000,27225.507829803013,27410.07345019819,27225.507829803013,27298.61517010275,4255.773272227464,2023-01-16 16:30:00
1673888400000,27241.84650589446,27241.84650589446,27101.970505407167,27142.42027185148,1070.0997387791122,2023-01-16 17:00:00
1673890200000,27558.389804717957,27594.40871502032,27558.389804717957,27577.711420882933,3450.4946419583875,2023-01-16 17:30:00
1673892000000,27577.711420882933,27716.585837549665,27568.583699310122,27660.05991113908,1911.375208901592,2023-01-16 18:00:00
1673893800000,27660.05991113908,27821.41984146832,27562.90566387564,27690.977492498027,1088.0189938133617,2023-01-16 18:30:00
1673895600000,27617.671158288504,27617.671158288504,27485.259111646214,27547.691571242187,560.2363086589305,2023-01-16 19:00:00
1673897400000,27547.691571242187,27684.82873048925,27506.53012045627,27664.538643544747,683.9469396444902,2023-01-16 19:30:00
1673899200000,27664.538643544747,27664.95564244506,27428.36214517267,27568.456999572103,559.1046115363869,2023-01-16 20:00:00
1673901000000,27571.485636035246,27668.64816206815,27571.485636035246,27588.79415943346,664.5715204491362,2023-01-16 20:30:00
1673902800000,27934.322997414147,28161.616988151873,27934.322997414147,28018.997951637848,1043.5807301359346,2023-01-16 21:00:00
1673904600000,28018.997951637848,28064.950921312407,27862.58037368452,28002.73529103883,1202.465033184062,2023-01-16 21:30:00
1673906400000,28189.53113786752,28221.938019457913,28189.53113786752,28197.92455933716,959.2617027101013,2023-01-16 22:00:00
1673908200000,28083.083133533983,28083.083133533983,28049.66162575733,28078.338146976064,1197.0455797169077,2023-01-16 22:30:00
1673910000000,28078.338146976064,28094.137508243268,28031.38867600015,28072.401057105606,1372.4416383427993,2023-01-16 23:00:00
1673911800000,28347.741187798765,28407.160870599673,28347.741187798765,28374.46458869816,1110.4398508926483,2023-01-16 23:30:00
1673913600000,28374.46458869816,28468.517150268814,28223.15808885781,28267.146546442546,3902.382283935487,2023-01-17 00:00:00
1673915400000,28557.466197956066,28622.95707081323,28557.466197956066,28578.49842103812,2487.4796762325905,2023-01-17 00:30:00
1673917200000,28698.014505914798,28767.430598466897,28698.014505914798,28701.008724703017,1297.8795716699965,2023-01-17 01:00:00
1673919000000,28689.19399525257,28689.19399525257,28584.835469523132,28603.604233944658,728.1493137755422,2023-01-17 01:30:00
1673920800000,28603.604233944658,28732.50163654533,28603.596548989673,28713.1438286725,556.1580589407639,2023-01-17 02:00:00
1673922600000,28840.53910021081,28883.539253709885,28840.53910021081,28882.419539343082,843.7260781550874,2023-01-17 02:30:00
1673924400000,28982.58516292522,29091.587687993317,28982.58516292522,28991.169854366202,863.7040537571318,2023-01-17 03:00:00
1673926200000,28743.14070625321,28743.14070625321,28695.951367335718,28717.333375879865,853.6216078176968,2023-01-17 03:30:00
1673928000000,28604.60663796826,28604.60663796826,28461.08633404574,28591.40331147684,758.0994565048401,2023-01-17 04:00:00
1673929800000,28590.43413005694,28590.43413005694,28465.300924658215,28548.662624444663,3312.1510585578067,2023-01-17 04:30:00
1673931600000,28548.662624444663,28650.44442733807,28530.54562780392,28535.822209858874,2717.693469201768,2023-01-17 05:00:00
1673933400000,28613.391233562787,28800.037363086747,28613.391233562787,28643.07050420812,4617.301050112322,2023-01-17 05:30:00
1673935200000,28643.07050420812,28758.089312152253,28588.730273243415,28673.850292171155,703.710351255344,2023-01-17 06:00:00
1673937000000,28484.512896776327,28484.512896776327,28412.46201226899,28443.36094713493,1130.586769538705,2023-01-17 06:30:00
1673938800000,28443.36094713493,28621.551866453286,28342.14240225621,28508.796320725083,527.4808146603052,2023-01-17 07:00:00
1673940600000,28591.408903723306,28648.42405944243,28591.408903723306,28614.198618316255,1067.1136889230938,2023-01-17 07:30:00
1673942400000,28614.198618316255,28859.37951143417,28482.31551521922,28711.174760134487,992.9998161226719,2023-01-17 08:00:00
1673944200000,28762.602733161457,28995.167290916124,28762.602733161457,28899.336237572646,3116.0303669054815,2023-01-17 08:30:00
1673946000000,28996.115052771416,29046.31747246089,28996.115052771416,29045.362591867928,1102.9862449957473,2023-01-17 09:00:00
1673947800000,29045.362591867928,29147.529806887535,29030.124666653137,29126.08341089098,832.0523930620525,2023-01-17 09:30:00
1673949600000,29126.08341089098,29173.193295220364,28975.464603033597,29113.734237922792,7219.564161523771,2023-01-17 10:00:00
1673951400000,28832.556935116805,28832.556935116805,28768.375342371175,28822.929023039116,586.181348506174,2023-01-17 10:30:00
1673953200000,28822.929023039116,28915.790390705246,28795.417341148746,28897.86799071492,1214.2893726192501,2023-01-17 11:00:00
1673955000000,28897.86799071492,29009.087152873202,28835.704363926026,28934.16510456432,590.9832766473793,2023-01-17 11:30:00
1673956800000,28944.030949619217,28995.682736166706,28944.030949619217,28981.697127033618,1345.9579431278557,2023-01-17 12:00:00
1673958600000,28762.870053390863,28762.870053390863,28710.391889117487,28758.91642824414,514.2983707095092,2023-01-17 12:30:00
1673960400000,28600.912368882447,28600.912368882447,28429.798373095786,28571.621584497047,1680.6108686439713,2023-01-17 13:00:00
1673962200000,28597.320937109787,28782.26032970757,28597.320937109787,28754.066666241582,1262.1190833944656,2023-01-17 13:30:00
1673964000000,28754.066666241582,28849.358475033674,28718.055801653714,28747.193238410946,4292.311305678069,2023-01-17 14:00:00
1673965800000,28763.042076707134,28866.331465916013,28763.042076707134,28865.846428808705,1424.4373826138894,2023-01-17 14:30:00
1673967600000,28865.846428808705,28892.094125757212,28738.07305400548,28870.787404818115,1687.3455829771035,2023-01-17 15:00:00
1673969400000,28875.233523823874,28900.115458420452,28875.233523823874,28875.980152306463,1445.0546149855404,2023-01-17 15:30:00
1673971200000,28986.668350851935,29153.1133226197,28986.668350851935,29040.200099604677,686.8869763784519,2023-01-17 16:00:00
1673973000000,29040.200099604677,29086.50932324063,28846.579807285492,28949.76588148591,1065.2942966301168,2023-01-17 16:30:00
1673974800000,28949.76588148591,28974.014027161193,28834.399045334332,28966.58919052046,2079.949259575116,2023-01-17 17:00:00
1673976600000,28966.58919052046,29046.553861751254,28807.899212551325,28885.770015965034,2160.619337729086,2023-01-17 17:30:00
1673978400000,28876.138364934865,28876.138364934865,28747.224124064673,28810.013015176755,1202.1938264501641,2023-01-17 18:00:00
1673980200000,28770.50541697782,28770.50541697782,28565.37401003762,28756.228034770313,1089.7205998370382,2023-01-17 18:30:00
1673982000000,28756.228034770313,28801.11618272767,28753.837620153194,28794.861264264306,2490.929528330529,2023-01-17 19:00:00
1673983800000,28729.8429391715,28729.8429391715,28616.94609975327,28711.662420856395,2524.799025357708,2023-01-17 19:30:00
1673985600000,28876.03111032053,29073.05024907706,28876.03111032053,28930.40620409461,965.284490417675,2023-01-17 20:00:00
1673987400000,28782.376375928015,28782.376375928015,28697.20516142303,28774.401992526586,1001.6666799684822,2023-01-17 20:30:00
1673989200000,28774.401992526586,28775.013642964917,28694.473026316522,28741.921140282786,3903.226264506965,2023-01-17 21:00:00
1673991000000,28731.429112735557,28731.429112735557,28640.36018487985,28665.63443114726,3899.86489669791,2023-01-17 21:30:00
1673992800000,28865.309442764345,29082.377225913293,28865.309442764345,28917.429275586375,1246.7463171522045,2023-01-17 22:00:00
1673994600000,28917.429275586375,29049.902715996668,28870.486834248146,28951.802811637972,1833.6001120802155,2023-01-17 22:30:00
1673996400000,29025.42045978797,29271.44892181729,29025.42045978797,29132.9233704441,879.2612702387685,2023-01-17 23:00:00
1673998200000,29048.925396448318,29048.925396448318,28863.68153004699,28872.51852045322,713.5124774429952,2023-01-17 23:30:00
1674000000000,28872.51852045322,29034.59786580354,28733.561871121503,28919.157726873516,1359.308004184084,2023-01-18 00:00:00
1674001800000,28989.571079158068,29176.940726626803,28989.571079158068,29075.07222044273,1434.771496038803,2023-01-18 00:30:00
1674003600000,29075.07222044273,29112.586352908627,29035.917066090497,29089.535509764803,566.2409946287563,2023-01-18 01:00:00
1674005400000,29223.88731289499,29410.99123243663,29223.88731289499,29277.469052204007,736.9507974194624,2023-01-18 01:30:00
1674007200000,29198.340800625065,29198.340800625065,29079.787105953852,29186.07656036827,745.3737461825311,2023-01-18 02:00:00
1674009000000,29299.89885750762,29543.080582741397,29299.89885750762,29435.747336875018,1287.0207803470635,2023-01-18 02:30:00
1674010800000,29786.216538652083,29882.073236136417,29786.216538652083,29847.596674986937,772.795786510522,2023-01-18 03:00:00
1674012600000,29820.33747681496,29820.33747681496,29659.30529586563,29782.212955237024,1717.5020890595358,2023-01-18 03:30:00
1674014400000,29754.662268511307,29754.662268511307,29590.795399500003,29702.129001523448,995.801432353727,2023-01-18 04:00:00
1674016200000,29897.908856652648,30021.23817887987,29897.908856652648,29964.18849664394,570.4625016770758,2023-01-18 04:30:00
1674018000000,30170.000941800303,30355.584482543367,30170.000941800303,30251.62350067467,1205.0695709406195,2023-01-18 05:00:00
1674019800000,30201.257917043124,30201.257917043124,30121.23151562935,30156.174579146522,2363.453677968022,2023-01-18 05:30:00
1674021600000,30156.174579146522,30206.459256039205,29984.676611569328,30079.687115953006,875.1796731187616,2023-01-18 06:00:00
1674023400000,30042.521647047633,30042.521647047633,29997.96125414406,30028.501993372847,509.8761616992535,2023-01-18 06:30:00
1674025200000,29940.409652347946,29940.409652347946,29703.02097808795,29785.48417529329,1682.1380553414715,2023-01-18 07:00:00
1674027000000,29688.819522456604,29688.819522456604,29527.801500278794,29620.564113748293,2169.3313158941355,2023-01-18 07:30:00
1674028800000,29482.77471574435,29482.77471574435,29282.254419102515,29441.3411481803,1798.3513506207153,2023-01-18 08:00:00
1674030600000,29365.374690247645,29365.374690247645,29202.863168732143,29305.03358218607,1440.7932524898306,2023-01-18 08:30:00
1674032400000,29305.03358218607,29336.264764370644,29161.043094580535,29298.890873389933,821.122861037019,2023-01-18 09:00:00
1674034200000,29312.257113075542,29523.349884092288,29312.257113075542,29340.395427570835,1365.8671471970724,2023-01-18 09:30:00
1674036000000,29531.1396641432,29631.87555573633,29531.1396641432,29616.64227150563,1498.9183271273994,2023-01-18 10:00:00
1674037800000,29496.645224488835,29496.645224488835,29436.042750223536,29438.472623688544,765.0840837639221,2023-01-18 10:30:00
1674039600000,29606.71518189701,29790.06872387316,29606.71518189701,29614.130680933853,700.6039838399917,2023-01-18 11:00:00
1674041400000,29614.130680933853,29757.84732927473,29571.60931158788,29575.85417892711,798.5511180009521,2023-01-18 11:30:00
1674043200000,29575.85417892711,29665.26838156404,29557.364121803777,29567.013573646553,3127.563895953608,2023-01-18 12:00:00
1674045000000,29623.626190196366,29724.116209593045,29623.626190196366,29687.85169703203,612.2887131646137,2023-01-18 12:30:00
1674046800000,29544.951075948848,29544.951075948848,29435.23844028419,29487.08055723128,1960.0038428355447,2023-01-18 13:00:00
1674048600000,29487.08055723128,29582.76818018411,29481.661235331354,29555.31217186883,2297.726008169606,2023-01-18 13:30:00
1674050400000,29555.31217186883,29751.264049228004,29497.248331356765,29585.060771287153,1113.1601287606568,2023-01-18 14:00:00
1674052200000,29670.341875337082,29720.38238882956,29670.341875337082,29673.247884858603,1518.7748936881085,2023-01-18 14:30:00
1674054000000,29673.247884858603,29736.380848280132,29652.845250253824,29725.154031441343,846.2368928147023,2023-01-18 15:00:00
1674055800000,30157.219035744325,30269.129082763673,30157.219035744325,30169.558115185155,1676.4983799247518,2023-01-18 15:30:00
1674057600000,30098.93950966533,30098.93950966533,30013.66845576105,30053.493774241855,610.1643549194253,2023-01-18 16:00:00
1674059400000,30053.493774241855,30171.903779613505,29772.3274285107,29957.196671290658,612.8460391940159,2023-01-18 16:30:00
1674061200000,29924.74109276751,29924.74109276751,29812.00602402491,29844.582633661685,2261.3420220777934,2023-01-18 17:00:00
1674063000000,29804.495178678026,29804.495178678026,29726.763384194404,29744.55366348881,619.2307386458606,2023-01-18 17:30:00
1674064800000,29666.56334204163,29666.56334204163,29574.955194246366,29630.187534608012,986.2274151745636,2023-01-18 18:00:00
1674066600000,29791.10165446269,29857.041278023906,29791.10165446269,29843.888590734226,2301.6509430520837,2023-01-18 18:30:00
1674068400000,30070.43499655335,30157.919730193094,30070.43499655335,30101.216288145435,1831.5047302673324,2023-01-18 19:00:00
1674070200000,30073.6761338938,30073.6761338938,29874.49657486026,29997.558669068847,916.9740430229774,2023-01-18 19:30:00
1674072000000,29875.96995251622,29875.96995251622,29832.184752824593,29847.02772478546,524.953161282465,2023-01-18 20:00:00
1674073800000,29847.02772478546,30029.88612050828,29846.910197284124,29932.189907380805,2310.199918461819,2023-01-18 20:30:00
1674075600000,29932.189907380805,29952.392412889505,29713.355877663682,29832.454032991336,637.3672276016639,2023-01-18 21:00:00
1674077400000,29870.152559248265,29958.122602450352,29870.152559248265,29946.794454850777,540.7678014950719,2023-01-18 21:30:00
1674079200000,29946.794454850777,30081.560363049786,29942.19244800144,29983.545605993506,1708.982335987063,2023-01-18 22:00:00
1674081000000,29770.123432123266,29770.123432123266,29704.633357596977,29710.11695486429,1056.685858065787,2023-01-18 22:30:00
1674082800000,29984.21459836722,30059.68727381294,29984.21459836722,29989.30189985769,1524.6727621079945,2023-01-18 23:00:00
1674084600000,30137.974347523,30340.59579763361,30137.974347523,30316.58617927385,568.3380585903191,2023-01-18 23:30:00
1674086400000,30210.730444402092,30210.730444402092,30183.507753222402,30204.510861967574,1149.833614018005,2023-01-19 00:00:00
1674088200000,30204.510861967574,30258.54726369955,30034.916142326336,30133.81669871438,1585.396478458099,2023-01-19 00:30:00
1674090000000,30133.81669871438,30276.35288073612,30101.947439489373,30185.925836915918,879.3128021166588,2023-01-19 01:00:00
1674091800000,30185.925836915918,30279.03287225121,30169.830488053383,30247.006884960334,540.6106911543552,2023-01-19 01:30:00
1674093600000,30343.3556642052,30459.532844075682,30343.3556642052,30367.63676625392,2714.8686572717234,2023-01-19 02:00:00
1674095400000,30531.64921572059,30904.29905624192,30531.64921572059,30738.842872800673,580.0926571796778,2023-01-19 02:30:00
1674097200000,30738.842872800673,30798.388012360814,30656.870320398917,30705.986319561194,780.580752753342,2023-01-19 03:00:00
1674099000000,30666.553418540956,30666.553418540956,30533.021540668535,30558.190099236585,2596.55081543546,2023-01-19 03:30:00
1674100800000,30332.966700972745,30332.966700972745,30159.923471767517,30304.49834716227,713.8037417365647,2023-01-19 04:00:00
1674102600000,30221.235527591438,30221.235527591438,30108.89586723282,30170.916666736026,549.9955250789013,2023-01-19 04:30:00
1674104400000,30170.916666736026,30184.24767519569,30057.405984179408,30164.87648901315,919.1510193550425,2023-01-19 05:00:00
1674106200000,30484.628844318897,30574.767384074865,30484.628844318897,30493.83363121619,1913.2403630308565,2023-01-19 05:30:00
1674108000000,30493.83363121619,30515.593853902683,30367.808357483565,30398.584821441298,708.5409400216104,2023-01-19 06:00:00
1674109800000,30412.44716420306,30545.48549238774,30412.44716420306,30439.728843389807,517.6531174158322,2023-01-19 06:30:00
1674111600000,30439.728843389807,30445.513282278243,30382.133884578245,30436.70755691636,2212.000597816509,2023-01-19 07:00:00
1674113400000,30532.605712792178,30763.308083817654,30532.605712792178,30656.109976670832,1407.1984360990505,2023-01-19 07:30:00
1674115200000,30996.34304164069,31198.1817835486,30996.34304164069,31127.905983812827,1369.302187398866,2023-01-19 08:00:00
1674117000000,31107.24564068723,31107.24564068723,30919.154572921118,31028.190298503116,730.5231992809348,2023-01-19 08:30:00
1674118800000,31017.805833634913,31017.805833634913,30904.475744463096,30936.539521943683,639.0977284446424,2023-01-19 09:00:00
1674120600000,31093.097718921512,31212.370825355352,31093.097718921512,31132.393861322696,3789.6358960708026,2023-01-19 09:30:00
1674122400000,31216.963984425918,31369.266523179253,31216.963984425918,31260.96573323293,611.6584677999375,2023-01-19 10:00:00
1674124200000,31489.19438725919,31642.71235092234,31489.19438725919,31611.8382346587,1463.0810771759911,2023-01-19 10:30:00
1674126000000,31629.72847699588,31791.398205847087,31629.72847699588,31723.601406265632,2298.531867370704,2023-01-19 11:00:00
1674127800000,31698.90233876274,31698.90233876274,31582.413341132837,31654.786643652656,1522.8944477442633,2023-01-19 11:30:00
1674129600000,31760.221949158593,31787.144277861284,31760.221949158593,31767.99318252478,533.9949068284867,2023-01-19 12:00:00
1674131400000,31953.962419123898,32097.033004416466,31953.962419123898,31981.584738303678,1745.5596926124358,2023-01-19 12:30:00
1674133200000,32077.064207713025,32192.42708349335,32077.064207713025,32140.574567534215,1181.9517064981524,2023-01-19 13:00:00
1674135000000,32182.962362971317,32280.254678685975,32182.962362971317,32239.267291486303,1194.387013503127,2023-01-19 13:30:00
1674136800000,32381.545572207797,32569.03326304703,32381.545572207797,32447.783961500027,670.5041723289947,2023-01-19 14:00:00
1674138600000,32512.26624038029,32762.51243060983,32512.26624038029,32677.911088748242,1905.7930647238663,2023-01-19 14:30:00
1674140400000,32766.87555175096,33002.59768933071,32766.87555175096,32952.03724745415,1019.9869211441636,2023-01-19 15:00:00
1674142200000,32952.03724745415,33177.33975076979,32946.27596149585,33081.48883774938,1331.4765365449189,2023-01-19 15:30:00
1674144000000,33079.47920772456,33079.47920772456,33029.371965058264,33048.09148003399,808.817956357811,2023-01-19 16:00:00
1674145800000,33050.85839343825,33146.4287174834,33050.85839343825,33077.40935686685,684.8240114011489,2023-01-19 16:30:00
1674147600000,33270.248781208255,33324.44970550405,33270.248781208255,33319.49520530896,3413.5093309244207,2023-01-19 17:00:00
1674149400000,33274.31535124012,33274.31535124012,33049.39636135081,33155.3842866915,708.6275758729269,2023-01-19 17:30:00
1674151200000,33201.58051500028,33286.919323649454,33201.58051500028,33229.34526512169,655.3306698089038,2023-01-19 18:00:00
1674153000000,33168.265787471006,33168.265787471006,33058.99626595931,33150.44192397272,2087.5706349447,2023-01-19 18:30:00
1674154800000,33150.44192397272,33270.783770913295,33101.9301060794,33156.201753400455,602.7085220912049,2023-01-19 19:00:00
1674156600000,33304.90928213217,33462.6359685416,33304.90928213217,33413.38996183874,1566.592732084178,2023-01-19 19:30:00
1674158400000,33413.38996183874,33651.439284772794,33410.03381150261,33452.004680351216,1647.8166688708511,2023-01-19 20:00:00
1674160200000,33452.004680351216,33601.73592966592,33384.153144120384,33461.39468831065,539.7875513690432,2023-01-19 20:30:00
1674162000000,33285.05056817063,33285.05056817063,33176.41865179047,33187.50451969068,1342.8015870012387,2023-01-19 21:00:00
1674163800000,33249.02712761709,33387.98616219058,33249.02712761709,33337.52955210551,1621.7588361608691,2023-01-19 21:30:00
1674165600000,33387.50785062665,33578.17574491063,33387.50785062665,33467.843044382775,2102.2430483087755,2023-01-19 22:00:00
1674167400000,33877.212589365845,33930.500657835015,33877.212589365845,33908.29702702734,2910.127143633191,2023-01-19 22:30:00
1674169200000,33908.29702702734,34001.10555448818,33705.518902418466,33845.27926965041,1062.3693566980703,2023-01-19 23:00:00
1674171000000,33845.27926965041,34076.6460913824,33828.92787809815,33890.138396315466,1936.0293774129016,2023-01-19 23:30:00
1674172800000,33929.49194193236,33954.81687421453,33929.49194193236,33941.25849160965,1837.2430555351211,2023-01-20 00:00:00
1674174600000,34260.46221303367,34276.80970966181,34260.46221303367,34266.40517609427,811.971031263285,2023-01-20 00:30:00
1674176400000,34266.40517609427,34270.77520753032,34172.07970738056,34246.67463663892,1776.7394335517256,2023-01-20 01:00:00
1674178200000,34246.67463663892,34394.96071199845,34204.31765111945,34304.476960858214,528.5244887944258,2023-01-20 01:30:00
1674180000000,34304.476960858214,34581.60365434548,34282.36021996468,34430.74733168446,657.9371659913159,2023-01-20 02:00:00
1674181800000,34430.74733168446,34525.6071807364,34401.33105415828,34469.602356678115,1556.3609211055277,2023-01-20 02:30:00
1674183600000,34469.602356678115,34545.94463965671,34209.68272419089,34376.72062269231,613.6733636461348,2023-01-20 03:00:00
1674185400000,34376.72062269231,34499.43050658909,34357.719600887525,34417.070784439806,7839.000566875333,2023-01-20 03:30:00
1674187200000,34552.83799297504,34712.97885168251,34552.83799297504,34641.12959146794,1587.2563747276574,2023-01-20 04:00:00
1674189000000,34577.94806599611,34577.94806599611,34425.401101676536,34426.87315790549,645.8884019274092,2023-01-20 04:30:00
1674190800000,34426.87315790549,34507.30012144211,34366.11869942485,34454.55198262924,605.5327499412622,2023-01-20 05:00:00
1674192600000,34392.935117363035,34392.935117363035,34248.46776915557,34309.06504752422,975.3227220355632,2023-01-20 05:30:00
1674194400000,34488.54143910157,34584.30775780448,34488.54143910157,34557.77091631893,4483.698090905679,2023-01-20 06:00:00
1674196200000,34362.87581430847,34362.87581430847,34052.70526203245,34241.088239570214,682.1677848141956,2023-01-20 06:30:00
1674198000000,34160.54074846012,34160.54074846012,34107.86040395561,34125.61316815552,558.2919992107844,2023-01-20 07:00:00
1674199800000,34125.61316815552,34225.15494274262,34101.73953985558,34203.5035648058,3141.748845373203,2023-01-20 07:30:00
1674201600000,34527.45616043335,34656.80233518702,34527.45616043335,34528.672863583495,1090.3859558815343,2023-01-20 08:00:00
1674203400000,34528.672863583495,34621.50209447933,34419.107794764,34514.954130261984,691.1165668421385,2023-01-20 08:30:00
1674205200000,34514.954130261984,34541.13169714653,34255.996681197015,34399.329364685545,573.3200145647123,2023-01-20 09:00:00
1674207000000,34564.34464172675,34850.056048932216,34564.34464172675,34792.6703518069,6079.220612486673,2023-01-20 09:30:00
1674208800000,34629.726558542316,34629.726558542316,34478.20293285232,34489.501629359875,1065.752326902208,2023-01-20 10:00:00
1674210600000,34077.56479018387,34077.56479018387,33899.42983489221,34034.18431091743,2676.79369010487,2023-01-20 10:30:00
1674212400000,34034.18431091743,34303.210723121,33972.49966323295,34124.81657705041,1494.30276277743,2023-01-20 11:00:00
1674214200000,34124.81657705041,34133.71068813541,33995.34396142301,34021.425004384386,598.2297853112447,2023-01-20 11:30:00
1674216000000,33887.005815432625,33887.005815432625,33743.64063018179,33812.080970640774,1831.9402773500024,2023-01-20 12:00:00
1674217800000,33812.080970640774,33964.112125724,33749.8694564594,33957.15066291061,677.3472276656689,2023-01-20 12:30:00
1674219600000,33957.15066291061,34034.52211725803,33900.702143315546,34007.22430281467,1937.0034628429898,2023-01-20 13:00:00
1674221400000,33897.20315606742,33897.20315606742,33859.76735766387,33891.48158816396,1107.694343751239,2023-01-20 13:30:00
1674223200000,33654.58670330834,33654.58670330834,33629.34624768311,33630.23688258222,1049.3700397326484,2023-01-20 14:00:00
1674225000000,33631.676997457726,33854.38823828207,33631.676997457726,33808.04132296752,1817.5865671626402,2023-01-20 14:30:00
1674226800000,33882.421774648385,34010.05760359919,33882.421774648385,33941.16163402092,1387.7791779354786,2023-01-20 15:00:00
1674228600000,33941.16163402092,33989.2152912208,33845.68738147883,33920.82282705475,1488.9433220666194,2023-01-20 15:30:00
1674230400000,34177.06561058427,34333.3642548941,34177.06561058427,34301.53493472919,798.8110088127895,2023-01-20 16:00:00
1674232200000,34120.19701835589,34120.19701835589,33994.12137489452,34080.40322997531,1094.362112964813,2023-01-20 16:30:00
1674234000000,33915.27060224738,33915.27060224738,33761.57692211344,33767.617863378735,1485.647857367232,2023-01-20 17:00:00
1674235800000,33767.617863378735,33831.70169673112,33338.88102822133,33626.700668440535,1334.369299518789,2023-01-20 17:30:00
1674237600000,33626.700668440535,33795.0776040627,33577.742028511304,33617.43708519002,1382.4583046410203,2023-01-20 18:00:00
1674239400000,33663.400702752784,33808.614308688724,33663.400702752784,33666.91591999292,1123.502213515987,2023-01-20 18:30:00
1674241200000,33646.50538923873,33646.50538923873,33600.31563838612,33617.86446146067,908.5801751399958,2023-01-20 19:00:00
1674243000000,33626.00462642402,33694.11205205203,33626.00462642402,33689.473228312134,1498.4350052052564,2023-01-20 19:30:00
1674244800000,33544.2146966052,33544.2146966052,33423.01363405491,33435.598095001376,971.318443648194,2023-01-20 20:00:00
1674246600000,33646.86210569513,33753.719277949094,33646.86210569513,33728.636569806775,1092.1698082161454,2023-01-20 20:30:00
1674248400000,33728.636569806775,33782.32996573611,33641.84680035424,33711.893784594664,679.8039986198335,2023-01-20 21:00:00
1674250200000,33924.13796535756,34014.00376629664,33924.13796535756,33940.31764451979,1739.3299493894106,2023-01-20 21:30:00
1674252000000,33940.31764451979,34068.110937840735,33741.18374010703,34010.69532423126,587.971486303941,2023-01-20 22:00:00
1674253800000,34010.69532423126,34171.94453623408,33936.583130633626,34104.71519716157,615.9523741677353,2023-01-20 22:30:00
1674255600000,34146.70083431157,34352.46717491461,34146.70083431157,34222.36274107312,1764.294035716798,2023-01-20 23:00:00
1674257400000,34222.36274107312,34386.93188205471,34200.41712380283,34315.091841040055,1453.212685863501,2023-01-20 23:30:00
1674259200000,34366.54810963241,34570.876767513764,34366.54810963241,34448.6515871318,4924.012812043892,2023-01-21 00:00:00
1674261000000,34653.09768054879,34880.87988448757,34653.09768054879,34726.504898799074,1654.3105249436946,2023-01-21 00:30:00
1674262800000,34726.504898799074,34838.62826436585,34689.61798636537,34767.77649808516,830.2897764484748,2023-01-21 01:00:00
1674264600000,34866.126988993004,35069.410938671725,34866.126988993004,34917.08317946219,519.8471406886708,2023-01-21 01:30:00
1674266400000,34917.08317946219,35032.23602810504,34766.60888230067,34898.15066252257,507.1170792059845,2023-01-21 02:00:00
1674268200000,35147.17788292577,35304.43484869769,35147.17788292577,35203.23128241067,658.5366345000549,2023-01-21 02:30:00
1674270000000,35105.53704128866,35105.53704128866,35005.72863807438,35059.61069326229,1457.8701703549252,2023-01-21 03:00:00
1674271800000,35393.065351599675,35456.843065825924,35393.065351599675,35443.31363793433,869.4963926120577,2023-01-21 03:30:00
1674273600000,35443.31363793433,35572.355430284544,35367.722845420976,35434.71210033747,2165.6654267857493,2023-01-21 04:00:00
1674275400000,35190.90255788897,35190.90255788897,35115.95023674021,35129.60889167303,1021.655249638398,2023-01-21 04:30:00
1674277200000,35129.60889167303,35166.62573959534,34991.47128986702,35156.818888264395,2778.207910849886,2023-01-21 05:00:00
1674279000000,35076.76948542899,35076.76948542899,34949.70773266567,35012.4016506304,2135.367234301898,2023-01-21 05:30:00
1674280800000,35108.94021600858,35240.01012056176,35108.94021600858,35190.74646179673,3541.9872995123424,2023-01-21 06:00:00
1674282600000,35190.74646179673,35305.205947982824,34926.76663637858,35052.211879915936,1536.0603487607946,2023-01-21 06:30:00
1674284400000,34961.78803203869,34961.78803203869,34928.919877170396,34957.81310660841,3192.1800594457327,2023-01-21 07:00:00
1674286200000,34666.04391892714,34666.04391892714,34506.753180274536,34560.85386780899,513.3701873953047,2023-01-21 07:30:00
1674288000000,34560.85386780899,34678.25493997319,34246.48598575197,34466.50285455011,1191.0851963529035,2023-01-21 08:00:00
1674289800000,33986.87009334798,33986.87009334798,33915.11499499017,33965.25346788302,1199.6088419178136,2023-01-21 08:30:00
1674291600000,33650.61202628706,33650.61202628706,33480.15779226839,33641.652940713146,661.791707195591,2023-01-21 09:00:00
1674293400000,33748.27293223661,33903.466995509254,33748.27293223661,33796.62347017673,2558.8123020419102,2023-01-21 09:30:00
1674295200000,33920.80831027592,34068.76406565606,33920.80831027592,33957.51755580283,3779.1051766586825,2023-01-21 10:00:00
1674297000000,34041.45133041951,34126.31887231056,34041.45133041951,34044.95020169135,1485.7289822107596,2023-01-21 10:30:00
1674298800000,33925.14699380105,33925.14699380105,33782.69284584919,33846.558763764384,2202.7714516941887,2023-01-21 11:00:00
1674300600000,33836.96551281653,33836.96551281653,33794.387585129225,33836.79995965286,1106.8903676830764,2023-01-21 11:30:00
1674302400000,33836.79995965286,33892.71848792263,33796.98952194065,33836.0632163549,1291.6766671208309,2023-01-21 12:00:00
1674304200000,33688.162016284914,33688.162016284914,33590.06795313194,33599.999801851955,1041.2574871347138,2023-01-21 12:30:00
1674306000000,33868.762332091304,33966.607721161505,33868.762332091304,33906.6977498829,638.0014657584096,2023-01-21 13:00:00
1674307800000,34056.58921014173,34142.0598994779,34056.58921014173,34086.97436022536,1475.8758182125312,2023-01-21 13:30:00
1674309600000,34086.97436022536,34163.30919368906,33980.788722137906,34041.4814954238,766.1690770685294,2023-01-21 14:00:00
1674311400000,34041.4814954238,34177.68339240663,33978.196828094326,34047.01359856322,1750.57635177767,2023-01-21 14:30:00
1674313200000,34047.01359856322,34116.82778212847,33984.51197651435,34089.92150879363,635.9462957195433,2023-01-21 15:00:00
1674315000000,33792.212914993615,33792.212914993615,33646.10979545394,33671.8299515196,1705.133106771773,2023-01-21 15:30:00
1674316800000,33662.63696116499,33662.63696116499,33594.591915977966,33621.563986915404,1205.5029044960638,2023-01-21 16:00:00
1674318600000,33548.5890253149,33548.5890253149,33481.30342967874,33483.26454098014,1267.2006290284821,2023-01-21 16:30:00
1674320400000,33389.6507712686,33389.6507712686,33248.21458328909,33281.176866663205,1179.2101743118283,2023-01-21 17:00:00
1674322200000,33281.176866663205,33334.65158075098,32905.72555420461,33224.681343308934,2375.913127444893,2023-01-21 17:30:00
1674324000000,33469.211284281366,33622.063939589694,33469.211284281366,33587.6417090423,905.4148991744415,2023-01-21 18:00:00
1674325800000,33686.846680519004,33998.73101090104,33686.846680519004,33717.98699634489,772.2513548749382,2023-01-21 18:30:00
1674327600000,33608.57905140884,33608.57905140884,33454.07466891029,33601.78666131497,906.5340018014808,2023-01-21 19:00:00
1674329400000,33677.526978509486,33745.33718994864,33677.526978509486,33718.273077366764,3481.4580715645056,2023-01-21 19:30:00
1674331200000,33951.16348492408,34095.553702052894,33951.16348492408,34004.660640591894,1117.4328266877546,2023-01-21 20:00:00
1674333000000,34004.660640591894,34245.46771032166,33993.783110416916,34195.22653448012,1302.3202258370031,2023-01-21 20:30:00
1674334800000,34195.22653448012,34285.17700576254,33996.26119980409,34207.552875763184,3867.3154589873475,2023-01-21 21:00:00
1674336600000,34207.552875763184,34217.75138222973,34001.165412141505,34074.06002754124,779.0091830102767,2023-01-21 21:30:00
1674338400000,34191.52538403138,34381.80511847891,34191.52538403138,34218.15799659298,730.656936471009,2023-01-21 22:00:00
1674340200000,34256.15733358116,34447.57772408003,34256.15733358116,34299.63305786195,913.5975203753619,2023-01-21 22:30:00
1674342000000,34454.4445987385,34630.457626368305,34454.4445987385,34485.715160805674,1854.777830368031,2023-01-21 23:00:00
1674343800000,34592.4401118253,34650.51242271525,34592.4401118253,34618.35905685833,934.681646737881,2023-01-21 23:30:00
1674345600000,34716.78814350447,34937.591543466435,34716.78814350447,34838.65772259266,2863.5212702069534,2023-01-22 00:00:00
1674347400000,34742.75138870713,34742.75138870713,34706.844491995376,34726.13849154059,1179.3036956154765,2023-01-22 00:30:00
1674349200000,34982.707692180804,35075.69603425584,34982.707692180804,35003.74220473339,1287.0726060607685,2023-01-22 01:00:00
1674351000000,35003.74220473339,35143.378069007784,34934.30299249816,35045.57172139091,1575.5848858918712,2023-01-22 01:30:00
1674352800000,35472.32625922537,35528.48676574217,35472.32625922537,35487.91076198575,620.6389033008978,2023-01-22 02:00:00
1674354600000,35403.17757611867,35403.17757611867,35274.20851590201,35340.39556561376,1212.791014052415,2023-01-22 02:30:00
1674356400000,35662.99532656125,35800.615349543106,35662.99532656125,35713.14357818154,835.0179290243875,2023-01-22 03:00:00
1674358200000,35713.14357818154,35901.852962348006,35685.25548773982,35755.88807849267,1275.7938181417403,2023-01-22 03:30:00
1674360000000,35636.75106135856,35636.75106135856,35520.47037293089,35615.38831269114,3205.946171860229,2023-01-22 04:00:00
1674361800000,35615.38831269114,35636.548936909996,35454.39820409884,35511.37986493897,1128.061174015892,2023-01-22 04:30:00
1674363600000,35511.37986493897,35529.700230741524,35411.95365013933,35442.690231861314,2586.9337155425405,2023-01-22 05:00:00
1674365400000,35482.19453776156,35594.001392720595,35482.19453776156,35533.66945463772,1217.9739580963646,2023-01-22 05:30:00
1674367200000,35620.7144784724,35897.989509532024,35620.7144784724,35646.13368607665,3422.238235371163,2023-01-22 06:00:00
1674369000000,35646.13368607665,35649.587774572894,35271.157450837076,35522.74722872612,551.6332815815566,2023-01-22 06:30:00
1674370800000,35522.74722872612,35590.20395651174,35472.91617051578,35517.51871344906,2308.3700693350847,2023-01-22 07:00:00
1674372600000,35890.558742268295,36032.11818354819,35890.558742268295,35980.38383180479,786.3188675863776,2023-01-22 07:30:00
1674374400000,36279.96308763383,36508.02447899679,36279.96308763383,36358.03157610372,1171.289659022416,2023-01-22 08:00:00
1674376200000,36450.036690942325,36475.07108047726,36450.036690942325,36454.03900588916,557.5510969479906,2023-01-22 08:30:00
1674378000000,36454.03900588916,36521.28059246938,36445.78444442468,36462.4131766806,2310.5737778139796,2023-01-22 09:00:00
1674379800000,36462.4131766806,36828.15734374227,36338.89643155201,36488.875044341075,1324.6110153980521,2023-01-22 09:30:00
1674381600000,36569.82241679126,36674.57956657954,36569.82241679126,36624.430234404,883.9247604538332,2023-01-22 10:00:00
1674383400000,36546.12931793303,36546.12931793303,36351.1836418066,36398.72599315778,623.673543709076,2023-01-22 10:30:00
1674385200000,36398.72599315778,36406.301524342474,36274.73070595896,36342.14893949211,852.703005177472,2023-01-22 11:00:00
1674387000000,36085.531927951044,36085.531927951044,35828.10748356076,35977.48437048598,2026.6866036488427,2023-01-22 11:30:00
1674388800000,36021.791975489774,36083.09129808864,36021.791975489774,36064.39911854267,669.4268952956718,2023-01-22 12:00:00
1674390600000,36153.86484450717,36274.945237593645,36153.86484450717,36205.746282519314,734.8443340554421,2023-01-22 12:30:00
1674392400000,36122.09598614858,36122.09598614858,36054.05064628534,36100.16639329319,1015.0451057562609,2023-01-22 13:00:00
1674394200000,36375.187505093025,36470.28688760123,36375.187505093025,36445.231150865235,594.7712006505147,2023-01-22 13:30:00
1674396000000,36286.972899366534,36286.972899366534,35991.769960089274,36176.2242915737,552.5828585753158,2023-01-22 14:00:00
1674397800000,35972.773687247725,35972.773687247725,35856.387114592806,35857.45390639229,1012.4441440107728,2023-01-22 14:30:00
1674399600000,35857.45390639229,36037.30923811738,35834.353274567766,35906.13049395784,2125.417466324188,2023-01-22 15:00:00
1674401400000,36022.95139907397,36176.87973861982,36022.95139907397,36134.08803731703,967.3721522712178,2023-01-22 15:30:00
1674403200000,36454.641102354704,36545.749379800625,36454.641102354704,36503.72499784365,1728.3622513549935,2023-01-22 16:00:00
1674405000000,36457.245299291084,36457.245299291084,36275.72887903967,36402.622666925636,611.8314345857824,2023-01-22 16:30:00
1674406800000,36607.126802320636,36739.952392560925,36607.126802320636,36640.72576043077,4764.006729289723,2023-01-22 17:00:00
1674408600000,36640.72576043077,36689.57049447074,36485.48796043207,36632.19882993949,1364.0871910500846,2023-01-22 17:30:00
1674410400000,36606.456785793824,36606.456785793824,36499.27107792178,36593.998346462184,691.7641820657373,2023-01-22 18:00:00
1674412200000,36748.20068771687,36908.10826513646,36748.20068771687,36789.96321790322,1533.4230867400067,2023-01-22 18:30:00
1674414000000,36894.456486535775,37034.69696218137,36894.456486535775,36935.29858493654,2744.062042285001,2023-01-22 19:00:00
1674415800000,36769.00372195213,36769.00372195213,36551.31438889461,36585.06196836212,1914.3928320876785,2023-01-22 19:30:00
1674417600000,36872.35679192292,37039.966023393055,36872.35679192292,36913.01477540162,2096.623143161346,2023-01-22 20:00:00
1674419400000,37195.36903529221,37272.65730143231,37195.36903529221,37222.20291398685,1123.2663761276578,2023-01-22 20:30:00
1674421200000,37138.00310312384,37138.00310312384,36968.862619547435,37081.73565618415,518.2465526583342,2023-01-22 21:00:00
1674423000000,37081.73565618415,37293.72386949219,36924.40844640783,37170.54981891224,1466.4861891767073,2023-01-22 21:30:00
1674424800000,37228.59863793411,37390.93757512248,37228.59863793411,37281.70352570188,742.6614259328373,2023-01-22 22:00:00
1674426600000,37281.70352570188,37340.84259302394,37201.6921358871,37340.48739546771,4485.746239712025,2023-01-22 22:30:00
1674428400000,37249.18101344564,37249.18101344564,37149.679107927055,37216.49802356168,1516.7311904444864,2023-01-22 23:00:00
1674430200000,37131.51272494118,37131.51272494118,37042.69930164534,37065.73214031753,567.8785870087861,2023-01-22 23:30:00
1674432000000,37065.73214031753,37307.016022146185,36925.68817936005,37060.007844375315,1557.647300850289,2023-01-23 00:00:00
1674433800000,37173.08758970371,37407.06040024176,37173.08758970371,37323.62043715528,2355.8534790312865,2023-01-23 00:30:00
1674435600000,37394.81263485867,37501.777513939254,37394.81263485867,37446.449151520654,1327.033888650658,2023-01-23 01:00:00
1674437400000,37446.449151520654,37451.85303390704,37253.189908689055,37362.6635344777,732.577278553416,2023-01-23 01:30:00
1674439200000,37514.859363294396,37657.44026610015,37514.859363294396,37537.33490843773,1065.8385234599873,2023-01-23 02:00:00
1674441000000,36902.34848209786,36902.34848209786,36840.50846388602,36896.60361652274,654.0672594193694,2023-01-23 02:30:00
1674442800000,37139.29779573266,37212.39824366196,37139.29779573266,37153.67239707208,885.2520493738068,2023-01-23 03:00:00
1674444600000,36837.90517624996,36837.90517624996,36738.867533195116,36765.05590346093,1789.3778690672982,2023-01-23 03:30:00
1674446400000,36765.05590346093,36799.215231854934,36608.25347416737,36684.60705652502,1084.570568956086,2023-01-23 04:00:00
1674448200000,36605.52556378726,36605.52556378726,36428.2666505733,36437.19084912018,981.8549087530512,2023-01-23 04:30:00
1674450000000,36379.58883780034,36379.58883780034,36049.179880416705,36153.18146995425,957.8229404056283,2023-01-23 05:00:00
1674451800000,36394.98108313053,36559.388949063985,36394.98108313053,36407.72453955392,949.0539141026325,2023-01-23 05:30:00
1674453600000,36407.72453955392,36529.1002435965,36273.10950018289,36304.95337539984,813.9431577342576,2023-01-23 06:00:00
1674455400000,36364.880917143644,36412.59399759272,36364.880917143644,36381.065135678,1785.6695050099072,2023-01-23 06:30:00
1674457200000,36381.065135678,36574.95810506445,36264.04627934868,36370.74940182444,529.7372445579485,2023-01-23 07:00:00
1674459000000,36370.74940182444,36496.99560259096,36212.08500567576,36475.76576394845,1289.10686676265,2023-01-23 07:30:00
1674460800000,36475.76576394845,36566.456075729446,36467.93421069662,36492.705754952105,714.852062921371,2023-01-23 08:00:00
1674462600000,36223.38451785358,36223.38451785358,36148.800749676135,36210.82185463216,1128.6395770831905,2023-01-23 08:30:00
1674464400000,36233.290322211644,36463.93966750798,36233.290322211644,36429.520037333335,1210.7125202527045,2023-01-23 09:00:00
1674466200000,36409.65846685022,36409.65846685022,36227.882120274284,36320.96713910378,684.207228486038,2023-01-23 09:30:00
1674468000000,35999.60182338189,35999.60182338189,35832.979815618484,35980.8637123651,837.2643572226334,2023-01-23 10:00:00
1674469800000,35967.36025908608,35967.36025908608,35749.68884681501,35887.8828913197,1552.6024007975489,2023-01-23 10:30:00
1674471600000,36080.51487279565,36248.96114066301,36080.51487279565,36214.88691489208,575.8935094591295,2023-01-23 11:00:00
1674473400000,36320.77032334063,36577.2872672246,36320.77032334063,36401.46413298027,507.3850319694256,2023-01-23 11:30:00
1674475200000,36385.81104685157,36385.81104685157,36322.43777786309,36324.83805202547,1342.181466362131,2023-01-23 12:00:00
1674477000000,36324.83805202547,36478.79864939741,36024.53675654656,36248.2406003953,3400.7329465774733,2023-01-23 12:30:00
1674478800000,36229.68585194657,36229.68585194657,36157.15866188082,36177.84408162861,1126.8456725239998,2023-01-23 13:00:00
1674480600000,36457.73476197111,36655.387436681325,36457.73476197111,36634.80373934273,1107.8241099695138,2023-01-23 13:30:00
1674482400000,36634.80373934273,36922.11382604573,36603.24928824476,36719.469563287355,679.4502223700712,2023-01-23 14:00:00
1674484200000,36813.419381928405,36958.33797932638,36813.419381928405,36815.033575449845,1590.6805127395164,2023-01-23 14:30:00
1674486000000,37023.87043611274,37101.92120547258,37023.87043611274,37044.99645717015,2932.78001496574,2023-01-23 15:00:00
1674487800000,37044.99645717015,37180.45316413135,37038.135123578875,37098.499752585434,3937.7959932127733,2023-01-23 15:30:00
1674489600000,37066.48570300276,37066.48570300276,36939.552295554466,37040.4621076597,1255.133950505363,2023-01-23 16:00:00
1674491400000,37040.4621076597,37240.83143060132,36919.75407026306,36996.530991911546,1314.754143080812,2023-01-23 16:30:00
1674493200000,36996.530991911546,37078.17466809815,36872.93987526696,36980.52396655487,1332.3003059024982,2023-01-23 17:00:00
1674495000000,36980.52396655487,36991.242514407364,36881.38891289316,36972.205378658335,1886.937899965005,2023-01-23 17:30:00
1674496800000,36972.205378658335,37136.80710816443,36932.99059523023,37135.158968520576,899.7769371310967,2023-01-23 18:00:00
1674498600000,37135.158968520576,37272.75688688867,37125.86367170493,37146.81974732558,1652.6749147124845,2023-01-23 18:30:00
1674500400000,37279.43753405795,37336.663404723935,37279.43753405795,37311.672856517354,2566.4156903706216,2023-01-23 19:00:00
1674502200000,37311.672856517354,37430.58407080661,37167.07782890067,37293.47482222338,1217.6213992322657,2023-01-23 19:30:00
1674504000000,37293.47482222338,37417.19013907458,37267.28095068781,37311.20348325595,1004.271279544665,2023-01-23 20:00:00
1674505800000,36900.649465364935,36900.649465364935,36713.90780699885,36863.303102937054,987.0317913667741,2023-01-23 20:30:00
1674507600000,37042.63217594134,37084.04133471273,37042.63217594134,37068.02823526649,1203.430989613681,2023-01-23 21:00:00
1674509400000,37113.27425967283,37148.04429542497,37113.27425967283,37145.73629016179,560.0025106142859,2023-01-23 21:30:00
1674511200000,37186.870027748344,37419.84993973042,37186.870027748344,37370.47471267647,670.6728165552315,2023-01-23 22:00:00
1674513000000,36789.641592907115,36789.641592907115,36549.395094245265,36722.000356291144,1778.1546765266114,2023-01-23 22:30:00
1674514800000,37178.850177361324,37361.93194061239,37178.850177361324,37188.446413375656,1325.8669114197817,2023-01-23 23:00:00
1674516600000,37188.446413375656,37268.65311115748,37141.821875978545,37157.08461684543,634.8324191825476,2023-01-23 23:30:00
1674518400000,37381.75364634734,37602.74836906603,37381.75364634734,37406.79189866827,521.2613311972726,2023-01-24 00:00:00
1674520200000,37279.8462525643,37279.8462525643,36911.2797809735,37172.42117507503,3967.8081469049494,2023-01-24 00:30:00
1674522000000,37307.34816592061,37393.27088278831,37307.34816592061,37310.34793080741,1302.2657885790045,2023-01-24 01:00:00
1674523800000,37277.54471728794,37277.54471728794,36994.482261692545,37073.55422119335,2871.4347277969923,2023-01-24 01:30:00
1674525600000,36984.50514801523,36984.50514801523,36799.08270071504,36934.04833836631,1020.3953077789556,2023-01-24 02:00:00
1674527400000,37324.73704892677,37376.79321712413,37324.73704892677,37363.795836721896,808.1957430830057,2023-01-24 02:30:00
1674529200000,37356.073264494444,37356.073264494444,37306.11677307168,37320.759598410674,812.0392307307135,2023-01-24 03:00:00
1674531000000,37362.14979039515,37456.440193836555,37362.14979039515,37369.83727706314,3218.6005275459243,2023-01-24 03:30:00
1674532800000,37431.68910788029,37647.03500166262,37431.68910788029,37566.870567855716,2236.6827164148863,2023-01-24 04:00:00
1674534600000,37670.69051189404,37707.86168398009,37670.69051189404,37679.58556820352,1751.6164435330732,2023-01-24 04:30:00
1674536400000,37679.58556820352,37717.56077409887,37622.042500951815,37713.85673624677,624.5030289233325,2023-01-24 05:00:00
1674538200000,37787.87695001398,37919.77786435006,37787.87695001398,37797.13840503509,1397.6983444081588,2023-01-24 05:30:00
1674540000000,38311.47532978016,38621.2848356344,38311.47532978016,38350.19410311938,510.0977925904956,2023-01-24 06:00:00
1674541800000,38341.463001425735,38341.463001425735,38174.15498780234,38336.84109630387,3505.8545632917644,2023-01-24 06:30:00
1674543600000,38336.84109630387,38526.55777543785,38163.24740260616,38383.46549335355,1754.2003125027056,2023-01-24 07:00:00
1674545400000,38532.62901290167,38812.70325348215,38532.62901290167,38627.98113408941,1029.0174216094636,2023-01-24 07:30:00
1674547200000,38776.82264698831,38925.16065198212,38776.82264698831,38886.948845154984,526.1786627416602,2023-01-24 08:00:00
1674549000000,39086.02563881165,39248.512959378364,39086.02563881165,39166.94201758687,724.6136717730346,2023-01-24 08:30:00
1674550800000,39219.87512570641,39324.4331462592,39219.87512570641,39318.43713194939,510.01926031061225,2023-01-24 09:00:00
1674552600000,39065.40258250668,39065.40258250668,39036.20595005471,39047.749741253516,2427.6852867320713,2023-01-24 09:30:00
1674554400000,39418.71904145059,39475.32293884705,39418.71904145059,39435.15491475078,2027.1605556957813,2023-01-24 10:00:00
1674556200000,39209.34144810461,39209.34144810461,39109.19153239858,39162.87328337993,1210.250685793965,2023-01-24 10:30:00
1674558000000,39181.13710654409,39303.65892684887,39181.13710654409,39234.57252361512,1798.8800343725943,2023-01-24 11:00:00
1674559800000,39137.83217137885,39137.83217137885,38978.331429013975,39056.11596920695,2072.8156088659844,2023-01-24 11:30:00
1674561600000,39056.11596920695,39091.108968397835,38916.151779308486,39040.97876836326,2342.7294038461077,2023-01-24 12:00:00
1674563400000,39104.034307148184,39225.96736308042,39104.034307148184,39118.631607514995,3106.301516859094,2023-01-24 12:30:00
1674565200000,39118.631607514995,39289.211567211925,39055.31264901237,39194.68462929595,2691.689691718487,2023-01-24 13:00:00
1674567000000,39194.68462929595,39565.01228811356,39193.56148927745,39294.76176333953,708.8707106295547,2023-01-24 13:30:00
1674568800000,39469.46735789806,39684.592871578694,39469.46735789806,39679.88793962733,590.0517511626483,2023-01-24 14:00:00
1674570600000,39679.88793962733,39805.32119248075,39437.92061641109,39788.8057448984,655.9949442855404,2023-01-24 14:30:00
1674572400000,39788.8057448984,39961.95961068375,39649.175580025534,39730.133599135916,1237.79079171612,2023-01-24 15:00:00
1674574200000,39960.37849361793,39973.419022164926,39960.37849361793,39962.31379788756,1931.3167606257016,2023-01-24 15:30:00
1674576000000,40079.84486544469,40357.85732222958,40079.84486544469,40250.643424328686,554.3885382096764,2023-01-24 16:00:00
1674577800000,40045.60328517447,40045.60328517447,39816.90364375881,39953.1034984112,703.1116481981207,2023-01-24 16:30:00
1674579600000,40066.59147916828,40236.83345099036,40066.59147916828,40097.621853281205,940.3577526770248,2023-01-24 17:00:00
1674581400000,40097.621853281205,40334.801576557315,40048.69647829727,40267.91106856198,988.5139968524393,2023-01-24 17:30:00
1674583200000,40267.91106856198,40384.296614547085,39953.21211259934,40195.55562231005,505.88199294007563,2023-01-24 18:00:00
1674585000000,40476.497193177136,40557.947081093786,40476.497193177136,40531.16465035179,3026.205809496616,2023-01-24 18:30:00
1674586800000,40531.16465035179,40590.78855113151,40323.78978763115,40494.42227187659,1341.4648524741815,2023-01-24 19:00:00
1674588600000,40498.98401020087,40570.351222754485,40498.98401020087,40525.16845277771,1606.1027387808258,2023-01-24 19:30:00
1674590400000,40525.16845277771,40580.9040133139,40182.461563114644,40482.79957013802,550.3972647264502,2023-01-24 20:00:00
1674592200000,40482.79957013802,40554.640952989444,40414.26782690179,40486.61158710297,1105.060908731227,2023-01-24 20:30:00
1674594000000,40327.44299754825,40327.44299754825,40034.202086332385,40219.239590873025,2426.8888006817324,2023-01-24 21:00:00
1674595800000,39972.69078021035,39972.69078021035,39759.17170715189,39870.70488583297,624.9985754033446,2023-01-24 21:30:00
1674597600000,40237.879028249634,40288.90779745433,40237.879028249634,40256.80249708116,1371.2906884079193,2023-01-24 22:00:00
1674599400000,40256.80249708116,40339.52323850954,39951.129734001224,40051.25381415661,955.7509087351677,2023-01-24 22:30:00
1674601200000,39824.650026505566,39824.650026505566,39644.96968461606,39811.9860844089,624.1446182976919,2023-01-24 23:00:00
1674603000000,39309.91568122806,39309.91568122806,39169.10912093034,39297.188644148795,3257.8217813185797,2023-01-24 23:30:00
1674604800000,39235.62978171379,39235.62978171379,39099.09280157438,39145.7206227833,1944.3285838790794,2023-01-25 00:00:00
1674606600000,38868.077679038186,38868.077679038186,38774.43092959199,38833.93130079731,722.7308090548245,2023-01-25 00:30:00
1674608400000,38945.14995791553,39224.89422447193,38945.14995791553,39221.24983021976,1792.6880628254264,2023-01-25 01:00:00
1674610200000,39350.60124884927,39488.17552748395,39350.60124884927,39461.36139205268,1163.729959491407,2023-01-25 01:30:00
1674612000000,39454.42401226371,39454.42401226371,39277.46142682393,39297.5758758665,688.3535467735712,2023-01-25 02:00:00
1674613800000,39720.8981137729,39908.47482687224,39720.8981137729,39836.218410582725,1311.6397998589237,2023-01-25 02:30:00
1674615600000,39871.42300623587,40162.31819916404,39871.42300623587,40073.300060315305,648.961351342728,2023-01-25 03:00:00
1674617400000,40031.90809014495,40031.90809014495,39744.72919324521,39994.70237136003,1519.9160886323018,2023-01-25 03:30:00
1674619200000,39475.60451785184,39475.60451785184,39363.00196335627,39395.068730372914,1385.2036528378235,2023-01-25 04:00:00
1674621000000,39842.65169800876,39956.65482813147,39842.65169800876,39944.34290494083,1912.0473601702179,2023-01-25 04:30:00
1674622800000,39613.47546576282,39613.47546576282,39435.94811390364,39610.27329279161,2751.393726698347,2023-01-25 05:00:00
1674624600000,39289.40033445029,39289.40033445029,39033.56777595622,39218.31103501581,2788.651720527551,2023-01-25 05:30:00
1674626400000,39382.60833666066,39498.394988836866,39382.60833666066,39461.446213494055,2458.8574344478834,2023-01-25 06:00:00
1674628200000,39982.46856318552,40164.53113515303,39982.46856318552,40047.64867228123,773.6080265594233,2023-01-25 06:30:00
1674630000000,40322.67078004452,40570.474154663934,40322.67078004452,40384.11350775548,886.497514674119,2023-01-25 07:00:00
1674631800000,40431.52898493125,40572.49862789398,40431.52898493125,40521.98767799241,1349.2954214491729,2023-01-25 07:30:00
1674633600000,40575.85314496518,40910.59659848868,40575.85314496518,40667.91348593035,1872.2026329787393,2023-01-25 08:00:00
1674635400000,40826.65059934814,40911.87472837301,40826.65059934814,40878.22154525854,903.4681565204137,2023-01-25 08:30:00
1674637200000,41008.767303208915,41147.86819361493,41008.767303208915,41066.158535117436,639.62763769942,2023-01-25 09:00:00
1674639000000,41067.898902070294,41271.77305000081,41067.898902070294,41136.01042871467,782.8248840364063,2023-01-25 09:30:00
1674640800000,41136.01042871467,41206.83385048095,41041.50244087858,41161.92560633182,791.9594251223933,2023-01-25 10:00:00
1674642600000,41161.92560633182,41306.85439743825,40824.56594356936,41146.35651998041,1565.4753667251664,2023-01-25 10:30:00
1674644400000,41022.986644205186,41022.986644205186,40912.63695496574,40959.28136339767,870.1489724443733,2023-01-25 11:00:00
1674646200000,40959.28136339767,41071.56368268606,40733.81833710093,40889.85717691597,1284.1324690863962,2023-01-25 11:30:00
1674648000000,40556.42733936969,40556.42733936969,40341.556777885846,40473.597434542324,2125.628898111523,2023-01-25 12:00:00
1674649800000,40473.597434542324,40647.42612704346,40398.71872802438,40449.54858851663,1584.2961914043326,2023-01-25 12:30:00
1674651600000,40344.77637584303,40344.77637584303,40144.87663311047,40208.582182116625,849.1339770434301,2023-01-25 13:00:00
1674653400000,40131.23362389473,40131.23362389473,39886.15734133054,39941.28055583114,976.3532008773319,2023-01-25 13:30:00
1674655200000,39941.28055583114,40031.25670623618,39759.01430121974,39984.731386622436,2203.5480315197647,2023-01-25 14:00:00
1674657000000,40230.085273546996,40332.24768886209,40230.085273546996,40322.551309578084,1583.131355050817,2023-01-25 14:30:00
1674658800000,40426.8358267541,40640.64869067788,40426.8358267541,40546.97523988187,2235.8204160092264,2023-01-25 15:00:00
1674660600000,40195.15105144151,40195.15105144151,40032.57995499328,40163.92127791211,593.585560336827,2023-01-25 15:30:00
1674662400000,40105.43930473472,40105.43930473472,39882.575276635594,39924.40617470382,844.176878288175,2023-01-25 16:00:00
1674664200000,40002.3640041452,40185.11699880935,40002.3640041452,40152.06300988015,1406.498658841598,2023-01-25 16:30:00
1674666000000,39945.72376592553,39945.72376592553,39835.16217568604,39914.34122865056,593.982073045001,2023-01-25 17:00:00
1674667800000,39914.34122865056,40042.08230672498,39833.62178793898,39860.18717555955,3209.878450079134,2023-01-25 17:30:00
1674669600000,39938.38327586503,40111.90252554825,39938.38327586503,39992.923015646156,1328.1983296099347,2023-01-25 18:00:00
1674671400000,39889.81149376847,39889.81149376847,39734.27339066922,39759.541914037814,1148.3838134355817,2023-01-25 18:30:00
1674673200000,39759.541914037814,39978.3841722869,39701.035222932835,39784.8723280102,1316.1720939335726,2023-01-25 19:00:00
1674675000000,39529.63846720843,39529.63846720843,39434.977721237155,39465.38370964483,501.42936413354573,2023-01-25 19:30:00
1674676800000,39465.38370964483,39467.82531732541,39300.40624604428,39322.201088847105,1349.3687697106216,2023-01-25 20:00:00
1674678600000,39338.98685157804,39490.15913570023,39338.98685157804,39398.27477155868,679.202731308679,2023-01-25 20:30:00
1674680400000,39128.291136225045,39128.291136225045,38941.89352220362,39020.76761637483,2861.8765044427655,2023-01-25 21:00:00
1674682200000,39033.652319760215,39165.83737482451,39033.652319760215,39124.78788536711,619.7305434006043,2023-01-25 21:30:00
1674684000000,39124.78788536711,39159.930213155116,39011.9803908334,39120.14442259548,680.0013259099305,2023-01-25 22:00:00
1674685800000,39184.41050946073,39452.867214764505,39184.41050946073,39250.99422749687,1834.8204441443306,2023-01-25 22:30:00
1674687600000,39301.20028297201,39335.12954762569,39301.20028297201,39304.149825919216,556.3005278513097,2023-01-25 23:00:00
1674689400000,39365.92459819829,39662.456008876594,39365.92459819829,39629.545666182894,1199.4340108252934,2023-01-25 23:30:00
1674691200000,39629.545666182894,39795.75764444639,39550.18607447934,39659.55080940621,2577.420173932642,2023-01-26 00:00:00
1674693000000,39576.786460880176,39576.786460880176,39417.81849090128,39556.75511439867,2248.0578091459183,2023-01-26 00:30:00
1674694800000,39556.75511439867,39685.18991134823,39394.03042079973,39586.004833658866,881.1330685435719,2023-01-26 01:00:00
1674696600000,39683.21885986668,39933.09097235665,39683.21885986668,39716.20633033344,3759.995839168159,2023-01-26 01:30:00
1674698400000,39716.20633033344,39803.39098726219,39692.804151935576,39727.936624660266,1248.2734240583432,2023-01-26 02:00:00
1674700200000,39727.936624660266,39760.52991262461,39557.86081458403,39737.68448653105,1067.8386346051643,2023-01-26 02:30:00
1674702000000,39646.28957860541,39646.28957860541,39473.26998679072,39569.44169275917,1055.6805556127365,2023-01-26 03:00:00
1674703800000,39559.173484196974,39559.173484196974,39277.163798707836,39411.22155582394,1987.198542308982,2023-01-26 03:30:00
1674705600000,39091.69879616006,39091.69879616006,38908.26242894353,39078.532301532396,640.2753835001093,2023-01-26 04:00:00
1674707400000,39405.67658208239,39545.47245984838,39405.67658208239,39493.95708642293,1158.2149388799057,2023-01-26 04:30:00
1674709200000,39251.01488721318,39251.01488721318,39195.89907225301,39198.15941362996,3874.665794221674,2023-01-26 05:00:00
1674711000000,39106.15181876475,39106.15181876475,38968.62464160261,39034.344530792194,719.7028101676269,2023-01-26 05:30:00
1674712800000,38942.70527399718,38942.70527399718,38739.17821064605,38865.22334207901,1019.1957198038394,2023-01-26 06:00:00
1674714600000,39073.272005722254,39175.475766877236,39073.272005722254,39076.011156027605,2844.5917522807667,2023-01-26 06:30:00
1674716400000,39053.562260572384,39053.562260572384,38884.983543010465,39006.41359130859,1465.2745899236133,2023-01-26 07:00:00
1674718200000,39043.010015625136,39459.7325602144,39043.010015625136,39301.68567183364,1413.8213937345665,2023-01-26 07:30:00
1674720000000,39271.212211896636,39271.212211896636,38967.38467934294,39142.03084373593,821.8460196170109,2023-01-26 08:00:00
1674721800000,39142.03084373593,39236.481787591525,39121.232192730204,39208.089178206785,574.623031114606,2023-01-26 08:30:00
1674723600000,39017.973272106145,39017.973272106145,38914.85218043005,39010.633474960065,861.492647909042,2023-01-26 09:00:00
1674725400000,39472.25697353763,39661.56114608926,39472.25697353763,39519.70855111019,1362.9208373933093,2023-01-26 09:30:00
1674727200000,39237.530151694926,39237.530151694926,39166.806354501474,39237.058825292756,586.5546610033257,2023-01-26 10:00:00
1674729000000,39237.058825292756,39492.5416140954,39173.9535876818,39310.601006966084,2437.4225975811323,2023-01-26 10:30:00
1674730800000,39427.63526005744,39620.5719077986,39427.63526005744,39461.47037390156,712.0869300160701,2023-01-26 11:00:00
1674732600000,39461.47037390156,39651.64587030562,39455.53948620602,39560.286752869106,1957.7190191153024,2023-01-26 11:30:00
1674734400000,39560.286752869106,39591.744798753265,39391.0894089647,39516.00898633588,1126.3991754552214,2023-01-26 12:00:00
1674736200000,39516.00898633588,39553.067316536704,39344.32047759178,39485.01556021062,661.8125772042124,2023-01-26 12:30:00
1674738000000,39485.01556021062,39862.02932238586,39402.617589769055,39495.472403398606,2810.215757108007,2023-01-26 13:00:00
1674739800000,39481.57529662355,39481.57529662355,39382.18275115909,39460.39716907249,1176.7581042149468,2023-01-26 13:30:00
1674741600000,39640.382769306605,39865.67371665987,39640.382769306605,39690.951136703094,722.6082145024576,2023-01-26 14:00:00
1674743400000,40182.83885644723,40237.80831957272,40182.83885644723,40224.79453294928,804.5031440630216,2023-01-26 14:30:00
1674745200000,40140.196545545885,40140.196545545885,40045.928657649274,40089.4864386858,1159.8405465197245,2023-01-26 15:00:00
1674747000000,39800.0239932283,39800.0239932283,39751.73972642854,39758.953305293915,723.8496250106723,2023-01-26 15:30:00
1674748800000,39758.953305293915,39821.51928450622,39623.17500796691,39737.74458713576,689.6571787364242,2023-01-26 16:00:00
1674750600000,40335.11465872413,40454.3509209551,40335.11465872413,40362.179276252864,1455.4158352324916,2023-01-26 16:30:00
1674752400000,40249.18677991157,40249.18677991157,40149.85964665699,40166.59973359531,549.6780022806865,2023-01-26 17:00:00
1674754200000,40394.01993654446,40605.72430622482,40394.01993654446,40566.49928329179,1455.948360763483,2023-01-26 17:30:00
1674756000000,40920.21064653843,40992.51274931315,40920.21064653843,40979.93568668494,1547.4077979914794,2023-01-26 18:00:00
1674757800000,40963.52108574792,40963.52108574792,40670.31625909147,40843.051045920874,886.4910951370396,2023-01-26 18:30:00
1674759600000,40877.12287886728,41002.86842751843,40877.12287886728,40983.748886136214,637.8314100257454,2023-01-26 19:00:00
1674761400000,41306.594872255315,41393.67877811099,41306.594872255315,41389.10219818576,881.6399560776199,2023-01-26 19:30:00
1674763200000,41295.89602412377,41295.89602412377,41096.2856864976,41294.37012970382,871.1129927695891,2023-01-26 20:00:00
1674765000000,41280.17716334727,41280.17716334727,41212.5044755167,41243.59132166779,1617.8200817565917,2023-01-26 20:30:00
1674766800000,41109.523099827384,41109.523099827384,41025.9224561588,41098.84716803299,1940.9402671177359,2023-01-26 21:00:00
1674768600000,40893.641352641906,40893.641352641906,40785.807574385726,40847.55242886104,2641.2752872710516,2023-01-26 21:30:00
1674770400000,40847.55242886104,41009.615937581795,40528.89242755932,40687.571761765554,507.1218326482407,2023-01-26 22:00:00
1674772200000,40446.56417834657,40446.56417834657,40253.56500020721,40387.6972311429,1278.1945920487244,2023-01-26 22:30:00
1674774000000,40387.6972311429,40540.57842742717,40269.52765898382,40396.01794413769,3623.1125392334716,2023-01-26 23:00:00
1674775800000,40396.01794413769,40498.17971682917,40117.920719274895,40208.46366699672,3572.691646912401,2023-01-26 23:30:00
1674777600000,40208.46366699672,40432.49497268158,40147.619171118116,40265.3182680608,635.2062176797085,2023-01-27 00:00:00
1674779400000,39937.992003468826,39937.992003468826,39765.29709569627,39888.44604560844,1580.1921499938887,2023-01-27 00:30:00
1674781200000,39951.773252504056,40138.75279553398,39951.773252504056,39968.296098136954,1420.5161680201927,2023-01-27 01:00:00
1674783000000,40091.04836719686,40185.76240322304,40091.04836719686,40170.157681268916,1291.0134917464006,2023-01-27 01:30:00
1674784800000,39878.66557656781,39878.66557656781,39640.232476731515,39689.00819330709,2259.824586541489,2023-01-27 02:00:00
1674786600000,39689.00819330709,39798.7215883852,39612.704181509376,39778.838211189475,3230.6339108157363,2023-01-27 02:30:00
1674788400000,40040.0927085184,40110.889475593394,40040.0927085184,40075.09516148637,861.2686126399562,2023-01-27 03:00:00
1674790200000,39909.554998185326,39909.554998185326,39478.792513732886,39783.172777083666,671.2292050473263,2023-01-27 03:30:00
1674792000000,40092.10639740449,40282.934574061845,40092.10639740449,40187.380180297354,587.0612550721675,2023-01-27 04:00:00
1674793800000,40200.58548570968,40305.79075522012,40200.58548570968,40289.28539488336,1599.723477185524,2023-01-27 04:30:00
1674795600000,40148.5356065194,40148.5356065194,40036.50000738099,40117.9749005309,1471.558522375958,2023-01-27 05:00:00
1674797400000,40117.9749005309,40165.60764192338,40028.52126262074,40104.45472876227,931.7721613221278,2023-01-27 05:30:00
1674799200000,40104.45472876227,40314.69560252599,39965.84471403545,40240.01645396404,500.24103373143066,2023-01-27 06:00:00
1674801000000,40240.01645396404,40349.25785756242,40178.022309689964,40258.505957133646,788.3262088627874,2023-01-27 06:30:00
1674802800000,40284.54783116292,40465.62518016027,40284.54783116292,40389.81056790984,712.6009726691307,2023-01-27 07:00:00
1674804600000,40301.46424117634,40301.46424117634,40164.10113430337,40165.68434265097,776.2143506300231,2023-01-27 07:30:00
1674806400000,40165.68434265097,40233.50739467285,40128.48843565474,40206.81951855547,1876.9454965171412,2023-01-27 08:00:00
1674808200000,40023.217827041735,40023.217827041735,39839.37881023865,39864.73747094748,3708.731146793607,2023-01-27 08:30:00
1674810000000,39864.73747094748,39893.498357392724,39681.327326663624,39837.94748816763,1179.9182461512898,2023-01-27 09:00:00
1674811800000,39747.294168535016,39747.294168535016,39578.5501097366,39620.898297733234,1598.738862867656,2023-01-27 09:30:00
1674813600000,39522.31732908569,39522.31732908569,39251.10481517327,39445.15343675126,1383.7458773871454,2023-01-27 10:00:00
1674815400000,39717.21504645075,39887.940856386216,39717.21504645075,39740.94861772344,807.8399665631455,2023-01-27 10:30:00
1674817200000,39740.94861772344,40209.24938678677,39724.142505712036,40003.940538759314,1589.527839812185,2023-01-27 11:00:00
1674819000000,40003.940538759314,40211.18397191563,39990.34826319253,40151.49120908339,1538.5909850842663,2023-01-27 11:30:00
1674820800000,40062.22028047715,40062.22028047715,39798.15930417434,39887.28755166788,520.5508106353657,2023-01-27 12:00:00
1674822600000,39818.729798022105,39818.729798022105,39636.5221499533,39811.0813502737,2605.8057860736963,2023-01-27 12:30:00
1674824400000,40098.123720539435,40197.45893041275,40098.123720539435,40104.046372540346,1161.2549796715198,2023-01-27 13:00:00
1674826200000,40135.226190435984,40265.232052645144,40135.226190435984,40138.41156833912,2122.808117364815,2023-01-27 13:30:00
1674828000000,40674.01568916997,40754.018363118994,40674.01568916997,40705.0331323189,2917.1458046343446,2023-01-27 14:00:00
1674829800000,40716.82431529157,40805.795436341024,40716.82431529157,40801.91243387892,1630.3933532880815,2023-01-27 14:30:00
1674831600000,40807.6542025677,40904.474353460195,40807.6542025677,40849.30037554156,1418.6865871384102,2023-01-27 15:00:00
1674833400000,40773.39643932866,40773.39643932866,40707.36802069303,40773.053146653714,668.2324933561249,2023-01-27 15:30:00
1674835200000,40773.053146653714,40864.9015883093,40667.52459250532,40805.97511242705,1066.4038163132388,2023-01-27 16:00:00
1674837000000,40805.97511242705,40850.70504809986,40744.56406346715,40768.38872902024,1200.5580961586938,2023-01-27 16:30:00
1674838800000,40785.56319929364,40979.99563990082,40785.56319929364,40943.24293214554,1514.4677007124556,2023-01-27 17:00:00
1674840600000,41131.99945387545,41385.20909944098,41131.99945387545,41180.67436478126,908.8848150076158,2023-01-27 17:30:00
1674842400000,41032.808079112496,41032.808079112496,40799.00541365207,40985.50935285856,1162.0061323273185,2023-01-27 18:00:00
1674844200000,40802.80136660571,40802.80136660571,40467.81309309875,40657.06534014311,870.8421360110393,2023-01-27 18:30:00
1674846000000,40235.61706961302,40235.61706961302,40147.37606834526,40208.34831343677,635.9372715983237,2023-01-27 19:00:00
1674847800000,40208.34831343677,40469.099245167556,40119.5752594789,40331.98926600655,2305.280701015106,2023-01-27 19:30:00
1674849600000,40238.696587654915,40238.696587654915,39980.75930376038,40063.921173297946,569.3405330526388,2023-01-27 20:00:00
1674851400000,39571.545122274096,39571.545122274096,39430.02531323166,39545.985425036946,1774.1569893093647,2023-01-27 20:30:00
1674853200000,39546.89548675698,39659.21337463125,39546.89548675698,39638.97072698052,712.2992773717565,2023-01-27 21:00:00
1674855000000,40236.17452663006,40350.043292293594,40236.17452663006,40240.758699350146,2131.552722868948,2023-01-27 21:30:00
1674856800000,40240.758699350146,40261.63269128406,40188.89128250585,40239.28219397103,1348.3926785528504,2023-01-27 22:00:00
1674858600000,40432.33939678638,40570.66421988443,40432.33939678638,40443.725256337864,1027.673059406533,2023-01-27 22:30:00
1674860400000,40459.752382465296,40558.688274568536,40459.752382465296,40463.73265539058,825.9291078722686,2023-01-27 23:00:00
1674862200000,40463.73265539058,40487.26107159923,40420.74679963689,40439.555235504515,832.2156136661943,2023-01-27 23:30:00
1674864000000,40608.846226174464,40909.840256393996,40608.846226174464,40664.81713668982,676.9560239340831,2023-01-28 00:00:00
1674865800000,40664.81713668982,40804.03273718906,40581.573035639594,40593.53679034327,2516.3181190249948,2023-01-28 00:30:00
1674867600000,40593.53679034327,40842.075107478086,40522.60674155854,40659.19359294893,634.9992952775938,2023-01-28 01:00:00
1674869400000,40659.19359294893,40829.487901394146,40631.856360964615,40738.325580053955,3211.9549703191674,2023-01-28 01:30:00
1674871200000,40691.059496232265,40691.059496232265,40472.85085417393,40574.158963392285,747.2558977745158,2023-01-28 02:00:00
1674873000000,40693.839670287816,41075.32132181533,40693.839670287816,40818.167665381254,1969.5612731873182,2023-01-28 02:30:00
1674874800000,40814.39529217878,40814.39529217878,40708.13340485558,40775.02718223253,2230.25190385655,2023-01-28 03:00:00
1674876600000,40775.02718223253,40936.70339401119,40422.485112578994,40589.2034913353,877.5106588685586,2023-01-28 03:30:00
1674878400000,40651.72749531503,40917.811169136985,40651.72749531503,40721.03386506122,1029.2151883424053,2023-01-28 04:00:00
1674880200000,40677.70371408121,40677.70371408121,40385.62275254985,40500.50487370338,1741.7501918945475,2023-01-28 04:30:00
1674882000000,40500.50487370338,40713.26910726722,40471.23045737034,40507.40376313752,776.7612654414295,2023-01-28 05:00:00
1674883800000,40507.40376313752,40628.8351305426,40499.741141013445,40505.171258175535,975.3741554317398,2023-01-28 05:30:00
1674885600000,40742.05248028993,40820.052735050594,40742.05248028993,40771.88624129747,1146.371810728192,2023-01-28 06:00:00
1674887400000,40771.88624129747,40889.94122418409,40706.332988377326,40889.03144546658,766.0833644975273,2023-01-28 06:30:00
1674889200000,40889.03144546658,41054.020356632915,40827.57507928102,40882.846939805946,1975.0154837956147,2023-01-28 07:00:00
1674891000000,40919.79830736752,41300.24201410615,40919.79830736752,41085.41314012165,1197.0258544615067,2023-01-28 07:30:00
1674892800000,41172.900538660986,41579.81677952983,41172.900538660986,41432.08298748559,1166.3203310473193,2023-01-28 08:00:00
1674894600000,41569.47660183728,41737.70479354394,41569.47660183728,41572.00258033063,2175.2193619788795,2023-01-28 08:30:00
1674896400000,41572.00258033063,41710.82609523083,41559.184039173175,41574.603864125835,1953.1057633824503,2023-01-28 09:00:00
1674898200000,41364.83534469519,41364.83534469519,41203.667547829245,41246.27420361235,1230.6406097242573,2023-01-28 09:30:00
1674900000000,41053.01293915172,41053.01293915172,40890.20993783269,40981.60313204111,1021.9481282693781,2023-01-28 10:00:00
1674901800000,40981.60313204111,41061.229376741205,40844.54998328362,40906.07112314787,1109.3885925002235,2023-01-28 10:30:00
1674903600000,40821.61624138478,40821.61624138478,40662.36777205038,40755.65533936269,1211.542104917539,2023-01-28 11:00:00
1674905400000,40750.426041192186,40750.426041192186,40580.79982658409,40709.625399522985,1334.1286713496943,2023-01-28 11:30:00
1674907200000,40709.625399522985,40758.68940633192,40706.337897142614,40723.5663932573,2933.3153963478317,2023-01-28 12:00:00
1674909000000,40762.15082954637,40903.521821429335,40762.15082954637,40854.149845193904,2754.6064272033714,2023-01-28 12:30:00
1674910800000,40854.149845193904,40856.77286799732,40833.61781907564,40836.74588098864,1084.102194254841,2023-01-28 13:00:00
1674912600000,40882.258592036946,40964.22377465138,40882.258592036946,40956.999189286056,913.3269728927252,2023-01-28 13:30:00
1674914400000,40956.999189286056,41264.15856328156,40904.60854189814,40972.962504734794,2531.040754777,2023-01-28 14:00:00
1674916200000,40581.29993978163,40581.29993978163,40254.35664199706,40486.66740009306,2211.624878411772,2023-01-28 14:30:00
1674918000000,40476.850049188506,40476.850049188506,40224.95194688151,40257.462751815336,548.2045934202475,2023-01-28 15:00:00
1674919800000,40257.462751815336,40326.55722506778,40174.03586519354,40222.41931288366,677.8149123609272,2023-01-28 15:30:00
1674921600000,39973.063262985896,39973.063262985896,39890.82055663753,39929.41079739455,2957.374474523459,2023-01-28 16:00:00
1674923400000,40042.75578268583,40129.01300734247,40042.75578268583,40074.455911013036,886.6375954000039,2023-01-28 16:30:00
1674925200000,40438.00828529483,40523.63067971071,40438.00828529483,40446.938204162674,544.8729891143292,2023-01-28 17:00:00
1674927000000,40533.92160079205,40799.40183303772,40533.92160079205,40745.97729599222,796.1072990317938,2023-01-28 17:30:00
1674928800000,40745.97729599222,40763.23409494797,40566.32335719629,40693.44707482648,500.40162466572986,2023-01-28 18:00:00
1674930600000,40911.00528640881,41117.33505835065,40911.00528640881,41061.74835592377,1163.314124116132,2023-01-28 18:30:00
1674932400000,41061.74835592377,41268.57510080106,40961.23685445527,41098.660682307505,3821.9060597734465,2023-01-28 19:00:00
1674934200000,41032.97120876331,41032.97120876331,41009.67917038686,41015.01395455832,1062.4275770896227,2023-01-28 19:30:00
1674936000000,40910.05133169786,40910.05133169786,40774.81346265893,40863.236712920174,599.3302286354651,2023-01-28 20:00:00
1674937800000,40860.013897899385,40860.013897899385,40614.551758613954,40788.60203811431,1344.6970969015556,2023-01-28 20:30:00
1674939600000,40788.60203811431,40846.2125164161,40628.76365667103,40693.01874335064,1201.3206520549275,2023-01-28 21:00:00
1674941400000,40693.01874335064,40952.724974924175,40689.80711884098,40734.953821597905,3464.7212358605443,2023-01-28 21:30:00
1674943200000,40734.953821597905,40834.90674739538,40681.487746695624,40774.50651828664,581.2034029632989,2023-01-28 22:00:00
1674945000000,40774.50651828664,40777.462249124714,40654.942833665635,40775.257187180214,675.2029731681642,2023-01-28 22:30:00
1674946800000,40857.21993440298,41163.47309433658,40857.21993440298,40883.080633440855,1519.9483134978468,2023-01-28 23:00:00
1674948600000,41048.64543202606,41202.7098799859,41048.64543202606,41178.3462576928,821.1768555685196,2023-01-28 23:30:00
1674950400000,41330.70407593864,41536.32128048233,41330.70407593864,41415.35173849329,531.7110838878157,2023-01-29 00:00:00
1674952200000,41048.975166724114,41048.975166724114,40981.24081793926,41045.32463918793,861.3731433072074,2023-01-29 00:30:00
1674954000000,40488.257961780975,40488.257961780975,40393.91634580392,40416.62013248054,5042.149758012238,2023-01-29 01:00:00
1674955800000,40606.33483050894,40658.667196357776,40606.33483050894,40645.49881368804,1084.7160539286126,2023-01-29 01:30:00
1674957600000,40500.8978394632,40500.8978394632,39965.91830309393,40311.093887013274,1713.5735579236946,2023-01-29 02:00:00
1674959400000,40311.093887013274,40341.23382930657,40154.655193302635,40256.36935902055,709.6582583906932,2023-01-29 02:30:00
1674961200000,40143.09546169353,40143.09546169353,39928.69186870791,39972.67508905517,2477.787527223345,2023-01-29 03:00:00
1674963000000,39543.17748338573,39543.17748338573,39456.2896666941,39539.68955316324,934.341369436942,2023-01-29 03:30:00
1674964800000,39539.68955316324,39771.09406672142,39516.50907335984,39669.29868031569,1262.7479467257417,2023-01-29 04:00:00
1674966600000,39780.54082113868,39868.361703008646,39780.54082113868,39851.732238466655,1683.7236830249842,2023-01-29 04:30:00
1674968400000,39851.732238466655,40051.06765902155,39426.18983417318,39713.11384070193,811.6664991572763,2023-01-29 05:00:00
1674970200000,39288.097181463854,39288.097181463854,38799.89669946298,39096.04268523644,1726.363351345916,2023-01-29 05:30:00
1674972000000,38987.39769257288,38987.39769257288,38914.98531904981,38967.180331368996,543.1167803004114,2023-01-29 06:00:00
1674973800000,39029.091733928435,39425.2819226525,39029.091733928435,39059.56610650694,684.4524869721133,2023-01-29 06:30:00
1674975600000,38756.30619866607,38756.30619866607,38630.63725872037,38711.987506307145,1104.8553240469219,2023-01-29 07:00:00
1674977400000,38738.897472294215,38892.78111762852,38738.897472294215,38754.91282074884,1154.1860003869983,2023-01-29 07:30:00
1674979200000,38754.91282074884,38765.90923689,38477.51264387115,38751.32690138368,1365.4308159647344,2023-01-29 08:00:00
1674981000000,38751.32690138368,39016.88846955982,38717.78932833096,38887.241833686305,604.8009235705081,2023-01-29 08:30:00
1674982800000,38887.241833686305,39026.592631353655,38884.78587751404,38915.357405124465,581.9670394745797,2023-01-29 09:00:00
1674984600000,38915.357405124465,38971.877479203344,38607.17276898807,38687.1597865187,1388.7005412139429,2023-01-29 09:30:00
1674986400000,38868.70032704408,38984.638929088855,38868.70032704408,38967.96153340572,692.1133988418684,2023-01-29 10:00:00
1674988200000,38934.60926553042,38934.60926553042,38899.04279175929,38930.64228651885,1662.9487852247962,2023-01-29 10:30:00
1674990000000,38930.64228651885,39000.59562292379,38891.31565717625,38924.21816826691,4224.3351556221005,2023-01-29 11:00:00
1674991800000,38775.09522651311,38775.09522651311,38509.420697352354,38705.278269048744,1549.433404924422,2023-01-29 11:30:00
1674993600000,38705.278269048744,38807.548230779335,38567.7712108282,38601.718320878834,563.5874911552805,2023-01-29 12:00:00
1674995400000,38523.84227073959,38523.84227073959,38300.62747094459,38395.837783835996,567.8514855568716,2023-01-29 12:30:00
1674997200000,38395.837783835996,38433.68871264327,38150.480719465675,38355.72426173364,1018.3866773879795,2023-01-29 13:00:00
1674999000000,38685.3461553246,38898.37519018799,38685.3461553246,38754.59425532718,1607.4853073391696,2023-01-29 13:30:00
1675000800000,38603.76083180928,38603.76083180928,38217.86396990301,38434.57975028256,1091.8345456687275,2023-01-29 14:00:00
1675002600000,38144.50507655238,38144.50507655238,37998.86656230322,38061.57479822004,1164.0848202578184,2023-01-29 14:30:00
1675004400000,38353.30138220521,38618.38953360501,38353.30138220521,38401.51684886482,700.6588202367116,2023-01-29 15:00:00
1675006200000,38381.1438250418,38381.1438250418,38298.46634540895,38352.963971074285,718.447447401131,2023-01-29 15:30:00
1675008000000,38302.859965781594,38302.859965781594,38016.6846696221,38198.18306451066,1037.46875574042,2023-01-29 16:00:00
1675009800000,38378.840793921634,38697.31641259678,38378.840793921634,38439.020890387605,606.0496166140175,2023-01-29 16:30:00
1675011600000,38423.84803774747,38423.84803774747,38152.93238409435,38298.578673642915,1595.96898966969,2023-01-29 17:00:00
1675013400000,38513.66797071922,38762.7761608363,38513.66797071922,38723.59674523089,714.9859502183439,2023-01-29 17:30:00
1675015200000,38857.02093564702,38901.22908632125,38857.02093564702,38882.58713324802,758.1671248112702,2023-01-29 18:00:00
1675017000000,38844.65175327694,38844.65175327694,38722.80818329348,38768.09415071172,1519.6057941803028,2023-01-29 18:30:00
1675018800000,39131.157578432685,39438.31115319564,39131.157578432685,39276.89049718484,1730.8228169935942,2023-01-29 19:00:00
1675020600000,39276.89049718484,39324.685591653186,39088.33245578563,39133.363503051405,1552.1904997131023,2023-01-29 19:30:00
1675022400000,39188.63028014605,39320.72693735427,39188.63028014605,39309.2790208532,1074.7387494730083,2023-01-29 20:00:00
1675024200000,39309.2790208532,39460.45846362958,39201.88296572909,39380.45063668824,2550.532211194819,2023-01-29 20:30:00
1675026000000,39633.6505483633,39858.340135742685,39633.6505483633,39691.50612368469,797.1885688661107,2023-01-29 21:00:00
1675027800000,40025.40364411049,40342.261761629175,40025.40364411049,40067.87751866937,2951.2535914335804,2023-01-29 21:30:00
1675029600000,40067.87751866937,40244.041031876855,39900.364211864646,40075.62869402616,983.7529391839626,2023-01-29 22:00:00
1675031400000,39947.92061505829,39947.92061505829,39772.18424813894,39893.55350824243,1452.355441279677,2023-01-29 22:30:00
1675033200000,39940.125920700164,40128.22173544067,39940.125920700164,40004.614363081746,539.1191341225349,2023-01-29 23:00:00
1675035000000,39845.60672197521,39845.60672197521,39709.63406369019,39841.08670893427,1007.9135926196764,2023-01-29 23:30:00
1675036800000,40324.55646565226,40583.77713540739,40324.55646565226,40328.869575422155,512.8476046836224,2023-01-30 00:00:00
1675038600000,40328.869575422155,40380.6994398109,40232.853350721954,40362.163365623805,920.0203024352991,2023-01-30 00:30:00
1675040400000,40295.50345661087,40295.50345661087,40139.51148715309,40273.142196591376,1185.8196352817865,2023-01-30 01:00:00
1675042200000,40273.142196591376,40521.75887969634,40208.29587709175,40318.12033120256,1046.2741105691282,2023-01-30 01:30:00
1675044000000,40003.39304464757,40003.39304464757,39934.43286506274,39991.182851423626,2147.5445118325842,2023-01-30 02:00:00
1675045800000,39785.251296701,39785.251296701,39649.67459618646,39757.026246584384,910.750603934765,2023-01-30 02:30:00
1675047600000,40021.174253514684,40178.267713172136,40021.174253514684,40046.52337674095,581.5769532688018,2023-01-30 03:00:00
1675049400000,39965.699715547824,39965.699715547824,39755.36411003764,39887.84366975592,1282.8052548429985,2023-01-30 03:30:00
1675051200000,39655.78198675519,39655.78198675519,39508.982340792616,39636.24984661091,3425.808031949795,2023-01-30 04:00:00
1675053000000,39661.58608641183,39975.60167614481,39661.58608641183,39765.01945233831,1433.155453200115,2023-01-30 04:30:00
1675054800000,39942.41575508897,40081.720948320464,39942.41575508897,40051.01387508708,2218.0060076229356,2023-01-30 05:00:00
1675056600000,40128.657553871046,40342.94083308924,40128.657553871046,40225.42776111821,2046.3495017981054,2023-01-30 05:30:00
1675058400000,40402.75884958077,40487.62214592835,40402.75884958077,40468.31888252152,1204.8336472616727,2023-01-30 06:00:00
1675060200000,40468.31888252152,40487.356656479176,40229.86051871071,40283.63732012971,938.2658023077688,2023-01-30 06:30:00
1675062000000,40102.786221893664,40102.786221893664,39722.70148509362,39938.9473185367,1293.2241247937977,2023-01-30 07:00:00
1675063800000,40209.05063429854,40463.88042046787,40209.05063429854,40303.00370956886,588.447411504311,2023-01-30 07:30:00
1675065600000,40259.982637705034,40259.982637705034,40175.39888883463,40224.47856312112,1193.543129983144,2023-01-30 08:00:00
1675067400000,40223.36647279361,40223.36647279361,40062.36567942501,40163.5432706539,2056.089601000968,2023-01-30 08:30:00
1675069200000,40277.15669212266,40621.679498481826,40277.15669212266,40487.25679838804,1000.3504900363955,2023-01-30 09:00:00
1675071000000,40620.48122492789,40640.366879224115,40620.48122492789,40623.59762528648,682.5172218754336,2023-01-30 09:30:00
1675072800000,40670.72573397189,40822.234559540164,40670.72573397189,40735.68526427001,1717.1818848236032,2023-01-30 10:00:00
1675074600000,41197.0673618236,41287.5818142482,41197.0673618236,41272.22371794385,1584.620155085518,2023-01-30 10:30:00
1675076400000,41272.22371794385,41386.38498835741,41038.1688006777,41112.01086329932,1097.1080047336873,2023-01-30 11:00:00
1675078200000,41171.35375236498,41347.567203752,41171.35375236498,41343.20834765495,1252.0147749081377,2023-01-30 11:30:00
1675080000000,41343.20834765495,41432.816636078125,41258.0732145301,41357.457098276194,1590.024144401978,2023-01-30 12:00:00
1675081800000,41357.457098276194,41466.956831404095,41350.51033098955,41424.64991469281,1193.7576795855878,2023-01-30 12:30:00
1675083600000,41761.31119583759,41822.83751047796,41761.31119583759,41809.105179008155,1281.541278058568,2023-01-30 13:00:00
1675085400000,41856.697817407425,41994.277297487504,41856.697817407425,41937.62903762019,508.3898003284163,2023-01-30 13:30:00
1675087200000,41937.62903762019,42111.54147625898,41921.513598149104,42074.29321625576,1753.1194991754016,2023-01-30 14:00:00
1675089000000,42285.67806933256,42378.60934727682,42285.67806933256,42347.91356496188,1614.0689403916667,2023-01-30 14:30:00
1675090800000,42266.64570021531,42266.64570021531,42122.27038121554,42254.606896709716,1624.3298252853062,2023-01-30 15:00:00
1675092600000,42242.88305860377,42242.88305860377,41968.518625299395,42040.82715958108,1237.8565029000956,2023-01-30 15:30:00
1675094400000,41839.131467518906,41839.131467518906,41681.02700864335,41776.18401208614,2751.5307037607613,2023-01-30 16:00:00
1675096200000,41407.17313396453,41407.17313396453,41217.90633676306,41282.628705913245,1368.0448400777336,2023-01-30 16:30:00
1675098000000,41718.01341241107,41834.865850076916,41718.01341241107,41798.876929152735,1609.4325452113408,2023-01-30 17:00:00
1675099800000,41579.81552058997,41579.81552058997,41374.25630464828,41521.098822928754,910.1516003039928,2023-01-30 17:30:00
1675101600000,41521.098822928754,41548.87146946949,41336.905061836864,41465.61174964616,697.0386054481221,2023-01-30 18:00:00
1675103400000,41423.085579826016,41423.085579826016,41291.568224986404,41396.29555424823,781.4075385413298,2023-01-30 18:30:00
1675105200000,41404.5478345508,41712.36413842286,41404.5478345508,41473.27969273629,1864.2168872242078,2023-01-30 19:00:00
1675107000000,41622.01839574588,41685.65614408117,41622.01839574588,41678.26023219866,2473.5216622952034,2023-01-30 19:30:00
1675108800000,41866.93354574717,42044.663569554454,41866.93354574717,41895.580291876446,1673.1938473628784,2023-01-30 20:00:00
1675110600000,41895.580291876446,42023.04868724082,41723.67799062536,41748.19560673119,2704.437239303356,2023-01-30 20:30:00
1675112400000,41748.19560673119,41820.11815058266,41689.11112525374,41706.04787485291,1888.974005288231,2023-01-30 21:00:00
1675114200000,41742.60453165683,42091.97871276471,41742.60453165683,41777.33879798284,893.9038959939744,2023-01-30 21:30:00
1675116000000,41728.55761178759,41728.55761178759,41677.84565820363,41714.59112166763,1476.3444813417177,2023-01-30 22:00:00
1675117800000,42047.07841915094,42372.012205605075,42047.07841915094,42121.813305022784,1076.7849013146608,2023-01-30 22:30:00
1675119600000,42181.58828832975,42339.40099179827,42181.58828832975,42246.9929922893,1668.4234279959815,2023-01-30 23:00:00
1675121400000,42426.162293020796,42618.027764023296,42426.162293020796,42435.05397168416,885.0588781049894,2023-01-30 23:30:00
1675123200000,42585.664901496944,42697.40209720263,42585.664901496944,42605.40851477832,659.5269502481864,2023-01-31 00:00:00
1675125000000,42802.67972042835,43015.01855683591,42802.67972042835,42908.65941951686,1759.9272731140588,2023-01-31 00:30:00
1675126800000,42908.65941951686,42991.833358860546,42689.10993517714,42955.63106590918,1527.999587633613,2023-01-31 01:00:00
1675128600000,42634.372400056396,42634.372400056396,42566.62337579446,42620.25980248401,2004.5271728263058,2023-01-31 01:30:00
1675130400000,42722.61461881978,43012.6568350274,42722.61461881978,42723.342257986966,824.9364590169494,2023-01-31 02:00:00
1675132200000,42723.342257986966,42732.58869615036,42424.30123236065,42555.48018258507,2547.691742300567,2023-01-31 02:30:00
1675134000000,42555.48018258507,42571.50372200526,42331.03454711676,42419.73459986785,1324.066728027723,2023-01-31 03:00:00
1675135800000,42438.39104393171,42579.92108882014,42438.39104393171,42570.33564534034,1229.04346881004,2023-01-31 03:30:00
1675137600000,42827.852202755785,43089.522365802535,42827.852202755785,42890.13392543569,3843.602629837865,2023-01-31 04:00:00
1675139400000,42890.13392543569,42902.0428680675,42801.99750394607,42895.64844826545,1454.260066202653,2023-01-31 04:30:00
1675141200000,42970.69087141551,43093.70846676453,42970.69087141551,42975.791389540835,1961.4032333489656,2023-01-31 05:00:00
1675143000000,43276.24283495499,43529.870347838085,43276.24283495499,43420.21505505097,865.6281116681764,2023-01-31 05:30:00
1675144800000,43420.21505505097,43528.29244235583,43413.19960272556,43483.44210927723,1398.9046194394787,2023-01-31 06:00:00
1675146600000,44112.16436709261,44197.29398452114,44112.16436709261,44172.60242200254,1035.1692268984366,2023-01-31 06:30:00
1675148400000,44172.60242200254,44467.43759925586,44149.39596268866,44323.839523177834,824.7035430503171,2023-01-31 07:00:00
1675150200000,44031.778782140726,44031.778782140726,43677.50076920118,43854.64566373287,550.4103465691965,2023-01-31 07:30:00
1675152000000,43991.354772043436,44062.1070565512,43991.354772043436,44054.77907156071,1935.622098119723,2023-01-31 08:00:00
1675153800000,44138.510215879134,44319.355396592306,44138.510215879134,44156.38563966491,533.997969868478,2023-01-31 08:30:00
1675155600000,44413.55556424029,44676.344194594596,44413.55556424029,44501.94028187299,1092.8910126309725,2023-01-31 09:00:00
1675157400000,44677.9275051477,44719.05693112263,44677.9275051477,44683.373901277984,1307.567240150137,2023-01-31 09:30:00
1675159200000,44683.373901277984,44699.75587966219,44612.88752598429,44645.9973761508,650.4980203928479,2023-01-31 10:00:00
1675161000000,44338.64277614042,44338.64277614042,44200.178094149065,44316.85267311705,3213.247274517523,2023-01-31 10:30:00
1675162800000,44316.85267311705,44481.112728942004,43920.94427753004,44260.901118637266,652.1331876830582,2023-01-31 11:00:00
1675164600000,44064.971593627044,44064.971593627044,43938.40753217562,44033.960530055345,2960.6018725738977,2023-01-31 11:30:00
1675166400000,43962.55272273418,43962.55272273418,43733.72907776749,43879.73055911814,581.9680179943633,2023-01-31 12:00:00
1675168200000,43989.53765762854,44186.936193181056,43989.53765762854,44036.10433048845,1831.6302841661904,2023-01-31 12:30:00
1675170000000,44231.1627291448,44529.15260078082,44231.1627291448,44482.805352278476,1414.8680993648818,2023-01-31 13:00:00
1675171800000,44491.11395170011,44661.02391850259,44491.11395170011,44589.0406860863,860.4539907451721,2023-01-31 13:30:00
1675173600000,44395.52642901133,44395.52642901133,44207.2827282636,44267.91783709485,1665.1292751384503,2023-01-31 14:00:00
1675175400000,44267.91783709485,44414.79751080744,44248.73440219506,44387.03318897671,783.963758940748,2023-01-31 14:30:00
1675177200000,44589.88809248722,44823.55490140829,44589.88809248722,44709.222349840835,2634.677811137417,2023-01-31 15:00:00
1675179000000,44560.15866814824,44560.15866814824,44524.85913329643,44544.74911167238,1451.5188829413948,2023-01-31 15:30:00
1675180800000,44536.01138877137,44536.01138877137,44404.80217845903,44508.68261088566,1749.3947007379911,2023-01-31 16:00:00
1675182600000,44508.68261088566,44670.262095280836,44311.11488667417,44512.63405073308,832.039285809878,2023-01-31 16:30:00
1675184400000,44412.19320238401,44412.19320238401,44268.109734909245,44301.970254106345,1769.4818244537012,2023-01-31 17:00:00
1675186200000,44471.216114678966,44727.045337348834,44471.216114678966,44475.89444592403,786.2744300412168,2023-01-31 17:30:00
1675188000000,44475.89444592403,44600.735879042426,44276.77310745222,44443.394089405134,526.079543926042,2023-01-31 18:00:00
1675189800000,44479.32072454391,44702.98378336831,44479.32072454391,44556.2297642971,2775.92851512216,2023-01-31 18:30:00
1675191600000,44556.2297642971,44697.19782623199,44162.56814103357,44317.87071136605,531.3096914141431,2023-01-31 19:00:00
1675193400000,44203.062647862665,44203.062647862665,44109.57480090729,44200.84953080639,918.4507987741728,2023-01-31 19:30:00
1675195200000,44200.84953080639,44572.36641030142,44097.87304728906,44394.254890275435,747.5904581447971,2023-01-31 20:00:00
1675197000000,44394.254890275435,44547.61280049359,44176.037706120675,44294.32969557939,1798.764173969264,2023-01-31 20:30:00
1675198800000,44675.79779220203,44825.225169136844,44675.79779220203,44759.08335000018,805.8099890027934,2023-01-31 21:00:00
1675200600000,44748.87595729048,44748.87595729048,44590.58659167719,44651.10304876916,796.9950364710894,2023-01-31 21:30:00
1675202400000,44660.98409771523,44912.081592307804,44660.98409771523,44711.77997817918,1225.5585572885689,2023-01-31 22:00:00
1675204200000,44846.08745581788,44984.001305744416,44846.08745581788,44964.51217677748,937.6123250270115,2023-01-31 22:30:00
1675206000000,44757.80922677169,44757.80922677169,44341.89208829936,44580.69812386646,1800.4077976573376,2023-01-31 23:00:00
1675207800000,44260.19057104246,44260.19057104246,44088.24567742122,44108.77298801818,3384.0976282221654,2023-01-31 23:30:00
1675209600000,43797.84310312326,43797.84310312326,43450.028608057546,43703.91394876148,599.8828088718377,2023-02-01 00:00:00
1675211400000,43862.95846482841,44089.465955816995,43862.95846482841,44038.69563825903,730.9271600320445,2023-02-01 00:30:00
1675213200000,44038.69563825903,44188.950948248974,43767.508714085394,43892.052831264155,1677.2137369778181,2023-02-01 01:00:00
1675215000000,44534.82646332184,44705.851967789335,44534.82646332184,44575.97234406009,1340.0687394105782,2023-02-01 01:30:00
1675216800000,44521.82655199211,44521.82655199211,44410.56923691804,44424.21379910115,1124.9082676593252,2023-02-01 02:00:00
1675218600000,44424.21379910115,44529.81114063284,44316.93303151027,44473.79328700775,2284.758753894771,2023-02-01 02:30:00
1675220400000,44888.03459197983,45031.28200103714,44888.03459197983,44890.24815001024,513.7337231586582,2023-02-01 03:00:00
1675222200000,45290.04491399436,45586.555343570275,45290.04491399436,45437.8457095247,2061.886152588445,2023-02-01 03:30:00
1675224000000,45744.5154545235,46013.12510607976,45744.5154545235,46007.528573938915,1046.6581842156406,2023-02-01 04:00:00
1675225800000,46278.02420172523,46545.1599495935,46278.02420172523,46344.76718017022,646.6121221581154,2023-02-01 04:30:00
1675227600000,46488.408089232915,46840.422892582996,46488.408089232915,46632.5035909085,4117.292510082321,2023-02-01 05:00:00
1675229400000,46644.63685764965,46877.909741220436,46644.63685764965,46799.80425321764,942.9195894483672,2023-02-01 05:30:00
1675231200000,46882.10038379824,47033.025734243725,46882.10038379824,47020.4878379961,1284.3759654042601,2023-02-01 06:00:00
1675233000000,47020.4878379961,47028.681590188695,46640.04267626259,46864.10653495163,1541.9171184028232,2023-02-01 06:30:00
1675234800000,46864.10653495163,46937.28688334731,46370.59909538256,46632.92732712795,2687.62952049863,2023-02-01 07:00:00
1675236600000,46632.92732712795,46699.13251604803,46448.131759855365,46631.976251314816,880.6785021217685,2023-02-01 07:30:00
1675238400000,46631.976251314816,46736.90795424808,46540.36380523338,46584.0356214046,1200.3129422221014,2023-02-01 08:00:00
1675240200000,46493.88495830215,46493.88495830215,46264.25209144521,46456.60255633679,1174.5483675539895,2023-02-01 08:30:00
1675242000000,46541.16905068417,46718.35297974382,46541.16905068417,46652.54819389576,1174.2359475352348,2023-02-01 09:00:00
1675243800000,46876.20896875559,46996.53503971893,46876.20896875559,46922.69188500958,1360.431332045955,2023-02-01 09:30:00
1675245600000,46922.69188500958,47050.59776440094,46823.578421187965,46947.770756109676,2125.2273569066165,2023-02-01 10:00:00
1675247400000,47316.854557935156,47410.58464508862,47316.854557935156,47368.89946186268,1002.155512657865,2023-02-01 10:30:00
1675249200000,47191.56004136954,47191.56004136954,47040.12832752268,47043.162859795615,1032.5791751793213,2023-02-01 11:00:00
1675251000000,47043.162859795615,47077.789960316106,46980.6736679458,46988.13228821374,502.35023350386115,2023-02-01 11:30:00
1675252800000,46896.92554303813,46896.92554303813,46626.823107612996,46784.99848627067,629.2717843469887,2023-02-01 12:00:00
1675254600000,46290.4379203632,46290.4379203632,46128.864622040695,46260.168466699826,1543.6612520169056,2023-02-01 12:30:00
1675256400000,46260.168466699826,46356.211760285994,46158.4708103621,46237.057095754106,582.9340432115814,2023-02-01 13:00:00
1675258200000,46237.057095754106,46287.50674204925,46133.54281213012,46203.046563655196,2224.8569528353,2023-02-01 13:30:00
1675260000000,46429.44755549927,46698.80498579863,46429.44755549927,46627.61662775388,911.2850639971361,2023-02-01 14:00:00
1675261800000,46755.11550234509,46886.31085949319,46755.11550234509,46805.728981813205,1212.8542289017164,2023-02-01 14:30:00
1675263600000,46770.39963053356,46770.39963053356,46363.22459979466,46516.88877273417,1145.0411888228546,2023-02-01 15:00:00
1675265400000,46849.861268705754,47238.65881641399,46849.861268705754,47041.09316286667,2815.257123057854,2023-02-01 15:30:00
1675267200000,47232.37090367926,47444.994211680045,47232.37090367926,47389.53596796454,651.8334047269472,2023-02-01 16:00:00
1675269000000,47445.42831086157,47760.11500469408,47445.42831086157,47556.55480930623,3186.9650524332133,2023-02-01 16:30:00
1675270800000,47513.176900071114,47513.176900071114,47399.603047699195,47491.50083618589,558.8297478691184,2023-02-01 17:00:00
1675272600000,47227.36696377861,47227.36696377861,47078.669829736435,47216.90261843706,1606.6898770099888,2023-02-01 17:30:00
1675274400000,47150.4817232031,47150.4817232031,47073.178629888534,47110.80239445418,539.355946712586,2023-02-01 18:00:00
1675276200000,47315.52202552395,47473.758699822494,47315.52202552395,47421.83129721704,638.0890864953554,2023-02-01 18:30:00
1675278000000,47853.841105815234,48311.781568280334,47853.841105815234,47965.07291008753,531.4603305262557,2023-02-01 19:00:00
1675279800000,48387.70030665541,48547.72408630771,48387.70030665541,48414.55199495498,4554.3017732332255,2023-02-01 19:30:00
1675281600000,48414.55199495498,48423.37597302078,48210.291231672185,48271.717686958655,2862.8595448697547,2023-02-01 20:00:00
1675283400000,48121.37260533768,48121.37260533768,47937.946939305446,47946.16840146545,3047.5483400285584,2023-02-01 20:30:00
1675285200000,47946.16840146545,48104.55956421921,47856.39534725548,47987.01259820797,1735.0531799341272,2023-02-01 21:00:00
1675287000000,47562.09316690383,47562.09316690383,47388.43817773227,47476.839055760734,1665.6916299242462,2023-02-01 21:30:00
1675288800000,47476.839055760734,47615.465017564566,47360.33891581494,47569.662334381625,2023.2685905122473,2023-02-01 22:00:00
1675290600000,47561.91993996009,47561.91993996009,47316.574706181746,47527.24403354428,2071.1307812546074,2023-02-01 22:30:00
1675292400000,47458.222461991,47458.222461991,47252.09547593209,47393.56170457535,759.3225033180049,2023-02-01 23:00:00
1675294200000,47070.75731567748,47070.75731567748,46778.1005400502,46938.96021640441,624.2082544370061,2023-02-01 23:30:00
1675296000000,46988.161247742515,47208.7651920102,46988.161247742515,47084.893967738964,1107.5728769816228,2023-02-02 00:00:00
1675297800000,47069.53316145019,47069.53316145019,46773.59893345743,46933.541687819845,600.6540514157361,2023-02-02 00:30:00
1675299600000,46620.60115346137,46620.60115346137,46493.28093769014,46602.84737828993,952.1252382004188,2023-02-02 01:00:00
1675301400000,45912.99368226902,45912.99368226902,45682.195164555334,45800.80877139961,1682.5696188886855,2023-02-02 01:30:00
1675303200000,45800.80877139961,46080.17581842074,45684.378852222944,45793.1927528945,750.049568305111,2023-02-02 02:00:00
1675305000000,46186.141369940946,46440.39132607794,46186.141369940946,46286.34075127234,1140.959341477189,2023-02-02 02:30:00
1675306800000,46441.99924702445,46868.957163079365,46441.99924702445,46753.425087548516,2745.178530714009,2023-02-02 03:00:00
1675308600000,46753.425087548516,46798.22372688139,46623.35521790081,46624.438586328906,2116.221158065158,2023-02-02 03:30:00
1675310400000,46624.438586328906,46655.2527594894,46388.663201167336,46455.045423581214,1021.0142394823565,2023-02-02 04:00:00
1675312200000,46499.700820100734,46659.6156303483,46499.700820100734,46586.85135627269,1243.254538149141,2023-02-02 04:30:00
1675314000000,46381.809919585285,46381.809919585285,46149.42660006445,46306.58247621733,1527.8080423191489,2023-02-02 05:00:00
1675315800000,46350.66751527243,46453.26651711433,46350.66751527243,46391.123866858376,2081.7460221423707,2023-02-02 05:30:00
1675317600000,46537.26220129887,46645.84656588935,46537.26220129887,46606.42084258631,2431.776455906584,2023-02-02 06:00:00
1675319400000,46946.91551308698,46973.04522803109,46946.91551308698,46953.31810968189,4398.827193082865,2023-02-02 06:30:00
1675321200000,46953.31810968189,46986.17114892192,46668.576324689944,46924.90449960041,606.1973590019817,2023-02-02 07:00:00
1675323000000,46887.52229137914,46887.52229137914,46843.79478068012,46867.17548921655,3725.5570569769247,2023-02-02 07:30:00
1675324800000,46756.2633956894,46756.2633956894,46531.23710291868,46619.133140215556,1006.8916814286077,2023-02-02 08:00:00
1675326600000,46550.66640580247,46550.66640580247,46285.66263828212,46386.72837419718,1155.1734528630516,2023-02-02 08:30:00
1675328400000,46386.72837419718,46615.92613978512,46208.17308882548,46323.276097981,797.2187409266046,2023-02-02 09:00:00
1675330200000,46393.23538449177,46717.6633488443,46393.23538449177,46426.244224454196,1096.2444766414683,2023-02-02 09:30:00
1675332000000,46426.244224454196,46927.772091562154,46415.1010561792,46683.304424425914,1035.8816716561955,2023-02-02 10:00:00
1675333800000,46583.35794965004,46583.35794965004,46299.323228747584,46457.234311446824,2291.387230732488,2023-02-02 10:30:00
1675335600000,46676.35884485501,46966.69763283776,46676.35884485501,46878.25750582554,1379.9462313288645,2023-02-02 11:00:00
1675337400000,46836.34273333425,46836.34273333425,46475.99709994921,46801.50263635598,876.560126316551,2023-02-02 11:30:00
1675339200000,46801.50263635598,46847.45768286265,46730.38649388334,46795.45891792415,611.5056320482277,2023-02-02 12:00:00
1675341000000,46742.1168929204,46742.1168929204,46405.18925367939,46584.60095731015,3507.933842456464,2023-02-02 12:30:00
1675342800000,46198.17508731799,46198.17508731799,45714.81829281104,45907.01685749432,4232.970639642183,2023-02-02 13:00:00
1675344600000,46142.884221387765,46279.40060998144,46142.884221387765,46152.96148633837,586.6900734969655,2023-02-02 13:30:00
1675346400000,46171.64137082827,46394.88167780985,46171.64137082827,46358.960631332775,1378.8909263782434,2023-02-02 14:00:00
1675348200000,46352.252631259136,46352.252631259136,46262.5069999492,46280.201715292555,2115.312651447488,2023-02-02 14:30:00
1675350000000,46280.201715292555,46476.20167324542,46237.56772987383,46298.94392231068,1182.8572175297413,2023-02-02 15:00:00
1675351800000,46337.58455115992,46561.792874925966,46337.58455115992,46443.54444858564,1192.384295628192,2023-02-02 15:30:00
1675353600000,46141.911574109276,46141.911574109276,45766.81036027521,46006.99651083428,829.1476409722695,2023-02-02 16:00:00
1675355400000,45985.23946613459,45985.23946613459,45747.965239457844,45860.120261663265,688.3919310590971,2023-02-02 16:30:00
1675357200000,46044.52973163073,46336.1361673378,46044.52973163073,46080.8019063636,1491.2975749934076,2023-02-02 17:00:00
1675359000000,45778.411853294514,45778.411853294514,45620.28927165722,45732.78880561124,833.093091564951,2023-02-02 17:30:00
1675360800000,45732.78880561124,45916.1264854069,45716.274046649436,45814.002594788726,1437.9526491728752,2023-02-02 18:00:00
1675362600000,45451.197371674425,45451.197371674425,45397.82088694929,45439.90238374236,1644.0091460496935,2023-02-02 18:30:00
1675364400000,45479.956080764234,45589.154855459194,45479.956080764234,45568.18242391569,3819.1841573282,2023-02-02 19:00:00
1675366200000,45568.18242391569,45806.702131843726,45512.73146198326,45558.36734888803,628.1413315708612,2023-02-02 19:30:00
1675368000000,45247.50779236918,45247.50779236918,44930.74138755433,45115.79830637758,968.3070110826723,2023-02-02 20:00:00
1675369800000,45403.06528450544,45501.99547737917,45403.06528450544,45434.518713709695,887.0390724670644,2023-02-02 20:30:00
1675371600000,45264.37761274171,45264.37761274171,45007.837409239575,45233.24314313404,2236.1454969739716,2023-02-02 21:00:00
1675373400000,45087.16522917809,45087.16522917809,44942.93944267809,45012.27073902697,1744.8224422774433,2023-02-02 21:30:00
1675375200000,45012.27073902697,45259.84416012873,44839.654756025375,45066.86931994516,2029.1956513135995,2023-02-02 22:00:00
1675377000000,45066.86931994516,45467.04346039607,45021.77560044214,45380.827383509466,972.1047421663407,2023-02-02 22:30:00
1675378800000,45169.92584553147,45169.92584553147,45082.628896200884,45103.06056384885,1656.8940102633196,2023-02-02 23:00:00
1675380600000,45103.06056384885,45303.3166517984,45081.54052385015,45119.877745294456,2193.0016156799456,2023-02-02 23:30:00
1675382400000,45119.877745294456,45245.66736158329,45043.5795789266,45236.9692138814,854.4640485526119,2023-02-03 00:00:00
1675384200000,45303.080706079156,45616.77394563714,45303.080706079156,45426.869588392365,769.1978698743478,2023-02-03 00:30:00
1675386000000,45426.869588392365,45535.76525452638,45393.512426447865,45475.33905181198,3250.836178289058,2023-02-03 01:00:00
1675387800000,45475.33905181198,45683.47888849968,45328.504075068835,45374.5725277035,2566.6552984773293,2023-02-03 01:30:00
1675389600000,45371.2116143286,45371.2116143286,45006.2276733834,45148.17841524145,732.2883913812423,2023-02-03 02:00:00
1675391400000,45148.17841524145,45377.34432761092,45034.596945891404,45171.69101634101,1631.044449284091,2023-02-03 02:30:00
1675393200000,44963.61565198755,44963.61565198755,44651.81763678278,44879.92545212229,568.1633924198219,2023-02-03 03:00:00
1675395000000,44145.192063995404,44145.192063995404,43925.294185352315,44094.4542079015,3263.8153833136316,2023-02-03 03:30:00
1675396800000,44094.4542079015,44413.035336786146,44059.77115941305,44210.953620338296,794.4881445323356,2023-02-03 04:00:00
1675398600000,44388.27253162669,44567.30405575076,44388.27253162669,44453.155126277095,691.1731544710898,2023-02-03 04:30:00
1675400400000,44097.099275951565,44097.099275951565,43691.25930980295,43822.80864844752,1206.3337421787874,2023-02-03 05:00:00
1675402200000,43797.015901791136,43797.015901791136,43475.10414673422,43556.18161715859,849.7118997014835,2023-02-03 05:30:00
1675404000000,43668.552812884926,43800.49339861705,43668.552812884926,43719.480966484225,713.9133218234481,2023-02-03 06:00:00
1675405800000,43995.2986964195,44359.2810688924,43995.2986964195,44266.54724453007,945.5735206011498,2023-02-03 06:30:00
1675407600000,44266.54724453007,44303.9208997783,44138.8631358062,44272.110869013464,1244.7370489625473,2023-02-03 07:00:00
1675409400000,44108.11091658531,44108.11091658531,43890.32712692751,44077.73999192688,2094.2907324636526,2023-02-03 07:30:00
1675411200000,44077.73999192688,44142.49666042332,44003.59048234795,44029.04239929608,1294.1206605223792,2023-02-03 08:00:00
1675413000000,44307.41097560755,44524.96573870434,44307.41097560755,44396.43594508671,1491.870190148079,2023-02-03 08:30:00
1675414800000,44286.59545613748,44286.59545613748,44119.070617808524,44223.44157496519,1631.1618632057318,2023-02-03 09:00:00
1675416600000,44019.181813476534,44019.181813476534,43962.7200450816,44010.344179848034,904.8906435880677,2023-02-03 09:30:00
1675418400000,44010.344179848034,44028.62191634386,43794.690998943224,43882.12271291397,1393.727025197345,2023-02-03 10:00:00
1675420200000,43770.47467299175,43770.47467299175,43595.982284352605,43630.00543465078,790.1046070996065,2023-02-03 10:30:00
1675422000000,43634.83288436566,43668.873722544675,43634.83288436566,43662.36544812115,2077.636007580913,2023-02-03 11:00:00
1675423800000,43903.39037922759,44256.21412762422,43903.39037922759,44093.220952466094,1445.448860148173,2023-02-03 11:30:00
1675425600000,44093.220952466094,44318.06254651374,44006.85335835389,44179.40521044293,614.2470487577925,2023-02-03 12:00:00
1675427400000,44131.45964556108,44131.45964556108,44018.26432041734,44112.07329306118,1235.335428258566,2023-02-03 12:30:00
1675429200000,44043.43683064353,44043.43683064353,43808.06298656373,44034.34134729851,1048.9529709153085,2023-02-03 13:00:00
1675431000000,43666.16287913347,43666.16287913347,43610.391956265936,43620.26877421901,908.8064868466333,2023-02-03 13:30:00
1675432800000,43623.07122495566,43972.394207583275,43623.07122495566,43853.71427305439,2379.258754185018,2023-02-03 14:00:00
1675434600000,43853.71427305439,43878.03452601152,43827.61264882527,43833.08830433362,577.4324509964298,2023-02-03 14:30:00
1675436400000,43833.08830433362,43851.61484243802,43783.83239935753,43785.30050465444,1681.5903123810303,2023-02-03 15:00:00
1675438200000,44576.46461051361,44716.61882793479,44576.46461051361,44638.52300636117,1461.5354772201922,2023-02-03 15:30:00
1675440000000,44709.99146212031,44749.26355289524,44709.99146212031,44719.19764828974,2263.3484686521397,2023-02-03 16:00:00
1675441800000,44608.70575643809,44608.70575643809,44406.10975861133,44516.46308862801,1733.3217004808782,2023-02-03 16:30:00
1675443600000,44472.86836818513,44472.86836818513,44335.895159443324,44401.89645639425,912.1091258965901,2023-02-03 17:00:00
1675445400000,44401.89645639425,44749.009001001476,44349.79156267251,44711.170203043854,1147.7033242927798,2023-02-03 17:30:00
1675447200000,44711.170203043854,44951.89078346743,44529.98365562118,44741.79012754829,854.7798227979359,2023-02-03 18:00:00
1675449000000,44406.97614747415,44406.97614747415,44276.55744485109,44354.53886102389,2450.278515095185,2023-02-03 18:30:00
1675450800000,44599.630842217004,44750.15307582968,44599.630842217004,44601.64963212342,1691.4562512877922,2023-02-03 19:00:00
1675452600000,44459.55555856971,44459.55555856971,44233.575979897214,44421.900258055626,567.2095934894087,2023-02-03 19:30:00
1675454400000,44911.20378215345,44946.69134108987,44911.20378215345,44927.71069273908,2834.050033371044,2023-02-03 20:00:00
1675456200000,45069.96861582978,45236.72686641498,45069.96861582978,45221.948564911196,1864.0171679085704,2023-02-03 20:30:00
1675458000000,45221.948564911196,45265.844287933454,45034.43204392273,45099.85144588665,1065.2907866982819,2023-02-03 21:00:00
1675459800000,45248.2663195674,45476.93985877158,45248.2663195674,45450.38940802056,3329.6381360630726,2023-02-03 21:30:00
1675461600000,45450.38940802056,45879.79656082668,45319.28115099955,45469.033220487065,2037.4515465553477,2023-02-03 22:00:00
1675463400000,45525.97831965705,45734.155472955244,45525.97831965705,45703.992245247646,698.2044002085111,2023-02-03 22:30:00
1675465200000,45833.286296171216,45907.80097058706,45833.286296171216,45838.08824777938,1898.311045289649,2023-02-03 23:00:00
1675467000000,45838.08824777938,45899.54799687715,45539.46775080639,45604.2085452803,2272.149117051285,2023-02-03 23:30:00
1675468800000,45604.2085452803,45616.81453861398,45396.84594480436,45427.17087002291,881.6341590085905,2023-02-04 00:00:00
1675470600000,45463.14840623359,45745.89049028223,45463.14840623359,45710.83981015575,553.0692704062307,2023-02-04 00:30:00
1675472400000,45670.06914880411,45670.06914880411,45562.06705032772,45618.44314647294,642.2596484063167,2023-02-04 01:00:00
1675474200000,45544.41055792769,45544.41055792769,45295.026798099505,45507.28608810905,1227.9889426052441,2023-02-04 01:30:00
1675476000000,45287.54687763544,45287.54687763544,45034.093897340135,45245.341124495266,2060.003294234254,2023-02-04 02:00:00
1675477800000,45324.42802429989,45481.96105681246,45324.42802429989,45361.32773590663,669.9955610304091,2023-02-04 02:30:00
1675479600000,45757.90935397396,46212.69051968721,45757.90935397396,45930.334772181646,1860.7992204454206,2023-02-04 03:00:00
1675481400000,45888.72753875844,45888.72753875844,45451.77439259414,45634.939521446846,687.2460021367639,2023-02-04 03:30:00
1675483200000,45634.939521446846,45696.9934830776,45441.27922316953,45641.620138816266,1050.6737955565839,2023-02-04 04:00:00
1675485000000,46024.727409606945,46212.239054834594,46024.727409606945,46032.85836428382,1587.3942043616682,2023-02-04 04:30:00
1675486800000,46032.85836428382,46072.9413831004,45920.06527476257,46010.705739217185,1176.3180399553153,2023-02-04 05:00:00
1675488600000,46110.49294071796,46249.57243899202,46110.49294071796,46136.6769183021,1431.442447768157,2023-02-04 05:30:00
1675490400000,45968.5554054425,45968.5554054425,45746.19763603798,45841.378522063744,1717.7484570000022,2023-02-04 06:00:00
1675492200000,45841.378522063744,46130.50644055611,45655.10597110026,45960.20086780831,2454.5611193538634,2023-02-04 06:30:00
1675494000000,45908.420753201135,45908.420753201135,45824.87413467779,45908.24485852312,3181.433331160105,2023-02-04 07:00:00
1675495800000,45908.24485852312,46334.629464763064,45852.44624053974,46182.570210388905,1106.0208205992647,2023-02-04 07:30:00
1675497600000,46287.12581817108,46523.77190122423,46287.12581817108,46515.19320953492,977.9712098996148,2023-02-04 08:00:00
1675499400000,47243.35023659141,47301.115141021946,47243.35023659141,47248.94203070031,931.2020357097774,2023-02-04 08:30:00
1675501200000,47394.37675373918,47570.97549577245,47394.37675373918,47414.7590901957,549.1458464757217,2023-02-04 09:00:00
1675503000000,47414.7590901957,47561.843740961805,47299.26001448058,47508.215761914,1930.0573680300215,2023-02-04 09:30:00
1675504800000,47508.215761914,47597.53474979698,47400.90604357362,47564.06380835966,792.5505366702455,2023-02-04 10:00:00
1675506600000,47519.06864211041,47519.06864211041,47353.290349475246,47462.64518505869,624.2927838294835,2023-02-04 10:30:00
1675508400000,47511.10898537093,47599.51292548921,47511.10898537093,47559.843140950725,1386.0118693787072,2023-02-04 11:00:00
1675510200000,47531.97928548254,47531.97928548254,47469.05564689608,47475.00555995425,1523.6260426213853,2023-02-04 11:30:00
1675512000000,47475.00555995425,47750.2263995216,47438.44819459034,47523.36802024094,731.7266693823399,2023-02-04 12:00:00
1675513800000,47642.97875824702,48044.955938809864,47642.97875824702,47903.33278783205,698.0355238375173,2023-02-04 12:30:00
1675515600000,47702.42728664375,47702.42728664375,47352.3167976013,47612.796448128924,2456.6722376461985,2023-02-04 13:00:00
1675517400000,47892.04479863306,47979.22357685852,47892.04479863306,47941.95268215288,1619.3767460353797,2023-02-04 13:30:00
1675519200000,48225.07027719286,48375.7542847473,48225.07027719286,48325.12325249507,1082.585335283888,2023-02-04 14:00:00
1675521000000,48325.12325249507,48475.88308729524,48066.47331844328,48290.6505680742,3642.254438419255,2023-02-04 14:30:00
1675522800000,47708.62218449069,47708.62218449069,47663.04703964115,47675.303894711906,2817.555097472637,2023-02-04 15:00:00
1675524600000,47620.07862539125,47620.07862539125,47410.012461268285,47500.482198167716,5927.106149660532,2023-02-04 15:30:00
1675526400000,47644.457650235665,47933.05360579485,47644.457650235665,47874.302113948324,1234.345780501203,2023-02-04 16:00:00
1675528200000,47874.302113948324,47971.836215022486,47734.01477160261,47867.68566834378,1086.2672821216834,2023-02-04 16:30:00
1675530000000,47594.76566769273,47594.76566769273,47565.94986723907,47579.447581401684,1720.4787230289535,2023-02-04 17:00:00
1675531800000,47469.03993783752,47469.03993783752,47339.08618708671,47434.511075865215,1560.324153708477,2023-02-04 17:30:00
1675533600000,47663.91956396493,47696.83750893078,47663.91956396493,47676.124367290446,3190.2188596061847,2023-02-04 18:00:00
1675535400000,47721.61911826419,47969.238447402066,47721.61911826419,47833.92813509335,595.9416328514551,2023-02-04 18:30:00
1675537200000,47833.92813509335,47992.04658692011,47753.158679359665,47764.90098601844,699.9374620934279,2023-02-04 19:00:00
1675539000000,47704.52607967298,47704.52607967298,47620.513675499606,47659.119733730084,1132.337421993219,2023-02-04 19:30:00
1675540800000,47659.119733730084,47726.05799319365,47516.11610255579,47546.407012059884,879.9507180609544,2023-02-04 20:00:00
1675542600000,47532.899362364646,47532.899362364646,47182.74494384709,47282.072000545486,829.3872066536055,2023-02-04 20:30:00
1675544400000,47720.11778542949,47857.72425995912,47720.11778542949,47745.96175056517,839.5848073781721,2023-02-04 21:00:00
1675546200000,47728.02139549447,47728.02139549447,47497.57821032173,47653.038474435125,1746.8852020033178,2023-02-04 21:30:00
1675548000000,47836.09671305278,48167.08704986656,47836.09671305278,48004.88972266233,790.6229287461431,2023-02-04 22:00:00
1675549800000,48426.81981671904,48622.70864622978,48426.81981671904,48448.320686705694,1102.0704539762937,2023-02-04 22:30:00
1675551600000,48703.90347268286,48912.33832815771,48703.90347268286,48741.530398915536,1055.8335484902193,2023-02-04 23:00:00
1675553400000,48675.28105525141,48675.28105525141,48609.784465480254,48614.5438786793,1087.1902521073248,2023-02-04 23:30:00
1675555200000,48614.5438786793,48834.145962206196,48575.74701028818,48733.31483325841,1508.288124398501,2023-02-05 00:00:00
1675557000000,48733.31483325841,48937.39084242055,48684.25858325058,48726.1887048261,1279.436017265633,2023-02-05 00:30:00
1675558800000,48582.40078011481,48582.40078011481,48401.88995314977,48460.773959501406,2685.3628529202597,2023-02-05 01:00:00
1675560600000,48543.975236981685,48709.7079463217,48543.975236981685,48555.87064526052,1381.5321767443515,2023-02-05 01:30:00
1675562400000,48361.74999950255,48361.74999950255,48124.83114882669,48211.0870040318,1576.3290482856555,2023-02-05 02:00:00
1675564200000,48211.0870040318,48607.32586849887,48192.60371350115,48558.40617974154,2124.782666674772,2023-02-05 02:30:00
1675566000000,48558.40617974154,48624.43529815156,48193.888768482575,48422.23879472285,600.5831853584674,2023-02-05 03:00:00
1675567800000,48422.23879472285,48634.22504227599,48219.78495397758,48481.14658345166,1020.2354076709825,2023-02-05 03:30:00
1675569600000,48535.618445979,48633.201337502054,48535.618445979,48564.226423044274,1400.6777092953475,2023-02-05 04:00:00
1675571400000,48564.226423044274,48578.400280343405,48413.607338368725,48488.29176287479,686.9688058199425,2023-02-05 04:30:00
1675573200000,48551.783426363065,48703.26318284567,48551.783426363065,48660.534748236365,2635.8409094433546,2023-02-05 05:00:00
1675575000000,48660.534748236365,48951.483332594864,48370.339691114896,48521.06430003542,3013.77879190895,2023-02-05 05:30:00
1675576800000,48641.68024063848,48794.82935540864,48641.68024063848,48777.25516674695,820.773788871442,2023-02-05 06:00:00
1675578600000,48611.31397772587,48611.31397772587,48163.84529493679,48382.05830583534,838.0871648921142,2023-02-05 06:30:00
1675580400000,48382.05830583534,48515.54986381785,48357.16367160761,48419.02835755022,572.4222314736845,2023-02-05 07:00:00
1675582200000,48913.06068441067,49131.10920368078,48913.06068441067,48989.781238540236,922.3659665038688,2023-02-05 07:30:00
1675584000000,48708.00634414324,48708.00634414324,48668.70743367721,48694.48351558829,1962.834518066683,2023-02-05 08:00:00
1675585800000,48534.19534102693,48534.19534102693,48441.82233518212,48495.42543511828,1122.777890055731,2023-02-05 08:30:00
1675587600000,48633.78648916925,48803.67309264318,48633.78648916925,48646.28873585293,1938.8476189314854,2023-02-05 09:00:00
1675589400000,48675.85098134113,49002.90512177533,48675.85098134113,48699.117522530956,2379.6406681735443,2023-02-05 09:30:00
1675591200000,48800.712677389754,48802.77022642352,48800.712677389754,48802.43016791534,2877.7739120363003,2023-02-05 10:00:00
1675593000000,48802.43016791534,48990.89973536797,48700.31891195375,48946.9347409955,1254.266544690837,2023-02-05 10:30:00
1675594800000,48946.9347409955,49178.16728030019,48815.337106333674,49135.06771446501,1565.3222023432827,2023-02-05 11:00:00
1675596600000,49371.666635625705,49712.460075958596,49371.666635625705,49465.72434831845,2474.95344274161,2023-02-05 11:30:00
1675598400000,49465.72434831845,49613.401212045464,49410.217976478605,49588.39961351117,1024.2825826555936,2023-02-05 12:00:00
1675600200000,49588.39961351117,49680.278062939185,49393.13295524052,49516.14467532362,1522.3484765181756,2023-02-05 12:30:00
1675602000000,49568.64990781949,49750.19396859963,49568.64990781949,49717.83852163169,2919.2953290719583,2023-02-05 13:00:00
1675603800000,50290.69550545675,50474.703153167924,50290.69550545675,50292.03119042598,520.6125981359849,2023-02-05 13:30:00
1675605600000,50292.03119042598,50483.18872078761,50143.26736901764,50251.73146493329,2482.931474317549,2023-02-05 14:00:00
1675607400000,50104.0272546936,50104.0272546936,49785.698294379436,49956.61700287686,1621.5318438299641,2023-02-05 14:30:00
1675609200000,50185.94872070253,50538.370085855044,50185.94872070253,50292.006149343244,2155.365363551361,2023-02-05 15:00:00
1675611000000,50285.8327782559,50285.8327782559,50042.92527083499,50255.42793912221,1432.7052797730453,2023-02-05 15:30:00
1675612800000,49774.90627918027,49774.90627918027,49544.00912284287,49599.80940119996,1053.3894366687264,2023-02-05 16:00:00
1675614600000,49717.86754007861,49997.47034421315,49717.86754007861,49854.50132389577,1268.2852076459699,2023-02-05 16:30:00
1675616400000,49854.50132389577,50004.90204369947,49428.96588411767,49693.4571455951,595.5612843271048,2023-02-05 17:00:00
1675618200000,49693.4571455951,49802.90470351361,49561.93524150331,49666.27325584784,719.3428210098432,2023-02-05 17:30:00
1675620000000,49697.3882138624,49980.20498962355,49697.3882138624,49766.027788349245,1376.7293731606596,2023-02-05 18:00:00
1675621800000,49766.027788349245,49949.44475155956,49506.13503309509,49823.36019939646,1270.393997190703,2023-02-05 18:30:00
1675623600000,49976.36541309543,50108.39540522373,49976.36541309543,50037.4570586724,2623.785588631445,2023-02-05 19:00:00
1675625400000,50037.4570586724,50202.20999110904,49682.54885144477,49905.92812099669,536.2617315442433,2023-02-05 19:30:00
1675627200000,50044.09985284143,50511.618869615704,50044.09985284143,50060.93664691856,1318.3496317837553,2023-02-05 20:00:00
1675629000000,50060.93664691856,50113.56452836547,49898.3142058595,49982.46788725684,790.6506533052255,2023-02-05 20:30:00
1675630800000,50035.24510976423,50207.259814980534,50035.24510976423,50206.15639887651,741.0227518252077,2023-02-05 21:00:00
1675632600000,50326.872607711724,50419.5565246108,50326.872607711724,50393.23423342421,655.12004555869,2023-02-05 21:30:00
1675634400000,50153.547080215474,50153.547080215474,49832.61689983493,50109.12628773025,655.2915465236134,2023-02-05 22:00:00
1675636200000,50259.75514741231,50497.93900683097,50259.75514741231,50439.106956631345,910.8625175667901,2023-02-05 22:30:00
1675638000000,50439.106956631345,50537.5625334372,50154.679663505565,50275.98130169411,590.9532019935916,2023-02-05 23:00:00
1675639800000,50435.85203027432,50619.26088562502,50435.85203027432,50522.12395148017,1058.650121111126,2023-02-05 23:30:00
1675641600000,50522.12395148017,50825.40755635068,50506.39992342118,50634.4014150048,512.1433684568502,2023-02-06 00:00:00
1675643400000,51132.44834398796,51577.80401169832,51132.44834398796,51200.08327030498,3793.3433155358352,2023-02-06 00:30:00
1675645200000,51200.08327030498,51253.49952604549,50750.7114744808,51130.977904027444,1351.9122842454078,2023-02-06 01:00:00
1675647000000,51130.977904027444,51195.89962032328,50906.746952066576,51023.140821726374,804.6703764912344,2023-02-06 01:30:00
1675648800000,51023.140821726374,51278.218094491924,51012.42320805117,51017.152501033175,1199.6064109117083,2023-02-06 02:00:00
1675650600000,50947.053888898845,50947.053888898845,50878.71197617093,50923.75364732603,2139.743155848966,2023-02-06 02:30:00
1675652400000,50977.33015377352,51321.21446540387,50977.33015377352,51170.55758489202,1056.157601207073,2023-02-06 03:00:00
1675654200000,50969.171180756064,50969.171180756064,50633.79167033268,50673.10884420707,2648.574717484155,2023-02-06 03:30:00
1675656000000,50653.313742349244,50653.313742349244,50344.50224799029,50351.425877492526,1901.067500193853,2023-02-06 04:00:00
1675657800000,50107.12127258904,50107.12127258904,49827.59933417574,50027.51528682344,2507.88200396462,2023-02-06 04:30:00
1675659600000,50079.04112548747,50417.108008614654,50079.04112548747,50315.6820448542,741.7461395160736,2023-02-06 05:00:00
1675661400000,50700.50397337242,51045.57347553738,50700.50397337242,50838.58989679648,693.6931140991053,2023-02-06 05:30:00
1675663200000,50838.58989679648,50938.7570507782,50676.70756514943,50806.506189040905,1105.443072205002,2023-02-06 06:00:00
1675665000000,50783.372544189115,50783.372544189115,50747.90131108618,50754.69195918956,996.0884909683889,2023-02-06 06:30:00
1675666800000,50754.69195918956,51035.789490237315,50539.07658078789,50776.18573054404,1042.5897896972347,2023-02-06 07:00:00
1675668600000,51119.057708146116,51231.86707657542,51119.057708146116,51134.0097020998,1226.8001639366562,2023-02-06 07:30:00
1675670400000,51031.38028890419,51031.38028890419,50845.733057244666,50848.210238740205,609.6356254991208,2023-02-06 08:00:00
1675672200000,50852.29855960194,51113.0268227399,50852.29855960194,50921.51990312628,789.5907624254021,2023-02-06 08:30:00
1675674000000,51138.72906571557,51286.23771819171,51138.72906571557,51222.54135191006,896.851750688169,2023-02-06 09:00:00
1675675800000,51222.54135191006,51384.32026838774,51148.97278148434,51377.909227102595,519.8053704236808,2023-02-06 09:30:00
1675677600000,51377.909227102595,51479.71262267477,51119.36154417525,51436.81317759247,2789.0661698316135,2023-02-06 10:00:00
1675679400000,51676.05993023973,51815.02717342344,51676.05993023973,51748.9647544088,2070.029786395229,2023-02-06 10:30:00
1675681200000,50951.36374713174,50951.36374713174,50759.592328146806,50910.34519510483,686.5135000974842,2023-02-06 11:00:00
1675683000000,50981.779027930774,51252.150962164174,50981.779027930774,51119.3560154943,1312.4632773121898,2023-02-06 11:30:00
1675684800000,51008.84363272893,51008.84363272893,50899.628927801125,50917.668894933355,635.0984964013412,2023-02-06 12:00:00
1675686600000,50461.882534626544,50461.882534626544,50180.36333788812,50357.405378463096,654.4123420446969,2023-02-06 12:30:00
1675688400000,50390.14568966701,50578.97395515306,50390.14568966701,50513.23514754798,1575.4488570504636,2023-02-06 13:00:00
1675690200000,50540.23957206627,51101.891748222624,50540.23957206627,50934.360119251585,1184.820885855795,2023-02-06 13:30:00
1675692000000,50934.360119251585,50955.03194737157,50856.59058705372,50892.06468755837,1603.1646206996184,2023-02-06 14:00:00
1675693800000,51075.06926357205,51252.883378704064,51075.06926357205,51186.00551847919,1074.9760393278173,2023-02-06 14:30:00
1675695600000,51644.330517608374,51848.69730000222,51644.330517608374,51687.229565403984,1206.7797648445937,2023-02-06 15:00:00
1675697400000,51930.441340045465,52110.23334979185,51930.441340045465,52099.64087867243,1942.2947119642592,2023-02-06 15:30:00
1675699200000,52348.935808248934,52640.05056106754,52348.935808248934,52618.61564565364,5330.311906918656,2023-02-06 16:00:00
1675701000000,52778.39491589987,52995.55636791966,52778.39491589987,52855.16143985194,1035.8829640690278,2023-02-06 16:30:00
1675702800000,52855.16143985194,52919.25250720429,52828.48156311748,52879.264623158175,1014.084134642865,2023-02-06 17:00:00
1675704600000,52437.635961814936,52437.635961814936,52217.0598526977,52369.74512343129,1563.1134744904607,2023-02-06 17:30:00
1675706400000,52369.74512343129,52399.03720760907,52031.75670522226,52291.91890889012,941.9869368739737,2023-02-06 18:00:00
1675708200000,52291.91890889012,52315.14385769311,51884.883695150675,52026.087754911336,587.6010837983474,2023-02-06 18:30:00
1675710000000,52501.10188995456,52874.1117913606,52501.10188995456,52713.22707769078,898.9946810368274,2023-02-06 19:00:00
1675711800000,52713.22707769078,52890.34083914295,52550.8491118569,52657.220049168216,920.138242638817,2023-02-06 19:30:00
1675713600000,52657.220049168216,52950.90918087806,52593.35210447801,52696.44570592224,1216.489902843661,2023-02-06 20:00:00
1675715400000,52856.861227546404,53298.502308741576,52856.861227546404,52872.38475857814,3028.1940067467776,2023-02-06 20:30:00
1675717200000,52872.38475857814,52901.781969973206,52791.4785643346,52886.320173960004,2421.6171281893253,2023-02-06 21:00:00
1675719000000,53375.67168312763,53511.47113407996,53375.67168312763,53430.91762796779,519.2270704205976,2023-02-06 21:30:00
1675720800000,53267.22703747381,53267.22703747381,53210.35812446749,53230.220024461785,1570.6012709284003,2023-02-06 22:00:00
1675722600000,53280.38592837837,53386.02763879171,53280.38592837837,53292.8664224815,3027.1523237919882,2023-02-06 22:30:00
1675724400000,53131.16281300639,53131.16281300639,53049.40133443562,53054.251725167014,1670.6059587505401,2023-02-06 23:00:00
1675726200000,52802.217040906144,52802.217040906144,52624.46086926718,52632.658932717764,741.1443597319945,2023-02-06 23:30:00
1675728000000,52457.15656556658,52457.15656556658,52328.50374155757,52438.40799733936,1472.9390738429056,2023-02-07 00:00:00
1675729800000,52438.40799733936,52640.42526909715,52422.80018748824,52426.670993445674,2473.344810512864,2023-02-07 00:30:00
1675731600000,52404.26115229102,52404.26115229102,52020.72333985441,52290.81617455523,1333.6916404427743,2023-02-07 01:00:00
1675733400000,52279.43848823413,52279.43848823413,51866.38033704248,52072.43754543432,2990.1021853001307,2023-02-07 01:30:00
1675735200000,51692.770968783385,51692.770968783385,51501.400332793484,51631.71037710254,504.3691106352031,2023-02-07 02:00:00
1675737000000,51631.71037710254,51648.964368805064,51501.026595959054,51605.78288394329,967.7123139771923,2023-02-07 02:30:00
1675738800000,51202.04754806709,51202.04754806709,50925.567547349056,51138.58188803679,1085.0358284000808,2023-02-07 03:00:00
1675740600000,51365.04385161243,51377.524015630515,51365.04385161243,51374.040777996015,2163.0122990257387,2023-02-07 03:30:00
1675742400000,51374.040777996015,51572.56867724694,51253.76621035643,51399.644997687625,1697.7155024147937,2023-02-07 04:00:00
1675744200000,51045.96233040109,51045.96233040109,50902.97142862954,50948.83303775425,818.096173095531,2023-02-07 04:30:00
1675746000000,50896.63690203573,50896.63690203573,50853.16731104116,50853.70606889284,650.874998225032,2023-02-07 05:00:00
1675747800000,50743.16835312301,50743.16835312301,50351.095163479215,50623.048918741675,578.0627853031433,2023-02-07 05:30:00
1675749600000,50639.97445893657,50745.39477323825,50639.97445893657,50720.79928601311,2937.0794396794504,2023-02-07 06:00:00
1675751400000,51013.335707135884,51242.710335644035,51013.335707135884,51133.39073981371,1433.2323841098996,2023-02-07 06:30:00
1675753200000,50780.05596994912,50780.05596994912,50352.35042909809,50557.1419420472,1490.8025198501564,2023-02-07 07:00:00
1675755000000,50587.38149692965,50636.851014531945,50587.38149692965,50592.30225565476,1817.853093460961,2023-02-07 07:30:00
1675756800000,50592.30225565476,50610.23458791114,50493.636371686276,50543.360728384076,742.8868778441723,2023-02-07 08:00:00
1675758600000,50617.899041125274,50754.24282588271,50617.899041125274,50748.86034331659,1221.7127092367464,2023-02-07 08:30:00
1675760400000,50748.86034331659,50847.141237595206,50621.961663118425,50814.29523656592,1345.9558209285406,2023-02-07 09:00:00
1675762200000,50668.985428510954,50668.985428510954,50578.88473485275,50583.874035780434,1455.0702735098794,2023-02-07 09:30:00
1675764000000,50537.09033024842,50537.09033024842,50437.89686457853,50486.4243462382,1402.2195320080327,2023-02-07 10:00:00
1675765800000,50419.775987201734,50419.775987201734,50195.14108913392,50244.109283088954,631.7770167059941,2023-02-07 10:30:00
1675767600000,50533.26310730032,50580.49044827713,50533.26310730032,50571.92984712628,758.021953302229,2023-02-07 11:00:00
1675769400000,50571.92984712628,50655.00826642041,50428.29846039423,50578.444293020606,1440.187235844257,2023-02-07 11:30:00
1675771200000,51125.416371759864,51270.79063198512,51125.416371759864,51162.98082204221,2739.9350742529623,2023-02-07 12:00:00
1675773000000,51162.98082204221,51387.100688950115,51000.12144760246,51144.22623971039,1120.5687796356121,2023-02-07 12:30:00
1675774800000,51080.18043399067,51080.18043399067,50879.01025885788,50925.7154710509,3148.757880964118,2023-02-07 13:00:00
1675776600000,50578.798867596815,50578.798867596815,50398.811059876956,50461.92814014497,2021.07512603621,2023-02-07 13:30:00
1675778400000,50160.805948349516,50160.805948349516,49831.05783689527,49914.972890323945,2237.808305866575,2023-02-07 14:00:00
1675780200000,49441.16157472721,49441.16157472721,49425.467430306126,49439.34336124196,914.3092493916319,2023-02-07 14:30:00
1675782000000,49439.34336124196,49686.58997599148,49314.43367421748,49519.22803805258,2407.065607797691,2023-02-07 15:00:00
1675783800000,49622.98666900004,49829.34042261274,49622.98666900004,49671.72027698726,807.3367828464056,2023-02-07 15:30:00
1675785600000,49613.41779736664,49613.41779736664,49036.00495106192,49199.28443951369,511.7132323494097,2023-02-07 16:00:00
1675787400000,49363.463170830175,49758.116263267424,49363.463170830175,49466.15370282004,1396.2783334909536,2023-02-07 16:30:00
1675789200000,49394.33854487663,49394.33854487663,49082.16298090083,49321.942410052914,569.0824342662456,2023-02-07 17:00:00
1675791000000,49321.942410052914,49400.961416761056,49225.61518743691,49365.72093855236,821.5549238133067,2023-02-07 17:30:00
1675792800000,49730.362961029634,49868.98853336654,49730.362961029634,49849.10301594703,1308.1599027688324,2023-02-07 18:00:00
1675794600000,49978.15351919162,50302.67858045087,49978.15351919162,50120.04262281386,1532.1803963742357,2023-02-07 18:30:00
1675796400000,50120.04262281386,50216.66899437391,49922.068764267926,50038.7640916631,1546.1006080337672,2023-02-07 19:00:00
1675798200000,49890.391542093654,49890.391542093654,49460.15297917035,49769.96252577275,511.4550271104334,2023-02-07 19:30:00
1675800000000,49265.554249710956,49265.554249710956,48907.01521619801,49126.86889562842,3357.8801564939877,2023-02-07 20:00:00
1675801800000,48964.49036486581,48964.49036486581,48729.994161894974,48913.80002119481,790.5956218099973,2023-02-07 20:30:00
1675803600000,48913.80002119481,48939.53154455964,48687.87192676365,48851.422557256024,1147.3480442579876,2023-02-07 21:00:00
1675805400000,48581.0817763504,48581.0817763504,48284.028814360296,48560.81873115276,680.7672759303249,2023-02-07 21:30:00
1675807200000,48560.81873115276,48781.75486032755,48493.05547548552,48522.310014394454,1072.7866658541084,2023-02-07 22:00:00
1675809000000,48522.310014394454,48759.11188569966,48370.09306869616,48544.85343343741,858.3320587460106,2023-02-07 22:30:00
1675810800000,48488.46199442923,48488.46199442923,48080.00498324193,48478.924583384214,1366.3972935592894,2023-02-07 23:00:00
1675812600000,48416.893628565194,48416.893628565194,48083.509862406034,48288.84381077811,587.6275238188273,2023-02-07 23:30:00
1675814400000,48288.84381077811,48521.85994098314,48209.669844384975,48338.09191148838,2552.181929741119,2023-02-08 00:00:00
1675816200000,48445.50274506399,48750.789557361095,48445.50274506399,48467.379410880894,1229.0623492839554,2023-02-08 00:30:00
1675818000000,48308.566038042736,48308.566038042736,47856.10941137672,48149.01269334624,621.6399408291222,2023-02-08 01:00:00
1675819800000,48422.13539930278,48754.209152183335,48422.13539930278,48561.366106056186,952.3985622610782,2023-02-08 01:30:00
1675821600000,48557.54129570808,48557.54129570808,48349.491566043376,48532.43872697298,1771.3898226413867,2023-02-08 02:00:00
1675823400000,48532.43872697298,48661.25272569483,48437.16320473968,48537.96818362009,656.9883803303308,2023-02-08 02:30:00
1675825200000,48537.96818362009,48790.09474253693,48502.75941612793,48746.17699827669,530.4800589570849,2023-02-08 03:00:00
1675827000000,48746.17699827669,49012.93180789514,48529.62260321815,48814.935784316716,3560.2625282289846,2023-02-08 03:30:00
1675828800000,49086.55830830998,49295.23698713197,49086.55830830998,49096.95736944128,1292.1449648794774,2023-02-08 04:00:00
1675830600000,49154.80329790021,49193.28265589143,49154.80329790021,49182.23284427243,1356.9599062537818,2023-02-08 04:30:00
1675832400000,49106.431771156174,49106.431771156174,48897.72542032312,49000.51845095486,724.6108361426705,2023-02-08 05:00:00
1675834200000,49000.51845095486,49186.053560317865,48906.89824783268,49107.69769351232,1201.9471959632003,2023-02-08 05:30:00
1675836000000,49012.86435481171,49012.86435481171,48734.189704881814,48769.403625360945,1203.25417690502,2023-02-08 06:00:00
1675837800000,48769.403625360945,48847.09100562115,48731.25067404741,48801.41331945251,1049.6849779197178,2023-02-08 06:30:00
1675839600000,48801.41331945251,49129.84946021168,48746.99120152659,48791.61296138832,1850.0776445291751,2023-02-08 07:00:00
1675841400000,48791.61296138832,48831.38442974526,48621.14653015394,48730.27882428993,1782.3370388816606,2023-02-08 07:30:00
1675843200000,48730.27882428993,48781.310492785946,48530.354882758635,48692.436044211245,1134.5866828460726,2023-02-08 08:00:00
1675845000000,48311.64054069329,48311.64054069329,48028.99638886184,48141.752928189286,899.5131426242929,2023-02-08 08:30:00
1675846800000,48024.052698934116,48024.052698934116,47832.94507723695,47982.35614812203,4407.753770712317,2023-02-08 09:00:00
1675848600000,47982.35614812203,48088.80463179384,47814.9512376195,48009.28912899128,1067.3484452370517,2023-02-08 09:30:00
1675850400000,48009.28912899128,48058.904073047095,47942.20356093221,48055.69661430073,1711.2133829919703,2023-02-08 10:00:00
1675852200000,47914.76013900603,47914.76013900603,47752.57143118021,47758.13588978615,840.9942689356914,2023-02-08 10:30:00
1675854000000,47849.807164948696,48297.43285218466,47849.807164948696,48124.88239970393,2070.232228865859,2023-02-08 11:00:00
1675855800000,48045.33880579605,48045.33880579605,47734.02058648595,47873.60010743711,645.5101087649263,2023-02-08 11:30:00
1675857600000,48090.09471826975,48265.310126786164,48090.09471826975,48154.9330791776,2167.228894310218,2023-02-08 12:00:00
1675859400000,48154.9330791776,48385.901349356565,48143.5944617875,48279.427536580784,3369.952801375501,2023-02-08 12:30:00
1675861200000,48279.427536580784,48455.64352264243,47838.39401520812,48091.22628757964,1118.1019884871293,2023-02-08 13:00:00
1675863000000,48312.544396673184,48651.615390910774,48312.544396673184,48610.02067110173,1423.3343104017013,2023-02-08 13:30:00
1675864800000,48565.07773451697,48565.07773451697,48198.41779863065,48260.594583073806,2754.430587348065,2023-02-08 14:00:00
1675866600000,48514.140349584406,48595.46287305291,48514.140349584406,48529.44508702545,1037.4880311638044,2023-02-08 14:30:00
1675868400000,48711.8587077107,49056.19192756518,48711.8587077107,48823.81603385149,3507.64318923211,2023-02-08 15:00:00
1675870200000,48745.83327212858,48745.83327212858,48502.320315013465,48626.32315238889,1235.6697580522664,2023-02-08 15:30:00
1675872000000,48928.58683012554,49167.20718875408,48928.58683012554,49037.29071912836,1303.458330798137,2023-02-08 16:00:00
1675873800000,49037.29071912836,49151.20869948624,48792.38195267686,48963.23781737233,1156.3793807009906,2023-02-08 16:30:00
1675875600000,48963.23781737233,49252.93727563522,48796.744157652975,49048.74630228842,721.111292561264,2023-02-08 17:00:00
1675877400000,49048.74630228842,49128.058498083585,49042.28041843448,49125.97934597481,1823.959655178974,2023-02-08 17:30:00
1675879200000,49125.97934597481,49348.711058916146,48924.87762395989,49086.11706209694,1022.8379815558416,2023-02-08 18:00:00
1675881000000,49086.11706209694,49492.227723413,48988.18467739798,49327.2543392131,1284.1005788937591,2023-02-08 18:30:00
1675882800000,49563.07923773633,49732.27150019151,49563.07923773633,49564.38758911341,1185.328781055382,2023-02-08 19:00:00
1675884600000,49051.8515205516,49051.8515205516,49035.815623192946,49043.34473030812,3197.7887900429882,2023-02-08 19:30:00
1675886400000,49270.36061701577,49676.38288961381,49270.36061701577,49431.50125898583,1013.8195516543121,2023-02-08 20:00:00
1675888200000,48973.54676639296,48973.54676639296,48829.81319203041,48937.2973063311,1966.0732048774512,2023-02-08 20:30:00
1675890000000,49226.48012541062,49303.762841981355,49226.48012541062,49243.65462799762,2217.3644405896007,2023-02-08 21:00:00
1675891800000,49538.551695375514,49618.651899167984,49538.551695375514,49580.13756929157,816.0310789345558,2023-02-08 21:30:00
1675893600000,49402.67816761285,49402.67816761285,49115.43970517866,49254.29260261128,2433.8404169383584,2023-02-08 22:00:00
1675895400000,49254.29260261128,49258.921165090105,49036.650392359596,49132.14821763246,763.7827681159554,2023-02-08 22:30:00
1675897200000,48847.948628413265,48847.948628413265,48601.71944140216,48804.899858844634,505.78737589272765,2023-02-08 23:00:00
1675899000000,48804.899858844634,49023.96316732339,48524.852846501926,48741.544517243026,620.9765576489515,2023-02-08 23:30:00
1675900800000,48741.544517243026,48825.89040918482,48498.35415363242,48650.884234866564,1776.160842970389,2023-02-09 00:00:00
1675902600000,48650.884234866564,48986.91381934599,48611.86940758936,48880.68045375547,3411.9368208416327,2023-02-09 00:30:00
1675904400000,49089.196238173834,49582.76724470005,49089.196238173834,49269.326851511745,1146.9094014210882,2023-02-09 01:00:00
1675906200000,49684.91144066599,49984.54320459942,49684.91144066599,49686.69531960432,2069.7679656928626,2023-02-09 01:30:00
1675908000000,49642.90804013921,49642.90804013921,49492.83329288969,49518.15974310925,3347.16481178853,2023-02-09 02:00:00
1675909800000,49477.57261466336,49477.57261466336,49357.446735638645,49455.58199093852,523.7385651026239,2023-02-09 02:30:00
1675911600000,49019.066750629594,49019.066750629594,48658.23171101487,48954.939275021716,2916.8174081629913,2023-02-09 03:00:00
1675913400000,48744.01697436122,48744.01697436122,48594.252572616126,48717.07607605312,1259.539092744847,2023-02-09 03:30:00
1675915200000,48960.401157704335,49073.13147412806,48960.401157704335,49002.00176422178,3122.3277845616576,2023-02-09 04:00:00
1675917000000,49449.06151806933,49618.15281877727,49449.06151806933,49482.827887665226,984.4253550311173,2023-02-09 04:30:00
1675918800000,49140.887743736894,49140.887743736894,48860.6129733234,49115.0408844247,630.7730933829772,2023-02-09 05:00:00
1675920600000,48951.69721723256,48951.69721723256,48825.60800568787,48939.48222152045,1826.0916271464316,2023-02-09 05:30:00
1675922400000,48939.48222152045,48943.65338260594,48928.36460124999,48931.67230714231,605.9499767912823,2023-02-09 06:00:00
1675924200000,49008.79983939449,49305.94079607903,49008.79983939449,49014.597915167295,907.5703123653796,2023-02-09 06:30:00
1675926000000,48935.977274202174,48935.977274202174,48617.25619742659,48775.34422180903,1717.179318799293,2023-02-09 07:00:00
1675927800000,48898.21668537309,49028.112585737006,48898.21668537309,48900.516549528336,1171.7703380510113,2023-02-09 07:30:00
1675929600000,48900.516549528336,48965.29126199438,48726.81945335684,48760.671927375966,867.671018862966,2023-02-09 08:00:00
1675931400000,48760.671927375966,48774.424357812866,48694.68226111475,48756.412906751946,785.7316343628563,2023-02-09 08:30:00
1675933200000,48807.69576030959,49069.717562802776,48807.69576030959,48917.65948938918,896.3386558985142,2023-02-09 09:00:00
1675935000000,48917.65948938918,49017.28055156912,48843.43266868612,48919.5583171901,1991.025751083043,2023-02-09 09:30:00
1675936800000,48810.46988774008,48810.46988774008,48632.42623264108,48790.70263868795,1207.1043626064502,2023-02-09 10:00:00
1675938600000,48790.70263868795,48908.92574237196,48546.745500691664,48758.39051059653,2164.5314340477653,2023-02-09 10:30:00
1675940400000,48738.52498874911,48738.52498874911,48718.56384291873,48732.357368810306,828.6903604004956,2023-02-09 11:00:00
1675942200000,48689.65716993008,48689.65716993008,48512.41007560252,48623.497074898805,870.7236147894589,2023-02-09 11:30:00
1675944000000,48623.497074898805,48853.59391052033,48506.58245291465,48547.50169625661,979.8124001156824,2023-02-09 12:00:00
1675945800000,48834.65576877166,49156.35168150339,48834.65576877166,49018.850329598296,842.8899343000987,2023-02-09 12:30:00
1675947600000,49179.89006992059,49248.05103966043,49179.89006992059,49185.31532864112,583.1524217631345,2023-02-09 13:00:00
1675949400000,49185.31532864112,49191.8200520146,49080.09623623086,49097.55480348741,1778.3795179722829,2023-02-09 13:30:00
1675951200000,49097.55480348741,49409.4466678491,49085.71608747269,49304.80845644148,2216.4273129447147,2023-02-09 14:00:00
1675953000000,49304.80845644148,49409.98590335717,49135.00119044392,49205.43146176,1217.4878027791533,2023-02-09 14:30:00
1675954800000,49215.22771488051,49822.61065280304,49215.22771488051,49555.55450428497,1332.5788978696453,2023-02-09 15:00:00
1675956600000,49621.152226789214,49702.68319725043,49621.152226789214,49666.390808088945,3372.243011910058,2023-02-09 15:30:00
1675958400000,49666.390808088945,49674.90014296244,49564.60160033109,49634.19101225659,1183.307639318145,2023-02-09 16:00:00
1675960200000,49634.19101225659,49771.39691683439,49586.59662584793,49768.6826022564,1878.4640555036367,2023-02-09 16:30:00
1675962000000,49359.82884770514,49359.82884770514,49208.81646780318,49298.39775205109,1815.9331810016245,2023-02-09 17:00:00
1675963800000,49030.586865880934,49030.586865880934,48813.18999263535,48963.808433398866,807.7028341639997,2023-02-09 17:30:00
1675965600000,48806.326596478946,48806.326596478946,48471.52721445639,48611.75452511079,958.62411207543,2023-02-09 18:00:00
1675967400000,48635.17710834352,48788.37422456142,48635.17710834352,48653.770556564225,2134.8464590715703,2023-02-09 18:30:00
1675969200000,48977.18511362317,49381.36703110787,48977.18511362317,49165.91473054263,1792.4019191468306,2023-02-09 19:00:00
1675971000000,49798.65725426361,49879.55662721708,49798.65725426361,49833.45393575225,1457.69688554192,2023-02-09 19:30:00
1675972800000,49982.64238730788,50219.24631564402,49982.64238730788,50026.001068747355,3352.5143603871384,2023-02-09 20:00:00
1675974600000,50077.03095727892,50292.857938637266,50077.03095727892,50177.66388008833,912.052922269507,2023-02-09 20:30:00
1675976400000,49723.795763925526,49723.795763925526,49492.961622691524,49634.414318159004,1951.512762243915,2023-02-09 21:00:00
1675978200000,49634.414318159004,49730.22130691639,49401.715699219116,49471.8846444278,988.5647832028519,2023-02-09 21:30:00
1675980000000,49320.54909662916,49320.54909662916,49054.832974461555,49236.89165445765,4230.281850317759,2023-02-09 22:00:00
1675981800000,49110.80354383962,49110.80354383962,48769.46990170216,49052.48185179055,1620.8621033600207,2023-02-09 22:30:00
1675983600000,49052.48185179055,49181.11768925489,48981.088687046344,49002.657211831465,1934.404123986763,2023-02-09 23:00:00
1675985400000,48947.56627024631,48947.56627024631,48804.407613335046,48863.03694642532,1553.250027609153,2023-02-09 23:30:00
1675987200000,48405.39457735724,48405.39457735724,48232.056643571836,48281.97843713061,725.2147087644115,2023-02-10 00:00:00
1675989000000,48454.651887434804,48547.05195275311,48454.651887434804,48500.724091836615,2426.5212146506,2023-02-10 00:30:00
1675990800000,48218.08864723145,48218.08864723145,47900.764129909214,48187.28026914703,2273.429648222239,2023-02-10 01:00:00
1675992600000,48206.68234234875,48447.72552068516,48206.68234234875,48257.00962263481,835.2667108143925,2023-02-10 01:30:00
1675994400000,48786.00679278424,49349.58488583122,48786.00679278424,48865.75313219886,2137.7387624018374,2023-02-10 02:00:00
1675996200000,48650.97481949678,48650.97481949678,48394.43949633667,48594.9718244306,2017.7045005786279,2023-02-10 02:30:00
1675998000000,47975.508333784775,47975.508333784775,47704.36728537155,47857.4624532008,1026.697480638971,2023-02-10 03:00:00
1675999800000,47829.02014138856,47829.02014138856,47673.82221265457,47774.80733714419,511.94237378992534,2023-02-10 03:30:00
1676001600000,47844.49580407242,48191.399675710454,47844.49580407242,48093.76938742284,971.5061581223799,2023-02-10 04:00:00
1676003400000,48652.07000007178,48821.1475762568,48652.07000007178,48666.39957084493,2935.9456914089415,2023-02-10 04:30:00
1676005200000,48346.360219124486,48346.360219124486,48057.104728467624,48306.08194938276,1296.6073147347306,2023-02-10 05:00:00
1676007000000,48317.83818354636,48565.82056605716,48317.83818354636,48451.31661139919,974.8651267716293,2023-02-10 05:30:00
1676008800000,48446.16774267412,48446.16774267412,47872.66806047446,48315.247112419645,522.8282905070387,2023-02-10 06:00:00
1676010600000,48315.247112419645,48449.810608198924,48134.14581218073,48284.31836629935,1320.737630522998,2023-02-10 06:30:00
1676012400000,48985.51060387306,49190.466333472235,48985.51060387306,49062.21524996135,1022.8539053723182,2023-02-10 07:00:00
1676014200000,48648.29123017553,48648.29123017553,48389.80143296592,48618.55610152649,721.6802852684392,2023-02-10 07:30:00
1676016000000,48688.73853284554,48873.984765501446,48688.73853284554,48693.17458322557,1611.620660307303,2023-02-10 08:00:00
1676017800000,48787.63447701674,48897.56339211353,48787.63447701674,48831.01164781155,1130.7404526497567,2023-02-10 08:30:00
1676019600000,49049.176461554816,49176.161371031485,49049.176461554816,49152.51745882177,807.0746290227721,2023-02-10 09:00:00
1676021400000,49152.51745882177,49443.947348443304,48766.63870356774,49181.63459901451,3081.6952917372305,2023-02-10 09:30:00
1676023200000,49181.63459901451,49602.14431772359,49078.81183168935,49273.288768650986,1013.5846359494835,2023-02-10 10:00:00
1676025000000,49272.100887142384,49272.100887142384,49084.902187503445,49156.79113132531,1066.3319210760246,2023-02-10 10:30:00
1676026800000,49176.107341448514,49296.45424644033,49176.107341448514,49236.81451219748,709.3271720320331,2023-02-10 11:00:00
1676028600000,49236.81451219748,49292.68305248214,48983.09528378964,49134.7910520295,853.0994436545341,2023-02-10 11:30:00
1676030400000,49178.772356700945,49475.848999370384,49178.772356700945,49319.726192811984,761.1388699004781,2023-02-10 12:00:00
1676032200000,49301.39433548827,49301.39433548827,49009.211034688924,49209.672985977515,1146.084846273419,2023-02-10 12:30:00
1676034000000,49209.672985977515,49466.07305039018,49145.84643156797,49321.958935088296,883.748515502996,2023-02-10 13:00:00
1676035800000,49321.958935088296,49627.87042788706,49184.99146925515,49313.23643604264,658.2610267615454,2023-02-10 13:30:00
1676037600000,49605.84392644332,49701.01770499099,49605.84392644332,49649.99831039892,796.0569424992677,2023-02-10 14:00:00
1676039400000,49649.99831039892,49776.79515870283,49588.68660772061,49634.57829492758,1588.1111077779797,2023-02-10 14:30:00
1676041200000,49296.79057722675,49296.79057722675,48940.718310134085,49105.52545237041,519.8795099406165,2023-02-10 15:00:00
1676043000000,49222.74712714823,49495.74311870656,49222.74712714823,49481.486524216314,2177.6211864717116,2023-02-10 15:30:00
1676044800000,49215.305380960584,49215.305380960584,49078.462095623334,49211.353699788364,946.5091806280038,2023-02-10 16:00:00
1676046600000,49211.353699788364,49301.48870757063,48964.95717049975,49017.28608805767,2654.1459231558542,2023-02-10 16:30:00
1676048400000,48894.309007950375,48894.309007950375,48749.24908633181,48841.13308648633,612.0001888546562,2023-02-10 17:00:00
1676050200000,49155.17176124938,49298.826455468545,49155.17176124938,49248.54990892947,1452.3939916983088,2023-02-10 17:30:00
1676052000000,48620.24391232921,48620.24391232921,48282.31711279727,48616.936309114695,544.3669983137386,2023-02-10 18:00:00
1676053800000,49472.82417785676,49706.328262920884,49472.82417785676,49547.729618074925,1541.4860130780653,2023-02-10 18:30:00
1676055600000,49547.729618074925,49928.50799241936,49380.361131504615,49864.9935611522,1058.0776006108993,2023-02-10 19:00:00
1676057400000,49913.93366360073,50192.717840203855,49913.93366360073,49932.31937684866,1313.8343587115955,2023-02-10 19:30:00
1676059200000,49932.31937684866,49943.64880871856,49817.69308363084,49915.755670750856,1123.0164607778959,2023-02-10 20:00:00
1676061000000,49915.755670750856,50033.02427278949,49884.780412544336,50001.978798495795,839.9751203886634,2023-02-10 20:30:00
1676062800000,50001.978798495795,50183.94493144484,49974.893927151796,50159.71595610038,1259.9501588569333,2023-02-10 21:00:00
1676064600000,50284.978483570434,50388.75764833715,50284.978483570434,50355.70415957108,1477.5604431323777,2023-02-10 21:30:00
1676066400000,50355.70415957108,50545.56506086455,50316.722832891675,50525.08595628657,1774.1196144818089,2023-02-10 22:00:00
1676068200000,50525.08595628657,50915.88560918779,50450.08604878953,50552.44884423405,889.1073163932547,2023-02-10 22:30:00
1676070000000,50552.44884423405,50585.41554821684,50468.7532033807,50492.19041397733,1613.964047651577,2023-02-10 23:00:00
1676071800000,50457.19189874702,50457.19189874702,50325.49589252567,50446.046879153866,2714.7952246215677,2023-02-10 23:30:00
1676073600000,50414.978347594704,50414.978347594704,50296.965842466736,50386.6553392257,2362.4555787465624,2023-02-11 00:00:00
1676075400000,50418.899660250456,50960.815932066645,50418.899660250456,50733.11471027762,1505.7863492467634,2023-02-11 00:30:00
1676077200000,50858.24885707437,51107.78012900452,50858.24885707437,50915.44378445306,924.5707406923023,2023-02-11 01:00:00
1676079000000,50083.80238658104,50083.80238658104,49698.122302106945,50018.585434097025,906.6704520576659,2023-02-11 01:30:00
1676080800000,50138.75221973505,50222.27165833691,50138.75221973505,50217.26518047688,3588.8940495970214,2023-02-11 02:00:00
1676082600000,50217.26518047688,50397.18122133822,50071.42424272593,50276.40476596413,1536.4202051108234,2023-02-11 02:30:00
1676084400000,50276.40476596413,50563.745382251465,50263.6515742404,50270.7200663947,1383.8730228097174,2023-02-11 03:00:00
1676086200000,50204.66301130431,50204.66301130431,49862.23075280918,50152.81298527905,976.6832708307243,2023-02-11 03:30:00
1676088000000,50261.91613524887,50670.83188476024,50261.91613524887,50494.71704169266,2716.3649631970234,2023-02-11 04:00:00
1676089800000,50782.346860453785,50986.34862788839,50782.346860453785,50784.72130693819,1014.426067330991,2023-02-11 04:30:00
1676091600000,50569.47510177597,50569.47510177597,50467.82513597114,50548.046074324084,911.3389516538731,2023-02-11 05:00:00
1676093400000,50548.046074324084,50821.47048839135,50538.90663123726,50672.55825707262,552.1926132153619,2023-02-11 05:30:00
1676095200000,50486.20296763227,50486.20296763227,50239.51332577399,50375.84700157188,1293.2150252387196,2023-02-11 06:00:00
1676097000000,50011.648922113396,50011.648922113396,49772.600666600585,49957.54031907288,939.4697673954752,2023-02-11 06:30:00
1676098800000,49776.42332427708,49776.42332427708,49547.62528653584,49768.665809518054,636.7935499569162,2023-02-11 07:00:00
1676100600000,49804.42981816517,50125.53427811671,49804.42981816517,50028.75165690584,805.0646073151543,2023-02-11 07:30:00
1676102400000,50028.75165690584,50324.24249961792,49959.27219951626,50317.782372174406,920.247100030987,2023-02-11 08:00:00
1676104200000,50317.782372174406,50559.77627991313,50256.11010431271,50474.063906663854,519.3590946362298,2023-02-11 08:30:00
1676106000000,50618.24927180346,50789.33624347536,50618.24927180346,50695.75006550708,544.897594371093,2023-02-11 09:00:00
1676107800000,50751.613429440964,51036.917326903385,50751.613429440964,50854.15614554493,2181.090379616866,2023-02-11 09:30:00
1676109600000,50854.15614554493,50879.92742319844,50652.46818637551,50657.37116010879,1836.4673146980456,2023-02-11 10:00:00
1676111400000,50664.23766882033,50949.29249777327,50664.23766882033,50789.78654602669,2837.256829421664,2023-02-11 10:30:00
1676113200000,50911.502141477606,51101.06581719933,50911.502141477606,51036.08545021784,3292.7896055562355,2023-02-11 11:00:00
1676115000000,51175.093589320844,51400.43843242661,51175.093589320844,51269.28609179706,1083.6761731634938,2023-02-11 11:30:00
1676116800000,51533.356700069984,51666.2320479887,51533.356700069984,51639.02207739218,1853.2581934314826,2023-02-11 12:00:00
1676118600000,51695.60385215248,52107.083353122485,51695.60385215248,51860.561224362056,1404.7469250168892,2023-02-11 12:30:00
1676120400000,51913.73833008437,52141.22366951874,51913.73833008437,51970.83768403876,1688.60565522223,2023-02-11 13:00:00
1676122200000,52192.480042631425,52356.39061538136,52192.480042631425,52308.072700995894,837.1256691788446,2023-02-11 13:30:00
1676124000000,52306.643743468274,52306.643743468274,52245.871082083155,52299.68870641982,521.8642833603393,2023-02-11 14:00:00
1676125800000,52058.68704062922,52058.68704062922,51441.82728471153,52021.67128453374,888.1102851166278,2023-02-11 14:30:00
1676127600000,52020.79990038216,52020.79990038216,51820.524008550994,51970.42537270245,1615.5436382239545,2023-02-11 15:00:00
1676129400000,51762.4243196839,51762.4243196839,51503.22543329181,51736.97129958187,1391.194284835296,2023-02-11 15:30:00
