timestamp,open,high,low,close,volume,datetime
1748736000000,2527.07,2527.8,2514.0,2524.98,131297.567,2025-06-01 00:00:00
1748739600000,2524.98,2529.43,2489.24,2506.41,181851.09,2025-06-01 01:00:00
1748743200000,2506.41,2512.84,2492.6,2505.99,121214.782,2025-06-01 02:00:00
1748746800000,2506.0,2517.99,2490.0,2512.03,121283.5,2025-06-01 03:00:00
1748750400000,2512.02,2526.0,2510.02,2520.82,81202.936,2025-06-01 04:00:00
1748754000000,2520.82,2526.0,2514.35,2517.23,57637.335,2025-06-01 05:00:00
1748757600000,2517.24,2518.26,2507.28,2511.22,61838.751,2025-06-01 06:00:00
1748761200000,2511.21,2514.68,2504.07,2507.83,55912.587,2025-06-01 07:00:00
1748764800000,2507.83,2509.85,2497.5,2504.73,94437.269,2025-06-01 08:00:00
1748768400000,2504.73,2509.8,2476.03,2491.29,238118.507,2025-06-01 09:00:00
1748772000000,2491.29,2495.84,2485.72,2492.64,92558.522,2025-06-01 10:00:00
1748775600000,2492.64,2501.65,2490.05,2496.11,73586.531,2025-06-01 11:00:00
1748779200000,2496.1,2500.34,2466.0,2483.35,212061.482,2025-06-01 12:00:00
1748782800000,2483.36,2497.5,2479.63,2492.87,123727.662,2025-06-01 13:00:00
1748786400000,2492.88,2518.47,2492.87,2508.11,182785.537,2025-06-01 14:00:00
1748790000000,2508.12,2524.11,2502.73,2521.95,113209.437,2025-06-01 15:00:00
1748793600000,2521.95,2546.67,2519.53,2537.41,242267.705,2025-06-01 16:00:00
1748797200000,2537.41,2545.69,2531.6,2537.81,74478.424,2025-06-01 17:00:00
1748800800000,2537.81,2537.81,2490.01,2519.34,282654.565,2025-06-01 18:00:00
1748804400000,2519.35,2526.55,2510.1,2525.15,96718.343,2025-06-01 19:00:00
1748808000000,2525.15,2536.33,2518.0,2524.38,72197.573,2025-06-01 20:00:00
1748811600000,2524.39,2539.77,2523.08,2538.05,55311.675,2025-06-01 21:00:00
1748815200000,2538.03,2546.96,2531.32,2534.21,83197.168,2025-06-01 22:00:00
1748818800000,2534.21,2544.2,2532.3,2538.13,85420.343,2025-06-01 23:00:00
1748822400000,2538.12,2539.63,2525.2,2533.48,94965.085,2025-06-02 00:00:00
1748826000000,2533.47,2540.92,2523.36,2525.38,99850.487,2025-06-02 01:00:00
1748829600000,2525.37,2526.75,2506.26,2507.74,125130.029,2025-06-02 02:00:00
1748833200000,2507.73,2509.43,2483.85,2495.1,230929.276,2025-06-02 03:00:00
1748836800000,2495.1,2500.92,2486.01,2491.43,88257.046,2025-06-02 04:00:00
1748840400000,2491.43,2496.15,2482.0,2491.68,95250.096,2025-06-02 05:00:00
1748844000000,2491.69,2498.87,2483.61,2493.54,121122.823,2025-06-02 06:00:00
1748847600000,2493.54,2513.0,2493.32,2505.5,149171.724,2025-06-02 07:00:00
1748851200000,2505.49,2514.88,2488.16,2493.36,151736.673,2025-06-02 08:00:00
1748854800000,2493.36,2493.84,2473.64,2480.72,219210.092,2025-06-02 09:00:00
1748858400000,2480.72,2488.8,2475.32,2481.01,130907.107,2025-06-02 10:00:00
1748862000000,2481.0,2487.84,2474.34,2480.19,85509.974,2025-06-02 11:00:00
1748865600000,2480.18,2497.33,2477.0,2496.9,132213.763,2025-06-02 12:00:00
1748869200000,2496.9,2519.0,2486.41,2503.63,283565.773,2025-06-02 13:00:00
1748872800000,2503.63,2539.82,2494.47,2530.06,382056.395,2025-06-02 14:00:00
1748876400000,2530.05,2556.32,2521.92,2542.94,273233.921,2025-06-02 15:00:00
1748880000000,2542.94,2552.81,2528.01,2545.12,162998.347,2025-06-02 16:00:00
1748883600000,2545.12,2551.99,2537.48,2548.61,125036.11,2025-06-02 17:00:00
1748887200000,2548.6,2564.99,2536.67,2543.41,176909.944,2025-06-02 18:00:00
1748890800000,2543.41,2548.0,2523.33,2531.15,138928.981,2025-06-02 19:00:00
1748894400000,2531.15,2546.71,2530.63,2538.68,93977.886,2025-06-02 20:00:00
1748898000000,2538.68,2560.0,2538.51,2559.0,76969.709,2025-06-02 21:00:00
1748901600000,2558.99,2584.86,2558.48,2583.39,187031.547,2025-06-02 22:00:00
1748905200000,2583.39,2614.76,2581.33,2606.63,289109.285,2025-06-02 23:00:00
1748908800000,2606.63,2625.62,2600.6,2620.98,184678.856,2025-06-03 00:00:00
1748912400000,2620.97,2648.77,2615.71,2644.55,240558.185,2025-06-03 01:00:00
1748916000000,2644.55,2646.79,2611.31,2615.01,233992.769,2025-06-03 02:00:00
1748919600000,2615.01,2618.85,2588.21,2602.6,257887.947,2025-06-03 03:00:00
1748923200000,2602.59,2604.29,2589.18,2591.29,85879.59,2025-06-03 04:00:00
1748926800000,2591.28,2616.8,2591.16,2613.77,119383.038,2025-06-03 05:00:00
1748930400000,2613.77,2617.64,2603.45,2617.3,80613.826,2025-06-03 06:00:00
1748934000000,2617.31,2619.8,2606.37,2608.86,82519.043,2025-06-03 07:00:00
1748937600000,2608.87,2610.32,2593.34,2605.81,164744.055,2025-06-03 08:00:00
1748941200000,2605.81,2617.99,2599.9,2612.76,96373.587,2025-06-03 09:00:00
1748944800000,2612.77,2618.9,2608.5,2610.0,68815.505,2025-06-03 10:00:00
1748948400000,2610.0,2615.48,2599.4,2600.34,74016.636,2025-06-03 11:00:00
1748952000000,2600.34,2612.46,2596.5,2608.19,109283.831,2025-06-03 12:00:00
1748955600000,2608.2,2631.7,2605.07,2625.05,292751.562,2025-06-03 13:00:00
1748959200000,2625.05,2655.0,2612.3,2646.86,346430.388,2025-06-03 14:00:00
1748962800000,2646.85,2650.21,2615.02,2622.51,265301.229,2025-06-03 15:00:00
1748966400000,2622.52,2624.21,2602.01,2604.47,174094.973,2025-06-03 16:00:00
1748970000000,2604.47,2626.7,2602.24,2617.96,135744.888,2025-06-03 17:00:00
1748973600000,2617.96,2619.58,2606.0,2617.34,86500.026,2025-06-03 18:00:00
1748977200000,2617.35,2627.56,2613.44,2624.0,87313.577,2025-06-03 19:00:00
1748980800000,2623.99,2624.17,2592.23,2613.89,135282.203,2025-06-03 20:00:00
1748984400000,2613.9,2615.75,2575.01,2587.97,174616.212,2025-06-03 21:00:00
1748988000000,2588.0,2609.0,2584.35,2603.2,86200.947,2025-06-03 22:00:00
1748991600000,2603.2,2603.59,2585.14,2592.2,74803.635,2025-06-03 23:00:00
1748995200000,2592.2,2602.25,2582.4,2597.99,87963.602,2025-06-04 00:00:00
1748998800000,2597.98,2621.47,2597.53,2611.26,138332.722,2025-06-04 01:00:00
1749002400000,2611.28,2619.6,2608.96,2611.1,65629.318,2025-06-04 02:00:00
1749006000000,2611.11,2639.99,2608.46,2626.45,196649.904,2025-06-04 03:00:00
1749009600000,2626.45,2637.0,2621.59,2635.99,90510.05,2025-06-04 04:00:00
1749013200000,2636.0,2643.9,2617.24,2623.45,163928.23,2025-06-04 05:00:00
1749016800000,2623.46,2633.67,2620.36,2628.49,68319.114,2025-06-04 06:00:00
1749020400000,2628.49,2633.0,2621.18,2626.6,57584.702,2025-06-04 07:00:00
1749024000000,2626.62,2645.11,2626.62,2639.38,133606.185,2025-06-04 08:00:00
1749027600000,2639.39,2647.01,2630.0,2642.31,117504.637,2025-06-04 09:00:00
1749031200000,2642.32,2648.8,2633.65,2637.23,103609.491,2025-06-04 10:00:00
1749034800000,2637.22,2643.75,2623.0,2623.69,133414.394,2025-06-04 11:00:00
1749038400000,2623.69,2637.5,2613.67,2615.73,217776.818,2025-06-04 12:00:00
1749042000000,2615.73,2627.5,2605.63,2613.75,190923.143,2025-06-04 13:00:00
1749045600000,2613.74,2640.2,2593.0,2638.64,381130.369,2025-06-04 14:00:00
1749049200000,2638.64,2678.78,2632.0,2666.8,530961.334,2025-06-04 15:00:00
1749052800000,2666.81,2668.17,2648.14,2658.74,217326.281,2025-06-04 16:00:00
1749056400000,2658.73,2659.0,2630.45,2634.28,171775.776,2025-06-04 17:00:00
1749060000000,2634.28,2641.36,2624.39,2627.95,90094.889,2025-06-04 18:00:00
1749063600000,2627.95,2632.76,2621.25,2622.51,97229.314,2025-06-04 19:00:00
1749067200000,2622.51,2624.19,2598.2,2604.72,182030.77,2025-06-04 20:00:00
1749070800000,2604.72,2623.39,2598.37,2617.92,99616.585,2025-06-04 21:00:00
1749074400000,2617.92,2620.29,2602.63,2604.47,75547.863,2025-06-04 22:00:00
1749078000000,2604.48,2615.0,2598.18,2606.77,93297.188,2025-06-04 23:00:00
1749081600000,2606.76,2613.5,2600.56,2610.8,81921.079,2025-06-05 00:00:00
1749085200000,2610.8,2615.0,2603.21,2607.7,77909.942,2025-06-05 01:00:00
1749088800000,2607.7,2627.43,2607.69,2618.83,148234.798,2025-06-05 02:00:00
1749092400000,2618.82,2631.49,2615.7,2623.67,78762.295,2025-06-05 03:00:00
1749096000000,2623.67,2633.04,2619.97,2629.19,70454.803,2025-06-05 04:00:00
1749099600000,2629.2,2630.0,2607.01,2612.1,149321.686,2025-06-05 05:00:00
1749103200000,2612.11,2617.35,2601.37,2603.58,141779.273,2025-06-05 06:00:00
1749106800000,2603.58,2614.31,2600.01,2603.37,119471.233,2025-06-05 07:00:00
1749110400000,2603.36,2609.68,2596.0,2604.67,99302.55,2025-06-05 08:00:00
1749114000000,2604.67,2609.76,2601.37,2608.98,76756.549,2025-06-05 09:00:00
1749117600000,2608.98,2613.05,2578.15,2595.85,253724.763,2025-06-05 10:00:00
1749121200000,2595.84,2609.13,2592.48,2606.81,131388.203,2025-06-05 11:00:00
1749124800000,2606.8,2640.0,2604.4,2630.7,320673.561,2025-06-05 12:00:00
1749128400000,2630.7,2634.99,2578.02,2588.67,508768.873,2025-06-05 13:00:00
1749132000000,2588.67,2615.0,2561.0,2586.56,691701.22,2025-06-05 14:00:00
1749135600000,2586.53,2601.4,2580.63,2588.31,181441.274,2025-06-05 15:00:00
1749139200000,2588.31,2590.81,2551.09,2558.15,404674.794,2025-06-05 16:00:00
1749142800000,2558.24,2576.81,2557.21,2568.95,170821.139,2025-06-05 17:00:00
1749146400000,2568.94,2582.95,2552.4,2574.83,187668.091,2025-06-05 18:00:00
1749150000000,2574.83,2577.03,2503.28,2527.97,618714.587,2025-06-05 19:00:00
1749153600000,2527.97,2534.4,2392.08,2397.61,1190308.848,2025-06-05 20:00:00
1749157200000,2397.61,2449.99,2390.02,2436.33,407977.909,2025-06-05 21:00:00
1749160800000,2436.34,2436.34,2408.44,2428.97,206505.112,2025-06-05 22:00:00
1749164400000,2428.96,2435.0,2410.2,2413.23,163046.61,2025-06-05 23:00:00
1749168000000,2413.23,2427.47,2380.01,2425.09,348186.238,2025-06-06 00:00:00
1749171600000,2425.08,2427.74,2415.17,2420.39,105997.209,2025-06-06 01:00:00
1749175200000,2420.39,2435.0,2401.1,2433.99,202721.664,2025-06-06 02:00:00
1749178800000,2434.0,2455.5,2426.83,2454.13,206219.528,2025-06-06 03:00:00
1749182400000,2454.13,2462.34,2445.7,2457.49,208073.993,2025-06-06 04:00:00
1749186000000,2457.5,2464.25,2445.0,2458.66,163247.057,2025-06-06 05:00:00
1749189600000,2458.66,2467.77,2447.28,2456.68,133339.232,2025-06-06 06:00:00
1749193200000,2456.68,2465.88,2449.44,2454.12,122067.203,2025-06-06 07:00:00
1749196800000,2454.12,2465.0,2452.58,2459.98,101789.682,2025-06-06 08:00:00
1749200400000,2459.98,2481.68,2458.26,2467.36,196931.907,2025-06-06 09:00:00
1749204000000,2467.36,2486.42,2466.85,2480.22,143170.228,2025-06-06 10:00:00
1749207600000,2480.22,2492.76,2470.89,2474.93,177339.789,2025-06-06 11:00:00
1749211200000,2474.93,2500.0,2465.07,2474.39,336336.71,2025-06-06 12:00:00
1749214800000,2474.4,2519.97,2474.4,2502.0,362990.111,2025-06-06 13:00:00
1749218400000,2501.99,2523.68,2493.04,2517.57,259356.451,2025-06-06 14:00:00
1749222000000,2517.57,2529.99,2494.54,2508.33,302153.448,2025-06-06 15:00:00
1749225600000,2508.33,2517.72,2490.46,2496.38,181016.918,2025-06-06 16:00:00
1749229200000,2496.38,2501.19,2482.15,2498.61,162789.493,2025-06-06 17:00:00
1749232800000,2498.6,2503.02,2487.46,2493.99,73004.529,2025-06-06 18:00:00
1749236400000,2493.99,2501.45,2482.68,2483.13,90567.797,2025-06-06 19:00:00
1749240000000,2483.13,2506.68,2480.47,2498.65,91995.899,2025-06-06 20:00:00
1749243600000,2498.64,2498.98,2486.0,2490.8,54727.295,2025-06-06 21:00:00
1749247200000,2490.81,2492.52,2475.66,2481.5,85863.648,2025-06-06 22:00:00
1749250800000,2481.5,2482.0,2471.32,2475.35,76833.372,2025-06-06 23:00:00
1749254400000,2475.34,2481.76,2455.92,2479.84,193446.84,2025-06-07 00:00:00
1749258000000,2479.83,2480.42,2465.03,2470.17,81728.062,2025-06-07 01:00:00
1749261600000,2470.17,2480.87,2467.0,2478.61,80493.546,2025-06-07 02:00:00
1749265200000,2478.6,2492.33,2476.26,2487.79,116205.085,2025-06-07 03:00:00
1749268800000,2487.79,2489.0,2478.51,2488.6,68594.535,2025-06-07 04:00:00
1749272400000,2488.61,2495.5,2483.98,2492.56,62694.646,2025-06-07 05:00:00
1749276000000,2492.57,2500.86,2483.0,2500.15,112844.956,2025-06-07 06:00:00
1749279600000,2500.15,2500.79,2486.06,2490.12,92331.299,2025-06-07 07:00:00
1749283200000,2490.12,2491.14,2480.47,2482.79,76982.979,2025-06-07 08:00:00
1749286800000,2482.79,2489.38,2481.82,2484.89,42306.494,2025-06-07 09:00:00
1749290400000,2484.88,2495.65,2483.44,2493.72,72925.749,2025-06-07 10:00:00
1749294000000,2493.72,2500.0,2491.13,2494.18,85430.412,2025-06-07 11:00:00
1749297600000,2494.17,2506.36,2492.0,2496.37,102141.618,2025-06-07 12:00:00
1749301200000,2496.37,2513.98,2491.3,2505.72,158053.475,2025-06-07 13:00:00
1749304800000,2505.73,2517.0,2503.28,2514.43,120857.492,2025-06-07 14:00:00
1749308400000,2514.43,2522.71,2511.4,2518.15,132297.99,2025-06-07 15:00:00
1749312000000,2518.15,2524.63,2506.15,2508.78,139743.127,2025-06-07 16:00:00
1749315600000,2508.78,2512.54,2505.5,2506.72,63592.035,2025-06-07 17:00:00
1749319200000,2506.72,2522.53,2506.01,2515.74,73970.778,2025-06-07 18:00:00
1749322800000,2515.73,2522.61,2515.2,2515.9,43438.977,2025-06-07 19:00:00
1749326400000,2515.9,2524.84,2515.9,2520.71,40045.222,2025-06-07 20:00:00
1749330000000,2520.71,2522.22,2517.07,2521.29,30301.507,2025-06-07 21:00:00
1749333600000,2521.29,2544.92,2518.11,2534.21,150142.98,2025-06-07 22:00:00
1749337200000,2534.21,2535.16,2520.0,2523.51,71614.664,2025-06-07 23:00:00
1749340800000,2523.51,2524.87,2513.33,2516.46,91567.452,2025-06-08 00:00:00
1749344400000,2516.47,2520.88,2510.04,2517.74,73062.378,2025-06-08 01:00:00
1749348000000,2517.75,2517.97,2510.5,2510.93,43106.317,2025-06-08 02:00:00
1749351600000,2510.93,2513.79,2506.47,2510.43,57379.693,2025-06-08 03:00:00
1749355200000,2510.44,2518.73,2507.0,2514.91,59736.74,2025-06-08 04:00:00
1749358800000,2514.91,2515.52,2507.5,2510.48,61661.084,2025-06-08 05:00:00
1749362400000,2510.48,2516.0,2510.0,2511.6,38945.573,2025-06-08 06:00:00
1749366000000,2511.61,2515.0,2510.1,2513.39,31531.936,2025-06-08 07:00:00
1749369600000,2513.39,2519.7,2513.19,2515.25,54592.995,2025-06-08 08:00:00
1749373200000,2515.24,2515.86,2488.0,2496.34,213664.156,2025-06-08 09:00:00
1749376800000,2496.34,2503.35,2491.0,2501.9,129794.38,2025-06-08 10:00:00
1749380400000,2501.91,2515.79,2501.56,2512.07,128224.93,2025-06-08 11:00:00
1749384000000,2512.06,2513.61,2498.58,2506.51,111633.065,2025-06-08 12:00:00
1749387600000,2506.5,2527.21,2504.38,2507.72,146345.429,2025-06-08 13:00:00
1749391200000,2507.71,2515.31,2502.23,2513.08,87842.217,2025-06-08 14:00:00
1749394800000,2513.09,2520.64,2510.12,2513.3,69354.02,2025-06-08 15:00:00
1749398400000,2513.29,2528.77,2510.99,2526.29,116850.725,2025-06-08 16:00:00
1749402000000,2526.28,2533.59,2521.0,2521.54,93412.286,2025-06-08 17:00:00
1749405600000,2521.55,2532.01,2517.08,2530.65,79587.152,2025-06-08 18:00:00
1749409200000,2530.65,2539.5,2527.71,2531.38,72421.957,2025-06-08 19:00:00
1749412800000,2531.38,2536.67,2528.03,2529.89,48810.722,2025-06-08 20:00:00
1749416400000,2529.9,2548.0,2529.89,2537.4,72727.482,2025-06-08 21:00:00
1749420000000,2537.4,2539.0,2499.3,2507.0,238198.325,2025-06-08 22:00:00
1749423600000,2507.0,2512.68,2498.68,2508.51,86322.384,2025-06-08 23:00:00
1749427200000,2508.52,2511.05,2493.74,2504.4,125230.58,2025-06-09 00:00:00
1749430800000,2504.4,2504.4,2490.4,2493.81,93543.307,2025-06-09 01:00:00
1749434400000,2493.81,2503.5,2488.7,2491.73,91607.153,2025-06-09 02:00:00
1749438000000,2491.73,2497.0,2481.01,2495.52,156936.727,2025-06-09 03:00:00
1749441600000,2495.5,2495.99,2483.0,2484.38,76316.084,2025-06-09 04:00:00
1749445200000,2484.38,2490.87,2475.77,2479.75,115747.307,2025-06-09 05:00:00
1749448800000,2479.76,2492.71,2476.29,2492.0,102406.197,2025-06-09 06:00:00
1749452400000,2492.01,2492.01,2482.0,2490.5,82905.883,2025-06-09 07:00:00
1749456000000,2490.5,2495.8,2483.07,2493.93,94139.267,2025-06-09 08:00:00
1749459600000,2493.92,2521.0,2489.56,2507.92,294932.825,2025-06-09 09:00:00
1749463200000,2507.91,2539.9,2507.8,2533.79,362319.314,2025-06-09 10:00:00
1749466800000,2533.79,2546.47,2528.0,2540.75,244552.333,2025-06-09 11:00:00
1749470400000,2540.74,2547.91,2533.15,2544.21,123949.103,2025-06-09 12:00:00
1749474000000,2544.22,2545.15,2508.01,2515.9,308164.003,2025-06-09 13:00:00
1749477600000,2515.9,2538.9,2512.8,2529.55,253004.399,2025-06-09 14:00:00
1749481200000,2529.54,2541.87,2528.58,2532.91,130783.33,2025-06-09 15:00:00
1749484800000,2532.91,2572.0,2532.79,2556.78,388928.735,2025-06-09 16:00:00
1749488400000,2556.78,2575.99,2554.08,2570.11,166033.298,2025-06-09 17:00:00
1749492000000,2570.11,2584.99,2566.57,2583.2,135646.436,2025-06-09 18:00:00
1749495600000,2583.19,2588.89,2571.92,2579.56,134957.286,2025-06-09 19:00:00
1749499200000,2579.56,2593.0,2574.6,2588.38,74234.486,2025-06-09 20:00:00
1749502800000,2588.37,2649.64,2588.37,2642.67,462253.563,2025-06-09 21:00:00
1749506400000,2642.68,2668.54,2640.29,2664.91,244239.377,2025-06-09 22:00:00
1749510000000,2664.91,2693.18,2656.53,2679.15,261906.495,2025-06-09 23:00:00
1749513600000,2679.15,2727.0,2676.3,2697.86,474248.914,2025-06-10 00:00:00
1749517200000,2697.86,2713.97,2695.41,2707.12,159493.261,2025-06-10 01:00:00
1749520800000,2707.11,2708.29,2676.07,2691.16,250608.449,2025-06-10 02:00:00
1749524400000,2691.17,2692.87,2673.6,2688.0,174262.908,2025-06-10 03:00:00
1749528000000,2688.0,2691.0,2684.09,2687.98,65116.022,2025-06-10 04:00:00
1749531600000,2687.98,2700.26,2663.36,2669.79,274668.531,2025-06-10 05:00:00
1749535200000,2669.79,2680.75,2652.82,2674.74,225615.197,2025-06-10 06:00:00
1749538800000,2674.78,2684.47,2665.41,2676.16,148299.619,2025-06-10 07:00:00
1749542400000,2676.24,2682.77,2668.41,2672.44,116614.403,2025-06-10 08:00:00
1749546000000,2672.46,2692.97,2671.41,2691.26,162857.059,2025-06-10 09:00:00
1749549600000,2691.25,2696.64,2679.33,2693.74,135206.552,2025-06-10 10:00:00
1749553200000,2693.73,2798.59,2687.0,2772.92,1016474.923,2025-06-10 11:00:00
1749556800000,2772.91,2777.86,2744.37,2764.47,354235.136,2025-06-10 12:00:00
1749560400000,2764.46,2778.83,2716.22,2742.51,554562.59,2025-06-10 13:00:00
1749564000000,2742.51,2753.86,2726.15,2735.03,286990.639,2025-06-10 14:00:00
1749567600000,2735.0,2752.71,2687.34,2731.53,466554.193,2025-06-10 15:00:00
1749571200000,2731.54,2747.73,2727.0,2729.61,238329.788,2025-06-10 16:00:00
1749574800000,2729.61,2752.0,2729.42,2739.8,147482.764,2025-06-10 17:00:00
1749578400000,2739.8,2764.99,2730.33,2753.43,204476.182,2025-06-10 18:00:00
1749582000000,2753.44,2807.0,2753.43,2773.08,440826.454,2025-06-10 19:00:00
1749585600000,2772.99,2775.49,2753.0,2773.55,145634.595,2025-06-10 20:00:00
1749589200000,2773.54,2779.7,2734.0,2771.99,223664.085,2025-06-10 21:00:00
1749592800000,2771.99,2826.94,2771.51,2802.29,351471.698,2025-06-10 22:00:00
1749596400000,2802.28,2816.08,2786.08,2815.21,157561.997,2025-06-10 23:00:00
1749600000000,2815.22,2834.0,2791.01,2794.58,311877.762,2025-06-11 00:00:00
1749603600000,2794.59,2798.61,2776.41,2783.75,177779.241,2025-06-11 01:00:00
1749607200000,2783.76,2802.89,2770.79,2780.74,158220.796,2025-06-11 02:00:00
1749610800000,2780.73,2796.7,2779.79,2789.99,98143.827,2025-06-11 03:00:00
1749614400000,2790.0,2804.06,2784.57,2796.05,96779.233,2025-06-11 04:00:00
1749618000000,2796.05,2801.36,2785.26,2792.45,85967.405,2025-06-11 05:00:00
1749621600000,2792.45,2796.9,2779.21,2791.03,101764.11,2025-06-11 06:00:00
1749625200000,2791.04,2801.15,2786.58,2790.5,103807.135,2025-06-11 07:00:00
1749628800000,2790.5,2792.34,2761.15,2768.39,229212.269,2025-06-11 08:00:00
1749632400000,2768.39,2772.92,2752.4,2758.49,176904.535,2025-06-11 09:00:00
1749636000000,2758.5,2772.5,2755.86,2770.58,110937.58,2025-06-11 10:00:00
1749639600000,2770.58,2774.43,2760.59,2771.61,86968.609,2025-06-11 11:00:00
1749643200000,2771.62,2821.91,2762.6,2803.98,648374.426,2025-06-11 12:00:00
1749646800000,2803.99,2817.45,2781.09,2794.88,405950.651,2025-06-11 13:00:00
1749650400000,2794.89,2856.76,2790.0,2839.22,571764.515,2025-06-11 14:00:00
1749654000000,2839.22,2878.59,2827.0,2863.56,487401.737,2025-06-11 15:00:00
1749657600000,2863.55,2874.99,2843.66,2866.51,290417.728,2025-06-11 16:00:00
1749661200000,2866.51,2871.91,2823.83,2828.7,363480.208,2025-06-11 17:00:00
1749664800000,2828.7,2832.85,2800.37,2820.86,419511.084,2025-06-11 18:00:00
1749668400000,2820.87,2825.44,2801.0,2812.07,202320.082,2025-06-11 19:00:00
1749672000000,2812.05,2826.02,2787.0,2814.58,185155.443,2025-06-11 20:00:00
1749675600000,2814.6,2830.61,2773.46,2781.21,179212.141,2025-06-11 21:00:00
1749679200000,2781.22,2785.39,2742.09,2758.24,338910.537,2025-06-11 22:00:00
1749682800000,2758.24,2777.56,2753.38,2770.61,107094.085,2025-06-11 23:00:00
1749686400000,2770.6,2784.33,2757.35,2774.57,172908.484,2025-06-12 00:00:00
1749690000000,2774.57,2777.6,2751.0,2774.9,146578.617,2025-06-12 01:00:00
1749693600000,2774.89,2783.69,2755.72,2757.08,148465.554,2025-06-12 02:00:00
1749697200000,2757.09,2775.92,2745.16,2763.78,244974.488,2025-06-12 03:00:00
1749700800000,2763.79,2768.13,2749.0,2761.4,149850.423,2025-06-12 04:00:00
1749704400000,2761.4,2769.64,2750.5,2763.81,100300.981,2025-06-12 05:00:00
1749708000000,2763.81,2775.0,2753.72,2766.75,119466.655,2025-06-12 06:00:00
1749711600000,2766.76,2772.43,2730.03,2739.29,283510.354,2025-06-12 07:00:00
1749715200000,2739.3,2759.6,2730.94,2755.99,198028.955,2025-06-12 08:00:00
1749718800000,2756.0,2761.0,2747.4,2751.4,84760.888,2025-06-12 09:00:00
1749722400000,2751.41,2752.32,2732.25,2749.17,201239.243,2025-06-12 10:00:00
1749726000000,2749.17,2752.5,2718.87,2728.63,268080.572,2025-06-12 11:00:00
1749729600000,2728.63,2744.66,2710.0,2735.51,321586.004,2025-06-12 12:00:00
1749733200000,2735.5,2753.52,2730.46,2748.03,224385.549,2025-06-12 13:00:00
1749736800000,2748.04,2768.88,2745.71,2763.0,216172.715,2025-06-12 14:00:00
1749740400000,2763.0,2771.57,2712.0,2718.77,413117.869,2025-06-12 15:00:00
1749744000000,2718.76,2744.47,2713.69,2741.88,267608.36,2025-06-12 16:00:00
1749747600000,2741.87,2769.99,2739.46,2760.53,217985.349,2025-06-12 17:00:00
1749751200000,2760.54,2762.75,2716.44,2733.79,273264.351,2025-06-12 18:00:00
1749754800000,2733.79,2742.69,2690.0,2693.01,316978.027,2025-06-12 19:00:00
1749758400000,2693.0,2702.0,2615.0,2637.77,690822.365,2025-06-12 20:00:00
1749762000000,2637.76,2658.96,2629.12,2631.99,275979.5,2025-06-12 21:00:00
1749765600000,2631.99,2647.72,2631.23,2638.64,110459.294,2025-06-12 22:00:00
1749769200000,2638.6,2657.5,2637.5,2641.5,136375.048,2025-06-12 23:00:00
1749772800000,2641.51,2644.67,2495.62,2528.4,1424188.701,2025-06-13 00:00:00
1749776400000,2528.4,2528.41,2453.38,2497.09,868616.872,2025-06-13 01:00:00
1749780000000,2497.1,2497.95,2433.11,2475.0,600621.0,2025-06-13 02:00:00
1749783600000,2475.0,2524.0,2472.92,2513.07,416535.198,2025-06-13 03:00:00
1749787200000,2513.07,2517.49,2493.6,2506.87,206782.334,2025-06-13 04:00:00
1749790800000,2506.87,2518.81,2501.63,2505.36,130959.215,2025-06-13 05:00:00
1749794400000,2505.38,2532.77,2490.17,2531.57,269986.256,2025-06-13 06:00:00
1749798000000,2531.57,2542.04,2514.71,2525.63,275821.012,2025-06-13 07:00:00
1749801600000,2525.63,2539.97,2508.86,2516.42,246706.038,2025-06-13 08:00:00
1749805200000,2516.41,2527.0,2505.0,2519.88,186087.001,2025-06-13 09:00:00
1749808800000,2519.89,2532.69,2507.99,2531.18,163011.88,2025-06-13 10:00:00
1749812400000,2531.17,2544.25,2520.69,2543.56,177398.773,2025-06-13 11:00:00
1749816000000,2543.56,2561.92,2535.31,2540.73,318136.472,2025-06-13 12:00:00
1749819600000,2540.74,2560.84,2533.0,2541.69,219687.786,2025-06-13 13:00:00
1749823200000,2541.69,2553.65,2502.0,2537.24,500586.59,2025-06-13 14:00:00
1749826800000,2537.23,2559.84,2529.49,2550.0,323958.538,2025-06-13 15:00:00
1749830400000,2549.99,2584.12,2541.89,2560.71,378192.807,2025-06-13 16:00:00
1749834000000,2560.71,2560.71,2520.48,2542.01,297747.232,2025-06-13 17:00:00
1749837600000,2542.0,2544.91,2508.65,2528.51,268047.994,2025-06-13 18:00:00
1749841200000,2528.51,2541.12,2519.53,2526.11,124680.85,2025-06-13 19:00:00
1749844800000,2526.1,2552.0,2522.87,2545.32,108272.892,2025-06-13 20:00:00
1749848400000,2545.3,2558.93,2541.01,2552.74,60016.614,2025-06-13 21:00:00
1749852000000,2552.74,2573.09,2552.74,2570.62,106328.567,2025-06-13 22:00:00
1749855600000,2570.61,2582.0,2565.14,2577.64,102902.836,2025-06-13 23:00:00
1749859200000,2577.64,2578.15,2556.48,2560.92,142258.324,2025-06-14 00:00:00
1749862800000,2560.91,2564.9,2548.41,2556.4,131093.365,2025-06-14 01:00:00
1749866400000,2556.41,2566.0,2551.09,2554.0,69830.922,2025-06-14 02:00:00
1749870000000,2553.99,2559.36,2545.8,2547.89,68739.833,2025-06-14 03:00:00
1749873600000,2547.9,2555.5,2547.33,2550.95,53269.154,2025-06-14 04:00:00
1749877200000,2550.95,2555.51,2545.21,2550.78,51652.392,2025-06-14 05:00:00
1749880800000,2550.78,2555.26,2540.7,2542.16,97363.335,2025-06-14 06:00:00
1749884400000,2542.16,2542.81,2524.62,2536.17,142124.452,2025-06-14 07:00:00
1749888000000,2536.17,2536.87,2525.12,2534.78,103133.56,2025-06-14 08:00:00
1749891600000,2534.78,2535.0,2520.8,2522.24,94918.719,2025-06-14 09:00:00
1749895200000,2522.24,2534.78,2516.54,2530.02,113267.092,2025-06-14 10:00:00
1749898800000,2530.02,2538.55,2529.01,2537.04,82032.289,2025-06-14 11:00:00
1749902400000,2537.03,2538.0,2527.54,2535.3,75657.773,2025-06-14 12:00:00
1749906000000,2535.29,2545.0,2524.04,2533.47,133257.601,2025-06-14 13:00:00
1749909600000,2533.48,2535.79,2522.82,2528.14,63109.905,2025-06-14 14:00:00
1749913200000,2528.14,2532.11,2503.14,2518.26,224450.65,2025-06-14 15:00:00
1749916800000,2518.26,2525.7,2490.1,2496.66,291705.025,2025-06-14 16:00:00
1749920400000,2496.67,2517.12,2486.31,2510.6,196690.74,2025-06-14 17:00:00
1749924000000,2510.6,2522.96,2487.34,2507.3,209796.706,2025-06-14 18:00:00
1749927600000,2507.31,2520.5,2503.14,2506.04,120794.313,2025-06-14 19:00:00
1749931200000,2506.05,2512.75,2495.0,2508.24,92790.813,2025-06-14 20:00:00
1749934800000,2508.25,2535.0,2505.06,2526.98,98524.097,2025-06-14 21:00:00
1749938400000,2526.98,2532.36,2516.67,2524.97,69456.963,2025-06-14 22:00:00
1749942000000,2524.98,2539.65,2524.61,2529.58,73114.89,2025-06-14 23:00:00
1749945600000,2529.58,2539.92,2527.26,2536.43,67706.356,2025-06-15 00:00:00
1749949200000,2536.43,2538.22,2523.52,2527.73,81548.16,2025-06-15 01:00:00
1749952800000,2527.74,2536.99,2526.58,2528.0,48457.183,2025-06-15 02:00:00
1749956400000,2528.0,2533.94,2526.51,2529.1,34131.653,2025-06-15 03:00:00
1749960000000,2529.11,2545.97,2528.62,2542.45,98695.647,2025-06-15 04:00:00
1749963600000,2542.44,2552.19,2533.93,2550.02,110637.614,2025-06-15 05:00:00
1749967200000,2550.02,2552.0,2530.3,2534.36,128329.398,2025-06-15 06:00:00
1749970800000,2534.36,2535.0,2521.01,2527.64,134774.859,2025-06-15 07:00:00
1749974400000,2527.66,2529.0,2517.2,2519.67,99229.118,2025-06-15 08:00:00
1749978000000,2519.68,2519.68,2506.76,2509.39,137971.236,2025-06-15 09:00:00
1749981600000,2509.39,2522.86,2508.72,2518.8,102270.518,2025-06-15 10:00:00
1749985200000,2518.81,2522.01,2510.58,2514.98,81929.473,2025-06-15 11:00:00
1749988800000,2514.99,2525.8,2514.49,2525.01,82854.897,2025-06-15 12:00:00
1749992400000,2525.0,2543.99,2521.72,2541.75,253849.694,2025-06-15 13:00:00
1749996000000,2541.75,2553.93,2534.49,2547.36,212989.836,2025-06-15 14:00:00
1749999600000,2547.36,2551.9,2537.0,2540.47,121277.881,2025-06-15 15:00:00
1750003200000,2540.46,2555.0,2534.19,2550.18,141836.768,2025-06-15 16:00:00
1750006800000,2550.18,2559.0,2543.2,2552.19,80727.567,2025-06-15 17:00:00
1750010400000,2552.18,2553.26,2539.51,2547.61,60537.606,2025-06-15 18:00:00
1750014000000,2547.6,2552.0,2529.26,2535.63,95694.355,2025-06-15 19:00:00
1750017600000,2535.63,2535.78,2490.3,2501.94,244187.518,2025-06-15 20:00:00
1750021200000,2501.88,2517.81,2495.6,2515.82,112105.008,2025-06-15 21:00:00
1750024800000,2515.82,2549.0,2512.1,2543.58,217289.446,2025-06-15 22:00:00
1750028400000,2543.58,2548.5,2538.13,2546.2,62803.409,2025-06-15 23:00:00
1750032000000,2546.2,2551.97,2536.69,2543.4,113914.69,2025-06-16 00:00:00
1750035600000,2543.39,2558.49,2513.0,2553.2,322611.749,2025-06-16 01:00:00
1750039200000,2553.2,2577.99,2553.12,2572.98,313933.531,2025-06-16 02:00:00
1750042800000,2572.99,2574.34,2564.2,2567.36,90564.329,2025-06-16 03:00:00
1750046400000,2567.37,2577.72,2565.14,2574.49,112891.1,2025-06-16 04:00:00
1750050000000,2574.48,2619.98,2572.0,2606.35,450268.439,2025-06-16 05:00:00
1750053600000,2606.36,2619.36,2602.01,2606.6,181870.47,2025-06-16 06:00:00
1750057200000,2606.6,2638.0,2606.6,2627.7,306465.022,2025-06-16 07:00:00
1750060800000,2627.71,2630.54,2620.24,2629.5,110833.515,2025-06-16 08:00:00
1750064400000,2629.49,2630.0,2617.61,2620.55,98951.278,2025-06-16 09:00:00
1750068000000,2620.56,2634.02,2609.03,2616.0,165748.168,2025-06-16 10:00:00
1750071600000,2616.01,2619.62,2591.0,2615.92,285038.506,2025-06-16 11:00:00
1750075200000,2615.92,2618.42,2603.2,2614.07,142580.084,2025-06-16 12:00:00
1750078800000,2614.06,2646.44,2606.77,2638.6,296342.362,2025-06-16 13:00:00
1750082400000,2638.61,2656.77,2625.44,2638.52,390844.796,2025-06-16 14:00:00
1750086000000,2638.51,2645.71,2626.54,2630.9,176829.574,2025-06-16 15:00:00
1750089600000,2630.9,2644.5,2626.16,2634.5,150951.327,2025-06-16 16:00:00
1750093200000,2634.5,2641.58,2628.13,2632.79,108816.161,2025-06-16 17:00:00
1750096800000,2632.8,2653.95,2630.8,2653.19,105321.386,2025-06-16 18:00:00
1750100400000,2653.19,2669.2,2643.56,2659.19,266050.265,2025-06-16 19:00:00
1750104000000,2659.19,2679.46,2642.69,2668.53,176556.87,2025-06-16 20:00:00
1750107600000,2668.52,2670.37,2642.64,2647.75,108318.747,2025-06-16 21:00:00
1750111200000,2647.76,2656.63,2542.36,2568.8,660318.349,2025-06-16 22:00:00
1750114800000,2568.81,2595.0,2533.06,2543.29,531089.453,2025-06-16 23:00:00
1750118400000,2543.29,2587.27,2523.23,2586.14,591287.432,2025-06-17 00:00:00
1750122000000,2586.15,2591.99,2572.0,2579.71,178569.139,2025-06-17 01:00:00
1750125600000,2579.71,2615.99,2557.0,2607.54,332633.031,2025-06-17 02:00:00
1750129200000,2607.54,2618.0,2599.2,2606.09,219273.732,2025-06-17 03:00:00
1750132800000,2606.08,2609.7,2586.16,2590.88,171296.706,2025-06-17 04:00:00
1750136400000,2590.87,2597.0,2574.46,2578.88,161780.691,2025-06-17 05:00:00
1750140000000,2578.88,2587.72,2572.93,2581.2,125131.911,2025-06-17 06:00:00
1750143600000,2581.15,2585.63,2568.63,2581.4,148298.96,2025-06-17 07:00:00
1750147200000,2581.4,2584.56,2564.08,2570.81,133833.77,2025-06-17 08:00:00
1750150800000,2570.82,2575.64,2560.19,2565.89,163512.903,2025-06-17 09:00:00
1750154400000,2565.88,2568.5,2543.4,2555.99,250680.346,2025-06-17 10:00:00
1750158000000,2555.99,2556.3,2540.24,2551.19,135599.618,2025-06-17 11:00:00
1750161600000,2551.19,2558.69,2543.51,2546.76,169196.112,2025-06-17 12:00:00
1750165200000,2546.75,2562.97,2545.12,2552.29,226973.247,2025-06-17 13:00:00
1750168800000,2552.29,2567.0,2527.09,2532.31,378465.805,2025-06-17 14:00:00
1750172400000,2532.31,2539.99,2479.51,2497.41,964146.337,2025-06-17 15:00:00
1750176000000,2497.4,2501.09,2457.0,2460.33,624627.215,2025-06-17 16:00:00
1750179600000,2460.33,2485.8,2452.04,2465.48,493965.315,2025-06-17 17:00:00
1750183200000,2465.48,2496.2,2462.08,2496.2,204079.411,2025-06-17 18:00:00
1750186800000,2496.2,2543.33,2495.84,2526.9,482315.031,2025-06-17 19:00:00
1750190400000,2526.9,2533.0,2505.02,2509.41,268748.017,2025-06-17 20:00:00
1750194000000,2509.4,2525.43,2501.0,2518.8,139887.092,2025-06-17 21:00:00
1750197600000,2518.8,2520.51,2490.34,2493.4,130981.258,2025-06-17 22:00:00
1750201200000,2493.42,2518.43,2492.5,2508.9,112832.644,2025-06-17 23:00:00
1750204800000,2508.91,2529.48,2504.62,2525.12,167156.815,2025-06-18 00:00:00
1750208400000,2525.13,2536.54,2516.88,2518.49,152245.641,2025-06-18 01:00:00
1750212000000,2518.49,2528.8,2512.49,2513.79,114878.776,2025-06-18 02:00:00
1750215600000,2513.79,2531.38,2511.29,2526.76,126311.81,2025-06-18 03:00:00
1750219200000,2526.76,2546.29,2524.0,2535.97,135943.838,2025-06-18 04:00:00
1750222800000,2535.98,2542.43,2532.25,2535.94,75330.159,2025-06-18 05:00:00
1750226400000,2535.95,2539.98,2518.11,2522.82,146103.52,2025-06-18 06:00:00
1750230000000,2522.83,2532.85,2516.01,2532.47,134103.15,2025-06-18 07:00:00
1750233600000,2532.47,2547.99,2525.47,2532.39,210790.759,2025-06-18 08:00:00
1750237200000,2532.39,2539.65,2520.0,2526.22,141787.347,2025-06-18 09:00:00
1750240800000,2526.22,2528.12,2486.97,2493.98,334448.218,2025-06-18 10:00:00
1750244400000,2493.98,2516.0,2489.5,2512.8,260182.631,2025-06-18 11:00:00
1750248000000,2512.79,2515.1,2491.0,2492.49,185612.948,2025-06-18 12:00:00
1750251600000,2492.5,2504.52,2464.08,2501.08,553669.135,2025-06-18 13:00:00
1750255200000,2501.08,2537.95,2492.69,2503.97,741828.088,2025-06-18 14:00:00
1750258800000,2503.97,2519.54,2489.0,2507.6,356590.658,2025-06-18 15:00:00
1750262400000,2507.6,2513.65,2492.9,2498.94,208937.839,2025-06-18 16:00:00
1750266000000,2498.95,2502.96,2466.0,2495.35,335398.255,2025-06-18 17:00:00
1750269600000,2495.3,2518.02,2471.22,2474.17,426189.175,2025-06-18 18:00:00
1750273200000,2474.17,2510.0,2469.65,2491.21,319419.524,2025-06-18 19:00:00
1750276800000,2491.2,2536.16,2481.04,2527.49,202757.695,2025-06-18 20:00:00
1750280400000,2527.5,2537.0,2507.55,2527.01,170136.127,2025-06-18 21:00:00
1750284000000,2527.01,2532.75,2518.14,2523.99,84514.748,2025-06-18 22:00:00
1750287600000,2524.0,2532.0,2513.43,2523.72,89276.546,2025-06-18 23:00:00
1750291200000,2523.71,2546.0,2511.7,2527.99,179181.604,2025-06-19 00:00:00
1750294800000,2528.0,2528.92,2504.44,2513.67,170573.654,2025-06-19 01:00:00
1750298400000,2513.66,2525.8,2506.04,2513.11,119028.575,2025-06-19 02:00:00
1750302000000,2513.1,2524.99,2512.9,2524.4,60161.493,2025-06-19 03:00:00
1750305600000,2524.39,2524.64,2513.0,2523.19,71242.237,2025-06-19 04:00:00
1750309200000,2523.19,2530.0,2517.95,2520.7,87710.445,2025-06-19 05:00:00
1750312800000,2520.7,2526.24,2515.08,2518.23,73523.933,2025-06-19 06:00:00
1750316400000,2518.22,2524.65,2516.6,2517.8,66589.413,2025-06-19 07:00:00
1750320000000,2517.81,2529.4,2517.8,2522.06,79655.912,2025-06-19 08:00:00
1750323600000,2522.07,2541.0,2520.86,2536.99,137070.355,2025-06-19 09:00:00
1750327200000,2537.0,2543.21,2532.13,2537.01,112266.635,2025-06-19 10:00:00
1750330800000,2537.01,2537.1,2525.52,2530.59,108243.192,2025-06-19 11:00:00
1750334400000,2530.6,2535.68,2517.3,2524.03,121497.187,2025-06-19 12:00:00
1750338000000,2524.03,2524.83,2506.12,2508.87,168281.511,2025-06-19 13:00:00
1750341600000,2508.87,2521.35,2492.54,2495.59,258556.738,2025-06-19 14:00:00
1750345200000,2495.59,2504.04,2488.3,2491.91,173336.448,2025-06-19 15:00:00
1750348800000,2491.9,2502.98,2483.61,2486.95,141757.815,2025-06-19 16:00:00
1750352400000,2486.96,2522.98,2485.41,2507.49,243984.01,2025-06-19 17:00:00
1750356000000,2507.49,2516.91,2497.82,2503.35,97016.041,2025-06-19 18:00:00
1750359600000,2503.35,2509.66,2495.98,2503.48,63918.561,2025-06-19 19:00:00
1750363200000,2503.48,2515.69,2501.0,2505.89,56875.243,2025-06-19 20:00:00
1750366800000,2505.9,2513.97,2503.14,2508.82,61660.815,2025-06-19 21:00:00
1750370400000,2508.82,2530.95,2508.82,2522.52,128878.581,2025-06-19 22:00:00
1750374000000,2522.53,2528.87,2517.52,2519.93,80521.918,2025-06-19 23:00:00
1750377600000,2519.93,2530.84,2519.0,2524.48,76865.714,2025-06-20 00:00:00
1750381200000,2524.49,2529.23,2514.5,2525.99,85803.068,2025-06-20 01:00:00
1750384800000,2525.99,2526.97,2512.61,2517.18,77280.062,2025-06-20 02:00:00
1750388400000,2517.19,2522.0,2511.28,2516.1,54242.949,2025-06-20 03:00:00
1750392000000,2516.1,2519.0,2502.35,2503.34,111615.738,2025-06-20 04:00:00
1750395600000,2503.34,2515.2,2502.39,2514.67,71381.829,2025-06-20 05:00:00
1750399200000,2514.67,2523.31,2514.64,2520.0,102333.455,2025-06-20 06:00:00
1750402800000,2520.01,2549.84,2518.0,2548.15,318395.297,2025-06-20 07:00:00
1750406400000,2548.16,2568.35,2541.03,2552.2,448374.55,2025-06-20 08:00:00
1750410000000,2552.21,2554.77,2543.75,2552.19,125604.711,2025-06-20 09:00:00
1750413600000,2552.2,2556.99,2546.57,2551.73,78968.166,2025-06-20 10:00:00
1750417200000,2551.72,2554.96,2540.02,2548.89,141815.961,2025-06-20 11:00:00
1750420800000,2548.9,2557.79,2546.22,2550.68,81321.583,2025-06-20 12:00:00
1750424400000,2550.68,2559.0,2527.0,2535.18,293664.891,2025-06-20 13:00:00
1750428000000,2535.18,2539.95,2488.4,2488.8,583984.137,2025-06-20 14:00:00
1750431600000,2488.81,2507.9,2486.02,2492.89,363987.641,2025-06-20 15:00:00
1750435200000,2492.89,2495.37,2473.44,2481.66,293278.216,2025-06-20 16:00:00
1750438800000,2481.66,2486.32,2363.0,2417.8,1368225.547,2025-06-20 17:00:00
1750442400000,2417.8,2432.5,2410.68,2418.47,308968.817,2025-06-20 18:00:00
1750446000000,2418.47,2423.0,2392.5,2413.46,264159.731,2025-06-20 19:00:00
1750449600000,2413.45,2436.98,2412.72,2425.9,160784.038,2025-06-20 20:00:00
1750453200000,2425.9,2426.58,2406.78,2415.5,114001.006,2025-06-20 21:00:00
1750456800000,2415.49,2417.17,2380.68,2389.81,222659.182,2025-06-20 22:00:00
1750460400000,2389.81,2406.7,2382.54,2405.48,117406.823,2025-06-20 23:00:00
1750464000000,2405.48,2419.26,2394.61,2410.09,127171.125,2025-06-21 00:00:00
1750467600000,2410.06,2431.0,2409.01,2430.18,125921.591,2025-06-21 01:00:00
1750471200000,2430.18,2431.35,2416.45,2421.74,91874.877,2025-06-21 02:00:00
1750474800000,2421.74,2429.97,2421.73,2424.3,67393.318,2025-06-21 03:00:00
1750478400000,2424.31,2425.76,2418.1,2422.18,62051.77,2025-06-21 04:00:00
1750482000000,2422.17,2426.36,2418.57,2422.86,38558.179,2025-06-21 05:00:00
1750485600000,2422.85,2427.41,2419.58,2423.96,33862.085,2025-06-21 06:00:00
1750489200000,2423.96,2426.93,2418.36,2425.7,57354.027,2025-06-21 07:00:00
1750492800000,2425.69,2444.0,2422.25,2440.46,112002.256,2025-06-21 08:00:00
1750496400000,2440.46,2447.82,2430.86,2443.77,154947.428,2025-06-21 09:00:00
1750500000000,2443.77,2446.36,2428.49,2437.81,130343.565,2025-06-21 10:00:00
1750503600000,2437.81,2445.38,2434.5,2441.3,85841.39,2025-06-21 11:00:00
1750507200000,2441.31,2444.0,2432.56,2434.89,71808.754,2025-06-21 12:00:00
1750510800000,2434.89,2442.32,2411.66,2419.39,200999.727,2025-06-21 13:00:00
1750514400000,2419.39,2434.24,2412.3,2418.59,218564.691,2025-06-21 14:00:00
1750518000000,2418.6,2426.65,2411.24,2422.21,123813.153,2025-06-21 15:00:00
1750521600000,2422.21,2427.33,2412.61,2415.11,98704.2,2025-06-21 16:00:00
1750525200000,2415.11,2423.5,2395.0,2397.91,194706.629,2025-06-21 17:00:00
1750528800000,2397.9,2410.7,2382.33,2386.59,197627.274,2025-06-21 18:00:00
1750532400000,2386.61,2399.51,2380.5,2383.89,156595.638,2025-06-21 19:00:00
1750536000000,2383.88,2408.72,2375.43,2402.54,165085.413,2025-06-21 20:00:00
1750539600000,2402.53,2405.22,2226.25,2280.07,838397.97,2025-06-21 21:00:00
1750543200000,2280.07,2307.25,2277.0,2285.48,317649.431,2025-06-21 22:00:00
1750546800000,2285.49,2312.85,2210.2,2294.39,1063901.065,2025-06-21 23:00:00
1750550400000,2294.39,2314.39,2253.51,2293.74,666610.58,2025-06-22 00:00:00
1750554000000,2293.73,2300.0,2263.59,2265.61,297516.564,2025-06-22 01:00:00
1750557600000,2265.7,2283.88,2243.92,2264.08,381444.345,2025-06-22 02:00:00
1750561200000,2264.05,2274.58,2248.88,2263.45,207645.17,2025-06-22 03:00:00
1750564800000,2263.45,2287.63,2260.52,2280.61,192942.098,2025-06-22 04:00:00
1750568400000,2280.61,2292.99,2277.59,2287.47,137291.728,2025-06-22 05:00:00
1750572000000,2287.47,2297.0,2282.11,2285.85,126214.966,2025-06-22 06:00:00
1750575600000,2285.86,2287.62,2266.49,2269.48,154309.365,2025-06-22 07:00:00
1750579200000,2269.49,2277.36,2262.36,2273.46,139725.447,2025-06-22 08:00:00
1750582800000,2273.47,2279.35,2235.14,2240.71,364750.067,2025-06-22 09:00:00
1750586400000,2240.71,2264.2,2236.37,2258.29,194883.399,2025-06-22 10:00:00
1750590000000,2258.3,2278.28,2257.02,2272.1,169001.806,2025-06-22 11:00:00
1750593600000,2272.09,2285.9,2264.0,2278.69,172894.238,2025-06-22 12:00:00
1750597200000,2278.69,2283.83,2160.0,2198.71,1265634.472,2025-06-22 13:00:00
1750600800000,2198.7,2211.41,2154.0,2200.0,912405.474,2025-06-22 14:00:00
1750604400000,2200.0,2206.95,2167.61,2173.81,399249.484,2025-06-22 15:00:00
1750608000000,2173.8,2197.65,2172.4,2195.9,327941.668,2025-06-22 16:00:00
1750611600000,2195.9,2219.8,2185.21,2191.27,318283.491,2025-06-22 17:00:00
1750615200000,2191.27,2197.76,2177.07,2181.85,134489.512,2025-06-22 18:00:00
1750618800000,2181.84,2189.55,2169.05,2182.88,195401.327,2025-06-22 19:00:00
1750622400000,2182.89,2196.58,2108.47,2186.5,761796.246,2025-06-22 20:00:00
1750626000000,2186.5,2195.45,2171.7,2177.92,160624.085,2025-06-22 21:00:00
1750629600000,2177.93,2234.98,2175.94,2232.89,371532.708,2025-06-22 22:00:00
1750633200000,2232.89,2236.07,2218.36,2226.5,128598.736,2025-06-22 23:00:00
1750636800000,2226.5,2258.84,2221.0,2239.79,257762.585,2025-06-23 00:00:00
1750640400000,2239.79,2246.9,2223.62,2244.8,142946.247,2025-06-23 01:00:00
1750644000000,2244.81,2246.55,2232.03,2237.54,92010.267,2025-06-23 02:00:00
1750647600000,2237.53,2242.5,2229.37,2233.67,87406.989,2025-06-23 03:00:00
1750651200000,2233.68,2242.94,2226.47,2232.76,102418.153,2025-06-23 04:00:00
1750654800000,2232.76,2249.5,2232.58,2245.01,111759.062,2025-06-23 05:00:00
1750658400000,2245.0,2253.68,2232.5,2249.7,223044.594,2025-06-23 06:00:00
1750662000000,2249.7,2275.88,2249.3,2257.53,274191.393,2025-06-23 07:00:00
1750665600000,2257.54,2273.31,2255.48,2260.7,160101.794,2025-06-23 08:00:00
1750669200000,2260.7,2260.91,2242.0,2250.79,155807.673,2025-06-23 09:00:00
1750672800000,2250.8,2251.88,2237.46,2246.0,124631.717,2025-06-23 10:00:00
1750676400000,2246.0,2257.35,2240.62,2252.14,113673.694,2025-06-23 11:00:00
1750680000000,2252.14,2266.98,2244.02,2265.19,139632.291,2025-06-23 12:00:00
1750683600000,2265.2,2300.0,2231.0,2293.61,729309.793,2025-06-23 13:00:00
1750687200000,2293.62,2313.0,2270.09,2272.9,537522.197,2025-06-23 14:00:00
1750690800000,2272.9,2287.53,2246.48,2247.68,357586.406,2025-06-23 15:00:00
1750694400000,2247.68,2250.98,2187.1,2220.9,978969.868,2025-06-23 16:00:00
1750698000000,2220.9,2286.34,2216.19,2273.7,730560.725,2025-06-23 17:00:00
1750701600000,2273.76,2311.9,2271.79,2304.4,441197.867,2025-06-23 18:00:00
1750705200000,2304.39,2324.92,2294.0,2311.4,235513.589,2025-06-23 19:00:00
1750708800000,2311.5,2379.16,2302.17,2345.97,433287.173,2025-06-23 20:00:00
1750712400000,2345.97,2362.74,2332.51,2339.5,146268.233,2025-06-23 21:00:00
1750716000000,2339.5,2438.33,2339.25,2405.72,786280.406,2025-06-23 22:00:00
1750719600000,2405.72,2429.69,2404.27,2410.53,293042.774,2025-06-23 23:00:00
1750723200000,2410.56,2416.8,2391.69,2401.9,206988.214,2025-06-24 00:00:00
1750726800000,2401.9,2416.67,2395.03,2412.78,124214.583,2025-06-24 01:00:00
1750730400000,2412.78,2412.79,2387.06,2390.97,182074.019,2025-06-24 02:00:00
1750734000000,2390.98,2411.14,2390.38,2397.53,134149.077,2025-06-24 03:00:00
1750737600000,2397.53,2406.14,2391.61,2402.53,95636.427,2025-06-24 04:00:00
1750741200000,2402.53,2423.0,2400.02,2418.76,172809.608,2025-06-24 05:00:00
1750744800000,2418.75,2433.97,2408.28,2424.01,196050.23,2025-06-24 06:00:00
1750748400000,2424.01,2427.45,2388.88,2391.83,289353.406,2025-06-24 07:00:00
1750752000000,2391.82,2412.0,2374.5,2402.09,394594.759,2025-06-24 08:00:00
1750755600000,2402.09,2450.32,2397.68,2414.86,366941.678,2025-06-24 09:00:00
1750759200000,2414.87,2422.52,2405.06,2412.93,160377.896,2025-06-24 10:00:00
1750762800000,2412.92,2420.72,2396.25,2408.35,221416.858,2025-06-24 11:00:00
1750766400000,2408.35,2417.78,2401.11,2412.72,122800.719,2025-06-24 12:00:00
1750770000000,2412.71,2431.87,2403.38,2420.5,366790.618,2025-06-24 13:00:00
1750773600000,2420.49,2439.7,2418.75,2429.7,311268.059,2025-06-24 14:00:00
1750777200000,2429.71,2453.85,2423.29,2437.2,361956.892,2025-06-24 15:00:00
1750780800000,2437.19,2482.0,2431.99,2477.9,449386.87,2025-06-24 16:00:00
1750784400000,2477.91,2481.48,2441.42,2456.5,300088.709,2025-06-24 17:00:00
1750788000000,2456.5,2462.0,2432.03,2433.99,158871.572,2025-06-24 18:00:00
1750791600000,2434.0,2440.51,2414.36,2432.85,152195.101,2025-06-24 19:00:00
1750795200000,2432.84,2449.36,2429.24,2447.77,78593.735,2025-06-24 20:00:00
1750798800000,2447.77,2448.49,2434.56,2443.76,58553.577,2025-06-24 21:00:00
1750802400000,2443.72,2443.76,2432.41,2440.11,51185.597,2025-06-24 22:00:00
1750806000000,2440.1,2448.03,2429.22,2447.61,95134.096,2025-06-24 23:00:00
1750809600000,2447.61,2461.96,2435.01,2457.01,173668.341,2025-06-25 00:00:00
1750813200000,2457.0,2465.0,2443.68,2459.89,140130.777,2025-06-25 01:00:00
1750816800000,2459.9,2467.84,2449.31,2450.46,141528.035,2025-06-25 02:00:00
1750820400000,2450.45,2459.3,2442.3,2442.97,92804.791,2025-06-25 03:00:00
1750824000000,2442.97,2446.46,2426.72,2434.5,174057.363,2025-06-25 04:00:00
1750827600000,2434.51,2438.48,2422.18,2428.11,140993.409,2025-06-25 05:00:00
1750831200000,2428.11,2444.88,2425.0,2443.21,126025.734,2025-06-25 06:00:00
1750834800000,2443.22,2449.92,2439.0,2443.49,95777.735,2025-06-25 07:00:00
1750838400000,2443.5,2444.86,2423.0,2438.4,170177.035,2025-06-25 08:00:00
1750842000000,2438.4,2447.3,2406.89,2419.27,390786.256,2025-06-25 09:00:00
1750845600000,2419.27,2430.88,2413.32,2425.11,165116.87,2025-06-25 10:00:00
1750849200000,2425.12,2428.93,2411.52,2427.88,124305.981,2025-06-25 11:00:00
1750852800000,2427.89,2428.27,2414.17,2427.48,150518.103,2025-06-25 12:00:00
1750856400000,2427.48,2445.62,2422.42,2433.74,325309.979,2025-06-25 13:00:00
1750860000000,2433.75,2442.73,2388.0,2430.9,627342.648,2025-06-25 14:00:00
1750863600000,2430.89,2431.49,2394.89,2404.51,302549.378,2025-06-25 15:00:00
1750867200000,2404.52,2419.91,2400.17,2409.7,183619.803,2025-06-25 16:00:00
1750870800000,2409.69,2430.93,2405.25,2421.4,198258.783,2025-06-25 17:00:00
1750874400000,2421.39,2423.44,2410.16,2417.32,70158.25,2025-06-25 18:00:00
1750878000000,2417.32,2438.88,2416.83,2431.46,155154.327,2025-06-25 19:00:00
1750881600000,2431.46,2441.27,2424.56,2437.13,78821.086,2025-06-25 20:00:00
1750885200000,2437.12,2453.63,2426.0,2429.5,139449.044,2025-06-25 21:00:00
1750888800000,2429.5,2429.7,2408.35,2414.94,97929.808,2025-06-25 22:00:00
1750892400000,2414.94,2418.66,2406.0,2417.39,61621.656,2025-06-25 23:00:00
1750896000000,2417.4,2428.0,2415.68,2425.59,98908.238,2025-06-26 00:00:00
1750899600000,2425.6,2474.11,2418.0,2457.69,344281.734,2025-06-26 01:00:00
1750903200000,2457.7,2500.0,2457.7,2491.82,354049.885,2025-06-26 02:00:00
1750906800000,2491.82,2519.93,2481.4,2488.01,373617.032,2025-06-26 03:00:00
1750910400000,2488.0,2490.87,2469.02,2479.7,169512.493,2025-06-26 04:00:00
1750914000000,2479.69,2483.0,2466.17,2474.92,92111.953,2025-06-26 05:00:00
1750917600000,2474.91,2489.38,2472.6,2485.9,99181.501,2025-06-26 06:00:00
1750921200000,2485.9,2499.31,2479.02,2488.63,172249.791,2025-06-26 07:00:00
1750924800000,2488.62,2499.24,2483.05,2485.93,119035.726,2025-06-26 08:00:00
1750928400000,2485.93,2488.0,2461.0,2462.35,235286.069,2025-06-26 09:00:00
1750932000000,2462.35,2466.32,2445.17,2449.69,254035.822,2025-06-26 10:00:00
1750935600000,2449.69,2453.18,2438.41,2449.52,212625.028,2025-06-26 11:00:00
1750939200000,2449.51,2453.93,2432.0,2438.98,291132.334,2025-06-26 12:00:00
1750942800000,2438.97,2445.39,2423.23,2432.31,257060.683,2025-06-26 13:00:00
1750946400000,2432.3,2459.49,2421.07,2445.57,320633.146,2025-06-26 14:00:00
1750950000000,2445.59,2448.22,2408.0,2432.0,409039.897,2025-06-26 15:00:00
1750953600000,2432.01,2436.91,2417.03,2426.77,135482.875,2025-06-26 16:00:00
1750957200000,2426.77,2435.0,2418.45,2419.5,99196.816,2025-06-26 17:00:00
1750960800000,2419.5,2437.74,2416.61,2424.45,105913.523,2025-06-26 18:00:00
1750964400000,2424.45,2442.78,2421.43,2434.49,83184.582,2025-06-26 19:00:00
1750968000000,2434.49,2456.66,2428.9,2444.53,148203.96,2025-06-26 20:00:00
1750971600000,2444.53,2444.81,2393.0,2412.67,270556.774,2025-06-26 21:00:00
1750975200000,2412.66,2423.85,2410.35,2412.54,106649.088,2025-06-26 22:00:00
1750978800000,2412.53,2416.58,2404.11,2415.0,71744.256,2025-06-26 23:00:00
1750982400000,2414.99,2420.76,2398.06,2399.21,108316.691,2025-06-27 00:00:00
1750986000000,2399.21,2430.77,2380.46,2424.98,279580.394,2025-06-27 01:00:00
1750989600000,2424.99,2439.11,2422.03,2436.47,106647.051,2025-06-27 02:00:00
1750993200000,2436.48,2447.33,2431.23,2445.49,106783.854,2025-06-27 03:00:00
1750996800000,2445.5,2452.11,2438.01,2448.26,112646.881,2025-06-27 04:00:00
1751000400000,2448.26,2451.99,2433.06,2438.09,140001.559,2025-06-27 05:00:00
1751004000000,2438.1,2449.7,2435.12,2447.19,95936.435,2025-06-27 06:00:00
1751007600000,2447.19,2458.66,2436.06,2441.3,204369.469,2025-06-27 07:00:00
1751011200000,2441.3,2463.27,2434.18,2447.2,239338.962,2025-06-27 08:00:00
1751014800000,2447.21,2462.0,2440.96,2459.46,145635.697,2025-06-27 09:00:00
1751018400000,2459.46,2460.48,2444.0,2445.0,94033.491,2025-06-27 10:00:00
1751022000000,2445.0,2453.98,2441.35,2446.53,74818.245,2025-06-27 11:00:00
1751025600000,2446.53,2456.62,2425.5,2428.71,205515.965,2025-06-27 12:00:00
1751029200000,2428.71,2436.0,2415.19,2426.83,256785.242,2025-06-27 13:00:00
1751032800000,2426.83,2437.49,2412.59,2422.0,208619.183,2025-06-27 14:00:00
1751036400000,2422.01,2441.8,2418.2,2437.04,130259.415,2025-06-27 15:00:00
1751040000000,2437.05,2448.81,2430.23,2431.94,129109.561,2025-06-27 16:00:00
1751043600000,2431.94,2432.45,2393.38,2403.25,294644.495,2025-06-27 17:00:00
1751047200000,2403.24,2407.25,2386.58,2393.66,171616.692,2025-06-27 18:00:00
1751050800000,2393.65,2416.32,2390.8,2411.37,154369.307,2025-06-27 19:00:00
1751054400000,2411.4,2426.48,2410.02,2425.17,86603.768,2025-06-27 20:00:00
1751058000000,2425.17,2428.5,2415.66,2418.56,62832.983,2025-06-27 21:00:00
1751061600000,2418.57,2424.48,2418.33,2420.93,34606.439,2025-06-27 22:00:00
1751065200000,2420.93,2423.6,2412.27,2422.0,38926.573,2025-06-27 23:00:00
1751068800000,2422.0,2422.86,2415.19,2417.0,50305.868,2025-06-28 00:00:00
1751072400000,2417.01,2418.83,2404.09,2416.85,79441.408,2025-06-28 01:00:00
1751076000000,2416.86,2422.0,2413.69,2417.51,54873.803,2025-06-28 02:00:00
1751079600000,2417.5,2421.6,2415.0,2419.79,37893.378,2025-06-28 03:00:00
1751083200000,2419.8,2421.04,2416.32,2419.8,34716.43,2025-06-28 04:00:00
1751086800000,2419.8,2427.5,2417.5,2421.17,64557.514,2025-06-28 05:00:00
1751090400000,2421.17,2426.6,2420.36,2426.45,38569.928,2025-06-28 06:00:00
1751094000000,2426.45,2433.82,2423.05,2430.81,76087.272,2025-06-28 07:00:00
1751097600000,2430.81,2431.54,2418.58,2423.54,85169.298,2025-06-28 08:00:00
1751101200000,2423.54,2427.68,2418.91,2425.93,48235.35,2025-06-28 09:00:00
1751104800000,2425.94,2429.0,2422.6,2425.09,38727.925,2025-06-28 10:00:00
1751108400000,2425.1,2427.87,2425.1,2426.55,24615.678,2025-06-28 11:00:00
1751112000000,2426.56,2427.28,2421.5,2425.16,36340.983,2025-06-28 12:00:00
1751115600000,2425.16,2428.96,2418.2,2422.0,62065.19,2025-06-28 13:00:00
1751119200000,2421.99,2426.86,2421.61,2424.63,37823.544,2025-06-28 14:00:00
1751122800000,2424.64,2442.41,2422.03,2434.76,91771.769,2025-06-28 15:00:00
1751126400000,2434.77,2443.4,2430.34,2434.01,127451.327,2025-06-28 16:00:00
1751130000000,2434.01,2447.01,2432.27,2442.94,84366.031,2025-06-28 17:00:00
1751133600000,2442.93,2443.6,2431.5,2435.99,44359.512,2025-06-28 18:00:00
1751137200000,2435.99,2438.98,2431.01,2432.15,28132.453,2025-06-28 19:00:00
1751140800000,2432.16,2433.84,2425.68,2428.4,43758.988,2025-06-28 20:00:00
1751144400000,2428.4,2437.26,2427.56,2435.63,28352.838,2025-06-28 21:00:00
1751148000000,2435.63,2440.42,2432.66,2439.03,31268.443,2025-06-28 22:00:00
1751151600000,2439.03,2441.1,2433.91,2434.91,29968.278,2025-06-28 23:00:00
1751155200000,2434.92,2441.99,2430.79,2437.54,50960.491,2025-06-29 00:00:00
1751158800000,2437.54,2438.09,2427.1,2428.51,51533.773,2025-06-29 01:00:00
1751162400000,2428.5,2432.39,2423.0,2430.76,51806.638,2025-06-29 02:00:00
1751166000000,2430.76,2431.93,2425.59,2426.64,28129.03,2025-06-29 03:00:00
1751169600000,2426.64,2430.18,2425.6,2428.44,20276.807,2025-06-29 04:00:00
1751173200000,2428.43,2433.81,2426.2,2432.37,35017.534,2025-06-29 05:00:00
1751176800000,2432.36,2436.45,2431.1,2435.61,30425.074,2025-06-29 06:00:00
1751180400000,2435.61,2439.54,2433.73,2439.54,56711.396,2025-06-29 07:00:00
1751184000000,2439.53,2445.99,2436.6,2442.48,100055.865,2025-06-29 08:00:00
1751187600000,2442.47,2456.96,2437.55,2446.64,176593.764,2025-06-29 09:00:00
1751191200000,2446.63,2459.2,2446.28,2455.38,122170.639,2025-06-29 10:00:00
1751194800000,2455.39,2462.81,2451.99,2460.88,99078.719,2025-06-29 11:00:00
1751198400000,2460.88,2462.3,2448.14,2453.52,94627.236,2025-06-29 12:00:00
1751202000000,2453.53,2455.68,2445.1,2446.01,69860.966,2025-06-29 13:00:00
1751205600000,2446.0,2451.0,2434.04,2439.01,138159.321,2025-06-29 14:00:00
1751209200000,2439.0,2443.62,2431.21,2435.51,88067.326,2025-06-29 15:00:00
1751212800000,2435.5,2439.55,2427.33,2437.8,94869.192,2025-06-29 16:00:00
1751216400000,2437.79,2439.51,2431.39,2437.83,44259.951,2025-06-29 17:00:00
1751220000000,2437.84,2441.99,2433.05,2436.65,56352.952,2025-06-29 18:00:00
1751223600000,2436.65,2438.7,2432.4,2436.93,23963.534,2025-06-29 19:00:00
1751227200000,2436.93,2438.05,2431.11,2431.11,25580.674,2025-06-29 20:00:00
1751230800000,2431.12,2437.52,2410.0,2429.81,176159.148,2025-06-29 21:00:00
1751234400000,2429.81,2510.0,2429.46,2500.84,473007.441,2025-06-29 22:00:00
1751238000000,2500.83,2524.99,2493.26,2499.48,321403.915,2025-06-29 23:00:00
1751241600000,2499.48,2523.29,2498.8,2517.8,222095.009,2025-06-30 00:00:00
1751245200000,2517.81,2518.69,2502.91,2509.67,144715.929,2025-06-30 01:00:00
1751248800000,2509.67,2510.64,2498.5,2500.72,86189.829,2025-06-30 02:00:00
1751252400000,2500.71,2503.89,2494.14,2498.74,89519.742,2025-06-30 03:00:00
1751256000000,2498.74,2504.8,2494.05,2494.6,70338.175,2025-06-30 04:00:00
1751259600000,2494.6,2502.31,2490.7,2501.91,80397.462,2025-06-30 05:00:00
1751263200000,2501.9,2502.95,2453.68,2462.64,339084.95,2025-06-30 06:00:00
1751266800000,2462.64,2482.5,2458.88,2479.3,206571.555,2025-06-30 07:00:00
1751270400000,2479.3,2485.33,2464.56,2467.53,128574.801,2025-06-30 08:00:00
1751274000000,2467.53,2475.8,2450.07,2450.74,155180.99,2025-06-30 09:00:00
1751277600000,2450.74,2456.89,2445.24,2455.0,172185.661,2025-06-30 10:00:00
1751281200000,2455.0,2466.98,2451.86,2457.1,113542.116,2025-06-30 11:00:00
1751284800000,2457.1,2464.2,2455.75,2458.8,70814.842,2025-06-30 12:00:00
1751288400000,2458.8,2473.46,2457.04,2461.17,158061.678,2025-06-30 13:00:00
1751292000000,2461.2,2468.55,2431.0,2437.82,330011.946,2025-06-30 14:00:00
1751295600000,2437.82,2487.73,2434.0,2473.4,385755.06,2025-06-30 15:00:00
1751299200000,2473.4,2480.88,2460.06,2473.94,205180.654,2025-06-30 16:00:00
1751302800000,2473.94,2496.88,2471.86,2486.58,203973.382,2025-06-30 17:00:00
1751306400000,2486.57,2498.0,2478.38,2484.84,151394.071,2025-06-30 18:00:00
1751310000000,2484.85,2517.42,2483.55,2514.49,220386.675,2025-06-30 19:00:00
1751313600000,2514.5,2521.32,2500.59,2501.81,148622.373,2025-06-30 20:00:00
1751317200000,2501.81,2503.66,2481.25,2486.38,112118.12,2025-06-30 21:00:00
1751320800000,2486.39,2494.99,2483.31,2489.11,74815.377,2025-06-30 22:00:00
1751324400000,2489.12,2493.62,2483.0,2483.83,56659.346,2025-06-30 23:00:00
1751328000000,2483.9,2495.58,2476.0,2491.51,117602.857,2025-07-01 00:00:00
1751331600000,2491.51,2499.97,2485.31,2487.67,93582.907,2025-07-01 01:00:00
1751335200000,2487.67,2494.66,2481.09,2482.45,94395.513,2025-07-01 02:00:00
1751338800000,2482.45,2487.0,2477.4,2484.56,69281.767,2025-07-01 03:00:00
1751342400000,2484.55,2484.93,2458.09,2459.62,177690.145,2025-07-01 04:00:00
1751346000000,2459.61,2465.49,2450.21,2460.38,185767.067,2025-07-01 05:00:00
1751349600000,2460.38,2461.84,2455.45,2458.26,75954.621,2025-07-01 06:00:00
1751353200000,2458.27,2468.73,2443.14,2463.94,219426.261,2025-07-01 07:00:00
1751356800000,2463.94,2463.94,2450.1,2452.05,85299.429,2025-07-01 08:00:00
1751360400000,2452.04,2457.33,2448.01,2455.78,72421.036,2025-07-01 09:00:00
1751364000000,2455.78,2460.73,2447.75,2454.81,100202.776,2025-07-01 10:00:00
1751367600000,2454.81,2457.69,2440.28,2448.22,125741.507,2025-07-01 11:00:00
1751371200000,2448.21,2452.58,2432.0,2436.37,181909.094,2025-07-01 12:00:00
1751374800000,2436.37,2446.34,2421.0,2441.61,244539.454,2025-07-01 13:00:00
1751378400000,2441.61,2455.55,2405.31,2418.61,485147.613,2025-07-01 14:00:00
1751382000000,2418.6,2431.17,2414.33,2422.33,182128.65,2025-07-01 15:00:00
1751385600000,2422.33,2430.18,2418.01,2423.2,91879.115,2025-07-01 16:00:00
1751389200000,2423.2,2433.62,2416.64,2430.89,89057.734,2025-07-01 17:00:00
1751392800000,2430.88,2431.93,2396.7,2408.97,175685.985,2025-07-01 18:00:00
1751396400000,2408.98,2421.28,2400.52,2401.43,123710.797,2025-07-01 19:00:00
1751400000000,2401.44,2417.71,2391.01,2413.78,149750.581,2025-07-01 20:00:00
1751403600000,2413.77,2417.58,2403.0,2406.06,72094.679,2025-07-01 21:00:00
1751407200000,2406.06,2412.96,2398.13,2399.89,77749.931,2025-07-01 22:00:00
1751410800000,2399.89,2405.35,2383.86,2403.85,155129.011,2025-07-01 23:00:00
1751414400000,2403.84,2409.0,2396.03,2397.39,93108.897,2025-07-02 00:00:00
1751418000000,2397.38,2410.6,2370.4,2409.99,283216.96,2025-07-02 01:00:00
1751421600000,2409.99,2417.79,2405.55,2416.68,96659.241,2025-07-02 02:00:00
1751425200000,2416.68,2432.31,2414.75,2429.04,156221.988,2025-07-02 03:00:00
1751428800000,2429.04,2440.3,2423.66,2438.19,117927.976,2025-07-02 04:00:00
1751432400000,2438.2,2446.0,2432.61,2442.84,125711.014,2025-07-02 05:00:00
1751436000000,2442.84,2452.62,2436.58,2450.09,134169.231,2025-07-02 06:00:00
1751439600000,2450.08,2453.93,2440.0,2445.78,101423.51,2025-07-02 07:00:00
1751443200000,2445.78,2454.6,2442.83,2447.78,110726.625,2025-07-02 08:00:00
1751446800000,2447.78,2451.7,2444.43,2447.44,67793.861,2025-07-02 09:00:00
1751450400000,2447.44,2453.0,2442.5,2452.14,73040.191,2025-07-02 10:00:00
1751454000000,2452.13,2459.59,2440.63,2444.58,137762.569,2025-07-02 11:00:00
1751457600000,2444.57,2446.67,2430.5,2437.67,158853.404,2025-07-02 12:00:00
1751461200000,2437.67,2457.41,2435.65,2448.24,181895.892,2025-07-02 13:00:00
1751464800000,2448.21,2472.0,2447.04,2468.03,275660.516,2025-07-02 14:00:00
1751468400000,2468.04,2501.97,2467.24,2497.61,413977.333,2025-07-02 15:00:00
1751472000000,2497.61,2563.45,2493.66,2559.99,817517.388,2025-07-02 16:00:00
1751475600000,2560.0,2589.55,2551.15,2565.69,560792.392,2025-07-02 17:00:00
1751479200000,2565.69,2583.4,2562.45,2581.49,180534.399,2025-07-02 18:00:00
1751482800000,2581.49,2607.74,2565.81,2603.62,229777.111,2025-07-02 19:00:00
1751486400000,2603.62,2603.97,2585.33,2588.89,176915.58,2025-07-02 20:00:00
1751490000000,2588.89,2599.88,2582.19,2595.78,89020.879,2025-07-02 21:00:00
1751493600000,2595.79,2618.93,2591.07,2593.69,173079.464,2025-07-02 22:00:00
1751497200000,2593.69,2594.71,2567.61,2569.34,146842.859,2025-07-02 23:00:00
1751500800000,2569.34,2579.19,2561.67,2572.68,141515.273,2025-07-03 00:00:00
1751504400000,2572.68,2588.16,2564.36,2579.12,125431.79,2025-07-03 01:00:00
1751508000000,2579.11,2579.89,2555.01,2566.56,136602.732,2025-07-03 02:00:00
1751511600000,2566.56,2571.42,2558.69,2560.12,73846.433,2025-07-03 03:00:00
1751515200000,2560.11,2571.92,2558.19,2565.5,70642.039,2025-07-03 04:00:00
1751518800000,2565.49,2602.22,2564.57,2588.58,228832.813,2025-07-03 05:00:00
1751522400000,2588.57,2602.48,2584.17,2597.86,122582.072,2025-07-03 06:00:00
1751526000000,2597.86,2604.8,2588.0,2598.88,127048.352,2025-07-03 07:00:00
1751529600000,2598.89,2607.43,2586.08,2586.91,121634.338,2025-07-03 08:00:00
1751533200000,2586.92,2616.33,2585.05,2597.95,266212.84,2025-07-03 09:00:00
1751536800000,2597.95,2600.99,2582.19,2597.02,146377.38,2025-07-03 10:00:00
1751540400000,2597.02,2598.07,2579.29,2596.18,115990.884,2025-07-03 11:00:00
1751544000000,2596.18,2614.66,2563.69,2587.71,454356.157,2025-07-03 12:00:00
1751547600000,2587.71,2636.5,2585.18,2623.49,547800.849,2025-07-03 13:00:00
1751551200000,2623.49,2631.46,2581.63,2593.81,370805.98,2025-07-03 14:00:00
1751554800000,2593.81,2597.0,2563.56,2569.32,309358.614,2025-07-03 15:00:00
1751558400000,2569.32,2581.54,2563.32,2570.6,247122.849,2025-07-03 16:00:00
1751562000000,2570.6,2579.62,2570.45,2576.12,74013.218,2025-07-03 17:00:00
1751565600000,2576.11,2586.6,2572.56,2584.5,99323.458,2025-07-03 18:00:00
1751569200000,2584.49,2591.48,2580.72,2584.76,64106.706,2025-07-03 19:00:00
1751572800000,2584.78,2598.37,2584.36,2598.34,54839.08,2025-07-03 20:00:00
1751576400000,2598.33,2602.87,2588.37,2594.43,67133.566,2025-07-03 21:00:00
1751580000000,2594.44,2600.6,2588.96,2592.63,44407.455,2025-07-03 22:00:00
1751583600000,2592.62,2597.0,2584.23,2590.1,56918.928,2025-07-03 23:00:00
1751587200000,2590.09,2597.35,2580.02,2587.43,83799.079,2025-07-04 00:00:00
1751590800000,2587.43,2602.48,2586.16,2589.03,83616.022,2025-07-04 01:00:00
1751594400000,2589.03,2591.0,2570.07,2574.01,136452.937,2025-07-04 02:00:00
1751598000000,2574.0,2584.15,2570.55,2576.76,77694.109,2025-07-04 03:00:00
1751601600000,2576.75,2583.52,2568.0,2569.34,85376.718,2025-07-04 04:00:00
1751605200000,2569.35,2580.1,2562.28,2567.79,124348.578,2025-07-04 05:00:00
1751608800000,2567.79,2569.24,2547.43,2557.48,245562.634,2025-07-04 06:00:00
1751612400000,2557.48,2564.0,2528.88,2534.3,305936.985,2025-07-04 07:00:00
1751616000000,2534.3,2553.0,2526.66,2545.95,291332.466,2025-07-04 08:00:00
1751619600000,2545.95,2557.45,2545.07,2550.36,105393.032,2025-07-04 09:00:00
1751623200000,2550.36,2554.33,2543.47,2546.82,67697.245,2025-07-04 10:00:00
1751626800000,2546.82,2555.66,2546.06,2547.93,83030.041,2025-07-04 11:00:00
1751630400000,2547.92,2552.88,2541.46,2546.81,78932.835,2025-07-04 12:00:00
1751634000000,2546.81,2554.95,2521.0,2524.72,298255.387,2025-07-04 13:00:00
1751637600000,2524.73,2527.88,2495.55,2515.59,491016.623,2025-07-04 14:00:00
1751641200000,2515.59,2517.42,2497.56,2499.81,218822.333,2025-07-04 15:00:00
1751644800000,2499.81,2502.7,2473.0,2486.63,407005.449,2025-07-04 16:00:00
1751648400000,2486.62,2496.85,2485.53,2495.69,136374.797,2025-07-04 17:00:00
1751652000000,2495.69,2495.69,2478.0,2483.39,96522.471,2025-07-04 18:00:00
1751655600000,2483.39,2489.41,2473.04,2481.56,90068.109,2025-07-04 19:00:00
1751659200000,2481.56,2495.0,2480.06,2489.14,68659.219,2025-07-04 20:00:00
1751662800000,2489.14,2496.11,2485.7,2495.31,45803.213,2025-07-04 21:00:00
1751666400000,2495.3,2519.88,2493.38,2519.12,161176.846,2025-07-04 22:00:00
1751670000000,2519.12,2519.23,2502.55,2506.84,83809.729,2025-07-04 23:00:00
1751673600000,2506.84,2517.2,2505.2,2515.18,51603.814,2025-07-05 00:00:00
1751677200000,2515.19,2515.24,2505.0,2512.79,50932.589,2025-07-05 01:00:00
1751680800000,2512.79,2517.99,2496.33,2517.55,94182.454,2025-07-05 02:00:00
1751684400000,2517.55,2523.96,2514.51,2516.99,84358.564,2025-07-05 03:00:00
1751688000000,2517.0,2524.99,2511.01,2515.12,72625.358,2025-07-05 04:00:00
1751691600000,2515.12,2520.0,2511.67,2518.49,42703.381,2025-07-05 05:00:00
1751695200000,2518.49,2528.2,2515.25,2525.91,79123.632,2025-07-05 06:00:00
1751698800000,2525.91,2528.56,2517.87,2520.11,67924.489,2025-07-05 07:00:00
1751702400000,2520.11,2523.87,2508.37,2515.07,87652.222,2025-07-05 08:00:00
1751706000000,2515.07,2521.63,2507.23,2520.08,88621.995,2025-07-05 09:00:00
1751709600000,2520.07,2521.94,2516.5,2517.01,44787.801,2025-07-05 10:00:00
1751713200000,2517.01,2524.3,2516.27,2516.53,51348.397,2025-07-05 11:00:00
1751716800000,2516.53,2517.89,2509.31,2516.78,78240.654,2025-07-05 12:00:00
1751720400000,2516.79,2520.66,2511.43,2512.98,46202.572,2025-07-05 13:00:00
1751724000000,2512.99,2519.0,2510.43,2517.39,45104.891,2025-07-05 14:00:00
1751727600000,2517.39,2517.65,2503.52,2506.83,74835.108,2025-07-05 15:00:00
1751731200000,2506.84,2512.44,2489.23,2504.97,184689.497,2025-07-05 16:00:00
1751734800000,2504.98,2510.95,2494.56,2502.75,80150.612,2025-07-05 17:00:00
1751738400000,2502.75,2504.08,2490.7,2491.99,56297.262,2025-07-05 18:00:00
1751742000000,2491.99,2507.62,2486.4,2504.23,81957.912,2025-07-05 19:00:00
1751745600000,2504.22,2507.0,2496.76,2504.9,46106.292,2025-07-05 20:00:00
1751749200000,2504.89,2518.03,2504.55,2515.48,71237.492,2025-07-05 21:00:00
1751752800000,2515.48,2521.51,2511.46,2517.8,49526.069,2025-07-05 22:00:00
1751756400000,2517.8,2521.54,2513.83,2514.96,33594.456,2025-07-05 23:00:00
1751760000000,2514.96,2519.56,2510.65,2518.74,45882.864,2025-07-06 00:00:00
1751763600000,2518.74,2518.74,2512.6,2516.29,29543.923,2025-07-06 01:00:00
1751767200000,2516.29,2519.49,2512.0,2512.0,37156.705,2025-07-06 02:00:00
1751770800000,2512.0,2514.2,2508.21,2513.69,48186.552,2025-07-06 03:00:00
1751774400000,2513.69,2517.0,2509.11,2511.05,39256.168,2025-07-06 04:00:00
1751778000000,2511.05,2512.28,2507.6,2509.9,27381.133,2025-07-06 05:00:00
1751781600000,2509.9,2526.26,2508.08,2520.49,125686.592,2025-07-06 06:00:00
1751785200000,2520.48,2524.5,2516.07,2516.57,52437.833,2025-07-06 07:00:00
1751788800000,2516.57,2517.23,2507.85,2512.26,82290.001,2025-07-06 08:00:00
1751792400000,2512.26,2517.0,2505.25,2506.38,65752.55,2025-07-06 09:00:00
1751796000000,2506.39,2513.0,2502.06,2507.35,61691.312,2025-07-06 10:00:00
1751799600000,2507.34,2515.41,2506.18,2514.93,34750.06,2025-07-06 11:00:00
1751803200000,2514.93,2520.96,2510.35,2518.99,68438.322,2025-07-06 12:00:00
1751806800000,2519.0,2569.8,2515.7,2557.19,458483.415,2025-07-06 13:00:00
1751810400000,2557.18,2566.67,2545.45,2558.0,284308.886,2025-07-06 14:00:00
1751814000000,2558.01,2560.68,2547.0,2557.38,104716.982,2025-07-06 15:00:00
1751817600000,2557.37,2559.8,2540.1,2550.98,135092.342,2025-07-06 16:00:00
1751821200000,2550.99,2551.59,2542.37,2545.88,67815.72,2025-07-06 17:00:00
1751824800000,2545.87,2546.43,2522.52,2530.97,171842.03,2025-07-06 18:00:00
1751828400000,2530.97,2540.99,2530.21,2539.67,61271.143,2025-07-06 19:00:00
1751832000000,2539.67,2550.29,2538.71,2544.02,53651.757,2025-07-06 20:00:00
1751835600000,2544.01,2601.79,2544.01,2586.61,364963.903,2025-07-06 21:00:00
1751839200000,2586.6,2604.98,2578.77,2581.42,178609.238,2025-07-06 22:00:00
1751842800000,2581.42,2582.0,2561.17,2569.35,143198.433,2025-07-06 23:00:00
1751846400000,2569.36,2573.82,2553.3,2560.14,111076.744,2025-07-07 00:00:00
1751850000000,2560.14,2564.69,2548.64,2562.07,98414.277,2025-07-07 01:00:00
1751853600000,2562.06,2583.58,2562.06,2574.99,164765.602,2025-07-07 02:00:00
1751857200000,2574.99,2589.8,2573.11,2576.0,96934.026,2025-07-07 03:00:00
1751860800000,2576.01,2579.49,2568.6,2572.34,61278.063,2025-07-07 04:00:00
1751864400000,2572.35,2577.0,2564.77,2567.98,73138.033,2025-07-07 05:00:00
1751868000000,2567.99,2575.71,2562.0,2564.38,89118.835,2025-07-07 06:00:00
1751871600000,2564.38,2578.65,2558.67,2577.0,107858.684,2025-07-07 07:00:00
1751875200000,2576.99,2587.47,2568.87,2583.89,111125.047,2025-07-07 08:00:00
1751878800000,2583.89,2584.09,2565.38,2571.31,91169.093,2025-07-07 09:00:00
1751882400000,2571.32,2571.32,2557.5,2557.93,130871.258,2025-07-07 10:00:00
1751886000000,2557.97,2565.86,2551.36,2561.96,122638.175,2025-07-07 11:00:00
1751889600000,2561.95,2563.84,2542.66,2547.67,169623.609,2025-07-07 12:00:00
1751893200000,2547.68,2568.39,2534.0,2564.73,319178.645,2025-07-07 13:00:00
1751896800000,2564.73,2566.85,2527.2,2530.39,352174.888,2025-07-07 14:00:00
1751900400000,2530.37,2542.99,2525.59,2532.51,139004.116,2025-07-07 15:00:00
1751904000000,2532.51,2541.5,2509.09,2523.0,386649.798,2025-07-07 16:00:00
1751907600000,2522.99,2547.0,2515.3,2532.25,178930.432,2025-07-07 17:00:00
1751911200000,2532.26,2544.88,2519.01,2542.97,148100.727,2025-07-07 18:00:00
1751914800000,2542.97,2556.32,2538.29,2542.69,145901.159,2025-07-07 19:00:00
1751918400000,2542.69,2543.36,2528.5,2533.16,75726.801,2025-07-07 20:00:00
1751922000000,2533.16,2541.0,2521.58,2538.76,66223.165,2025-07-07 21:00:00
1751925600000,2538.75,2540.99,2528.45,2535.28,37300.078,2025-07-07 22:00:00
1751929200000,2535.28,2544.58,2535.15,2541.35,41011.562,2025-07-07 23:00:00
1751932800000,2541.35,2553.85,2536.13,2539.29,118974.286,2025-07-08 00:00:00
1751936400000,2539.28,2539.29,2525.45,2525.74,87315.502,2025-07-08 01:00:00
1751940000000,2525.73,2537.51,2522.11,2526.95,114703.284,2025-07-08 02:00:00
1751943600000,2526.95,2538.33,2526.27,2536.71,43966.113,2025-07-08 03:00:00
1751947200000,2536.71,2543.4,2530.69,2542.3,57821.471,2025-07-08 04:00:00
1751950800000,2542.29,2550.88,2540.43,2550.64,86085.608,2025-07-08 05:00:00
1751954400000,2550.62,2562.6,2548.24,2557.55,152728.288,2025-07-08 06:00:00
1751958000000,2557.55,2558.0,2546.0,2552.41,100189.563,2025-07-08 07:00:00
1751961600000,2552.42,2560.24,2545.22,2545.28,80358.136,2025-07-08 08:00:00
1751965200000,2545.29,2554.21,2542.0,2550.6,73395.028,2025-07-08 09:00:00
1751968800000,2550.6,2565.45,2549.21,2564.93,132217.559,2025-07-08 10:00:00
1751972400000,2564.94,2585.57,2561.64,2573.84,207328.763,2025-07-08 11:00:00
1751976000000,2573.84,2584.0,2570.19,2581.79,107544.914,2025-07-08 12:00:00
1751979600000,2581.79,2599.99,2569.0,2586.62,262570.196,2025-07-08 13:00:00
1751983200000,2586.62,2588.0,2556.0,2562.89,296081.564,2025-07-08 14:00:00
1751986800000,2562.89,2568.69,2557.47,2563.73,101771.317,2025-07-08 15:00:00
1751990400000,2563.76,2580.82,2558.47,2575.19,184167.825,2025-07-08 16:00:00
1751994000000,2575.19,2627.68,2574.0,2615.7,546643.004,2025-07-08 17:00:00
1751997600000,2615.7,2625.0,2610.32,2623.77,126892.063,2025-07-08 18:00:00
1752001200000,2623.78,2624.0,2600.17,2609.13,129483.401,2025-07-08 19:00:00
1752004800000,2609.12,2613.5,2596.61,2597.14,67833.931,2025-07-08 20:00:00
1752008400000,2597.13,2612.06,2595.45,2608.07,68078.519,2025-07-08 21:00:00
1752012000000,2608.06,2611.57,2601.01,2609.11,45421.466,2025-07-08 22:00:00
1752015600000,2609.1,2616.44,2605.67,2613.83,63114.388,2025-07-08 23:00:00
1752019200000,2613.83,2614.47,2602.0,2612.3,81091.357,2025-07-09 00:00:00
1752022800000,2612.3,2626.64,2598.41,2604.27,166671.436,2025-07-09 01:00:00
1752026400000,2604.27,2609.14,2600.67,2601.81,57422.748,2025-07-09 02:00:00
1752030000000,2601.81,2606.25,2588.03,2590.34,121726.469,2025-07-09 03:00:00
1752033600000,2590.35,2602.8,2589.5,2602.28,79690.768,2025-07-09 04:00:00
1752037200000,2602.27,2646.68,2600.73,2626.82,380164.727,2025-07-09 05:00:00
1752040800000,2626.82,2632.64,2616.58,2630.1,147868.013,2025-07-09 06:00:00
1752044400000,2630.09,2633.32,2620.2,2623.8,88443.468,2025-07-09 07:00:00
1752048000000,2623.81,2625.39,2609.9,2610.97,120109.665,2025-07-09 08:00:00
1752051600000,2610.96,2613.89,2602.87,2610.01,119304.165,2025-07-09 09:00:00
1752055200000,2610.02,2621.39,2605.35,2616.96,87687.546,2025-07-09 10:00:00
1752058800000,2616.96,2629.8,2615.0,2624.9,135608.656,2025-07-09 11:00:00
1752062400000,2624.9,2665.28,2622.4,2658.35,458667.538,2025-07-09 12:00:00
1752066000000,2658.34,2674.02,2651.5,2653.35,292408.54,2025-07-09 13:00:00
1752069600000,2653.34,2668.77,2626.39,2640.69,445161.205,2025-07-09 14:00:00
1752073200000,2640.68,2657.17,2639.55,2655.3,157465.482,2025-07-09 15:00:00
1752076800000,2655.29,2667.69,2650.61,2665.0,124970.036,2025-07-09 16:00:00
1752080400000,2665.0,2667.45,2651.09,2660.58,119273.182,2025-07-09 17:00:00
1752084000000,2660.59,2723.01,2660.04,2716.69,578507.991,2025-07-09 18:00:00
1752087600000,2716.69,2795.71,2715.0,2764.18,719097.144,2025-07-09 19:00:00
1752091200000,2764.17,2765.57,2731.0,2737.01,347692.233,2025-07-09 20:00:00
1752094800000,2737.0,2757.99,2734.49,2752.59,142434.72,2025-07-09 21:00:00
1752098400000,2752.6,2783.0,2752.59,2778.6,251707.722,2025-07-09 22:00:00
1752102000000,2778.6,2781.52,2764.68,2767.29,106200.736,2025-07-09 23:00:00
1752105600000,2767.29,2772.39,2755.23,2755.23,115557.551,2025-07-10 00:00:00
1752109200000,2755.24,2776.8,2753.79,2772.93,111994.114,2025-07-10 01:00:00
1752112800000,2772.94,2797.95,2772.12,2781.83,229565.931,2025-07-10 02:00:00
1752116400000,2781.84,2789.37,2769.0,2774.62,115394.267,2025-07-10 03:00:00
1752120000000,2774.61,2778.53,2764.24,2777.5,91417.438,2025-07-10 04:00:00
1752123600000,2777.5,2784.31,2770.92,2780.19,87219.171,2025-07-10 05:00:00
1752127200000,2780.18,2799.9,2778.13,2793.8,203193.873,2025-07-10 06:00:00
1752130800000,2793.8,2822.73,2786.01,2789.58,480589.022,2025-07-10 07:00:00
1752134400000,2789.57,2796.0,2782.54,2787.33,145121.675,2025-07-10 08:00:00
1752138000000,2787.34,2789.0,2773.55,2777.52,125392.584,2025-07-10 09:00:00
1752141600000,2777.52,2786.18,2771.01,2783.97,109498.314,2025-07-10 10:00:00
1752145200000,2783.97,2783.97,2771.41,2777.91,76179.982,2025-07-10 11:00:00
1752148800000,2777.9,2780.0,2766.05,2777.49,149664.664,2025-07-10 12:00:00
1752152400000,2777.49,2794.2,2771.15,2783.43,266864.059,2025-07-10 13:00:00
1752156000000,2783.42,2791.45,2757.0,2775.49,348382.301,2025-07-10 14:00:00
1752159600000,2775.49,2776.2,2758.01,2768.6,166985.701,2025-07-10 15:00:00
1752163200000,2768.6,2812.0,2767.54,2807.24,494275.032,2025-07-10 16:00:00
1752166800000,2807.25,2834.87,2800.65,2828.8,427302.931,2025-07-10 17:00:00
1752170400000,2828.8,2839.43,2794.09,2809.98,332084.189,2025-07-10 18:00:00
1752174000000,2809.98,2820.71,2805.2,2814.37,128040.266,2025-07-10 19:00:00
1752177600000,2814.37,2825.55,2811.51,2816.9,73405.072,2025-07-10 20:00:00
1752181200000,2816.91,3006.44,2815.56,2971.69,1160202.75,2025-07-10 21:00:00
1752184800000,2971.68,2978.37,2950.81,2972.82,294904.549,2025-07-10 22:00:00
1752188400000,2972.82,2973.73,2934.24,2950.51,196146.192,2025-07-10 23:00:00
1752192000000,2950.5,2957.5,2913.38,2936.51,279512.578,2025-07-11 00:00:00
1752195600000,2936.5,2956.56,2932.6,2953.74,122662.716,2025-07-11 01:00:00
1752199200000,2953.75,2968.65,2951.21,2964.28,174105.002,2025-07-11 02:00:00
1752202800000,2964.29,2973.99,2955.61,2968.31,147651.093,2025-07-11 03:00:00
1752206400000,2968.3,2970.0,2942.02,2969.07,152882.62,2025-07-11 04:00:00
1752210000000,2969.07,3028.57,2966.34,3003.96,675425.475,2025-07-11 05:00:00
1752213600000,3003.95,3026.48,2984.1,2988.54,331362.964,2025-07-11 06:00:00
1752217200000,2988.53,3002.51,2965.94,2968.31,299207.133,2025-07-11 07:00:00
1752220800000,2968.31,3008.47,2962.06,3003.22,309206.776,2025-07-11 08:00:00
1752224400000,3003.22,3040.0,2995.3,3014.68,368366.607,2025-07-11 09:00:00
1752228000000,3014.68,3014.8,2992.02,3003.3,216595.76,2025-07-11 10:00:00
1752231600000,3003.29,3005.98,2968.0,2984.01,255233.74,2025-07-11 11:00:00
1752235200000,2984.0,2993.25,2970.15,2986.59,171286.915,2025-07-11 12:00:00
1752238800000,2986.59,3009.96,2975.0,3002.39,349332.828,2025-07-11 13:00:00
1752242400000,3002.4,3006.41,2980.0,2988.41,246198.33,2025-07-11 14:00:00
1752246000000,2988.41,2996.84,2938.4,2951.5,453010.152,2025-07-11 15:00:00
1752249600000,2951.5,2972.3,2935.16,2967.92,310116.445,2025-07-11 16:00:00
1752253200000,2967.93,3002.38,2964.26,2993.16,217015.29,2025-07-11 17:00:00
1752256800000,2993.16,2998.89,2983.0,2994.99,112410.489,2025-07-11 18:00:00
1752260400000,2995.0,3009.99,2977.55,3006.79,201018.701,2025-07-11 19:00:00
1752264000000,3006.8,3008.85,2971.72,2973.39,113641.568,2025-07-11 20:00:00
1752267600000,2973.4,2995.57,2955.76,2965.02,181294.922,2025-07-11 21:00:00
1752271200000,2965.02,2970.41,2922.0,2949.91,327972.11,2025-07-11 22:00:00
1752274800000,2949.92,2960.78,2948.0,2957.22,71076.912,2025-07-11 23:00:00
1752278400000,2957.21,2966.73,2931.41,2952.42,131459.997,2025-07-12 00:00:00
1752282000000,2952.41,2966.0,2952.1,2957.95,75682.027,2025-07-12 01:00:00
1752285600000,2957.96,2971.68,2953.73,2956.03,71030.635,2025-07-12 02:00:00
1752289200000,2956.02,2967.77,2954.55,2965.74,58290.868,2025-07-12 03:00:00
1752292800000,2965.74,2968.42,2941.0,2951.21,115538.929,2025-07-12 04:00:00
1752296400000,2951.2,2957.77,2943.01,2952.53,76707.101,2025-07-12 05:00:00
1752300000000,2952.54,2962.86,2945.0,2958.73,77884.006,2025-07-12 06:00:00
1752303600000,2958.72,2978.49,2958.67,2962.21,124503.942,2025-07-12 07:00:00
1752307200000,2962.22,2969.66,2956.47,2966.24,49646.248,2025-07-12 08:00:00
1752310800000,2966.25,2976.0,2961.27,2973.02,61487.498,2025-07-12 09:00:00
1752314400000,2973.02,2978.77,2966.21,2974.89,82165.306,2025-07-12 10:00:00
1752318000000,2974.88,2979.68,2960.01,2962.61,91611.613,2025-07-12 11:00:00
1752321600000,2962.61,2966.75,2917.43,2943.1,361583.812,2025-07-12 12:00:00
1752325200000,2943.1,2943.1,2917.43,2939.69,196034.662,2025-07-12 13:00:00
1752328800000,2939.7,2949.24,2923.0,2927.91,151234.51,2025-07-12 14:00:00
1752332400000,2927.91,2931.3,2903.69,2915.7,330471.294,2025-07-12 15:00:00
1752336000000,2915.71,2934.99,2910.3,2923.86,151336.408,2025-07-12 16:00:00
1752339600000,2923.85,2943.0,2920.35,2940.04,124035.995,2025-07-12 17:00:00
1752343200000,2940.05,2943.69,2934.0,2941.53,58466.669,2025-07-12 18:00:00
1752346800000,2941.54,2945.55,2932.56,2939.5,66542.969,2025-07-12 19:00:00
1752350400000,2939.5,2941.25,2915.51,2915.73,89194.733,2025-07-12 20:00:00
1752354000000,2915.73,2938.53,2913.72,2937.99,56639.042,2025-07-12 21:00:00
1752357600000,2937.99,2940.0,2923.83,2936.51,33920.486,2025-07-12 22:00:00
1752361200000,2936.5,2947.0,2928.8,2941.99,49466.503,2025-07-12 23:00:00
1752364800000,2941.99,2950.0,2935.0,2943.4,61126.324,2025-07-13 00:00:00
1752368400000,2943.4,2952.82,2937.54,2948.25,79916.804,2025-07-13 01:00:00
1752372000000,2948.25,2959.63,2937.65,2952.6,85729.238,2025-07-13 02:00:00
1752375600000,2952.59,2957.59,2947.21,2953.67,51698.405,2025-07-13 03:00:00
1752379200000,2953.66,2958.21,2950.02,2956.99,45891.651,2025-07-13 04:00:00
1752382800000,2957.0,2962.0,2948.0,2949.5,68986.191,2025-07-13 05:00:00
1752386400000,2949.51,2966.66,2948.36,2958.0,81397.972,2025-07-13 06:00:00
1752390000000,2957.99,2964.3,2954.54,2961.29,47495.01,2025-07-13 07:00:00
1752393600000,2961.29,2962.8,2950.37,2954.71,51964.394,2025-07-13 08:00:00
1752397200000,2954.7,2956.47,2943.5,2948.67,74704.872,2025-07-13 09:00:00
1752400800000,2948.67,2956.88,2944.44,2947.89,52570.96,2025-07-13 10:00:00
1752404400000,2947.89,2965.0,2947.88,2963.9,85073.068,2025-07-13 11:00:00
1752408000000,2963.9,2992.83,2957.46,2984.94,224961.752,2025-07-13 12:00:00
1752411600000,2984.95,2994.93,2972.31,2988.21,148802.864,2025-07-13 13:00:00
1752415200000,2988.22,3019.95,2975.09,2986.8,385223.608,2025-07-13 14:00:00
1752418800000,2986.81,3004.5,2983.0,2991.23,155392.487,2025-07-13 15:00:00
1752422400000,2991.22,2999.95,2971.0,2973.06,148792.113,2025-07-13 16:00:00
1752426000000,2973.06,2995.83,2960.01,2990.98,152040.141,2025-07-13 17:00:00
1752429600000,2990.99,3002.54,2985.85,2992.75,60895.614,2025-07-13 18:00:00
1752433200000,2992.75,3010.0,2986.0,2988.1,89284.381,2025-07-13 19:00:00
1752436800000,2988.11,2997.87,2978.3,2990.8,77118.909,2025-07-13 20:00:00
1752440400000,2990.8,2991.22,2938.23,2963.71,230808.211,2025-07-13 21:00:00
1752444000000,2963.71,2968.33,2944.35,2957.51,135427.665,2025-07-13 22:00:00
1752447600000,2957.51,2978.36,2952.11,2970.6,85122.845,2025-07-13 23:00:00
1752451200000,2970.61,2987.28,2966.0,2974.13,86459.006,2025-07-14 00:00:00
1752454800000,2974.12,2977.5,2962.0,2973.11,70292.106,2025-07-14 01:00:00
1752458400000,2973.11,3016.6,2970.87,2999.79,247920.225,2025-07-14 02:00:00
1752462000000,2999.8,3053.33,2995.88,3037.0,448928.595,2025-07-14 03:00:00
1752465600000,3036.99,3059.25,3027.76,3053.16,223290.194,2025-07-14 04:00:00
1752469200000,3053.16,3067.99,3016.9,3040.76,391300.946,2025-07-14 05:00:00
1752472800000,3040.75,3044.34,3020.3,3024.22,138647.269,2025-07-14 06:00:00
1752476400000,3024.21,3054.08,3022.25,3044.88,165923.754,2025-07-14 07:00:00
1752480000000,3044.87,3045.59,3023.02,3040.01,155968.699,2025-07-14 08:00:00
1752483600000,3040.02,3075.0,3035.42,3045.01,299848.102,2025-07-14 09:00:00
1752487200000,3045.0,3080.0,3030.0,3067.11,306635.726,2025-07-14 10:00:00
1752490800000,3067.1,3084.2,3051.2,3052.42,239725.862,2025-07-14 11:00:00
1752494400000,3052.41,3058.76,3035.43,3052.37,184813.01,2025-07-14 12:00:00
1752498000000,3052.38,3066.0,3031.0,3056.87,237074.393,2025-07-14 13:00:00
1752501600000,3056.87,3068.88,3020.2,3030.59,331196.551,2025-07-14 14:00:00
1752505200000,3030.6,3035.0,2995.0,3013.3,402981.369,2025-07-14 15:00:00
1752508800000,3013.31,3031.23,3001.5,3026.37,238937.977,2025-07-14 16:00:00
1752512400000,3026.37,3026.51,3003.77,3009.92,115576.265,2025-07-14 17:00:00
1752516000000,3009.91,3013.98,2983.09,2990.02,188333.128,2025-07-14 18:00:00
1752519600000,2990.02,3003.59,2985.43,3000.52,87504.147,2025-07-14 19:00:00
1752523200000,3000.53,3011.99,2980.67,3003.89,100217.582,2025-07-14 20:00:00
1752526800000,3003.88,3019.97,2999.33,3010.28,71099.467,2025-07-14 21:00:00
1752530400000,3010.28,3018.4,3002.82,3013.09,65610.649,2025-07-14 22:00:00
1752534000000,3013.09,3014.85,3003.59,3013.05,53507.961,2025-07-14 23:00:00
1752537600000,3013.04,3023.57,2987.44,2992.31,129414.483,2025-07-15 00:00:00
1752541200000,2992.31,3000.39,2961.92,2976.29,297518.761,2025-07-15 01:00:00
1752544800000,2976.29,2986.5,2953.13,2973.61,291471.755,2025-07-15 02:00:00
1752548400000,2973.61,2973.69,2931.01,2951.37,419410.325,2025-07-15 03:00:00
1752552000000,2951.37,2972.0,2934.29,2967.68,228255.823,2025-07-15 04:00:00
1752555600000,2967.67,2974.46,2961.43,2973.99,94962.418,2025-07-15 05:00:00
1752559200000,2973.99,2993.59,2970.0,2985.49,175270.83,2025-07-15 06:00:00
1752562800000,2985.49,2995.49,2972.6,2977.46,151293.881,2025-07-15 07:00:00
1752566400000,2977.47,2984.42,2958.45,2974.88,163910.257,2025-07-15 08:00:00
1752570000000,2974.88,2989.9,2969.69,2972.9,76759.395,2025-07-15 09:00:00
1752573600000,2972.9,2980.0,2967.0,2974.65,66931.682,2025-07-15 10:00:00
1752577200000,2974.65,2983.98,2962.3,2981.6,109158.342,2025-07-15 11:00:00
1752580800000,2981.59,3014.57,2967.68,3000.3,380210.269,2025-07-15 12:00:00
1752584400000,3000.29,3068.0,2999.76,3051.94,556927.418,2025-07-15 13:00:00
1752588000000,3051.95,3064.79,2966.0,2977.78,620982.969,2025-07-15 14:00:00
1752591600000,2977.78,3047.4,2967.35,3039.76,486216.12,2025-07-15 15:00:00
1752595200000,3039.76,3067.5,3033.26,3048.54,339204.462,2025-07-15 16:00:00
1752598800000,3048.54,3098.87,3036.22,3097.0,372211.136,2025-07-15 17:00:00
1752602400000,3096.99,3097.5,3041.7,3066.32,414145.259,2025-07-15 18:00:00
1752606000000,3066.32,3087.34,3034.21,3041.7,302884.487,2025-07-15 19:00:00
1752609600000,3041.64,3053.62,3030.17,3041.63,161595.101,2025-07-15 20:00:00
1752613200000,3041.62,3086.82,3041.0,3081.63,146603.47,2025-07-15 21:00:00
1752616800000,3081.63,3095.14,3068.52,3094.38,107141.478,2025-07-15 22:00:00
1752620400000,3094.37,3147.0,3094.37,3138.63,383655.883,2025-07-15 23:00:00
1752624000000,3138.64,3154.67,3116.77,3143.21,252073.129,2025-07-16 00:00:00
1752627600000,3143.21,3149.7,3130.2,3140.02,119480.31,2025-07-16 01:00:00
1752631200000,3140.21,3142.89,3106.67,3116.28,200780.342,2025-07-16 02:00:00
1752634800000,3116.28,3122.36,3103.01,3116.7,114839.871,2025-07-16 03:00:00
1752638400000,3116.69,3131.55,3101.74,3129.09,124558.453,2025-07-16 04:00:00
1752642000000,3129.09,3151.88,3129.01,3142.4,192889.148,2025-07-16 05:00:00
1752645600000,3142.4,3166.99,3131.64,3164.9,225951.321,2025-07-16 06:00:00
1752649200000,3164.89,3174.84,3153.49,3161.69,223683.888,2025-07-16 07:00:00
1752652800000,3161.7,3174.74,3158.38,3164.5,138412.695,2025-07-16 08:00:00
1752656400000,3164.5,3172.03,3147.13,3162.36,152287.234,2025-07-16 09:00:00
1752660000000,3162.37,3163.44,3144.0,3144.43,95714.104,2025-07-16 10:00:00
1752663600000,3144.43,3158.86,3144.0,3150.78,87187.054,2025-07-16 11:00:00
1752667200000,3150.77,3182.06,3147.62,3164.66,196270.31,2025-07-16 12:00:00
1752670800000,3164.66,3199.0,3158.81,3195.44,363574.303,2025-07-16 13:00:00
1752674400000,3195.44,3267.98,3179.21,3251.59,790896.438,2025-07-16 14:00:00
1752678000000,3251.58,3262.57,3207.0,3244.12,532764.084,2025-07-16 15:00:00
1752681600000,3244.12,3294.2,3234.46,3285.78,400001.642,2025-07-16 16:00:00
1752685200000,3285.8,3326.64,3274.3,3317.53,446625.548,2025-07-16 17:00:00
1752688800000,3317.53,3373.65,3314.16,3335.99,575388.288,2025-07-16 18:00:00
1752692400000,3335.99,3383.6,3335.27,3383.05,308105.837,2025-07-16 19:00:00
1752696000000,3383.05,3423.59,3366.31,3379.92,591364.651,2025-07-16 20:00:00
1752699600000,3379.92,3399.7,3340.9,3374.5,241241.119,2025-07-16 21:00:00
1752703200000,3374.51,3390.49,3350.0,3363.01,183882.4,2025-07-16 22:00:00
1752706800000,3363.02,3375.61,3346.09,3371.52,120827.986,2025-07-16 23:00:00
1752710400000,3371.52,3399.0,3367.38,3376.18,169788.247,2025-07-17 00:00:00
1752714000000,3376.18,3395.99,3310.01,3338.03,376583.834,2025-07-17 01:00:00
1752717600000,3338.04,3362.48,3332.56,3348.89,151550.54,2025-07-17 02:00:00
1752721200000,3348.9,3350.32,3313.46,3330.48,149960.289,2025-07-17 03:00:00
1752724800000,3330.47,3352.6,3321.0,3350.79,105407.565,2025-07-17 04:00:00
1752728400000,3350.79,3377.24,3337.56,3373.99,138973.66,2025-07-17 05:00:00
1752732000000,3373.99,3445.0,3362.93,3441.02,517817.506,2025-07-17 06:00:00
1752735600000,3441.01,3470.0,3407.52,3448.13,432235.983,2025-07-17 07:00:00
1752739200000,3448.12,3451.0,3424.58,3448.55,216617.856,2025-07-17 08:00:00
1752742800000,3448.55,3478.9,3440.0,3465.58,308455.614,2025-07-17 09:00:00
1752746400000,3465.58,3484.39,3448.36,3458.46,272234.94,2025-07-17 10:00:00
1752750000000,3458.46,3460.84,3430.63,3434.66,203538.31,2025-07-17 11:00:00
1752753600000,3434.66,3441.36,3412.05,3426.31,273466.534,2025-07-17 12:00:00
1752757200000,3426.32,3432.82,3363.57,3401.01,465448.653,2025-07-17 13:00:00
1752760800000,3401.0,3435.0,3401.0,3426.79,292559.161,2025-07-17 14:00:00
1752764400000,3426.8,3433.8,3388.06,3420.72,258831.869,2025-07-17 15:00:00
1752768000000,3420.73,3428.0,3366.0,3394.99,467464.412,2025-07-17 16:00:00
1752771600000,3394.98,3430.0,3389.29,3424.24,199473.051,2025-07-17 17:00:00
1752775200000,3424.24,3442.86,3418.38,3426.25,151322.693,2025-07-17 18:00:00
1752778800000,3426.26,3455.4,3402.38,3411.02,224819.813,2025-07-17 19:00:00
1752782400000,3411.15,3419.74,3371.18,3419.51,275772.675,2025-07-17 20:00:00
1752786000000,3419.51,3502.04,3416.61,3467.52,455185.812,2025-07-17 21:00:00
1752789600000,3467.52,3493.66,3450.49,3466.32,187084.575,2025-07-17 22:00:00
1752793200000,3466.32,3525.0,3461.55,3476.41,337483.587,2025-07-17 23:00:00
1752796800000,3476.41,3540.0,3458.0,3537.73,278014.528,2025-07-18 00:00:00
1752800400000,3537.74,3628.0,3525.0,3615.2,620571.959,2025-07-18 01:00:00
1752804000000,3615.2,3626.94,3588.81,3602.01,313936.827,2025-07-18 02:00:00
1752807600000,3602.02,3607.37,3584.67,3596.54,147430.498,2025-07-18 03:00:00
1752811200000,3596.54,3621.99,3576.37,3619.68,218781.633,2025-07-18 04:00:00
1752814800000,3619.69,3674.99,3615.84,3670.34,443505.873,2025-07-18 05:00:00
1752818400000,3670.34,3670.35,3640.01,3650.99,243609.765,2025-07-18 06:00:00
1752822000000,3651.0,3671.49,3605.93,3608.0,359802.458,2025-07-18 07:00:00
1752825600000,3608.01,3631.98,3585.0,3606.66,332536.905,2025-07-18 08:00:00
1752829200000,3606.66,3627.31,3595.0,3623.29,171319.039,2025-07-18 09:00:00
1752832800000,3623.28,3625.95,3603.05,3619.85,130976.141,2025-07-18 10:00:00
1752836400000,3619.85,3626.58,3590.0,3612.33,162449.036,2025-07-18 11:00:00
1752840000000,3612.33,3642.52,3593.02,3639.51,168513.735,2025-07-18 12:00:00
1752843600000,3639.52,3660.0,3610.24,3641.34,369361.852,2025-07-18 13:00:00
1752847200000,3641.34,3674.88,3555.91,3586.94,796319.098,2025-07-18 14:00:00
1752850800000,3586.94,3591.68,3532.21,3565.49,467364.293,2025-07-18 15:00:00
1752854400000,3565.49,3591.0,3549.27,3574.81,229124.686,2025-07-18 16:00:00
1752858000000,3574.8,3626.81,3568.25,3601.89,254987.55,2025-07-18 17:00:00
1752861600000,3601.89,3609.0,3567.25,3573.42,161136.729,2025-07-18 18:00:00
1752865200000,3573.41,3584.78,3538.16,3552.59,209576.788,2025-07-18 19:00:00
1752868800000,3552.6,3555.97,3476.92,3517.25,456190.504,2025-07-18 20:00:00
1752872400000,3517.26,3573.45,3515.01,3555.37,161469.966,2025-07-18 21:00:00
1752876000000,3555.3,3578.77,3531.77,3539.7,170511.711,2025-07-18 22:00:00
1752879600000,3539.7,3552.48,3507.26,3547.6,128887.207,2025-07-18 23:00:00
1752883200000,3547.6,3566.46,3522.48,3523.42,98132.505,2025-07-19 00:00:00
1752886800000,3523.42,3554.0,3507.02,3546.78,128801.112,2025-07-19 01:00:00
1752890400000,3546.79,3577.77,3535.01,3570.66,111723.232,2025-07-19 02:00:00
1752894000000,3570.66,3599.99,3567.8,3593.0,171517.792,2025-07-19 03:00:00
1752897600000,3593.0,3609.96,3580.25,3590.17,129911.6,2025-07-19 04:00:00
1752901200000,3590.17,3595.97,3575.38,3586.21,84769.253,2025-07-19 05:00:00
1752904800000,3586.2,3587.6,3567.8,3572.0,94266.893,2025-07-19 06:00:00
1752908400000,3572.01,3591.86,3568.0,3572.16,79172.609,2025-07-19 07:00:00
1752912000000,3572.16,3579.25,3546.5,3555.0,140994.106,2025-07-19 08:00:00
1752915600000,3554.99,3571.88,3550.0,3559.13,66179.41,2025-07-19 09:00:00
1752919200000,3559.13,3569.35,3551.44,3558.81,59334.578,2025-07-19 10:00:00
1752922800000,3558.81,3578.72,3537.91,3552.84,159527.133,2025-07-19 11:00:00
1752926400000,3552.85,3565.98,3538.98,3562.04,119672.388,2025-07-19 12:00:00
1752930000000,3562.04,3572.63,3549.52,3558.85,102824.583,2025-07-19 13:00:00
1752933600000,3558.85,3564.05,3526.17,3532.41,167289.42,2025-07-19 14:00:00
1752937200000,3532.4,3563.63,3530.9,3552.66,99383.187,2025-07-19 15:00:00
1752940800000,3552.66,3571.04,3536.0,3560.12,139331.076,2025-07-19 16:00:00
1752944400000,3560.13,3561.46,3532.47,3543.23,85199.61,2025-07-19 17:00:00
1752948000000,3543.24,3562.69,3540.22,3553.09,55029.836,2025-07-19 18:00:00
1752951600000,3553.13,3583.0,3541.72,3578.2,96819.601,2025-07-19 19:00:00
1752955200000,3578.2,3595.0,3564.0,3564.01,81970.886,2025-07-19 20:00:00
1752958800000,3564.0,3574.72,3538.0,3571.76,103223.594,2025-07-19 21:00:00
1752962400000,3571.76,3591.48,3562.76,3576.81,77805.593,2025-07-19 22:00:00
1752966000000,3576.82,3598.58,3574.44,3591.48,65901.397,2025-07-19 23:00:00
1752969600000,3591.48,3598.0,3579.21,3591.24,79483.069,2025-07-20 00:00:00
1752973200000,3591.24,3626.6,3589.39,3605.0,185858.22,2025-07-20 01:00:00
1752976800000,3605.01,3625.95,3596.32,3615.83,96918.884,2025-07-20 02:00:00
1752980400000,3615.82,3696.0,3607.64,3658.83,400935.779,2025-07-20 03:00:00
1752984000000,3658.82,3667.71,3633.42,3654.3,225999.088,2025-07-20 04:00:00
1752987600000,3654.29,3662.71,3636.0,3647.17,94061.916,2025-07-20 05:00:00
1752991200000,3647.17,3660.47,3638.9,3652.37,76067.709,2025-07-20 06:00:00
1752994800000,3652.38,3689.0,3652.38,3667.8,186074.786,2025-07-20 07:00:00
1752998400000,3667.81,3717.76,3667.8,3710.34,288508.979,2025-07-20 08:00:00
1753002000000,3710.33,3726.66,3692.72,3705.74,252779.503,2025-07-20 09:00:00
1753005600000,3705.75,3712.36,3696.0,3699.0,91847.544,2025-07-20 10:00:00
1753009200000,3699.0,3769.98,3695.1,3756.51,425630.478,2025-07-20 11:00:00
1753012800000,3756.51,3757.53,3725.13,3747.5,215765.378,2025-07-20 12:00:00
1753016400000,3747.5,3759.31,3736.1,3748.8,160831.318,2025-07-20 13:00:00
1753020000000,3748.79,3768.63,3728.06,3767.56,184648.321,2025-07-20 14:00:00
1753023600000,3767.63,3790.92,3748.17,3785.5,289929.718,2025-07-20 15:00:00
1753027200000,3785.49,3825.28,3763.0,3809.68,438426.346,2025-07-20 16:00:00
1753030800000,3809.67,3809.67,3730.76,3739.93,417836.217,2025-07-20 17:00:00
1753034400000,3739.94,3758.78,3731.08,3750.22,163172.203,2025-07-20 18:00:00
1753038000000,3750.23,3774.6,3745.06,3749.93,119076.635,2025-07-20 19:00:00
1753041600000,3749.94,3755.0,3717.0,3740.6,168437.239,2025-07-20 20:00:00
1753045200000,3740.59,3774.29,3727.24,3770.96,103590.655,2025-07-20 21:00:00
1753048800000,3770.97,3772.88,3681.0,3748.19,384515.446,2025-07-20 22:00:00
1753052400000,3748.2,3769.0,3733.69,3757.3,129398.223,2025-07-20 23:00:00
1753056000000,3757.3,3757.91,3710.01,3747.97,197957.021,2025-07-21 00:00:00
1753059600000,3747.97,3754.77,3701.01,3724.68,167157.25,2025-07-21 01:00:00
1753063200000,3724.68,3750.6,3722.78,3743.94,113641.409,2025-07-21 02:00:00
1753066800000,3743.94,3766.71,3743.94,3757.78,111619.757,2025-07-21 03:00:00
1753070400000,3757.79,3780.98,3753.61,3762.43,126459.311,2025-07-21 04:00:00
1753074000000,3762.43,3784.83,3747.98,3783.0,130823.509,2025-07-21 05:00:00
1753077600000,3783.0,3813.74,3775.97,3788.0,255866.101,2025-07-21 06:00:00
1753081200000,3787.94,3806.12,3780.25,3788.15,111012.18,2025-07-21 07:00:00
1753084800000,3788.14,3812.56,3762.33,3777.83,204971.802,2025-07-21 08:00:00
1753088400000,3777.83,3786.83,3756.42,3773.31,147520.888,2025-07-21 09:00:00
1753092000000,3773.3,3827.08,3769.06,3812.0,240244.557,2025-07-21 10:00:00
1753095600000,3812.0,3839.62,3792.39,3810.29,253592.058,2025-07-21 11:00:00
1753099200000,3810.29,3826.55,3794.48,3811.69,171222.548,2025-07-21 12:00:00
1753102800000,3811.69,3824.5,3776.5,3820.78,275536.573,2025-07-21 13:00:00
1753106400000,3820.79,3859.98,3795.23,3842.97,417898.783,2025-07-21 14:00:00
1753110000000,3842.96,3854.03,3809.0,3812.04,229878.168,2025-07-21 15:00:00
1753113600000,3812.04,3819.83,3750.69,3769.3,488818.264,2025-07-21 16:00:00
1753117200000,3769.3,3791.85,3735.82,3770.8,215328.793,2025-07-21 17:00:00
1753120800000,3770.81,3800.0,3731.37,3737.7,233314.445,2025-07-21 18:00:00
1753124400000,3737.7,3770.58,3720.42,3737.21,251078.839,2025-07-21 19:00:00
1753128000000,3737.2,3767.2,3720.6,3757.0,137238.24,2025-07-21 20:00:00
1753131600000,3757.01,3766.45,3745.28,3751.99,56518.96,2025-07-21 21:00:00
1753135200000,3751.99,3781.56,3747.73,3762.45,74319.244,2025-07-21 22:00:00
1753138800000,3762.44,3776.61,3750.0,3763.44,53238.609,2025-07-21 23:00:00
1753142400000,3763.43,3777.0,3741.67,3743.76,117121.609,2025-07-22 00:00:00
1753146000000,3743.76,3800.0,3693.4,3794.99,459653.995,2025-07-22 01:00:00
1753149600000,3794.99,3795.7,3731.0,3738.02,200960.901,2025-07-22 02:00:00
1753153200000,3738.02,3745.85,3708.67,3733.73,231409.475,2025-07-22 03:00:00
1753156800000,3733.73,3736.52,3653.0,3657.31,374140.523,2025-07-22 04:00:00
1753160400000,3657.31,3698.99,3656.0,3691.95,257999.516,2025-07-22 05:00:00
1753164000000,3691.95,3720.36,3678.3,3693.56,183359.594,2025-07-22 06:00:00
1753167600000,3693.56,3715.01,3666.11,3678.0,202013.634,2025-07-22 07:00:00
1753171200000,3678.0,3678.0,3621.77,3651.78,435906.674,2025-07-22 08:00:00
1753174800000,3651.78,3669.32,3618.0,3662.13,286914.84,2025-07-22 09:00:00
1753178400000,3662.13,3700.0,3661.0,3699.69,180896.86,2025-07-22 10:00:00
1753182000000,3699.7,3723.48,3684.8,3707.79,258390.501,2025-07-22 11:00:00
1753185600000,3707.79,3714.0,3692.42,3704.09,120496.193,2025-07-22 12:00:00
1753189200000,3704.1,3709.0,3633.0,3649.67,453818.184,2025-07-22 13:00:00
1753192800000,3649.66,3709.0,3625.34,3707.71,376548.307,2025-07-22 14:00:00
1753196400000,3707.7,3731.65,3694.3,3719.7,309003.2,2025-07-22 15:00:00
1753200000000,3719.7,3753.0,3711.52,3718.47,255145.904,2025-07-22 16:00:00
1753203600000,3718.47,3723.0,3677.22,3700.76,273140.59,2025-07-22 17:00:00
1753207200000,3700.76,3726.85,3682.0,3711.5,190449.838,2025-07-22 18:00:00
1753210800000,3711.5,3721.44,3655.55,3670.76,173703.186,2025-07-22 19:00:00
1753214400000,3670.76,3711.93,3662.16,3707.7,133657.585,2025-07-22 20:00:00
1753218000000,3707.72,3712.0,3695.0,3706.36,43783.014,2025-07-22 21:00:00
1753221600000,3706.36,3733.22,3706.36,3720.4,65843.3,2025-07-22 22:00:00
1753225200000,3720.41,3752.95,3718.41,3747.2,115518.684,2025-07-22 23:00:00
1753228800000,3747.21,3763.72,3725.6,3726.5,174574.753,2025-07-23 00:00:00
1753232400000,3726.5,3743.0,3713.0,3739.23,95742.13,2025-07-23 01:00:00
1753236000000,3739.23,3765.63,3724.7,3746.32,193767.766,2025-07-23 02:00:00
1753239600000,3746.33,3760.42,3725.61,3729.51,133217.087,2025-07-23 03:00:00
1753243200000,3729.51,3737.09,3720.42,3735.7,73420.786,2025-07-23 04:00:00
1753246800000,3735.71,3738.78,3700.1,3714.44,116211.735,2025-07-23 05:00:00
1753250400000,3714.45,3716.61,3687.34,3695.66,135556.966,2025-07-23 06:00:00
1753254000000,3695.62,3700.8,3663.98,3673.95,197307.361,2025-07-23 07:00:00
1753257600000,3673.94,3692.99,3667.69,3692.03,125909.191,2025-07-23 08:00:00
1753261200000,3692.02,3698.0,3648.83,3659.27,181088.017,2025-07-23 09:00:00
1753264800000,3659.27,3670.66,3640.26,3666.34,155708.076,2025-07-23 10:00:00
1753268400000,3666.34,3676.94,3648.61,3672.11,112034.198,2025-07-23 11:00:00
1753272000000,3672.11,3682.0,3633.02,3640.47,198803.765,2025-07-23 12:00:00
1753275600000,3640.48,3665.0,3576.85,3587.51,676787.38,2025-07-23 13:00:00
1753279200000,3587.51,3625.9,3580.4,3618.21,382151.035,2025-07-23 14:00:00
1753282800000,3618.21,3649.19,3598.33,3645.51,271785.985,2025-07-23 15:00:00
1753286400000,3645.5,3645.61,3566.62,3572.02,363127.717,2025-07-23 16:00:00
1753290000000,3572.01,3595.64,3553.5,3588.02,381521.373,2025-07-23 17:00:00
1753293600000,3588.02,3608.17,3586.66,3604.95,122761.878,2025-07-23 18:00:00
1753297200000,3604.95,3613.64,3583.08,3588.39,122152.664,2025-07-23 19:00:00
1753300800000,3588.4,3605.58,3543.0,3568.59,272918.262,2025-07-23 20:00:00
1753304400000,3568.67,3594.41,3527.22,3591.88,226937.705,2025-07-23 21:00:00
1753308000000,3591.87,3620.17,3578.56,3610.69,96216.638,2025-07-23 22:00:00
1753311600000,3610.69,3634.97,3609.08,3628.49,93131.189,2025-07-23 23:00:00
1753315200000,3628.5,3645.8,3612.0,3645.36,117795.979,2025-07-24 00:00:00
1753318800000,3645.36,3648.37,3623.66,3647.53,97042.928,2025-07-24 01:00:00
1753322400000,3647.53,3651.72,3637.0,3649.19,80290.713,2025-07-24 02:00:00
1753326000000,3649.19,3664.74,3638.37,3640.73,116655.866,2025-07-24 03:00:00
1753329600000,3640.73,3657.77,3600.0,3609.12,226252.747,2025-07-24 04:00:00
1753333200000,3609.13,3610.33,3555.35,3556.63,307639.491,2025-07-24 05:00:00
1753336800000,3556.63,3582.0,3525.82,3545.03,300221.904,2025-07-24 06:00:00
1753340400000,3545.03,3596.84,3507.0,3591.6,398405.301,2025-07-24 07:00:00
1753344000000,3591.43,3644.81,3580.56,3633.56,321628.408,2025-07-24 08:00:00
1753347600000,3633.56,3643.96,3617.17,3635.98,168556.782,2025-07-24 09:00:00
1753351200000,3635.98,3659.0,3591.53,3621.31,347911.254,2025-07-24 10:00:00
1753354800000,3621.3,3661.02,3619.46,3655.02,176883.148,2025-07-24 11:00:00
1753358400000,3655.02,3660.0,3618.19,3642.98,220175.558,2025-07-24 12:00:00
1753362000000,3642.97,3656.0,3625.58,3630.12,203358.033,2025-07-24 13:00:00
1753365600000,3630.12,3738.55,3610.0,3735.0,547267.595,2025-07-24 14:00:00
1753369200000,3735.0,3773.45,3710.77,3730.0,573150.375,2025-07-24 15:00:00
1753372800000,3729.99,3731.79,3666.16,3686.69,312258.687,2025-07-24 16:00:00
1753376400000,3686.7,3734.48,3680.98,3724.44,196834.424,2025-07-24 17:00:00
1753380000000,3724.44,3750.98,3711.74,3741.0,138239.039,2025-07-24 18:00:00
1753383600000,3741.0,3754.49,3720.3,3732.41,141433.283,2025-07-24 19:00:00
1753387200000,3732.4,3743.61,3722.66,3735.4,57623.369,2025-07-24 20:00:00
1753390800000,3735.4,3743.0,3710.04,3725.87,75434.314,2025-07-24 21:00:00
1753394400000,3725.87,3736.23,3700.83,3724.22,92549.482,2025-07-24 22:00:00
1753398000000,3724.23,3724.23,3694.66,3706.98,107713.715,2025-07-24 23:00:00
1753401600000,3707.0,3708.93,3645.87,3659.22,200113.944,2025-07-25 00:00:00
1753405200000,3659.21,3690.91,3640.05,3682.21,199829.551,2025-07-25 01:00:00
1753408800000,3682.2,3690.6,3613.79,3614.24,300131.998,2025-07-25 02:00:00
1753412400000,3614.37,3632.74,3572.17,3594.7,334279.801,2025-07-25 03:00:00
1753416000000,3594.7,3650.0,3578.0,3647.1,247100.205,2025-07-25 04:00:00
1753419600000,3647.09,3648.83,3608.41,3632.51,189113.423,2025-07-25 05:00:00
1753423200000,3632.52,3642.85,3610.13,3630.58,127856.621,2025-07-25 06:00:00
1753426800000,3630.58,3667.04,3598.22,3631.01,283356.174,2025-07-25 07:00:00
1753430400000,3631.01,3678.64,3627.84,3664.02,274903.906,2025-07-25 08:00:00
1753434000000,3664.02,3732.38,3649.33,3725.54,309321.701,2025-07-25 09:00:00
1753437600000,3725.53,3747.52,3703.81,3718.4,200701.486,2025-07-25 10:00:00
1753441200000,3718.41,3743.0,3715.0,3720.26,125108.306,2025-07-25 11:00:00
1753444800000,3720.3,3734.4,3692.48,3703.6,204992.88,2025-07-25 12:00:00
1753448400000,3703.6,3720.47,3675.0,3705.46,246203.199,2025-07-25 13:00:00
1753452000000,3705.46,3709.13,3620.0,3627.94,332410.357,2025-07-25 14:00:00
1753455600000,3627.94,3646.58,3600.71,3632.68,275043.231,2025-07-25 15:00:00
1753459200000,3632.68,3644.44,3615.27,3639.04,166373.332,2025-07-25 16:00:00
1753462800000,3639.01,3652.0,3620.0,3635.0,106011.37,2025-07-25 17:00:00
1753466400000,3635.0,3656.99,3634.03,3648.52,82316.908,2025-07-25 18:00:00
1753470000000,3648.52,3658.39,3638.86,3639.54,63625.167,2025-07-25 19:00:00
1753473600000,3639.54,3696.78,3637.26,3684.23,135002.663,2025-07-25 20:00:00
1753477200000,3684.24,3726.3,3684.24,3718.99,154284.456,2025-07-25 21:00:00
1753480800000,3719.0,3729.62,3714.4,3719.6,74136.111,2025-07-25 22:00:00
1753484400000,3719.61,3728.46,3708.34,3724.08,64446.086,2025-07-25 23:00:00
1753488000000,3724.07,3727.43,3710.47,3724.89,59726.835,2025-07-26 00:00:00
1753491600000,3724.89,3725.55,3693.09,3700.68,75804.245,2025-07-26 01:00:00
1753495200000,3700.68,3766.5,3700.68,3741.05,268299.655,2025-07-26 02:00:00
1753498800000,3741.06,3745.78,3727.87,3737.78,74452.363,2025-07-26 03:00:00
1753502400000,3737.78,3752.28,3735.94,3746.38,78072.596,2025-07-26 04:00:00
1753506000000,3746.37,3755.4,3732.54,3746.59,65469.187,2025-07-26 05:00:00
1753509600000,3746.59,3749.2,3729.01,3738.49,59850.891,2025-07-26 06:00:00
1753513200000,3738.5,3747.56,3736.37,3740.7,35054.726,2025-07-26 07:00:00
1753516800000,3740.7,3779.18,3740.7,3761.3,174577.43,2025-07-26 08:00:00
1753520400000,3761.29,3764.56,3747.1,3757.31,84222.058,2025-07-26 09:00:00
1753524000000,3757.31,3782.9,3749.99,3758.61,167176.683,2025-07-26 10:00:00
1753527600000,3758.61,3768.69,3730.14,3738.78,154559.57,2025-07-26 11:00:00
1753531200000,3738.78,3752.23,3723.0,3740.88,123461.524,2025-07-26 12:00:00
1753534800000,3740.87,3754.42,3735.0,3743.0,68743.274,2025-07-26 13:00:00
1753538400000,3742.99,3747.84,3723.18,3726.91,110427.74,2025-07-26 14:00:00
1753542000000,3726.91,3738.95,3713.97,3734.53,114280.592,2025-07-26 15:00:00
1753545600000,3734.54,3740.87,3718.02,3726.86,73116.893,2025-07-26 16:00:00
1753549200000,3726.85,3734.73,3720.34,3722.8,61019.814,2025-07-26 17:00:00
1753552800000,3722.8,3758.72,3708.62,3738.8,141361.969,2025-07-26 18:00:00
1753556400000,3738.8,3756.27,3738.61,3749.51,39265.996,2025-07-26 19:00:00
1753560000000,3749.51,3751.0,3732.3,3743.62,57565.278,2025-07-26 20:00:00
1753563600000,3743.62,3763.39,3736.6,3757.99,40669.822,2025-07-26 21:00:00
1753567200000,3757.99,3794.4,3741.3,3749.16,173290.568,2025-07-26 22:00:00
1753570800000,3749.16,3754.66,3735.21,3740.57,49109.001,2025-07-26 23:00:00
1753574400000,3740.58,3755.17,3728.25,3755.16,73544.723,2025-07-27 00:00:00
1753578000000,3755.16,3772.28,3749.18,3755.11,96722.248,2025-07-27 01:00:00
1753581600000,3755.12,3787.5,3750.62,3783.49,88709.041,2025-07-27 02:00:00
1753585200000,3783.49,3785.28,3769.36,3773.02,58207.142,2025-07-27 03:00:00
1753588800000,3773.02,3790.59,3766.73,3789.32,64445.982,2025-07-27 04:00:00
1753592400000,3789.32,3810.47,3782.5,3790.41,188597.631,2025-07-27 05:00:00
1753596000000,3790.42,3790.42,3763.58,3771.45,96923.131,2025-07-27 06:00:00
1753599600000,3771.44,3782.19,3761.35,3767.08,73697.342,2025-07-27 07:00:00
1753603200000,3767.09,3775.6,3763.65,3769.78,49160.6,2025-07-27 08:00:00
1753606800000,3769.78,3773.04,3749.75,3762.2,92310.277,2025-07-27 09:00:00
1753610400000,3762.2,3843.13,3761.93,3816.39,376970.535,2025-07-27 10:00:00
1753614000000,3816.39,3835.88,3803.56,3814.63,196888.374,2025-07-27 11:00:00
1753617600000,3814.63,3836.99,3804.55,3825.01,171726.096,2025-07-27 12:00:00
1753621200000,3825.0,3829.99,3806.0,3809.69,76335.494,2025-07-27 13:00:00
1753624800000,3809.69,3823.07,3791.04,3808.81,154316.774,2025-07-27 14:00:00
1753628400000,3808.8,3820.99,3792.06,3818.31,98372.552,2025-07-27 15:00:00
1753632000000,3818.31,3853.73,3810.0,3815.36,322200.006,2025-07-27 16:00:00
1753635600000,3815.35,3841.15,3807.14,3837.08,133578.789,2025-07-27 17:00:00
1753639200000,3837.04,3869.0,3832.57,3845.73,192720.602,2025-07-27 18:00:00
1753642800000,3845.72,3851.52,3825.41,3827.74,61249.986,2025-07-27 19:00:00
1753646400000,3827.74,3842.45,3818.88,3821.6,64241.979,2025-07-27 20:00:00
1753650000000,3821.6,3839.58,3814.04,3835.69,47574.746,2025-07-27 21:00:00
1753653600000,3835.7,3880.0,3834.46,3863.38,144631.553,2025-07-27 22:00:00
1753657200000,3863.39,3874.97,3838.01,3871.0,109355.737,2025-07-27 23:00:00
1753660800000,3871.0,3886.47,3854.36,3861.0,183522.678,2025-07-28 00:00:00
1753664400000,3861.0,3864.86,3843.4,3848.93,110033.966,2025-07-28 01:00:00
1753668000000,3848.93,3908.06,3842.1,3885.23,327304.115,2025-07-28 02:00:00
1753671600000,3885.23,3894.48,3868.0,3879.1,98666.083,2025-07-28 03:00:00
1753675200000,3879.1,3904.93,3867.0,3901.26,133302.942,2025-07-28 04:00:00
1753678800000,3901.26,3942.49,3899.48,3929.0,301322.129,2025-07-28 05:00:00
1753682400000,3929.0,3933.96,3909.0,3912.2,137794.996,2025-07-28 06:00:00
1753686000000,3912.2,3913.7,3876.0,3892.58,236765.9,2025-07-28 07:00:00
1753689600000,3892.57,3903.51,3882.0,3891.59,99215.145,2025-07-28 08:00:00
1753693200000,3891.58,3895.65,3871.87,3893.51,105498.73,2025-07-28 09:00:00
1753696800000,3893.51,3897.0,3875.76,3887.48,74458.938,2025-07-28 10:00:00
1753700400000,3887.47,3893.32,3858.0,3879.53,136417.416,2025-07-28 11:00:00
1753704000000,3879.48,3890.0,3868.64,3870.79,104168.912,2025-07-28 12:00:00
1753707600000,3870.79,3874.82,3825.8,3843.66,383903.745,2025-07-28 13:00:00
1753711200000,3843.65,3852.51,3773.01,3785.0,487918.698,2025-07-28 14:00:00
1753714800000,3785.01,3821.4,3780.72,3806.61,234378.321,2025-07-28 15:00:00
1753718400000,3806.61,3821.87,3792.0,3805.0,115898.728,2025-07-28 16:00:00
1753722000000,3805.01,3809.56,3778.4,3784.26,144356.746,2025-07-28 17:00:00
1753725600000,3784.26,3788.0,3752.01,3782.26,237940.812,2025-07-28 18:00:00
1753729200000,3782.25,3806.08,3763.39,3796.85,157160.526,2025-07-28 19:00:00
1753732800000,3796.85,3803.99,3765.0,3787.56,91219.151,2025-07-28 20:00:00
1753736400000,3787.56,3802.86,3774.15,3788.17,70630.644,2025-07-28 21:00:00
1753740000000,3788.17,3802.68,3765.01,3786.11,92861.56,2025-07-28 22:00:00
1753743600000,3786.11,3799.5,3773.88,3796.98,88291.791,2025-07-28 23:00:00
1753747200000,3796.99,3821.8,3740.01,3779.79,304978.85,2025-07-29 00:00:00
1753750800000,3779.79,3798.33,3757.14,3758.22,114722.734,2025-07-29 01:00:00
1753754400000,3758.21,3772.98,3728.81,3758.4,190398.252,2025-07-29 02:00:00
1753758000000,3758.39,3798.7,3758.37,3791.11,159438.435,2025-07-29 03:00:00
1753761600000,3791.11,3801.92,3772.49,3777.36,103557.534,2025-07-29 04:00:00
1753765200000,3777.35,3806.97,3777.35,3806.3,75945.21,2025-07-29 05:00:00
1753768800000,3806.3,3835.0,3800.51,3827.79,198378.581,2025-07-29 06:00:00
1753772400000,3827.8,3879.12,3827.71,3876.24,286976.106,2025-07-29 07:00:00
1753776000000,3876.25,3886.0,3858.37,3871.45,159452.404,2025-07-29 08:00:00
1753779600000,3871.46,3878.3,3863.24,3871.7,76104.802,2025-07-29 09:00:00
1753783200000,3871.7,3874.08,3823.49,3828.87,224199.253,2025-07-29 10:00:00
1753786800000,3828.87,3839.71,3811.0,3825.01,173224.962,2025-07-29 11:00:00
1753790400000,3825.0,3859.99,3821.0,3851.93,192183.93,2025-07-29 12:00:00
1753794000000,3851.93,3873.58,3828.08,3838.01,195412.617,2025-07-29 13:00:00
1753797600000,3838.04,3839.22,3769.0,3781.32,389773.609,2025-07-29 14:00:00
1753801200000,3781.31,3783.19,3745.96,3760.5,268230.29,2025-07-29 15:00:00
1753804800000,3760.5,3768.57,3715.01,3750.52,378838.41,2025-07-29 16:00:00
1753808400000,3750.52,3793.76,3743.07,3768.01,255848.134,2025-07-29 17:00:00
1753812000000,3768.0,3775.0,3749.32,3769.59,79646.371,2025-07-29 18:00:00
1753815600000,3769.6,3796.05,3756.0,3763.85,134187.328,2025-07-29 19:00:00
1753819200000,3763.84,3783.44,3738.31,3763.45,155778.103,2025-07-29 20:00:00
1753822800000,3763.45,3784.36,3751.34,3779.12,55441.307,2025-07-29 21:00:00
1753826400000,3779.12,3793.76,3756.84,3790.72,81519.911,2025-07-29 22:00:00
1753830000000,3790.72,3804.0,3781.85,3792.39,74975.834,2025-07-29 23:00:00
1753833600000,3792.39,3793.68,3753.84,3773.31,97863.169,2025-07-30 00:00:00
1753837200000,3773.32,3811.62,3760.35,3790.59,136235.715,2025-07-30 01:00:00
1753840800000,3790.6,3821.46,3783.0,3811.38,130281.767,2025-07-30 02:00:00
1753844400000,3811.37,3827.9,3804.0,3815.79,75759.448,2025-07-30 03:00:00
1753848000000,3815.8,3823.7,3797.22,3807.31,85668.99,2025-07-30 04:00:00
1753851600000,3807.31,3814.31,3784.77,3808.35,120575.849,2025-07-30 05:00:00
1753855200000,3808.34,3828.96,3807.53,3822.99,80929.161,2025-07-30 06:00:00
1753858800000,3823.0,3832.94,3802.0,3809.56,133210.644,2025-07-30 07:00:00
1753862400000,3809.55,3824.48,3795.49,3812.9,120232.41,2025-07-30 08:00:00
1753866000000,3812.9,3818.33,3773.72,3784.62,175152.775,2025-07-30 09:00:00
1753869600000,3784.63,3806.66,3766.0,3772.07,135924.491,2025-07-30 10:00:00
1753873200000,3772.07,3784.49,3741.91,3757.2,212965.033,2025-07-30 11:00:00
1753876800000,3757.2,3784.67,3748.25,3772.4,166492.328,2025-07-30 12:00:00
1753880400000,3772.39,3784.41,3747.64,3765.03,175190.546,2025-07-30 13:00:00
1753884000000,3765.02,3831.0,3762.57,3817.89,266344.074,2025-07-30 14:00:00
1753887600000,3817.9,3820.0,3775.34,3795.99,204793.368,2025-07-30 15:00:00
1753891200000,3796.0,3816.0,3779.41,3794.64,130893.722,2025-07-30 16:00:00
1753894800000,3794.64,3813.98,3790.04,3803.62,86449.35,2025-07-30 17:00:00
1753898400000,3803.62,3821.0,3735.2,3736.91,401310.518,2025-07-30 18:00:00
1753902000000,3736.91,3771.67,3673.05,3758.33,605603.026,2025-07-30 19:00:00
1753905600000,3758.33,3786.81,3755.11,3768.48,164040.402,2025-07-30 20:00:00
1753909200000,3768.47,3773.37,3740.28,3761.1,87253.864,2025-07-30 21:00:00
1753912800000,3761.11,3769.87,3753.81,3761.47,44690.738,2025-07-30 22:00:00
1753916400000,3761.47,3810.0,3760.82,3808.28,118406.912,2025-07-30 23:00:00
1753920000000,3808.29,3848.0,3797.22,3841.89,196016.729,2025-07-31 00:00:00
1753923600000,3841.9,3848.89,3827.27,3835.8,127086.009,2025-07-31 01:00:00
1753927200000,3835.79,3864.62,3829.66,3862.0,170015.161,2025-07-31 02:00:00
1753930800000,3862.01,3867.88,3854.25,3861.9,94641.141,2025-07-31 03:00:00
1753934400000,3861.9,3869.78,3853.0,3869.74,65621.878,2025-07-31 04:00:00
1753938000000,3869.72,3869.72,3854.01,3857.92,56073.476,2025-07-31 05:00:00
1753941600000,3857.93,3876.81,3853.09,3871.99,80015.129,2025-07-31 06:00:00
1753945200000,3872.0,3875.0,3858.71,3861.78,84496.58,2025-07-31 07:00:00
1753948800000,3861.79,3872.14,3855.78,3861.7,63104.327,2025-07-31 08:00:00
1753952400000,3861.69,3865.0,3852.8,3861.17,61670.761,2025-07-31 09:00:00
1753956000000,3861.18,3864.89,3851.33,3853.01,64229.899,2025-07-31 10:00:00
1753959600000,3853.01,3856.0,3824.71,3836.82,167567.203,2025-07-31 11:00:00
1753963200000,3836.81,3843.6,3821.07,3833.0,161104.63,2025-07-31 12:00:00
1753966800000,3833.0,3834.0,3784.09,3805.0,416226.078,2025-07-31 13:00:00
1753970400000,3805.0,3813.45,3764.92,3766.83,302940.216,2025-07-31 14:00:00
1753974000000,3766.82,3796.26,3760.6,3786.01,206656.807,2025-07-31 15:00:00
1753977600000,3786.01,3816.98,3778.55,3801.92,241414.133,2025-07-31 16:00:00
1753981200000,3801.92,3803.0,3766.0,3774.11,195594.98,2025-07-31 17:00:00
1753984800000,3774.1,3788.03,3746.98,3773.6,262885.647,2025-07-31 18:00:00
1753988400000,3773.59,3779.91,3733.07,3736.3,184509.494,2025-07-31 19:00:00
1753992000000,3736.29,3747.99,3716.6,3733.24,212298.021,2025-07-31 20:00:00
1753995600000,3733.23,3756.79,3707.7,3729.2,157398.868,2025-07-31 21:00:00
1753999200000,3729.19,3729.62,3700.02,3707.81,174004.586,2025-07-31 22:00:00
1754002800000,3707.81,3728.54,3682.0,3697.06,225865.752,2025-07-31 23:00:00
1754006400000,3697.05,3697.83,3613.23,3680.0,537531.537,2025-08-01 00:00:00
1754010000000,3680.0,3696.0,3651.2,3687.52,303143.158,2025-08-01 01:00:00
1754013600000,3687.44,3722.6,3678.81,3714.53,232360.026,2025-08-01 02:00:00
1754017200000,3714.53,3722.06,3697.91,3702.69,111097.264,2025-08-01 03:00:00
1754020800000,3702.7,3702.7,3675.0,3679.79,186047.987,2025-08-01 04:00:00
1754024400000,3679.8,3691.49,3662.49,3673.45,147704.429,2025-08-01 05:00:00
1754028000000,3673.44,3680.77,3638.89,3661.01,214987.963,2025-08-01 06:00:00
1754031600000,3661.0,3667.89,3622.0,3648.84,274642.22,2025-08-01 07:00:00
1754035200000,3648.84,3648.84,3583.2,3608.11,462996.092,2025-08-01 08:00:00
1754038800000,3608.11,3638.89,3604.58,3617.37,174444.95,2025-08-01 09:00:00
1754042400000,3617.37,3632.78,3607.21,3614.62,125264.294,2025-08-01 10:00:00
1754046000000,3614.62,3642.0,3605.02,3641.16,135849.382,2025-08-01 11:00:00
1754049600000,3641.16,3672.8,3628.39,3661.82,330010.715,2025-08-01 12:00:00
1754053200000,3661.9,3673.79,3575.03,3598.25,432160.993,2025-08-01 13:00:00
1754056800000,3598.25,3654.8,3561.0,3631.67,486667.253,2025-08-01 14:00:00
1754060400000,3631.67,3634.96,3581.0,3614.19,315966.306,2025-08-01 15:00:00
1754064000000,3614.2,3632.31,3572.8,3586.02,282701.578,2025-08-01 16:00:00
1754067600000,3586.01,3600.64,3561.8,3570.34,351865.805,2025-08-01 17:00:00
1754071200000,3570.33,3584.24,3535.0,3548.8,462341.05,2025-08-01 18:00:00
1754074800000,3548.81,3560.65,3513.05,3517.51,332961.594,2025-08-01 19:00:00
1754078400000,3517.5,3541.7,3490.01,3540.48,358296.866,2025-08-01 20:00:00
1754082000000,3540.48,3552.69,3531.1,3535.58,99525.901,2025-08-01 21:00:00
1754085600000,3535.58,3543.31,3426.0,3461.79,551451.199,2025-08-01 22:00:00
1754089200000,3461.78,3491.71,3447.36,3486.0,186922.789,2025-08-01 23:00:00
1754092800000,3486.0,3514.39,3476.4,3514.2,189456.312,2025-08-02 00:00:00
1754096400000,3514.21,3521.94,3492.83,3514.83,162475.346,2025-08-02 01:00:00
1754100000000,3514.84,3526.59,3511.5,3521.99,88565.289,2025-08-02 02:00:00
1754103600000,3522.0,3530.0,3516.85,3526.96,86939.921,2025-08-02 03:00:00
1754107200000,3526.97,3533.28,3511.65,3531.89,86405.308,2025-08-02 04:00:00
1754110800000,3531.9,3535.97,3514.05,3517.73,81443.096,2025-08-02 05:00:00
1754114400000,3517.72,3518.5,3453.99,3478.19,317647.877,2025-08-02 06:00:00
1754118000000,3478.2,3520.0,3466.97,3517.5,206166.77,2025-08-02 07:00:00
1754121600000,3517.61,3523.1,3485.0,3489.74,169285.681,2025-08-02 08:00:00
1754125200000,3489.73,3502.57,3480.4,3490.87,111111.048,2025-08-02 09:00:00
1754128800000,3490.86,3494.28,3472.8,3489.61,102185.124,2025-08-02 10:00:00
1754132400000,3489.6,3516.82,3480.6,3506.77,119463.423,2025-08-02 11:00:00
1754136000000,3506.78,3513.58,3494.66,3507.03,88728.253,2025-08-02 12:00:00
1754139600000,3507.04,3514.98,3490.0,3507.8,95713.606,2025-08-02 13:00:00
1754143200000,3507.8,3515.9,3465.24,3478.01,224019.306,2025-08-02 14:00:00
1754146800000,3478.01,3491.38,3449.56,3457.93,197046.224,2025-08-02 15:00:00
1754150400000,3457.93,3476.32,3431.43,3470.59,340995.44,2025-08-02 16:00:00
1754154000000,3470.59,3479.9,3412.88,3422.8,250182.988,2025-08-02 17:00:00
1754157600000,3422.79,3432.12,3371.47,3383.03,521669.001,2025-08-02 18:00:00
1754161200000,3383.03,3425.0,3375.03,3381.55,286020.361,2025-08-02 19:00:00
1754164800000,3381.55,3422.99,3380.5,3422.81,152984.289,2025-08-02 20:00:00
1754168400000,3422.8,3440.56,3404.91,3411.2,161365.054,2025-08-02 21:00:00
1754172000000,3411.21,3426.85,3387.0,3409.7,96845.201,2025-08-02 22:00:00
1754175600000,3409.7,3418.0,3367.24,3392.68,189679.332,2025-08-02 23:00:00
1754179200000,3392.68,3411.54,3353.44,3408.43,276809.476,2025-08-03 00:00:00
1754182800000,3408.42,3422.59,3399.97,3411.97,119844.104,2025-08-03 01:00:00
1754186400000,3411.97,3444.0,3411.51,3441.69,128649.692,2025-08-03 02:00:00
1754190000000,3441.7,3450.0,3434.44,3441.66,101965.655,2025-08-03 03:00:00
1754193600000,3441.67,3446.62,3431.54,3442.9,75206.439,2025-08-03 04:00:00
1754197200000,3442.9,3454.46,3438.64,3443.11,81313.869,2025-08-03 05:00:00
1754200800000,3443.11,3446.43,3434.9,3438.8,44397.689,2025-08-03 06:00:00
1754204400000,3438.79,3458.26,3438.33,3454.47,101811.911,2025-08-03 07:00:00
1754208000000,3454.46,3467.08,3451.95,3460.81,109445.422,2025-08-03 08:00:00
1754211600000,3460.81,3465.32,3453.41,3464.27,57567.451,2025-08-03 09:00:00
1754215200000,3464.26,3486.5,3463.21,3483.0,125797.206,2025-08-03 10:00:00
1754218800000,3482.99,3515.0,3482.0,3483.4,254729.291,2025-08-03 11:00:00
1754222400000,3483.4,3503.14,3472.55,3488.31,145165.963,2025-08-03 12:00:00
1754226000000,3488.3,3497.67,3482.0,3490.37,88708.274,2025-08-03 13:00:00
1754229600000,3490.38,3492.88,3461.0,3470.02,151737.284,2025-08-03 14:00:00
1754233200000,3470.02,3476.99,3452.0,3474.62,166531.728,2025-08-03 15:00:00
1754236800000,3474.61,3495.99,3465.3,3493.5,114460.219,2025-08-03 16:00:00
1754240400000,3493.49,3498.0,3478.45,3488.0,69872.021,2025-08-03 17:00:00
1754244000000,3488.0,3497.03,3479.51,3494.5,58639.199,2025-08-03 18:00:00
1754247600000,3494.5,3512.99,3486.67,3495.0,90822.271,2025-08-03 19:00:00
1754251200000,3495.0,3496.58,3481.21,3490.45,72333.278,2025-08-03 20:00:00
1754254800000,3490.46,3507.4,3486.78,3500.89,58924.423,2025-08-03 21:00:00
1754258400000,3500.89,3513.33,3481.4,3501.77,80326.626,2025-08-03 22:00:00
1754262000000,3501.78,3520.9,3494.55,3495.49,124748.484,2025-08-03 23:00:00
1754265600000,3495.49,3550.93,3489.16,3544.39,215101.083,2025-08-04 00:00:00
1754269200000,3544.4,3557.0,3531.53,3536.29,173720.893,2025-08-04 01:00:00
1754272800000,3536.28,3570.29,3523.0,3569.99,186505.652,2025-08-04 02:00:00
1754276400000,3570.0,3575.54,3552.85,3555.0,91824.437,2025-08-04 03:00:00
1754280000000,3555.01,3564.0,3533.99,3538.37,133717.911,2025-08-04 04:00:00
1754283600000,3538.37,3540.38,3522.23,3532.2,101819.228,2025-08-04 05:00:00
1754287200000,3532.21,3541.03,3516.45,3537.41,124280.522,2025-08-04 06:00:00
1754290800000,3537.41,3552.99,3534.95,3550.99,92096.728,2025-08-04 07:00:00
1754294400000,3550.98,3563.4,3540.15,3548.86,161865.851,2025-08-04 08:00:00
1754298000000,3548.87,3561.91,3543.69,3545.49,88552.116,2025-08-04 09:00:00
1754301600000,3545.5,3573.16,3543.02,3552.64,110387.635,2025-08-04 10:00:00
1754305200000,3552.8,3564.63,3548.08,3553.62,72512.228,2025-08-04 11:00:00
1754308800000,3553.62,3571.86,3549.01,3568.46,81187.287,2025-08-04 12:00:00
1754312400000,3568.47,3619.99,3558.1,3619.2,471937.203,2025-08-04 13:00:00
1754316000000,3619.2,3664.26,3616.0,3637.49,561591.836,2025-08-04 14:00:00
1754319600000,3637.49,3655.32,3632.54,3646.59,146760.32,2025-08-04 15:00:00
1754323200000,3646.59,3697.92,3646.59,3683.61,324181.284,2025-08-04 16:00:00
1754326800000,3683.61,3716.98,3676.0,3680.04,299050.974,2025-08-04 17:00:00
1754330400000,3680.0,3692.88,3670.02,3675.29,110829.302,2025-08-04 18:00:00
1754334000000,3675.28,3686.99,3664.0,3668.23,95484.54,2025-08-04 19:00:00
1754337600000,3668.24,3712.55,3659.5,3698.37,151499.065,2025-08-04 20:00:00
1754341200000,3698.36,3733.09,3697.23,3708.45,146067.802,2025-08-04 21:00:00
1754344800000,3708.46,3735.44,3708.46,3730.75,106358.082,2025-08-04 22:00:00
1754348400000,3730.75,3731.5,3707.16,3719.2,81674.367,2025-08-04 23:00:00
1754352000000,3719.19,3719.78,3691.45,3695.48,106782.483,2025-08-05 00:00:00
1754355600000,3695.49,3705.65,3676.0,3678.37,115489.757,2025-08-05 01:00:00
1754359200000,3678.36,3686.41,3671.1,3679.0,80015.637,2025-08-05 02:00:00
1754362800000,3679.0,3680.0,3647.12,3650.67,175823.875,2025-08-05 03:00:00
1754366400000,3650.67,3666.87,3642.29,3648.06,130860.582,2025-08-05 04:00:00
1754370000000,3648.06,3667.5,3645.62,3663.18,95655.239,2025-08-05 05:00:00
1754373600000,3663.19,3678.2,3632.6,3649.5,210371.41,2025-08-05 06:00:00
1754377200000,3649.5,3655.48,3599.55,3612.1,336497.604,2025-08-05 07:00:00
1754380800000,3612.1,3638.48,3606.6,3633.63,181669.122,2025-08-05 08:00:00
1754384400000,3633.63,3665.99,3632.08,3658.99,169064.877,2025-08-05 09:00:00
1754388000000,3659.0,3693.0,3652.0,3681.47,202091.083,2025-08-05 10:00:00
1754391600000,3681.48,3684.83,3660.03,3672.3,135673.378,2025-08-05 11:00:00
1754395200000,3672.3,3679.83,3606.97,3627.07,326921.561,2025-08-05 12:00:00
1754398800000,3627.06,3658.02,3617.0,3645.45,226152.434,2025-08-05 13:00:00
1754402400000,3645.31,3646.22,3558.0,3577.24,628647.028,2025-08-05 14:00:00
1754406000000,3577.24,3597.0,3555.07,3569.3,296411.162,2025-08-05 15:00:00
1754409600000,3569.29,3593.14,3561.25,3576.03,192476.506,2025-08-05 16:00:00
1754413200000,3576.03,3607.73,3574.82,3603.84,124673.778,2025-08-05 17:00:00
1754416800000,3603.85,3611.7,3565.23,3586.38,110542.442,2025-08-05 18:00:00
1754420400000,3586.38,3592.88,3557.57,3570.35,86445.804,2025-08-05 19:00:00
1754424000000,3570.35,3596.32,3570.34,3575.33,75008.373,2025-08-05 20:00:00
1754427600000,3575.33,3589.45,3567.77,3574.08,42185.489,2025-08-05 21:00:00
1754431200000,3574.07,3598.72,3543.0,3595.5,141350.899,2025-08-05 22:00:00
1754434800000,3595.36,3624.0,3592.0,3610.29,114572.236,2025-08-05 23:00:00
1754438400000,3610.3,3612.49,3569.99,3575.5,141427.763,2025-08-06 00:00:00
1754442000000,3575.51,3592.73,3562.41,3590.91,125309.956,2025-08-06 01:00:00
1754445600000,3590.9,3595.0,3573.1,3591.16,70402.153,2025-08-06 02:00:00
1754449200000,3591.17,3593.4,3570.64,3582.19,66758.263,2025-08-06 03:00:00
1754452800000,3582.18,3583.71,3568.4,3572.28,52436.943,2025-08-06 04:00:00
1754456400000,3572.29,3661.73,3568.1,3637.36,377844.052,2025-08-06 05:00:00
1754460000000,3637.37,3643.0,3615.79,3630.93,153587.434,2025-08-06 06:00:00
1754463600000,3630.93,3646.88,3622.72,3638.52,93022.2,2025-08-06 07:00:00
1754467200000,3638.51,3641.84,3608.02,3621.09,133327.154,2025-08-06 08:00:00
1754470800000,3621.08,3644.21,3615.12,3626.18,113460.148,2025-08-06 09:00:00
1754474400000,3626.18,3632.58,3610.3,3615.57,103585.064,2025-08-06 10:00:00
1754478000000,3615.57,3629.97,3608.12,3618.59,62235.104,2025-08-06 11:00:00
1754481600000,3618.59,3622.52,3577.0,3583.43,221018.606,2025-08-06 12:00:00
1754485200000,3583.43,3603.84,3571.0,3601.0,202876.601,2025-08-06 13:00:00
1754488800000,3601.0,3635.63,3585.84,3635.63,268311.474,2025-08-06 14:00:00
1754492400000,3635.63,3667.97,3618.23,3662.64,223143.882,2025-08-06 15:00:00
1754496000000,3662.64,3673.02,3638.81,3643.49,191011.608,2025-08-06 16:00:00
1754499600000,3643.49,3683.95,3636.85,3680.41,127950.328,2025-08-06 17:00:00
1754503200000,3680.4,3697.92,3671.33,3675.49,140646.798,2025-08-06 18:00:00
1754506800000,3675.5,3684.83,3667.13,3682.02,61992.719,2025-08-06 19:00:00
1754510400000,3682.01,3682.01,3665.14,3672.56,39721.384,2025-08-06 20:00:00
1754514000000,3672.57,3683.67,3650.42,3668.54,75714.702,2025-08-06 21:00:00
1754517600000,3668.53,3681.27,3664.03,3680.79,50817.074,2025-08-06 22:00:00
1754521200000,3680.79,3684.63,3671.98,3680.97,40646.155,2025-08-06 23:00:00
1754524800000,3680.97,3681.0,3662.0,3672.65,68621.435,2025-08-07 00:00:00
1754528400000,3672.65,3716.0,3665.0,3666.0,226620.035,2025-08-07 01:00:00
1754532000000,3666.0,3676.16,3648.36,3657.82,133917.733,2025-08-07 02:00:00
1754535600000,3657.82,3663.43,3646.1,3655.12,72203.657,2025-08-07 03:00:00
1754539200000,3655.13,3669.12,3653.4,3660.56,57494.749,2025-08-07 04:00:00
1754542800000,3660.56,3687.45,3657.43,3685.81,107708.987,2025-08-07 05:00:00
1754546400000,3685.82,3709.52,3684.0,3693.18,185661.639,2025-08-07 06:00:00
1754550000000,3693.19,3708.0,3692.0,3700.71,80440.881,2025-08-07 07:00:00
1754553600000,3700.72,3726.04,3700.43,3719.59,188992.402,2025-08-07 08:00:00
1754557200000,3719.59,3733.52,3712.93,3729.72,111354.916,2025-08-07 09:00:00
1754560800000,3729.71,3824.75,3727.71,3819.2,714060.171,2025-08-07 10:00:00
1754564400000,3819.2,3844.51,3805.0,3825.78,312784.513,2025-08-07 11:00:00
1754568000000,3825.77,3851.91,3822.15,3848.22,237862.468,2025-08-07 12:00:00
1754571600000,3848.22,3864.65,3825.37,3856.09,335585.717,2025-08-07 13:00:00
1754575200000,3856.08,3857.0,3801.6,3817.81,369349.391,2025-08-07 14:00:00
1754578800000,3817.82,3838.94,3812.5,3834.81,153860.671,2025-08-07 15:00:00
1754582400000,3834.81,3841.54,3778.77,3813.23,323884.481,2025-08-07 16:00:00
1754586000000,3813.23,3833.55,3802.48,3828.14,119090.049,2025-08-07 17:00:00
1754589600000,3828.14,3829.5,3806.49,3825.53,71421.198,2025-08-07 18:00:00
1754593200000,3825.54,3876.54,3820.36,3865.81,219009.407,2025-08-07 19:00:00
1754596800000,3865.81,3879.57,3849.51,3872.47,100237.902,2025-08-07 20:00:00
1754600400000,3872.46,3886.36,3856.7,3869.41,92516.693,2025-08-07 21:00:00
1754604000000,3869.4,3926.88,3866.33,3914.99,241121.36,2025-08-07 22:00:00
1754607600000,3915.0,3917.32,3887.72,3908.47,143966.432,2025-08-07 23:00:00
1754611200000,3908.46,3936.34,3880.9,3898.61,302008.011,2025-08-08 00:00:00
1754614800000,3898.61,3917.26,3875.86,3885.99,179158.395,2025-08-08 01:00:00
1754618400000,3885.99,3904.55,3878.12,3892.03,102810.599,2025-08-08 02:00:00
1754622000000,3892.02,3968.96,3890.8,3938.0,314317.306,2025-08-08 03:00:00
1754625600000,3938.0,3938.0,3914.0,3919.6,111600.632,2025-08-08 04:00:00
1754629200000,3919.6,3919.9,3893.29,3900.25,111820.33,2025-08-08 05:00:00
1754632800000,3900.24,3919.19,3893.76,3913.61,93441.429,2025-08-08 06:00:00
1754636400000,3913.61,3928.32,3899.04,3914.8,103478.701,2025-08-08 07:00:00
1754640000000,3914.8,3926.5,3883.35,3897.5,150362.127,2025-08-08 08:00:00
1754643600000,3897.49,3901.5,3883.21,3899.07,77496.184,2025-08-08 09:00:00
1754647200000,3899.07,3907.9,3885.46,3896.32,67776.389,2025-08-08 10:00:00
1754650800000,3896.33,3919.87,3896.33,3916.91,101056.533,2025-08-08 11:00:00
1754654400000,3916.9,3917.43,3891.0,3891.01,90415.441,2025-08-08 12:00:00
1754658000000,3891.0,4013.02,3890.04,3999.01,539296.305,2025-08-08 13:00:00
1754661600000,3999.01,4005.0,3942.0,3983.49,488050.62,2025-08-08 14:00:00
1754665200000,3983.49,3988.0,3925.23,3953.29,296420.098,2025-08-08 15:00:00
1754668800000,3953.3,3976.0,3948.24,3969.67,136745.554,2025-08-08 16:00:00
1754672400000,3969.66,4034.62,3966.48,4031.91,350766.254,2025-08-08 17:00:00
1754676000000,4031.92,4058.12,4028.89,4056.29,288000.608,2025-08-08 18:00:00
1754679600000,4056.28,4066.0,4030.04,4060.0,142450.116,2025-08-08 19:00:00
1754683200000,4059.99,4072.58,4045.0,4056.94,91704.358,2025-08-08 20:00:00
1754686800000,4056.94,4058.33,4036.96,4036.96,51016.574,2025-08-08 21:00:00
1754690400000,4036.96,4038.57,4016.0,4024.29,105674.287,2025-08-08 22:00:00
1754694000000,4024.29,4032.36,4006.26,4009.66,63909.579,2025-08-08 23:00:00
1754697600000,4009.66,4026.29,4006.23,4016.5,74437.839,2025-08-09 00:00:00
1754701200000,4016.49,4037.0,4009.25,4032.04,79326.859,2025-08-09 01:00:00
1754704800000,4032.0,4037.71,4023.14,4031.03,48831.052,2025-08-09 02:00:00
1754708400000,4031.03,4050.83,4024.51,4049.48,116540.464,2025-08-09 03:00:00
1754712000000,4049.49,4100.8,4043.2,4079.57,295046.852,2025-08-09 04:00:00
1754715600000,4079.58,4218.0,4074.19,4181.89,744328.374,2025-08-09 05:00:00
1754719200000,4181.9,4183.79,4143.0,4162.5,233908.283,2025-08-09 06:00:00
1754722800000,4162.5,4177.57,4156.16,4170.39,89284.819,2025-08-09 07:00:00
1754726400000,4170.4,4203.45,4164.49,4189.7,185164.754,2025-08-09 08:00:00
1754730000000,4189.7,4240.0,4173.32,4218.51,286703.014,2025-08-09 09:00:00
1754733600000,4218.52,4248.9,4212.4,4216.79,251402.868,2025-08-09 10:00:00
1754737200000,4216.79,4217.78,4185.55,4190.7,166223.01,2025-08-09 11:00:00
1754740800000,4190.71,4207.73,4182.0,4196.11,117240.073,2025-08-09 12:00:00
1754744400000,4196.1,4199.62,4165.15,4166.43,182813.277,2025-08-09 13:00:00
1754748000000,4166.43,4199.0,4154.0,4196.51,179749.268,2025-08-09 14:00:00
1754751600000,4196.51,4228.35,4171.17,4209.01,264862.123,2025-08-09 15:00:00
1754755200000,4209.01,4228.0,4193.3,4207.53,137052.847,2025-08-09 16:00:00
1754758800000,4207.52,4240.0,4200.04,4234.9,126962.953,2025-08-09 17:00:00
1754762400000,4234.91,4258.13,4221.0,4242.7,152481.379,2025-08-09 18:00:00
1754766000000,4242.7,4273.79,4237.01,4258.81,135184.88,2025-08-09 19:00:00
1754769600000,4258.81,4295.0,4257.0,4291.88,185745.751,2025-08-09 20:00:00
1754773200000,4291.89,4304.27,4263.89,4279.45,187703.955,2025-08-09 21:00:00
1754776800000,4279.45,4330.0,4242.07,4266.55,299405.398,2025-08-09 22:00:00
1754780400000,4266.55,4277.25,4250.0,4262.77,97878.0,2025-08-09 23:00:00
1754784000000,4262.78,4334.57,4250.18,4312.09,209783.418,2025-08-10 00:00:00
1754787600000,4312.09,4324.53,4289.4,4302.63,159807.162,2025-08-10 01:00:00
1754791200000,4302.62,4306.97,4250.0,4250.0,235142.045,2025-08-10 02:00:00
1754794800000,4250.0,4261.0,4207.44,4244.4,378268.097,2025-08-10 03:00:00
1754798400000,4244.4,4266.95,4228.64,4253.56,134644.737,2025-08-10 04:00:00
1754802000000,4253.57,4253.69,4213.09,4222.96,171745.838,2025-08-10 05:00:00
1754805600000,4222.96,4239.23,4205.21,4226.98,145681.869,2025-08-10 06:00:00
1754809200000,4226.99,4235.82,4176.98,4186.5,229327.002,2025-08-10 07:00:00
1754812800000,4186.5,4219.9,4160.12,4210.0,231289.53,2025-08-10 08:00:00
1754816400000,4210.0,4231.97,4209.99,4226.23,97772.325,2025-08-10 09:00:00
1754820000000,4226.24,4233.66,4194.01,4198.73,168758.312,2025-08-10 10:00:00
1754823600000,4198.73,4222.22,4177.0,4181.49,164042.116,2025-08-10 11:00:00
1754827200000,4181.49,4202.6,4172.56,4201.88,117578.872,2025-08-10 12:00:00
1754830800000,4201.88,4206.59,4164.08,4167.81,122236.882,2025-08-10 13:00:00
1754834400000,4167.81,4227.68,4162.02,4219.17,195280.712,2025-08-10 14:00:00
1754838000000,4219.18,4239.0,4210.75,4217.63,120052.487,2025-08-10 15:00:00
1754841600000,4217.63,4243.89,4214.5,4233.01,98141.371,2025-08-10 16:00:00
1754845200000,4233.02,4248.0,4223.18,4224.42,63898.962,2025-08-10 17:00:00
1754848800000,4224.43,4237.48,4217.84,4236.11,42286.121,2025-08-10 18:00:00
1754852400000,4236.11,4259.91,4230.61,4248.87,86356.649,2025-08-10 19:00:00
1754856000000,4248.86,4250.83,4205.13,4217.12,136015.512,2025-08-10 20:00:00
1754859600000,4217.13,4223.71,4186.26,4223.28,150751.138,2025-08-10 21:00:00
1754863200000,4223.28,4250.86,4204.64,4250.55,85771.225,2025-08-10 22:00:00
1754866800000,4250.55,4255.0,4228.0,4250.79,105879.91,2025-08-10 23:00:00
1754870400000,4250.79,4285.66,4238.17,4262.66,215032.635,2025-08-11 00:00:00
1754874000000,4262.66,4320.0,4261.0,4302.81,309160.198,2025-08-11 01:00:00
1754877600000,4302.82,4343.27,4293.58,4308.83,307510.212,2025-08-11 02:00:00
1754881200000,4308.84,4312.0,4283.5,4308.99,158749.948,2025-08-11 03:00:00
1754884800000,4309.0,4349.83,4304.0,4319.24,232446.524,2025-08-11 04:00:00
1754888400000,4319.25,4330.69,4292.0,4305.3,134666.196,2025-08-11 05:00:00
1754892000000,4305.3,4312.45,4294.32,4298.22,128211.993,2025-08-11 06:00:00
1754895600000,4298.23,4303.8,4266.57,4274.08,175556.966,2025-08-11 07:00:00
1754899200000,4274.08,4285.39,4253.4,4281.81,175397.507,2025-08-11 08:00:00
1754902800000,4281.8,4284.0,4261.05,4266.57,97760.203,2025-08-11 09:00:00
1754906400000,4266.57,4269.61,4218.66,4235.92,263437.552,2025-08-11 10:00:00
1754910000000,4235.93,4239.66,4170.74,4184.76,369622.415,2025-08-11 11:00:00
1754913600000,4184.75,4195.51,4165.68,4183.83,235092.757,2025-08-11 12:00:00
1754917200000,4183.83,4302.16,4170.13,4279.48,578647.898,2025-08-11 13:00:00
1754920800000,4279.48,4320.0,4262.09,4277.09,455867.27,2025-08-11 14:00:00
1754924400000,4277.1,4332.99,4257.67,4329.19,283027.162,2025-08-11 15:00:00
1754928000000,4329.2,4368.0,4310.72,4311.0,420742.891,2025-08-11 16:00:00
1754931600000,4311.0,4322.32,4282.48,4293.16,227205.29,2025-08-11 17:00:00
1754935200000,4293.15,4308.0,4266.26,4294.46,189196.907,2025-08-11 18:00:00
1754938800000,4294.46,4308.53,4232.59,4258.31,198074.599,2025-08-11 19:00:00
1754942400000,4258.3,4258.3,4220.02,4242.26,144906.421,2025-08-11 20:00:00
1754946000000,4242.25,4255.4,4188.0,4219.4,162083.161,2025-08-11 21:00:00
1754949600000,4219.4,4224.27,4188.61,4219.65,132809.281,2025-08-11 22:00:00
1754953200000,4219.65,4235.01,4213.1,4221.91,93257.011,2025-08-11 23:00:00
1754956800000,4221.91,4284.0,4216.16,4273.24,158017.431,2025-08-12 00:00:00
1754960400000,4273.2,4290.0,4257.51,4269.33,117975.543,2025-08-12 01:00:00
1754964000000,4269.33,4310.87,4261.0,4290.38,123502.627,2025-08-12 02:00:00
1754967600000,4290.38,4303.8,4274.23,4284.41,88258.088,2025-08-12 03:00:00
1754971200000,4284.4,4320.57,4279.09,4309.11,108937.849,2025-08-12 04:00:00
1754974800000,4309.12,4309.12,4263.73,4284.0,159439.815,2025-08-12 05:00:00
1754978400000,4283.99,4312.33,4271.1,4289.31,139290.862,2025-08-12 06:00:00
1754982000000,4289.3,4317.99,4289.3,4314.0,94690.362,2025-08-12 07:00:00
1754985600000,4314.0,4331.86,4294.1,4309.26,161448.807,2025-08-12 08:00:00
1754989200000,4309.27,4315.88,4284.0,4286.7,117525.517,2025-08-12 09:00:00
1754992800000,4286.71,4299.0,4272.25,4276.65,125800.91,2025-08-12 10:00:00
1754996400000,4276.65,4296.64,4256.0,4289.46,157068.472,2025-08-12 11:00:00
1755000000000,4289.47,4428.18,4276.34,4404.41,799266.306,2025-08-12 12:00:00
1755003600000,4404.41,4434.07,4351.0,4380.81,624346.579,2025-08-12 13:00:00
1755007200000,4380.81,4423.35,4373.49,4412.9,253112.333,2025-08-12 14:00:00
1755010800000,4412.9,4479.8,4412.09,4470.3,400836.951,2025-08-12 15:00:00
1755014400000,4470.31,4486.0,4438.33,4465.0,302616.502,2025-08-12 16:00:00
1755018000000,4465.0,4508.33,4462.1,4498.65,407616.233,2025-08-12 17:00:00
1755021600000,4498.66,4518.12,4476.0,4489.31,212412.909,2025-08-12 18:00:00
1755025200000,4489.3,4518.15,4481.02,4515.85,118337.576,2025-08-12 19:00:00
1755028800000,4515.85,4642.41,4503.0,4620.63,577118.962,2025-08-12 20:00:00
1755032400000,4620.63,4620.63,4577.63,4586.0,163540.275,2025-08-12 21:00:00
1755036000000,4586.13,4591.79,4562.65,4575.72,148131.468,2025-08-12 22:00:00
1755039600000,4575.72,4616.0,4572.67,4589.81,191509.304,2025-08-12 23:00:00
1755043200000,4589.82,4638.82,4583.0,4613.55,201925.003,2025-08-13 00:00:00
1755046800000,4613.55,4617.4,4563.02,4584.62,219169.168,2025-08-13 01:00:00
1755050400000,4584.62,4628.0,4568.0,4622.49,161492.16,2025-08-13 02:00:00
1755054000000,4622.49,4656.36,4607.1,4645.85,230820.876,2025-08-13 03:00:00
1755057600000,4645.84,4683.92,4644.39,4673.69,287969.669,2025-08-13 04:00:00
1755061200000,4673.69,4674.99,4621.01,4632.01,208516.396,2025-08-13 05:00:00
1755064800000,4632.0,4649.72,4608.47,4623.41,169423.876,2025-08-13 06:00:00
1755068400000,4623.41,4633.26,4611.35,4625.48,102304.837,2025-08-13 07:00:00
1755072000000,4625.48,4639.76,4609.06,4626.43,122898.03,2025-08-13 08:00:00
1755075600000,4626.43,4715.0,4623.18,4708.0,316514.157,2025-08-13 09:00:00
1755079200000,4708.0,4718.0,4688.68,4694.8,213130.301,2025-08-13 10:00:00
1755082800000,4694.8,4709.0,4669.0,4690.37,154523.275,2025-08-13 11:00:00
1755086400000,4690.37,4724.0,4675.04,4686.5,249489.66,2025-08-13 12:00:00
1755090000000,4686.5,4737.46,4645.0,4670.8,532913.124,2025-08-13 13:00:00
1755093600000,4670.8,4705.46,4633.64,4648.72,440773.091,2025-08-13 14:00:00
1755097200000,4648.71,4674.75,4616.43,4665.14,269204.496,2025-08-13 15:00:00
1755100800000,4665.14,4738.18,4661.41,4701.07,307203.614,2025-08-13 16:00:00
1755104400000,4701.06,4736.84,4697.56,4726.51,182658.9,2025-08-13 17:00:00
1755108000000,4726.51,4752.26,4688.27,4715.67,215069.421,2025-08-13 18:00:00
1755111600000,4715.67,4751.58,4708.59,4739.63,167594.79,2025-08-13 19:00:00
1755115200000,4739.63,4743.0,4696.0,4718.09,102425.862,2025-08-13 20:00:00
1755118800000,4718.09,4778.46,4714.06,4721.39,205382.398,2025-08-13 21:00:00
1755122400000,4721.38,4785.55,4706.22,4733.69,220392.314,2025-08-13 22:00:00
1755126000000,4733.7,4784.4,4732.79,4749.93,143198.114,2025-08-13 23:00:00
1755129600000,4749.93,4766.95,4713.0,4717.64,191152.321,2025-08-14 00:00:00
1755133200000,4717.64,4750.79,4710.05,4722.17,113837.77,2025-08-14 01:00:00
1755136800000,4722.14,4771.44,4720.11,4752.43,122845.365,2025-08-14 02:00:00
1755140400000,4752.44,4782.74,4743.88,4776.69,139524.341,2025-08-14 03:00:00
1755144000000,4776.69,4788.88,4753.26,4760.86,137657.51,2025-08-14 04:00:00
1755147600000,4760.86,4773.78,4726.8,4734.07,160383.55,2025-08-14 05:00:00
1755151200000,4734.06,4794.89,4718.96,4777.27,270612.496,2025-08-14 06:00:00
1755154800000,4777.27,4777.28,4732.3,4750.8,189602.595,2025-08-14 07:00:00
1755158400000,4750.79,4751.87,4722.0,4728.43,121986.061,2025-08-14 08:00:00
1755162000000,4728.42,4766.44,4721.0,4760.65,158042.58,2025-08-14 09:00:00
1755165600000,4760.64,4768.59,4673.24,4709.11,362199.796,2025-08-14 10:00:00
1755169200000,4709.11,4723.85,4694.06,4721.49,158652.457,2025-08-14 11:00:00
1755172800000,4721.5,4739.51,4516.04,4570.89,1198643.072,2025-08-14 12:00:00
1755176400000,4570.9,4638.66,4455.34,4613.65,1161464.935,2025-08-14 13:00:00
1755180000000,4613.64,4704.73,4581.22,4671.8,583097.619,2025-08-14 14:00:00
1755183600000,4671.8,4687.28,4589.0,4620.01,472382.978,2025-08-14 15:00:00
1755187200000,4620.01,4625.13,4515.27,4546.81,568030.196,2025-08-14 16:00:00
1755190800000,4546.81,4564.97,4506.85,4549.34,229844.224,2025-08-14 17:00:00
1755194400000,4549.4,4560.0,4480.0,4538.05,276847.174,2025-08-14 18:00:00
1755198000000,4538.05,4574.53,4533.9,4537.01,121559.001,2025-08-14 19:00:00
1755201600000,4537.01,4546.19,4505.38,4532.86,135785.525,2025-08-14 20:00:00
1755205200000,4532.86,4544.2,4452.0,4477.26,223567.274,2025-08-14 21:00:00
1755208800000,4477.26,4532.68,4457.0,4531.62,133236.11,2025-08-14 22:00:00
1755212400000,4531.62,4571.6,4529.1,4545.6,117747.799,2025-08-14 23:00:00
1755216000000,4545.6,4590.87,4536.1,4562.05,141407.027,2025-08-15 00:00:00
1755219600000,4562.06,4612.91,4555.0,4603.51,161127.554,2025-08-15 01:00:00
1755223200000,4603.51,4642.38,4595.24,4620.6,151945.959,2025-08-15 02:00:00
1755226800000,4620.6,4649.93,4612.43,4633.44,121274.15,2025-08-15 03:00:00
1755230400000,4633.44,4646.87,4614.0,4624.67,104424.904,2025-08-15 04:00:00
1755234000000,4624.67,4632.0,4604.04,4618.23,105290.232,2025-08-15 05:00:00
1755237600000,4618.23,4661.93,4617.26,4646.55,163233.923,2025-08-15 06:00:00
1755241200000,4646.55,4652.93,4626.0,4640.68,126209.44,2025-08-15 07:00:00
1755244800000,4640.67,4665.83,4632.59,4640.01,114050.918,2025-08-15 08:00:00
1755248400000,4640.01,4652.5,4612.0,4623.47,125395.573,2025-08-15 09:00:00
1755252000000,4623.47,4649.0,4622.84,4634.77,81536.102,2025-08-15 10:00:00
1755255600000,4634.77,4646.5,4621.79,4633.26,79369.785,2025-08-15 11:00:00
1755259200000,4633.27,4673.0,4590.44,4627.0,334463.334,2025-08-15 12:00:00
1755262800000,4627.0,4630.0,4533.01,4539.91,395068.452,2025-08-15 13:00:00
1755266400000,4539.91,4577.0,4473.57,4492.51,507560.981,2025-08-15 14:00:00
1755270000000,4492.52,4499.5,4393.0,4429.99,687389.194,2025-08-15 15:00:00
1755273600000,4430.0,4433.54,4372.35,4415.34,494328.477,2025-08-15 16:00:00
1755277200000,4415.34,4460.5,4373.0,4438.48,365171.48,2025-08-15 17:00:00
1755280800000,4438.48,4454.8,4378.18,4395.54,221148.395,2025-08-15 18:00:00
1755284400000,4395.54,4426.0,4374.46,4382.41,166465.889,2025-08-15 19:00:00
1755288000000,4382.4,4433.0,4365.48,4424.22,155464.658,2025-08-15 20:00:00
1755291600000,4424.18,4429.67,4390.1,4427.85,89422.103,2025-08-15 21:00:00
1755295200000,4427.85,4478.47,4410.69,4474.1,143503.105,2025-08-15 22:00:00
1755298800000,4474.1,4489.58,4408.0,4438.05,161999.576,2025-08-15 23:00:00
1755302400000,4438.04,4482.38,4430.29,4474.29,124426.754,2025-08-16 00:00:00
1755306000000,4474.3,4488.2,4451.0,4485.4,126236.071,2025-08-16 01:00:00
1755309600000,4485.4,4485.4,4432.49,4443.37,105358.828,2025-08-16 02:00:00
1755313200000,4443.38,4456.38,4423.02,4431.67,73263.691,2025-08-16 03:00:00
1755316800000,4431.67,4456.86,4428.27,4453.15,67131.06,2025-08-16 04:00:00
1755320400000,4453.15,4453.88,4415.48,4420.19,93383.233,2025-08-16 05:00:00
1755324000000,4420.19,4433.91,4405.59,4417.64,101231.653,2025-08-16 06:00:00
1755327600000,4417.64,4462.22,4417.39,4449.51,123716.742,2025-08-16 07:00:00
1755331200000,4449.51,4457.16,4437.06,4440.76,62342.33,2025-08-16 08:00:00
1755334800000,4440.77,4457.2,4387.5,4395.5,154033.702,2025-08-16 09:00:00
1755338400000,4395.5,4413.51,4372.01,4403.46,245200.554,2025-08-16 10:00:00
1755342000000,4403.47,4423.96,4384.08,4386.86,117678.116,2025-08-16 11:00:00
1755345600000,4386.86,4411.0,4374.07,4409.0,157853.046,2025-08-16 12:00:00
1755349200000,4409.0,4427.45,4382.05,4392.37,152314.357,2025-08-16 13:00:00
1755352800000,4392.37,4417.82,4386.04,4411.5,97913.306,2025-08-16 14:00:00
1755356400000,4411.49,4417.59,4385.01,4398.8,87719.099,2025-08-16 15:00:00
1755360000000,4398.8,4415.63,4394.0,4406.6,74671.309,2025-08-16 16:00:00
1755363600000,4406.6,4408.09,4388.61,4403.22,50828.054,2025-08-16 17:00:00
1755367200000,4403.21,4421.65,4397.38,4408.0,53696.091,2025-08-16 18:00:00
1755370800000,4408.0,4440.98,4406.14,4417.01,75242.458,2025-08-16 19:00:00
1755374400000,4417.01,4436.34,4407.81,4430.04,58764.761,2025-08-16 20:00:00
1755378000000,4430.03,4430.04,4403.43,4405.91,36349.502,2025-08-16 21:00:00
1755381600000,4405.91,4432.85,4400.65,4424.35,53430.701,2025-08-16 22:00:00
1755385200000,4424.35,4429.05,4408.06,4420.28,36972.164,2025-08-16 23:00:00
1755388800000,4420.28,4425.86,4408.11,4410.81,44871.33,2025-08-17 00:00:00
1755392400000,4410.81,4419.33,4391.6,4404.76,100269.265,2025-08-17 01:00:00
1755396000000,4404.75,4432.31,4397.0,4432.3,78961.399,2025-08-17 02:00:00
1755399600000,4432.29,4457.42,4425.53,4450.63,136656.373,2025-08-17 03:00:00
1755403200000,4450.63,4487.43,4449.65,4481.22,182602.655,2025-08-17 04:00:00
1755406800000,4481.21,4488.8,4464.19,4467.62,99258.083,2025-08-17 05:00:00
1755410400000,4467.62,4481.9,4453.16,4455.04,86156.505,2025-08-17 06:00:00
1755414000000,4455.04,4470.42,4441.41,4464.88,100840.298,2025-08-17 07:00:00
1755417600000,4464.87,4536.77,4456.78,4533.0,245691.195,2025-08-17 08:00:00
1755421200000,4533.0,4557.65,4524.09,4540.74,244566.308,2025-08-17 09:00:00
1755424800000,4540.74,4574.99,4526.78,4565.96,136418.782,2025-08-17 10:00:00
1755428400000,4565.96,4567.48,4544.64,4549.74,82111.389,2025-08-17 11:00:00
1755432000000,4549.73,4552.0,4532.26,4539.63,79278.745,2025-08-17 12:00:00
1755435600000,4539.62,4549.47,4515.0,4534.23,145247.278,2025-08-17 13:00:00
1755439200000,4534.22,4557.5,4530.5,4551.36,88039.945,2025-08-17 14:00:00
1755442800000,4551.35,4563.57,4542.48,4559.21,69920.03,2025-08-17 15:00:00
1755446400000,4559.21,4564.57,4501.0,4515.41,204083.101,2025-08-17 16:00:00
1755450000000,4515.41,4532.5,4502.33,4521.7,98577.256,2025-08-17 17:00:00
1755453600000,4521.71,4531.0,4423.0,4466.84,266853.142,2025-08-17 18:00:00
1755457200000,4466.83,4481.83,4444.43,4457.61,175362.152,2025-08-17 19:00:00
1755460800000,4457.61,4476.61,4454.99,4465.2,54440.08,2025-08-17 20:00:00
1755464400000,4465.26,4484.84,4460.12,4472.86,47508.481,2025-08-17 21:00:00
1755468000000,4472.85,4532.81,4469.7,4519.9,125691.645,2025-08-17 22:00:00
1755471600000,4519.89,4521.27,4465.38,4471.49,140549.05,2025-08-17 23:00:00
1755475200000,4471.48,4481.44,4433.8,4461.61,176452.393,2025-08-18 00:00:00
1755478800000,4461.62,4467.88,4381.14,4395.11,356026.637,2025-08-18 01:00:00
1755482400000,4395.1,4401.11,4307.1,4319.19,610957.534,2025-08-18 02:00:00
1755486000000,4319.2,4337.18,4276.0,4318.88,406334.759,2025-08-18 03:00:00
1755489600000,4318.89,4340.0,4301.0,4334.82,184148.788,2025-08-18 04:00:00
1755493200000,4334.82,4346.34,4258.0,4311.52,342881.239,2025-08-18 05:00:00
1755496800000,4311.51,4311.55,4228.0,4251.21,415343.528,2025-08-18 06:00:00
1755500400000,4251.2,4272.45,4233.81,4254.91,202970.304,2025-08-18 07:00:00
1755504000000,4254.91,4285.57,4248.01,4257.56,214931.484,2025-08-18 08:00:00
1755507600000,4257.55,4317.52,4222.47,4290.81,443635.741,2025-08-18 09:00:00
1755511200000,4290.8,4305.93,4256.87,4263.04,202549.86,2025-08-18 10:00:00
1755514800000,4263.04,4277.78,4250.69,4273.01,117815.438,2025-08-18 11:00:00
1755518400000,4273.0,4343.5,4269.2,4341.58,294931.094,2025-08-18 12:00:00
1755522000000,4341.58,4368.0,4280.03,4285.11,422752.897,2025-08-18 13:00:00
1755525600000,4285.12,4332.71,4271.73,4331.7,343508.351,2025-08-18 14:00:00
1755529200000,4331.69,4345.0,4296.0,4344.05,197741.81,2025-08-18 15:00:00
1755532800000,4344.05,4360.0,4298.0,4318.74,215148.124,2025-08-18 16:00:00
1755536400000,4318.74,4380.23,4311.33,4342.0,212016.149,2025-08-18 17:00:00
1755540000000,4342.0,4372.15,4325.6,4366.0,124323.155,2025-08-18 18:00:00
1755543600000,4366.0,4383.87,4342.38,4353.64,142306.541,2025-08-18 19:00:00
1755547200000,4353.6,4366.85,4316.38,4331.42,97279.76,2025-08-18 20:00:00
1755550800000,4331.43,4361.73,4325.58,4352.09,71077.931,2025-08-18 21:00:00
1755554400000,4352.1,4387.0,4338.14,4339.31,123753.577,2025-08-18 22:00:00
1755558000000,4339.3,4349.93,4303.17,4312.51,108538.788,2025-08-18 23:00:00
1755561600000,4312.51,4342.7,4265.3,4341.96,261504.762,2025-08-19 00:00:00
1755565200000,4341.96,4355.0,4285.71,4294.82,188716.404,2025-08-19 01:00:00
1755568800000,4294.82,4300.0,4280.55,4285.4,115739.321,2025-08-19 02:00:00
1755572400000,4285.4,4290.91,4213.03,4218.41,366890.235,2025-08-19 03:00:00
1755576000000,4218.4,4234.81,4191.68,4234.58,270081.42,2025-08-19 04:00:00
1755579600000,4234.58,4249.59,4218.02,4229.7,146399.521,2025-08-19 05:00:00
1755583200000,4229.71,4249.25,4223.39,4240.72,99431.709,2025-08-19 06:00:00
1755586800000,4240.71,4245.49,4203.07,4233.82,158017.898,2025-08-19 07:00:00
1755590400000,4233.82,4268.0,4217.27,4255.65,164496.993,2025-08-19 08:00:00
1755594000000,4255.65,4306.5,4253.27,4280.46,203493.741,2025-08-19 09:00:00
1755597600000,4280.46,4301.02,4274.13,4284.79,101009.066,2025-08-19 10:00:00
1755601200000,4284.8,4316.67,4284.65,4307.7,115144.74,2025-08-19 11:00:00
1755604800000,4307.71,4313.88,4283.33,4304.19,121061.57,2025-08-19 12:00:00
1755608400000,4304.19,4339.96,4262.55,4291.06,385682.576,2025-08-19 13:00:00
1755612000000,4291.05,4305.6,4182.16,4191.1,565697.582,2025-08-19 14:00:00
1755615600000,4191.11,4231.2,4169.62,4190.4,408320.993,2025-08-19 15:00:00
1755619200000,4190.41,4205.62,4135.74,4141.11,399679.343,2025-08-19 16:00:00
1755622800000,4141.11,4188.62,4131.1,4184.46,249329.796,2025-08-19 17:00:00
1755626400000,4184.46,4186.61,4119.76,4144.61,245774.2,2025-08-19 18:00:00
1755630000000,4144.64,4168.0,4112.99,4141.2,261789.435,2025-08-19 19:00:00
1755633600000,4141.23,4164.17,4114.33,4158.27,147550.273,2025-08-19 20:00:00
1755637200000,4158.22,4164.33,4136.28,4152.65,73072.395,2025-08-19 21:00:00
1755640800000,4152.65,4154.47,4118.16,4130.95,108247.667,2025-08-19 22:00:00
1755644400000,4130.94,4134.87,4066.1,4075.0,312268.458,2025-08-19 23:00:00
1755648000000,4074.99,4115.4,4074.23,4104.01,174895.792,2025-08-20 00:00:00
1755651600000,4104.01,4122.91,4060.79,4109.59,269631.935,2025-08-20 01:00:00
1755655200000,4109.6,4142.0,4105.03,4136.81,154076.019,2025-08-20 02:00:00
1755658800000,4136.8,4157.76,4126.65,4140.01,134814.423,2025-08-20 03:00:00
1755662400000,4140.0,4179.66,4138.6,4168.82,162575.223,2025-08-20 04:00:00
1755666000000,4168.81,4182.49,4152.66,4181.36,94179.124,2025-08-20 05:00:00
1755669600000,4181.31,4187.52,4165.06,4180.21,120302.921,2025-08-20 06:00:00
1755673200000,4180.2,4210.95,4180.0,4183.58,192449.902,2025-08-20 07:00:00
1755676800000,4183.58,4238.97,4177.32,4237.4,247659.638,2025-08-20 08:00:00
1755680400000,4237.4,4237.41,4216.0,4220.94,137585.728,2025-08-20 09:00:00
1755684000000,4220.94,4231.73,4208.0,4225.0,98187.565,2025-08-20 10:00:00
1755687600000,4225.01,4230.57,4148.03,4194.21,339717.65,2025-08-20 11:00:00
1755691200000,4194.21,4221.13,4174.07,4203.63,238830.162,2025-08-20 12:00:00
1755694800000,4203.62,4214.2,4126.27,4134.67,463517.737,2025-08-20 13:00:00
1755698400000,4134.67,4234.18,4104.41,4211.49,631940.203,2025-08-20 14:00:00
1755702000000,4211.49,4305.6,4203.76,4253.44,561098.66,2025-08-20 15:00:00
1755705600000,4253.43,4327.12,4252.64,4299.71,365820.355,2025-08-20 16:00:00
1755709200000,4299.71,4363.67,4296.3,4341.51,300270.567,2025-08-20 17:00:00
1755712800000,4341.51,4343.37,4261.1,4289.31,333086.635,2025-08-20 18:00:00
1755716400000,4289.31,4349.99,4284.02,4344.19,189435.652,2025-08-20 19:00:00
1755720000000,4344.18,4369.99,4329.48,4353.01,108621.412,2025-08-20 20:00:00
1755723600000,4353.01,4365.0,4318.57,4340.08,112204.939,2025-08-20 21:00:00
1755727200000,4340.08,4377.08,4335.14,4364.2,90691.434,2025-08-20 22:00:00
1755730800000,4364.2,4365.69,4323.65,4334.59,85800.624,2025-08-20 23:00:00
1755734400000,4334.6,4334.6,4304.25,4322.2,105585.441,2025-08-21 00:00:00
1755738000000,4322.19,4336.0,4294.74,4329.83,103784.439,2025-08-21 01:00:00
1755741600000,4329.82,4338.65,4275.41,4290.88,163588.56,2025-08-21 02:00:00
1755745200000,4290.88,4331.88,4290.42,4293.5,144140.17,2025-08-21 03:00:00
1755748800000,4293.48,4306.13,4282.11,4292.99,99858.241,2025-08-21 04:00:00
1755752400000,4293.0,4319.84,4280.2,4316.14,101385.882,2025-08-21 05:00:00
1755756000000,4316.14,4316.5,4282.0,4305.16,111784.43,2025-08-21 06:00:00
1755759600000,4305.16,4312.0,4268.37,4308.88,151857.24,2025-08-21 07:00:00
1755763200000,4308.88,4313.4,4282.71,4284.12,105853.843,2025-08-21 08:00:00
1755766800000,4284.12,4290.5,4253.81,4275.51,190496.009,2025-08-21 09:00:00
1755770400000,4275.52,4305.17,4262.04,4289.99,130150.397,2025-08-21 10:00:00
1755774000000,4289.99,4308.88,4265.5,4277.7,143344.548,2025-08-21 11:00:00
1755777600000,4277.71,4285.0,4236.0,4248.4,265324.495,2025-08-21 12:00:00
1755781200000,4248.39,4294.43,4240.24,4260.87,263655.295,2025-08-21 13:00:00
1755784800000,4260.88,4326.84,4252.18,4272.59,392017.698,2025-08-21 14:00:00
1755788400000,4272.6,4275.8,4223.73,4241.91,281692.027,2025-08-21 15:00:00
1755792000000,4241.91,4259.81,4213.23,4220.67,212418.585,2025-08-21 16:00:00
1755795600000,4220.68,4245.49,4207.1,4241.01,156593.332,2025-08-21 17:00:00
1755799200000,4241.01,4268.62,4232.47,4260.2,110756.707,2025-08-21 18:00:00
1755802800000,4260.2,4273.45,4215.72,4222.61,127311.72,2025-08-21 19:00:00
1755806400000,4222.6,4259.81,4203.0,4241.31,106429.182,2025-08-21 20:00:00
1755810000000,4241.3,4256.0,4210.0,4242.25,109887.324,2025-08-21 21:00:00
1755813600000,4242.24,4259.38,4235.77,4252.26,38279.812,2025-08-21 22:00:00
1755817200000,4252.25,4252.98,4208.03,4224.5,80616.003,2025-08-21 23:00:00
1755820800000,4224.51,4256.19,4223.11,4245.29,82609.457,2025-08-22 00:00:00
1755824400000,4245.29,4265.41,4221.05,4256.09,113399.504,2025-08-22 01:00:00
1755828000000,4256.09,4314.31,4250.0,4289.59,223383.347,2025-08-22 02:00:00
1755831600000,4289.58,4299.97,4263.33,4277.6,120795.323,2025-08-22 03:00:00
1755835200000,4277.6,4307.39,4272.7,4279.98,134999.701,2025-08-22 04:00:00
1755838800000,4279.99,4292.79,4271.16,4289.69,79472.25,2025-08-22 05:00:00
1755842400000,4289.69,4318.16,4279.1,4293.39,177229.435,2025-08-22 06:00:00
1755846000000,4293.4,4344.35,4289.8,4326.0,226411.215,2025-08-22 07:00:00
1755849600000,4326.01,4353.0,4324.43,4327.35,156829.621,2025-08-22 08:00:00
1755853200000,4327.34,4330.33,4305.0,4327.5,140689.349,2025-08-22 09:00:00
1755856800000,4327.51,4328.6,4287.01,4294.76,126623.442,2025-08-22 10:00:00
1755860400000,4294.8,4298.25,4271.0,4272.7,142257.437,2025-08-22 11:00:00
1755864000000,4272.71,4276.29,4206.05,4243.26,453947.76,2025-08-22 12:00:00
1755867600000,4243.25,4319.43,4231.03,4289.21,393153.441,2025-08-22 13:00:00
1755871200000,4289.2,4646.61,4287.9,4612.15,2242307.395,2025-08-22 14:00:00
1755874800000,4612.15,4667.49,4611.0,4615.35,486223.264,2025-08-22 15:00:00
1755878400000,4615.35,4779.61,4615.35,4745.44,799143.951,2025-08-22 16:00:00
1755882000000,4745.43,4849.0,4745.15,4800.02,710665.711,2025-08-22 17:00:00
1755885600000,4800.02,4806.32,4753.33,4789.77,279609.427,2025-08-22 18:00:00
1755889200000,4789.78,4859.72,4783.48,4832.79,238381.827,2025-08-22 19:00:00
1755892800000,4832.79,4868.4,4812.41,4848.83,195900.435,2025-08-22 20:00:00
1755896400000,4848.83,4888.0,4838.0,4852.42,281888.146,2025-08-22 21:00:00
1755900000000,4852.41,4856.0,4795.0,4811.61,171582.908,2025-08-22 22:00:00
1755903600000,4811.61,4848.7,4808.82,4831.99,89344.708,2025-08-22 23:00:00
1755907200000,4831.99,4832.0,4802.22,4808.4,94904.978,2025-08-23 00:00:00
1755910800000,4808.41,4818.23,4757.0,4780.93,164397.628,2025-08-23 01:00:00
1755914400000,4780.94,4791.97,4663.02,4715.35,467733.834,2025-08-23 02:00:00
1755918000000,4715.35,4724.25,4675.11,4695.5,194567.554,2025-08-23 03:00:00
1755921600000,4695.49,4748.0,4694.15,4747.57,201038.229,2025-08-23 04:00:00
1755925200000,4747.58,4765.89,4728.0,4751.05,116885.328,2025-08-23 05:00:00
1755928800000,4751.05,4762.77,4735.0,4745.36,96500.682,2025-08-23 06:00:00
1755932400000,4745.36,4750.99,4707.4,4713.77,123395.061,2025-08-23 07:00:00
1755936000000,4713.77,4729.99,4697.77,4718.01,112377.077,2025-08-23 08:00:00
1755939600000,4718.0,4742.0,4707.07,4738.22,91880.381,2025-08-23 09:00:00
1755943200000,4738.23,4745.0,4710.01,4711.66,82910.369,2025-08-23 10:00:00
1755946800000,4711.67,4729.89,4690.0,4703.99,86625.217,2025-08-23 11:00:00
1755950400000,4703.99,4734.86,4692.29,4714.4,123824.615,2025-08-23 12:00:00
1755954000000,4714.4,4734.25,4706.53,4717.89,84327.797,2025-08-23 13:00:00
1755957600000,4717.88,4757.55,4715.0,4725.69,179696.517,2025-08-23 14:00:00
1755961200000,4725.69,4768.8,4720.0,4749.22,115564.585,2025-08-23 15:00:00
1755964800000,4749.22,4760.75,4741.4,4741.41,67820.105,2025-08-23 16:00:00
1755968400000,4741.41,4751.0,4725.58,4748.41,54401.822,2025-08-23 17:00:00
1755972000000,4748.42,4758.23,4742.36,4752.24,32642.013,2025-08-23 18:00:00
1755975600000,4752.24,4759.94,4746.47,4757.0,29753.179,2025-08-23 19:00:00
1755979200000,4757.01,4758.1,4740.99,4750.24,31605.654,2025-08-23 20:00:00
1755982800000,4750.23,4752.68,4735.8,4748.56,29935.851,2025-08-23 21:00:00
1755986400000,4748.56,4786.0,4748.5,4781.38,70022.911,2025-08-23 22:00:00
1755990000000,4781.37,4797.95,4766.59,4777.47,85324.133,2025-08-23 23:00:00
1755993600000,4777.47,4817.42,4773.01,4797.2,121393.657,2025-08-24 00:00:00
1755997200000,4797.2,4798.0,4757.44,4775.6,117311.166,2025-08-24 01:00:00
1756000800000,4775.59,4790.0,4770.65,4774.96,55138.084,2025-08-24 02:00:00
1756004400000,4774.96,4796.47,4751.32,4787.76,97186.84,2025-08-24 03:00:00
1756008000000,4787.75,4798.8,4776.0,4792.39,57935.052,2025-08-24 04:00:00
1756011600000,4792.39,4793.04,4778.0,4782.36,38010.686,2025-08-24 05:00:00
1756015200000,4782.39,4785.9,4756.0,4759.81,72469.475,2025-08-24 06:00:00
1756018800000,4759.81,4783.75,4757.09,4758.02,63901.547,2025-08-24 07:00:00
1756022400000,4758.01,4777.71,4743.0,4775.54,93146.928,2025-08-24 08:00:00
1756026000000,4775.53,4785.0,4760.53,4771.01,56861.227,2025-08-24 09:00:00
1756029600000,4771.0,4774.18,4730.4,4739.01,150161.724,2025-08-24 10:00:00
1756033200000,4739.01,4750.5,4718.75,4747.01,140270.152,2025-08-24 11:00:00
1756036800000,4747.01,4757.0,4737.02,4754.16,65466.117,2025-08-24 12:00:00
1756040400000,4754.16,4780.0,4752.58,4767.6,127096.074,2025-08-24 13:00:00
1756044000000,4767.6,4799.48,4758.26,4794.0,149752.598,2025-08-24 14:00:00
1756047600000,4794.01,4830.0,4784.01,4797.1,239627.3,2025-08-24 15:00:00
1756051200000,4797.09,4838.0,4793.59,4820.19,178805.084,2025-08-24 16:00:00
1756054800000,4820.18,4935.5,4819.5,4904.51,473753.264,2025-08-24 17:00:00
1756058400000,4904.5,4958.69,4896.0,4934.3,283136.458,2025-08-24 18:00:00
1756062000000,4934.3,4957.33,4741.58,4812.33,934163.977,2025-08-24 19:00:00
1756065600000,4812.32,4814.71,4708.4,4785.36,486960.411,2025-08-24 20:00:00
1756069200000,4785.37,4823.0,4752.0,4783.2,169112.016,2025-08-24 21:00:00
1756072800000,4783.2,4791.19,4723.0,4780.37,216218.464,2025-08-24 22:00:00
1756076400000,4780.38,4802.84,4771.0,4778.86,128200.109,2025-08-24 23:00:00
1756080000000,4778.86,4796.54,4668.99,4699.67,303297.236,2025-08-25 00:00:00
1756083600000,4699.67,4745.44,4698.07,4730.82,150180.245,2025-08-25 01:00:00
1756087200000,4730.82,4774.96,4726.0,4763.21,123224.632,2025-08-25 02:00:00
1756090800000,4763.21,4773.0,4718.0,4726.0,136744.632,2025-08-25 03:00:00
1756094400000,4726.01,4737.97,4692.0,4717.86,169808.59,2025-08-25 04:00:00
1756098000000,4717.86,4731.57,4701.11,4704.59,104381.626,2025-08-25 05:00:00
1756101600000,4704.59,4708.39,4616.0,4630.83,362459.93,2025-08-25 06:00:00
1756105200000,4630.83,4653.1,4581.31,4591.36,333341.129,2025-08-25 07:00:00
1756108800000,4591.36,4616.72,4557.18,4599.13,290428.293,2025-08-25 08:00:00
1756112400000,4599.13,4614.99,4570.45,4613.37,187545.741,2025-08-25 09:00:00
1756116000000,4613.37,4613.37,4518.0,4544.47,367802.975,2025-08-25 10:00:00
1756119600000,4544.48,4599.13,4543.44,4598.56,201156.389,2025-08-25 11:00:00
1756123200000,4598.55,4645.83,4584.2,4645.61,246377.647,2025-08-25 12:00:00
1756126800000,4645.61,4662.86,4588.82,4628.4,404266.562,2025-08-25 13:00:00
1756130400000,4628.4,4682.3,4618.05,4657.33,297525.187,2025-08-25 14:00:00
1756134000000,4657.33,4666.18,4603.43,4610.2,164671.278,2025-08-25 15:00:00
1756137600000,4610.19,4643.92,4588.49,4593.35,222540.569,2025-08-25 16:00:00
1756141200000,4593.36,4598.38,4561.93,4585.0,207252.551,2025-08-25 17:00:00
1756144800000,4585.0,4595.46,4567.57,4572.63,83503.901,2025-08-25 18:00:00
1756148400000,4572.63,4576.19,4413.5,4418.25,483273.479,2025-08-25 19:00:00
1756152000000,4418.25,4445.1,4331.04,4349.8,630496.205,2025-08-25 20:00:00
1756155600000,4349.8,4386.12,4337.0,4348.84,247756.125,2025-08-25 21:00:00
1756159200000,4348.84,4414.86,4348.84,4390.11,177202.594,2025-08-25 22:00:00
1756162800000,4390.12,4390.12,4351.97,4374.06,148245.146,2025-08-25 23:00:00
1756166400000,4374.06,4393.17,4317.61,4330.1,345537.463,2025-08-26 00:00:00
1756170000000,4330.1,4421.36,4308.8,4419.27,282832.787,2025-08-26 01:00:00
1756173600000,4419.26,4449.75,4386.09,4394.72,223127.635,2025-08-26 02:00:00
1756177200000,4394.71,4407.0,4371.8,4400.85,126589.283,2025-08-26 03:00:00
1756180800000,4400.85,4440.68,4400.85,4432.39,143290.335,2025-08-26 04:00:00
1756184400000,4432.4,4446.0,4418.5,4428.0,93966.428,2025-08-26 05:00:00
1756188000000,4428.0,4439.27,4403.4,4412.31,130430.322,2025-08-26 06:00:00
1756191600000,4412.3,4452.0,4391.19,4426.84,208361.665,2025-08-26 07:00:00
1756195200000,4426.84,4445.09,4403.36,4418.0,132489.272,2025-08-26 08:00:00
1756198800000,4417.99,4440.0,4405.72,4418.21,105955.553,2025-08-26 09:00:00
1756202400000,4418.21,4448.09,4416.1,4438.72,113767.558,2025-08-26 10:00:00
1756206000000,4438.71,4464.59,4406.0,4425.58,189123.499,2025-08-26 11:00:00
1756209600000,4425.58,4534.89,4403.0,4494.6,580949.551,2025-08-26 12:00:00
1756213200000,4494.61,4518.85,4434.0,4478.49,470465.183,2025-08-26 13:00:00
1756216800000,4478.48,4557.93,4451.0,4549.82,437223.984,2025-08-26 14:00:00
1756220400000,4549.81,4577.0,4504.16,4516.29,401381.674,2025-08-26 15:00:00
1756224000000,4516.3,4554.69,4495.75,4552.47,226660.954,2025-08-26 16:00:00
1756227600000,4552.47,4558.82,4502.8,4519.19,181867.776,2025-08-26 17:00:00
1756231200000,4519.2,4562.61,4518.6,4545.82,148785.313,2025-08-26 18:00:00
1756234800000,4545.81,4596.0,4524.24,4594.06,228614.459,2025-08-26 19:00:00
1756238400000,4594.06,4609.21,4567.42,4582.23,170594.302,2025-08-26 20:00:00
1756242000000,4582.22,4605.0,4559.54,4602.28,99548.653,2025-08-26 21:00:00
1756245600000,4602.27,4606.99,4574.74,4598.68,78110.922,2025-08-26 22:00:00
1756249200000,4598.68,4631.53,4587.0,4598.04,146181.088,2025-08-26 23:00:00
1756252800000,4598.04,4599.77,4560.97,4568.01,116170.039,2025-08-27 00:00:00
1756256400000,4568.01,4572.67,4538.0,4560.87,134834.299,2025-08-27 01:00:00
1756260000000,4560.87,4587.0,4544.17,4574.73,131239.987,2025-08-27 02:00:00
1756263600000,4574.72,4624.68,4544.12,4600.46,200471.046,2025-08-27 03:00:00
1756267200000,4600.46,4641.63,4595.97,4626.43,207712.988,2025-08-27 04:00:00
1756270800000,4626.44,4643.99,4607.0,4611.9,123151.852,2025-08-27 05:00:00
1756274400000,4611.89,4611.9,4581.6,4585.0,122461.724,2025-08-27 06:00:00
1756278000000,4584.99,4590.79,4558.55,4578.74,141585.878,2025-08-27 07:00:00
1756281600000,4578.73,4595.58,4553.95,4593.41,132640.168,2025-08-27 08:00:00
1756285200000,4593.41,4619.12,4585.0,4586.32,168864.515,2025-08-27 09:00:00
1756288800000,4586.32,4612.16,4568.21,4578.99,125406.569,2025-08-27 10:00:00
1756292400000,4578.99,4613.57,4578.99,4606.64,79239.442,2025-08-27 11:00:00
1756296000000,4606.65,4623.91,4576.16,4613.27,178260.283,2025-08-27 12:00:00
1756299600000,4613.27,4658.88,4572.02,4593.89,379388.033,2025-08-27 13:00:00
1756303200000,4593.84,4662.84,4581.02,4610.81,324423.614,2025-08-27 14:00:00
1756306800000,4610.81,4657.78,4606.06,4654.8,184764.998,2025-08-27 15:00:00
1756310400000,4654.79,4655.0,4603.0,4628.42,178278.601,2025-08-27 16:00:00
1756314000000,4628.42,4643.15,4607.23,4629.09,106383.138,2025-08-27 17:00:00
1756317600000,4629.08,4641.58,4586.0,4589.25,117126.397,2025-08-27 18:00:00
1756321200000,4589.24,4597.76,4531.03,4563.04,232660.11,2025-08-27 19:00:00
1756324800000,4563.03,4611.71,4508.3,4593.29,401534.126,2025-08-27 20:00:00
1756328400000,4593.29,4595.0,4512.62,4525.79,118460.253,2025-08-27 21:00:00
1756332000000,4525.8,4535.34,4479.0,4522.11,147884.412,2025-08-27 22:00:00
1756335600000,4522.1,4538.0,4489.26,4505.6,112453.744,2025-08-27 23:00:00
1756339200000,4505.6,4521.81,4466.0,4492.66,166119.988,2025-08-28 00:00:00
1756342800000,4492.67,4522.0,4491.9,4515.0,97700.723,2025-08-28 01:00:00
1756346400000,4515.0,4526.76,4505.6,4510.9,68423.224,2025-08-28 02:00:00
1756350000000,4510.9,4546.99,4505.52,4539.87,112298.282,2025-08-28 03:00:00
1756353600000,4539.86,4578.63,4533.0,4569.0,144740.133,2025-08-28 04:00:00
1756357200000,4569.01,4586.0,4551.7,4568.41,124959.608,2025-08-28 05:00:00
1756360800000,4568.41,4584.0,4552.54,4581.36,87451.712,2025-08-28 06:00:00
1756364400000,4581.36,4598.48,4562.57,4594.6,98634.277,2025-08-28 07:00:00
1756368000000,4594.6,4632.57,4592.28,4602.69,203443.091,2025-08-28 08:00:00
1756371600000,4602.68,4603.57,4578.09,4585.4,88972.549,2025-08-28 09:00:00
1756375200000,4585.4,4611.69,4580.1,4609.3,73817.837,2025-08-28 10:00:00
1756378800000,4609.3,4609.41,4581.25,4593.77,67222.841,2025-08-28 11:00:00
1756382400000,4593.77,4612.92,4572.0,4597.69,159849.194,2025-08-28 12:00:00
1756386000000,4597.68,4612.86,4560.2,4573.24,212396.714,2025-08-28 13:00:00
1756389600000,4573.24,4592.22,4541.55,4565.45,215222.667,2025-08-28 14:00:00
1756393200000,4565.45,4571.9,4483.2,4502.43,295128.637,2025-08-28 15:00:00
1756396800000,4502.44,4528.89,4456.7,4463.9,210839.423,2025-08-28 16:00:00
1756400400000,4463.9,4497.08,4461.87,4488.36,153488.694,2025-08-28 17:00:00
1756404000000,4488.36,4508.17,4472.15,4479.53,103515.949,2025-08-28 18:00:00
1756407600000,4479.52,4491.62,4432.61,4436.47,160775.914,2025-08-28 19:00:00
1756411200000,4436.47,4468.67,4425.86,4457.18,100445.25,2025-08-28 20:00:00
1756414800000,4457.19,4489.99,4455.19,4486.55,59638.432,2025-08-28 21:00:00
1756418400000,4486.54,4514.56,4486.0,4504.06,60243.094,2025-08-28 22:00:00
1756422000000,4504.06,4513.67,4492.0,4509.15,65786.251,2025-08-28 23:00:00
1756425600000,4509.16,4516.37,4467.44,4480.69,104098.144,2025-08-29 00:00:00
1756429200000,4480.69,4489.42,4432.75,4454.82,153602.481,2025-08-29 01:00:00
1756432800000,4454.81,4494.44,4448.64,4478.95,108531.503,2025-08-29 02:00:00
1756436400000,4478.95,4504.1,4465.8,4487.84,83669.089,2025-08-29 03:00:00
1756440000000,4487.84,4495.8,4466.89,4475.5,64624.882,2025-08-29 04:00:00
1756443600000,4475.5,4483.94,4462.0,4478.74,59908.442,2025-08-29 05:00:00
1756447200000,4478.75,4486.09,4443.66,4455.14,156545.41,2025-08-29 06:00:00
1756450800000,4455.13,4455.14,4365.0,4380.0,401226.394,2025-08-29 07:00:00
1756454400000,4380.0,4397.0,4327.62,4334.55,277947.33,2025-08-29 08:00:00
1756458000000,4334.56,4344.64,4318.01,4336.81,207498.28,2025-08-29 09:00:00
1756461600000,4336.82,4361.73,4333.1,4345.0,146055.366,2025-08-29 10:00:00
1756465200000,4345.0,4357.86,4331.22,4345.16,80321.424,2025-08-29 11:00:00
1756468800000,4345.15,4453.05,4345.15,4405.0,429307.189,2025-08-29 12:00:00
1756472400000,4404.99,4411.0,4311.29,4329.57,382204.574,2025-08-29 13:00:00
1756476000000,4329.57,4354.56,4260.51,4281.33,617783.493,2025-08-29 14:00:00
1756479600000,4281.32,4347.0,4280.4,4314.09,263684.132,2025-08-29 15:00:00
1756483200000,4314.09,4353.14,4292.67,4333.43,200206.187,2025-08-29 16:00:00
1756486800000,4333.44,4356.52,4310.38,4330.38,133016.066,2025-08-29 17:00:00
1756490400000,4330.39,4340.47,4303.67,4313.42,103767.813,2025-08-29 18:00:00
1756494000000,4313.42,4365.99,4304.52,4338.99,131383.089,2025-08-29 19:00:00
1756497600000,4339.0,4346.49,4311.0,4319.84,104347.731,2025-08-29 20:00:00
1756501200000,4319.85,4378.23,4303.78,4363.6,107688.856,2025-08-29 21:00:00
1756504800000,4363.61,4366.46,4343.29,4364.38,54232.162,2025-08-29 22:00:00
1756508400000,4364.38,4373.45,4356.06,4358.52,46759.005,2025-08-29 23:00:00
1756512000000,4358.52,4362.29,4328.41,4341.91,82614.765,2025-08-30 00:00:00
1756515600000,4341.91,4347.47,4256.53,4263.98,177529.66,2025-08-30 01:00:00
1756519200000,4263.98,4315.59,4255.16,4302.5,153318.97,2025-08-30 02:00:00
1756522800000,4302.5,4381.51,4301.43,4350.69,207652.617,2025-08-30 03:00:00
1756526400000,4350.69,4367.0,4348.79,4350.94,56723.908,2025-08-30 04:00:00
1756530000000,4350.93,4400.0,4345.33,4377.88,165195.006,2025-08-30 05:00:00
1756533600000,4377.87,4403.37,4371.36,4394.3,108274.18,2025-08-30 06:00:00
1756537200000,4394.3,4413.74,4386.5,4400.0,104494.507,2025-08-30 07:00:00
1756540800000,4400.0,4405.0,4383.0,4393.35,77998.547,2025-08-30 08:00:00
1756544400000,4393.35,4395.91,4376.0,4389.99,71591.193,2025-08-30 09:00:00
1756548000000,4390.0,4405.99,4382.12,4390.37,63200.46,2025-08-30 10:00:00
1756551600000,4390.37,4400.0,4381.3,4390.01,40401.285,2025-08-30 11:00:00
1756555200000,4390.0,4391.48,4346.11,4365.24,143401.653,2025-08-30 12:00:00
1756558800000,4365.25,4365.45,4329.19,4357.0,149267.09,2025-08-30 13:00:00
1756562400000,4357.01,4368.32,4335.83,4362.11,87751.181,2025-08-30 14:00:00
1756566000000,4362.1,4382.39,4354.73,4374.23,78592.093,2025-08-30 15:00:00
1756569600000,4374.23,4374.23,4357.95,4360.49,53435.672,2025-08-30 16:00:00
1756573200000,4360.49,4371.69,4345.73,4360.6,50101.057,2025-08-30 17:00:00
1756576800000,4360.59,4365.2,4344.44,4348.48,39509.229,2025-08-30 18:00:00
1756580400000,4348.48,4353.33,4333.53,4352.46,40763.435,2025-08-30 19:00:00
1756584000000,4352.46,4353.33,4331.35,4342.0,33405.279,2025-08-30 20:00:00
1756587600000,4341.99,4354.46,4337.51,4345.34,28214.259,2025-08-30 21:00:00
1756591200000,4345.33,4359.03,4338.6,4356.91,29422.498,2025-08-30 22:00:00
1756594800000,4356.91,4378.0,4355.69,4372.12,48352.921,2025-08-30 23:00:00
1756598400000,4372.12,4468.82,4370.91,4465.67,263633.103,2025-08-31 00:00:00
1756602000000,4465.68,4468.36,4434.36,4455.01,121276.341,2025-08-31 01:00:00
1756605600000,4455.0,4461.0,4443.9,4448.28,59912.437,2025-08-31 02:00:00
1756609200000,4448.28,4486.07,4447.23,4485.54,104926.116,2025-08-31 03:00:00
1756612800000,4485.54,4489.6,4455.38,4462.93,110187.74,2025-08-31 04:00:00
1756616400000,4462.93,4462.93,4445.54,4457.44,67179.167,2025-08-31 05:00:00
1756620000000,4457.45,4459.3,4431.5,4432.78,83436.214,2025-08-31 06:00:00
1756623600000,4432.77,4456.0,4430.3,4448.67,58601.119,2025-08-31 07:00:00
1756627200000,4448.67,4471.17,4448.67,4469.08,83294.618,2025-08-31 08:00:00
1756630800000,4469.08,4478.0,4458.0,4461.79,90331.278,2025-08-31 09:00:00
1756634400000,4461.78,4468.03,4446.43,4453.29,86673.458,2025-08-31 10:00:00
1756638000000,4453.29,4482.43,4438.01,4474.09,109228.624,2025-08-31 11:00:00
1756641600000,4474.09,4497.0,4460.45,4487.5,100043.326,2025-08-31 12:00:00
1756645200000,4487.51,4496.8,4462.38,4468.85,123058.753,2025-08-31 13:00:00
1756648800000,4468.86,4472.73,4448.24,4457.69,82514.521,2025-08-31 14:00:00
1756652400000,4457.68,4489.88,4455.82,4482.61,97316.891,2025-08-31 15:00:00
1756656000000,4482.6,4485.0,4457.33,4469.17,103567.715,2025-08-31 16:00:00
1756659600000,4469.16,4485.58,4466.24,4474.36,57246.448,2025-08-31 17:00:00
1756663200000,4474.37,4488.88,4470.0,4486.74,42250.907,2025-08-31 18:00:00
1756666800000,4486.73,4487.54,4451.38,4453.01,53566.181,2025-08-31 19:00:00
1756670400000,4453.01,4459.88,4442.0,4452.44,53417.35,2025-08-31 20:00:00
1756674000000,4452.44,4475.19,4447.66,4467.97,30261.194,2025-08-31 21:00:00
1756677600000,4467.97,4471.96,4431.01,4442.58,86456.651,2025-08-31 22:00:00
1756681200000,4442.57,4442.88,4376.0,4389.71,208657.758,2025-08-31 23:00:00
1756684800000,4389.71,4409.27,4358.19,4394.24,201875.857,2025-09-01 00:00:00
1756688400000,4394.24,4430.0,4381.3,4414.55,140915.293,2025-09-01 01:00:00
1756692000000,4414.56,4417.98,4363.46,4384.99,162905.567,2025-09-01 02:00:00
1756695600000,4384.99,4406.78,4369.32,4401.39,106757.041,2025-09-01 03:00:00
1756699200000,4401.38,4409.75,4370.0,4383.29,97223.231,2025-09-01 04:00:00
1756702800000,4383.29,4404.38,4356.29,4392.8,152174.109,2025-09-01 05:00:00
1756706400000,4392.8,4406.91,4372.66,4395.16,85399.54,2025-09-01 06:00:00
1756710000000,4395.16,4463.12,4377.97,4460.7,259650.593,2025-09-01 07:00:00
1756713600000,4460.71,4489.85,4460.14,4473.7,227473.015,2025-09-01 08:00:00
1756717200000,4473.7,4480.9,4436.13,4439.74,137771.6,2025-09-01 09:00:00
1756720800000,4439.74,4444.27,4388.04,4407.04,212739.815,2025-09-01 10:00:00
1756724400000,4407.05,4414.12,4381.0,4391.7,116238.495,2025-09-01 11:00:00
1756728000000,4391.69,4411.14,4382.65,4401.65,84044.198,2025-09-01 12:00:00
1756731600000,4401.66,4422.0,4370.02,4384.04,166268.872,2025-09-01 13:00:00
1756735200000,4384.03,4401.7,4378.19,4394.44,86193.283,2025-09-01 14:00:00
1756738800000,4394.43,4403.71,4343.0,4359.71,194067.19,2025-09-01 15:00:00
1756742400000,4359.74,4370.38,4344.14,4354.12,110366.796,2025-09-01 16:00:00
1756746000000,4354.12,4357.0,4307.24,4320.9,230281.722,2025-09-01 17:00:00
1756749600000,4320.9,4347.99,4320.76,4345.0,80019.052,2025-09-01 18:00:00
1756753200000,4345.0,4367.71,4340.3,4365.99,54308.205,2025-09-01 19:00:00
1756756800000,4365.99,4366.5,4260.0,4286.27,254635.083,2025-09-01 20:00:00
1756760400000,4286.28,4288.64,4208.13,4259.17,233135.798,2025-09-01 21:00:00
1756764000000,4259.17,4297.85,4249.8,4282.19,134399.568,2025-09-01 22:00:00
1756767600000,4282.19,4317.99,4280.0,4312.2,107994.529,2025-09-01 23:00:00
1756771200000,4312.19,4317.31,4288.48,4301.88,95226.185,2025-09-02 00:00:00
1756774800000,4301.87,4339.44,4290.43,4321.51,133822.02,2025-09-02 01:00:00
1756778400000,4321.5,4362.0,4313.64,4358.7,132860.48,2025-09-02 02:00:00
1756782000000,4358.7,4393.0,4351.0,4364.62,202931.825,2025-09-02 03:00:00
1756785600000,4364.62,4386.25,4358.61,4385.0,82278.912,2025-09-02 04:00:00
1756789200000,4385.0,4387.44,4367.0,4382.8,67969.058,2025-09-02 05:00:00
1756792800000,4382.8,4415.6,4379.31,4410.32,144195.905,2025-09-02 06:00:00
1756796400000,4410.32,4411.95,4366.1,4375.73,135266.366,2025-09-02 07:00:00
1756800000000,4375.73,4407.58,4366.11,4390.41,113265.99,2025-09-02 08:00:00
1756803600000,4390.4,4406.0,4383.52,4398.14,68717.422,2025-09-02 09:00:00
1756807200000,4398.17,4399.42,4376.3,4390.22,63778.511,2025-09-02 10:00:00
1756810800000,4390.23,4391.33,4338.01,4346.23,154492.387,2025-09-02 11:00:00
1756814400000,4346.22,4351.72,4270.0,4275.79,359325.852,2025-09-02 12:00:00
1756818000000,4275.8,4392.34,4273.2,4376.97,534158.048,2025-09-02 13:00:00
1756821600000,4376.96,4396.0,4331.01,4346.31,343194.726,2025-09-02 14:00:00
1756825200000,4346.32,4351.79,4282.03,4293.21,291228.272,2025-09-02 15:00:00
1756828800000,4293.2,4309.1,4275.81,4294.65,178065.99,2025-09-02 16:00:00
1756832400000,4294.69,4330.8,4286.0,4318.01,140051.04,2025-09-02 17:00:00
1756836000000,4318.0,4321.43,4263.19,4294.57,194801.364,2025-09-02 18:00:00
1756839600000,4294.56,4312.43,4255.4,4272.49,146382.255,2025-09-02 19:00:00
1756843200000,4272.49,4326.63,4264.52,4311.0,125975.98,2025-09-02 20:00:00
1756846800000,4311.0,4333.89,4302.95,4326.67,73914.665,2025-09-02 21:00:00
1756850400000,4326.67,4331.6,4307.0,4327.31,68814.531,2025-09-02 22:00:00
1756854000000,4327.31,4335.27,4311.11,4324.32,52782.318,2025-09-02 23:00:00
1756857600000,4324.33,4330.96,4301.18,4307.81,77829.655,2025-09-03 00:00:00
1756861200000,4307.8,4324.19,4281.0,4323.55,112149.149,2025-09-03 01:00:00
1756864800000,4323.54,4354.96,4310.3,4336.61,181846.629,2025-09-03 02:00:00
1756868400000,4336.61,4342.46,4317.5,4333.4,77008.526,2025-09-03 03:00:00
1756872000000,4333.4,4341.2,4312.0,4338.41,68224.36,2025-09-03 04:00:00
1756875600000,4338.41,4339.5,4311.06,4313.91,65686.16,2025-09-03 05:00:00
1756879200000,4313.91,4319.98,4288.01,4306.07,123636.525,2025-09-03 06:00:00
1756882800000,4306.08,4314.2,4286.0,4308.72,88572.455,2025-09-03 07:00:00
1756886400000,4308.72,4332.9,4306.2,4316.47,98242.998,2025-09-03 08:00:00
1756890000000,4316.47,4351.85,4301.11,4349.99,113922.057,2025-09-03 09:00:00
1756893600000,4350.0,4375.78,4343.0,4369.87,154533.789,2025-09-03 10:00:00
1756897200000,4369.87,4384.67,4364.21,4369.6,112526.756,2025-09-03 11:00:00
1756900800000,4369.6,4377.87,4340.0,4352.22,133672.834,2025-09-03 12:00:00
1756904400000,4352.22,4439.0,4349.4,4417.0,366728.435,2025-09-03 13:00:00
1756908000000,4416.99,4479.82,4413.06,4464.92,361582.685,2025-09-03 14:00:00
1756911600000,4464.91,4485.0,4452.5,4477.06,158383.525,2025-09-03 15:00:00
1756915200000,4477.05,4482.0,4452.92,4465.0,106120.677,2025-09-03 16:00:00
1756918800000,4465.0,4489.41,4462.33,4470.47,118375.663,2025-09-03 17:00:00
1756922400000,4470.47,4477.78,4455.95,4467.38,68800.21,2025-09-03 18:00:00
1756926000000,4467.37,4476.64,4457.0,4473.49,42895.614,2025-09-03 19:00:00
1756929600000,4473.5,4478.0,4461.2,4462.37,28092.038,2025-09-03 20:00:00
1756933200000,4462.37,4471.59,4432.27,4459.0,61777.892,2025-09-03 21:00:00
1756936800000,4459.0,4482.08,4456.37,4467.6,42817.082,2025-09-03 22:00:00
1756940400000,4467.6,4470.43,4442.03,4448.3,56242.541,2025-09-03 23:00:00
1756944000000,4448.3,4481.56,4443.94,4466.46,79808.377,2025-09-04 00:00:00
1756947600000,4466.47,4477.0,4447.26,4466.5,70630.115,2025-09-04 01:00:00
1756951200000,4466.49,4469.0,4418.77,4419.99,143163.418,2025-09-04 02:00:00
1756954800000,4419.99,4428.0,4388.0,4396.9,202163.637,2025-09-04 03:00:00
1756958400000,4396.89,4414.64,4385.66,4390.72,106518.382,2025-09-04 04:00:00
1756962000000,4390.71,4390.72,4361.38,4374.61,158641.746,2025-09-04 05:00:00
1756965600000,4374.6,4382.99,4354.23,4364.22,122345.615,2025-09-04 06:00:00
1756969200000,4364.21,4383.0,4360.0,4369.67,78229.803,2025-09-04 07:00:00
1756972800000,4369.66,4390.21,4363.75,4367.94,97400.916,2025-09-04 08:00:00
1756976400000,4368.0,4393.59,4368.0,4393.58,54877.689,2025-09-04 09:00:00
1756980000000,4393.58,4431.6,4391.0,4405.26,163558.625,2025-09-04 10:00:00
1756983600000,4405.26,4430.92,4390.03,4405.01,133000.102,2025-09-04 11:00:00
1756987200000,4405.0,4427.51,4380.35,4414.29,206941.673,2025-09-04 12:00:00
1756990800000,4414.3,4417.93,4363.45,4376.37,201442.893,2025-09-04 13:00:00
1756994400000,4376.36,4381.0,4325.42,4340.11,341768.704,2025-09-04 14:00:00
1756998000000,4340.11,4344.83,4292.11,4302.57,336493.538,2025-09-04 15:00:00
1757001600000,4302.57,4317.63,4283.0,4294.81,172845.606,2025-09-04 16:00:00
1757005200000,4294.8,4322.42,4293.35,4303.41,95678.095,2025-09-04 17:00:00
1757008800000,4303.42,4316.58,4268.68,4271.87,179750.763,2025-09-04 18:00:00
1757012400000,4271.88,4286.0,4262.2,4274.21,86699.428,2025-09-04 19:00:00
1757016000000,4274.2,4308.68,4270.53,4303.55,78384.583,2025-09-04 20:00:00
1757019600000,4303.55,4324.31,4300.5,4317.0,40078.388,2025-09-04 21:00:00
1757023200000,4317.0,4350.0,4313.98,4339.18,83209.008,2025-09-04 22:00:00
1757026800000,4339.17,4347.78,4293.05,4295.1,95915.881,2025-09-04 23:00:00
1757030400000,4295.07,4312.22,4288.0,4299.26,79791.741,2025-09-05 00:00:00
1757034000000,4299.26,4331.52,4296.1,4324.65,79295.947,2025-09-05 01:00:00
1757037600000,4324.64,4334.44,4298.3,4322.29,109263.455,2025-09-05 02:00:00
1757041200000,4322.29,4331.67,4295.7,4327.0,103263.474,2025-09-05 03:00:00
1757044800000,4327.0,4333.0,4314.61,4328.63,61048.985,2025-09-05 04:00:00
1757048400000,4328.54,4340.18,4325.13,4336.33,58656.003,2025-09-05 05:00:00
1757052000000,4336.34,4339.0,4320.0,4330.91,55726.971,2025-09-05 06:00:00
1757055600000,4330.91,4426.89,4329.23,4414.88,407242.149,2025-09-05 07:00:00
1757059200000,4414.88,4418.8,4383.94,4404.18,177608.907,2025-09-05 08:00:00
1757062800000,4404.18,4406.9,4371.74,4395.46,142812.964,2025-09-05 09:00:00
1757066400000,4395.46,4421.12,4393.22,4408.19,111679.357,2025-09-05 10:00:00
1757070000000,4408.2,4424.7,4404.14,4415.67,102022.075,2025-09-05 11:00:00
1757073600000,4415.67,4495.0,4405.63,4469.5,706389.019,2025-09-05 12:00:00
1757077200000,4469.49,4478.0,4433.08,4441.54,258783.115,2025-09-05 13:00:00
1757080800000,4441.53,4441.54,4261.32,4271.61,1021187.777,2025-09-05 14:00:00
1757084400000,4271.61,4302.98,4253.33,4281.0,346885.028,2025-09-05 15:00:00
1757088000000,4280.99,4301.5,4271.84,4295.4,114921.461,2025-09-05 16:00:00
1757091600000,4295.4,4296.84,4270.48,4288.19,89851.792,2025-09-05 17:00:00
1757095200000,4288.19,4315.0,4282.01,4310.61,109119.002,2025-09-05 18:00:00
1757098800000,4310.6,4329.8,4303.67,4329.05,109733.099,2025-09-05 19:00:00
1757102400000,4329.06,4341.75,4319.1,4336.2,86090.093,2025-09-05 20:00:00
1757106000000,4336.19,4336.5,4282.64,4294.84,142551.039,2025-09-05 21:00:00
1757109600000,4294.95,4317.96,4293.35,4311.0,38770.565,2025-09-05 22:00:00
1757113200000,4311.0,4317.0,4302.17,4305.62,33675.527,2025-09-05 23:00:00
1757116800000,4305.62,4326.9,4301.0,4320.8,52756.619,2025-09-06 00:00:00
1757120400000,4320.81,4323.46,4310.42,4316.46,29749.82,2025-09-06 01:00:00
1757124000000,4316.46,4321.69,4302.55,4320.96,40245.386,2025-09-06 02:00:00
1757127600000,4320.96,4323.0,4314.23,4318.2,27884.997,2025-09-06 03:00:00
1757131200000,4318.21,4318.41,4301.19,4307.76,45948.799,2025-09-06 04:00:00
1757134800000,4307.76,4310.31,4288.66,4293.43,70418.506,2025-09-06 05:00:00
1757138400000,4293.43,4305.3,4291.37,4300.4,36122.546,2025-09-06 06:00:00
1757142000000,4300.4,4313.56,4298.0,4310.27,38442.445,2025-09-06 07:00:00
1757145600000,4310.28,4313.33,4302.68,4308.5,35605.111,2025-09-06 08:00:00
1757149200000,4308.51,4308.51,4289.36,4291.3,57881.26,2025-09-06 09:00:00
1757152800000,4291.3,4302.27,4283.73,4299.65,46700.681,2025-09-06 10:00:00
1757156400000,4299.66,4300.0,4289.0,4298.29,29561.501,2025-09-06 11:00:00
1757160000000,4298.29,4307.74,4290.0,4298.0,48346.473,2025-09-06 12:00:00
1757163600000,4298.0,4300.79,4285.58,4292.39,45263.31,2025-09-06 13:00:00
1757167200000,4292.39,4300.02,4290.27,4294.46,59706.188,2025-09-06 14:00:00
1757170800000,4294.47,4295.49,4261.3,4268.0,174368.486,2025-09-06 15:00:00
1757174400000,4268.01,4303.3,4230.0,4287.51,327577.827,2025-09-06 16:00:00
1757178000000,4287.51,4290.42,4264.3,4271.0,73687.959,2025-09-06 17:00:00
1757181600000,4270.99,4285.71,4267.0,4276.65,47442.737,2025-09-06 18:00:00
1757185200000,4276.66,4279.38,4248.01,4253.92,56058.841,2025-09-06 19:00:00
1757188800000,4253.92,4279.34,4251.53,4277.48,37985.968,2025-09-06 20:00:00
1757192400000,4277.48,4284.77,4266.35,4280.69,35375.504,2025-09-06 21:00:00
1757196000000,4280.69,4287.0,4267.62,4275.8,33329.413,2025-09-06 22:00:00
1757199600000,4275.81,4282.37,4265.86,4271.6,25528.19,2025-09-06 23:00:00
1757203200000,4271.6,4287.38,4268.52,4282.45,33141.535,2025-09-07 00:00:00
1757206800000,4282.45,4302.67,4281.0,4293.53,66216.098,2025-09-07 01:00:00
1757210400000,4293.53,4301.82,4287.0,4297.67,37622.998,2025-09-07 02:00:00
1757214000000,4297.67,4302.5,4291.0,4295.51,31862.725,2025-09-07 03:00:00
1757217600000,4295.5,4300.67,4291.01,4299.1,26815.871,2025-09-07 04:00:00
1757221200000,4299.09,4302.0,4290.6,4292.61,30716.975,2025-09-07 05:00:00
1757224800000,4292.61,4294.0,4280.57,4282.0,40942.042,2025-09-07 06:00:00
1757228400000,4282.0,4305.73,4276.0,4293.0,86442.851,2025-09-07 07:00:00
1757232000000,4293.0,4313.47,4292.64,4299.36,88199.746,2025-09-07 08:00:00
1757235600000,4299.35,4309.48,4290.0,4297.81,56097.132,2025-09-07 09:00:00
1757239200000,4297.82,4304.41,4294.57,4302.81,29291.168,2025-09-07 10:00:00
1757242800000,4302.81,4308.45,4301.1,4308.45,28025.611,2025-09-07 11:00:00
1757246400000,4308.44,4308.96,4291.64,4298.88,51388.631,2025-09-07 12:00:00
1757250000000,4298.88,4306.0,4285.94,4302.9,54133.124,2025-09-07 13:00:00
1757253600000,4302.9,4309.98,4294.55,4297.92,61276.321,2025-09-07 14:00:00
1757257200000,4297.92,4302.86,4294.02,4297.23,37443.361,2025-09-07 15:00:00
1757260800000,4297.23,4299.5,4281.02,4281.89,73191.116,2025-09-07 16:00:00
1757264400000,4281.89,4286.0,4269.0,4273.34,98746.394,2025-09-07 17:00:00
1757268000000,4273.34,4282.0,4268.01,4279.59,36397.081,2025-09-07 18:00:00
1757271600000,4279.6,4295.0,4275.0,4291.75,42137.502,2025-09-07 19:00:00
1757275200000,4291.75,4298.99,4279.25,4298.55,25111.004,2025-09-07 20:00:00
1757278800000,4298.56,4298.92,4285.0,4286.29,24362.394,2025-09-07 21:00:00
1757282400000,4286.29,4308.99,4284.79,4307.6,51893.635,2025-09-07 22:00:00
1757286000000,4307.6,4336.0,4296.55,4304.1,126585.711,2025-09-07 23:00:00
1757289600000,4304.1,4317.01,4290.43,4297.35,77190.26,2025-09-08 00:00:00
1757293200000,4297.35,4301.04,4281.43,4291.01,64368.682,2025-09-08 01:00:00
1757296800000,4291.01,4307.68,4277.0,4307.3,77851.103,2025-09-08 02:00:00
1757300400000,4307.31,4329.48,4302.01,4310.0,96579.777,2025-09-08 03:00:00
1757304000000,4310.0,4312.0,4293.9,4296.08,56018.878,2025-09-08 04:00:00
1757307600000,4296.07,4302.97,4287.89,4295.44,43770.917,2025-09-08 05:00:00
1757311200000,4295.43,4302.0,4287.9,4290.23,47894.761,2025-09-08 06:00:00
1757314800000,4290.22,4310.41,4285.68,4290.7,73395.851,2025-09-08 07:00:00
1757318400000,4290.7,4303.67,4286.51,4300.47,70098.867,2025-09-08 08:00:00
1757322000000,4300.47,4333.0,4295.54,4318.04,163054.217,2025-09-08 09:00:00
1757325600000,4318.04,4336.74,4313.53,4327.0,109434.509,2025-09-08 10:00:00
1757329200000,4327.01,4328.38,4297.11,4310.47,136349.123,2025-09-08 11:00:00
1757332800000,4310.47,4321.0,4304.0,4318.5,59881.754,2025-09-08 12:00:00
1757336400000,4318.5,4361.5,4314.0,4318.24,338650.67,2025-09-08 13:00:00
1757340000000,4318.23,4357.39,4312.63,4348.82,164498.772,2025-09-08 14:00:00
1757343600000,4348.82,4382.36,4342.18,4370.0,248377.592,2025-09-08 15:00:00
1757347200000,4369.99,4371.94,4332.0,4337.85,141562.954,2025-09-08 16:00:00
1757350800000,4337.85,4342.39,4298.0,4309.6,181215.613,2025-09-08 17:00:00
1757354400000,4309.6,4334.71,4308.0,4328.38,82280.985,2025-09-08 18:00:00
1757358000000,4328.38,4328.38,4282.23,4292.0,144956.813,2025-09-08 19:00:00
1757361600000,4292.01,4302.33,4281.0,4297.59,72879.398,2025-09-08 20:00:00
1757365200000,4297.6,4320.88,4293.89,4320.87,47850.195,2025-09-08 21:00:00
1757368800000,4320.87,4332.85,4306.6,4310.04,65437.292,2025-09-08 22:00:00
1757372400000,4310.03,4319.4,4295.22,4305.16,61230.074,2025-09-08 23:00:00
1757376000000,4305.15,4314.86,4288.01,4301.22,76809.05,2025-09-09 00:00:00
1757379600000,4301.22,4307.84,4282.0,4286.53,82663.34,2025-09-09 01:00:00
1757383200000,4286.52,4295.0,4276.01,4290.12,86337.044,2025-09-09 02:00:00
1757386800000,4290.13,4307.91,4287.99,4305.5,72317.55,2025-09-09 03:00:00
1757390400000,4305.5,4316.69,4302.21,4312.5,70212.209,2025-09-09 04:00:00
1757394000000,4312.5,4319.79,4300.77,4317.56,65047.288,2025-09-09 05:00:00
1757397600000,4317.57,4374.07,4313.92,4364.13,264661.017,2025-09-09 06:00:00
1757401200000,4364.13,4380.0,4345.0,4360.27,167700.245,2025-09-09 07:00:00
1757404800000,4360.27,4365.71,4342.0,4358.39,91158.078,2025-09-09 08:00:00
1757408400000,4358.39,4365.0,4351.0,4355.96,41299.33,2025-09-09 09:00:00
1757412000000,4355.97,4362.0,4341.0,4347.46,73374.049,2025-09-09 10:00:00
1757415600000,4347.46,4355.44,4343.5,4346.65,41845.007,2025-09-09 11:00:00
1757419200000,4346.66,4366.57,4327.33,4344.49,149213.577,2025-09-09 12:00:00
1757422800000,4344.49,4359.66,4323.2,4345.99,193055.504,2025-09-09 13:00:00
1757426400000,4346.0,4361.85,4284.0,4304.77,435029.436,2025-09-09 14:00:00
1757430000000,4304.77,4308.88,4276.67,4284.51,194929.014,2025-09-09 15:00:00
1757433600000,4284.51,4297.0,4277.14,4287.3,85995.135,2025-09-09 16:00:00
1757437200000,4287.3,4296.85,4278.98,4285.22,80803.556,2025-09-09 17:00:00
1757440800000,4285.21,4293.0,4280.07,4285.9,44324.785,2025-09-09 18:00:00
1757444400000,4285.9,4299.0,4284.32,4293.88,36054.134,2025-09-09 19:00:00
1757448000000,4293.87,4305.0,4280.55,4304.43,57860.975,2025-09-09 20:00:00
1757451600000,4304.43,4319.94,4292.63,4301.9,59428.94,2025-09-09 21:00:00
1757455200000,4301.89,4318.3,4298.39,4318.19,42570.634,2025-09-09 22:00:00
1757458800000,4318.2,4318.64,4302.0,4309.56,45432.402,2025-09-09 23:00:00
1757462400000,4309.55,4314.89,4284.6,4285.28,76937.863,2025-09-10 00:00:00
1757466000000,4285.28,4313.99,4285.0,4302.31,69535.248,2025-09-10 01:00:00
1757469600000,4302.32,4326.79,4302.31,4316.92,108444.583,2025-09-10 02:00:00
1757473200000,4316.92,4323.5,4306.57,4319.96,55966.507,2025-09-10 03:00:00
1757476800000,4319.95,4319.95,4307.11,4311.79,33723.355,2025-09-10 04:00:00
1757480400000,4311.79,4318.39,4293.39,4307.94,76965.076,2025-09-10 05:00:00
1757484000000,4307.84,4318.0,4296.62,4312.22,72944.942,2025-09-10 06:00:00
1757487600000,4312.23,4333.0,4311.0,4328.24,97229.194,2025-09-10 07:00:00
1757491200000,4328.24,4332.89,4322.0,4330.11,79573.664,2025-09-10 08:00:00
1757494800000,4330.12,4331.0,4307.05,4323.27,84566.782,2025-09-10 09:00:00
1757498400000,4323.26,4331.86,4315.78,4325.52,53629.997,2025-09-10 10:00:00
1757502000000,4325.53,4331.56,4320.0,4329.97,40557.758,2025-09-10 11:00:00
1757505600000,4329.98,4393.96,4328.33,4369.95,435246.301,2025-09-10 12:00:00
1757509200000,4369.95,4438.37,4355.13,4416.93,447514.828,2025-09-10 13:00:00
1757512800000,4416.93,4453.74,4396.65,4399.79,300133.95,2025-09-10 14:00:00
1757516400000,4399.78,4423.6,4395.04,4403.66,113777.037,2025-09-10 15:00:00
1757520000000,4403.65,4408.12,4360.86,4384.38,198126.072,2025-09-10 16:00:00
1757523600000,4384.38,4396.0,4340.78,4364.99,215738.743,2025-09-10 17:00:00
1757527200000,4365.0,4371.6,4325.0,4340.14,176252.721,2025-09-10 18:00:00
1757530800000,4340.15,4341.32,4299.0,4321.08,188991.122,2025-09-10 19:00:00
1757534400000,4321.07,4334.96,4319.1,4328.73,70135.752,2025-09-10 20:00:00
1757538000000,4328.74,4354.41,4326.84,4348.89,58786.36,2025-09-10 21:00:00
1757541600000,4348.9,4354.8,4336.0,4344.7,49603.479,2025-09-10 22:00:00
1757545200000,4344.7,4354.6,4337.0,4347.99,44818.804,2025-09-10 23:00:00
1757548800000,4347.99,4358.9,4337.35,4358.01,49875.856,2025-09-11 00:00:00
1757552400000,4358.0,4382.77,4353.25,4363.67,125142.406,2025-09-11 01:00:00
1757556000000,4363.66,4384.44,4361.0,4375.34,85213.331,2025-09-11 02:00:00
1757559600000,4375.35,4407.81,4370.35,4402.72,118902.895,2025-09-11 03:00:00
1757563200000,4402.73,4418.88,4393.76,4410.28,110323.225,2025-09-11 04:00:00
1757566800000,4410.29,4424.54,4396.07,4417.49,107683.454,2025-09-11 05:00:00
1757570400000,4417.5,4442.8,4405.11,4438.46,147441.301,2025-09-11 06:00:00
1757574000000,4438.45,4448.88,4424.61,4438.57,129348.724,2025-09-11 07:00:00
1757577600000,4438.58,4440.97,4426.0,4429.69,59495.413,2025-09-11 08:00:00
1757581200000,4429.7,4433.0,4405.0,4415.43,122905.583,2025-09-11 09:00:00
1757584800000,4415.43,4429.34,4413.68,4426.16,68887.392,2025-09-11 10:00:00
1757588400000,4426.16,4438.4,4421.26,4428.51,90128.973,2025-09-11 11:00:00
1757592000000,4428.51,4481.0,4346.36,4424.63,799695.138,2025-09-11 12:00:00
1757595600000,4424.64,4442.0,4383.32,4435.96,347317.24,2025-09-11 13:00:00
1757599200000,4435.92,4437.24,4394.51,4425.01,208831.274,2025-09-11 14:00:00
1757602800000,4425.01,4430.5,4399.0,4410.85,133758.045,2025-09-11 15:00:00
1757606400000,4410.85,4424.69,4405.81,4416.23,88164.279,2025-09-11 16:00:00
1757610000000,4416.23,4440.81,4411.73,4431.84,109529.448,2025-09-11 17:00:00
1757613600000,4431.84,4436.59,4406.0,4418.56,71095.212,2025-09-11 18:00:00
1757617200000,4418.56,4429.48,4411.29,4422.42,51505.594,2025-09-11 19:00:00
1757620800000,4422.43,4425.65,4413.75,4416.0,33646.881,2025-09-11 20:00:00
1757624400000,4415.99,4429.0,4414.2,4427.7,21090.238,2025-09-11 21:00:00
1757628000000,4427.71,4460.57,4422.5,4451.61,115003.769,2025-09-11 22:00:00
1757631600000,4451.62,4467.6,4449.67,4456.5,65015.154,2025-09-11 23:00:00
1757635200000,4456.5,4539.99,4448.4,4511.13,336887.142,2025-09-12 00:00:00
1757638800000,4511.14,4531.49,4493.58,4496.71,163599.483,2025-09-12 01:00:00
1757642400000,4496.7,4523.33,4495.0,4506.42,95648.025,2025-09-12 02:00:00
1757646000000,4506.43,4508.17,4486.31,4504.79,116427.88,2025-09-12 03:00:00
1757649600000,4504.79,4523.73,4499.0,4519.72,101216.78,2025-09-12 04:00:00
1757653200000,4519.72,4558.12,4513.18,4556.77,162688.298,2025-09-12 05:00:00
1757656800000,4556.78,4562.0,4530.77,4538.19,126060.446,2025-09-12 06:00:00
1757660400000,4538.19,4551.0,4524.0,4525.64,94614.533,2025-09-12 07:00:00
1757664000000,4525.65,4533.0,4512.59,4517.63,111848.365,2025-09-12 08:00:00
1757667600000,4517.63,4527.63,4504.44,4515.34,80196.69,2025-09-12 09:00:00
1757671200000,4515.33,4523.0,4507.03,4516.35,54365.31,2025-09-12 10:00:00
1757674800000,4516.35,4537.33,4513.7,4520.38,79032.695,2025-09-12 11:00:00
1757678400000,4520.39,4531.55,4502.01,4525.45,79141.152,2025-09-12 12:00:00
1757682000000,4525.46,4543.0,4505.8,4538.8,118734.588,2025-09-12 13:00:00
1757685600000,4538.79,4571.66,4524.0,4545.99,301477.817,2025-09-12 14:00:00
1757689200000,4545.98,4551.03,4526.84,4541.0,98852.022,2025-09-12 15:00:00
1757692800000,4541.0,4575.76,4532.14,4574.15,161918.949,2025-09-12 16:00:00
1757696400000,4574.15,4627.88,4563.5,4611.52,310030.469,2025-09-12 17:00:00
1757700000000,4611.52,4626.59,4598.24,4623.59,114957.091,2025-09-12 18:00:00
1757703600000,4623.6,4660.0,4612.0,4656.92,201729.103,2025-09-12 19:00:00
1757707200000,4656.92,4693.0,4630.89,4670.33,236229.791,2025-09-12 20:00:00
1757710800000,4670.32,4671.96,4642.89,4650.0,103666.359,2025-09-12 21:00:00
1757714400000,4650.01,4756.39,4650.0,4695.4,265037.008,2025-09-12 22:00:00
1757718000000,4695.4,4714.74,4671.57,4711.81,122265.879,2025-09-12 23:00:00
1757721600000,4711.82,4719.12,4697.0,4705.75,73807.61,2025-09-13 00:00:00
1757725200000,4705.74,4735.0,4700.01,4700.1,106118.207,2025-09-13 01:00:00
1757728800000,4700.1,4714.79,4692.5,4703.57,60991.819,2025-09-13 02:00:00
1757732400000,4703.56,4768.0,4702.01,4755.57,190717.021,2025-09-13 03:00:00
1757736000000,4755.57,4756.0,4734.44,4741.86,97901.695,2025-09-13 04:00:00
1757739600000,4741.86,4742.44,4717.51,4723.7,89730.968,2025-09-13 05:00:00
1757743200000,4723.71,4731.0,4701.01,4711.6,108450.083,2025-09-13 06:00:00
1757746800000,4711.6,4723.84,4708.0,4711.61,43615.787,2025-09-13 07:00:00
1757750400000,4711.61,4733.2,4711.6,4731.12,63637.257,2025-09-13 08:00:00
1757754000000,4731.12,4734.39,4720.88,4733.0,54336.776,2025-09-13 09:00:00
1757757600000,4733.0,4739.96,4710.83,4718.15,76779.907,2025-09-13 10:00:00
1757761200000,4718.15,4726.53,4708.98,4720.64,47351.628,2025-09-13 11:00:00
1757764800000,4720.64,4730.85,4714.08,4720.32,41456.876,2025-09-13 12:00:00
1757768400000,4720.32,4726.01,4651.0,4685.87,229975.809,2025-09-13 13:00:00
1757772000000,4685.87,4711.0,4667.0,4689.01,152451.897,2025-09-13 14:00:00
1757775600000,4689.0,4706.6,4642.73,4655.33,196528.259,2025-09-13 15:00:00
1757779200000,4655.33,4669.17,4617.05,4624.97,224126.492,2025-09-13 16:00:00
1757782800000,4624.97,4643.74,4606.63,4635.24,135611.879,2025-09-13 17:00:00
1757786400000,4635.24,4654.78,4626.01,4644.44,66092.656,2025-09-13 18:00:00
1757790000000,4644.44,4650.93,4636.42,4639.5,36213.947,2025-09-13 19:00:00
1757793600000,4639.5,4664.4,4638.48,4658.81,60590.058,2025-09-13 20:00:00
1757797200000,4658.8,4669.69,4657.25,4664.86,24891.784,2025-09-13 21:00:00
1757800800000,4664.87,4667.69,4648.01,4660.31,24292.621,2025-09-13 22:00:00
1757804400000,4660.32,4674.44,4657.75,4668.0,39142.323,2025-09-13 23:00:00
1757808000000,4668.0,4682.99,4660.39,4671.1,54946.605,2025-09-14 00:00:00
1757811600000,4671.11,4680.18,4652.6,4674.44,52556.541,2025-09-14 01:00:00
1757815200000,4674.44,4694.97,4672.23,4684.29,65773.056,2025-09-14 02:00:00
1757818800000,4684.29,4687.97,4662.68,4664.99,49898.819,2025-09-14 03:00:00
1757822400000,4664.99,4669.97,4635.79,4661.0,103693.947,2025-09-14 04:00:00
1757826000000,4661.0,4681.73,4660.01,4677.56,43552.711,2025-09-14 05:00:00
1757829600000,4677.56,4683.49,4661.36,4668.58,44896.159,2025-09-14 06:00:00
1757833200000,4668.59,4670.28,4643.29,4653.01,47204.875,2025-09-14 07:00:00
1757836800000,4653.01,4666.66,4647.37,4657.79,42249.22,2025-09-14 08:00:00
1757840400000,4657.78,4676.5,4654.1,4667.24,46582.191,2025-09-14 09:00:00
1757844000000,4667.23,4671.7,4658.7,4661.91,24278.964,2025-09-14 10:00:00
1757847600000,4661.91,4670.66,4628.61,4637.18,97084.232,2025-09-14 11:00:00
1757851200000,4637.19,4646.85,4616.06,4634.81,101185.288,2025-09-14 12:00:00
1757854800000,4634.81,4637.49,4608.0,4614.6,116588.581,2025-09-14 13:00:00
1757858400000,4614.61,4646.68,4580.68,4603.45,293383.716,2025-09-14 14:00:00
1757862000000,4603.45,4606.6,4577.9,4584.07,109338.14,2025-09-14 15:00:00
1757865600000,4584.07,4612.92,4581.5,4598.94,88047.864,2025-09-14 16:00:00
1757869200000,4598.94,4632.48,4592.64,4622.17,82840.778,2025-09-14 17:00:00
1757872800000,4622.17,4623.3,4602.6,4606.15,36627.409,2025-09-14 18:00:00
1757876400000,4606.16,4627.79,4594.52,4618.07,44242.376,2025-09-14 19:00:00
1757880000000,4618.08,4630.0,4616.3,4619.33,26568.229,2025-09-14 20:00:00
1757883600000,4619.33,4638.88,4600.11,4632.42,48756.886,2025-09-14 21:00:00
1757887200000,4632.43,4638.14,4612.76,4630.8,47845.155,2025-09-14 22:00:00
1757890800000,4630.71,4632.23,4604.0,4606.11,55045.541,2025-09-14 23:00:00
1757894400000,4606.11,4617.65,4588.0,4603.15,87557.819,2025-09-15 00:00:00
1757898000000,4603.15,4624.99,4581.33,4619.31,98275.791,2025-09-15 01:00:00
1757901600000,4619.3,4631.29,4611.58,4621.94,54494.066,2025-09-15 02:00:00
1757905200000,4621.95,4644.42,4620.5,4636.91,68529.534,2025-09-15 03:00:00
1757908800000,4636.91,4661.62,4636.9,4643.52,117912.721,2025-09-15 04:00:00
1757912400000,4643.59,4666.0,4640.7,4662.87,73126.935,2025-09-15 05:00:00
1757916000000,4662.87,4671.69,4618.0,4630.77,161796.354,2025-09-15 06:00:00
1757919600000,4630.76,4643.5,4588.01,4598.6,193371.296,2025-09-15 07:00:00
1757923200000,4598.6,4598.6,4508.28,4510.89,525719.75,2025-09-15 08:00:00
1757926800000,4510.88,4534.61,4496.26,4526.0,257511.29,2025-09-15 09:00:00
1757930400000,4525.99,4535.88,4506.8,4529.41,94830.344,2025-09-15 10:00:00
1757934000000,4529.41,4538.5,4520.35,4529.72,69864.107,2025-09-15 11:00:00
1757937600000,4529.73,4536.37,4506.61,4514.82,97032.949,2025-09-15 12:00:00
1757941200000,4514.82,4541.37,4486.0,4515.13,246931.327,2025-09-15 13:00:00
1757944800000,4515.13,4529.59,4496.8,4510.1,118050.814,2025-09-15 14:00:00
1757948400000,4510.1,4520.85,4463.62,4498.9,293872.954,2025-09-15 15:00:00
1757952000000,4498.91,4510.41,4478.5,4493.98,109474.649,2025-09-15 16:00:00
1757955600000,4493.99,4509.97,4473.0,4508.6,78491.96,2025-09-15 17:00:00
1757959200000,4508.52,4511.95,4485.08,4499.95,58327.333,2025-09-15 18:00:00
1757962800000,4499.95,4513.18,4474.26,4492.84,78635.721,2025-09-15 19:00:00
1757966400000,4492.84,4511.9,4486.72,4509.33,42292.163,2025-09-15 20:00:00
1757970000000,4509.33,4526.7,4505.0,4522.37,39275.854,2025-09-15 21:00:00
1757973600000,4522.36,4529.71,4507.88,4512.05,44437.127,2025-09-15 22:00:00
1757977200000,4512.05,4526.99,4506.67,4521.69,33865.885,2025-09-15 23:00:00
1757980800000,4521.69,4522.0,4502.0,4512.5,45296.375,2025-09-16 00:00:00
1757984400000,4512.5,4536.43,4511.88,4516.82,84791.838,2025-09-16 01:00:00
1757988000000,4516.82,4530.5,4511.76,4512.5,46055.915,2025-09-16 02:00:00
1757991600000,4512.5,4530.0,4511.81,4519.48,39101.429,2025-09-16 03:00:00
1757995200000,4519.49,4522.0,4485.76,4516.84,109494.188,2025-09-16 04:00:00
1757998800000,4516.85,4529.97,4509.26,4526.88,112852.824,2025-09-16 05:00:00
1758002400000,4526.88,4533.21,4490.29,4506.06,140100.433,2025-09-16 06:00:00
1758006000000,4506.07,4513.4,4500.0,4510.55,45134.579,2025-09-16 07:00:00
1758009600000,4510.55,4529.52,4496.67,4509.21,93604.65,2025-09-16 08:00:00
1758013200000,4509.21,4515.0,4501.2,4509.2,39727.965,2025-09-16 09:00:00
1758016800000,4509.2,4512.49,4491.0,4496.01,56203.731,2025-09-16 10:00:00
1758020400000,4496.01,4505.33,4491.0,4499.59,60124.273,2025-09-16 11:00:00
1758024000000,4499.6,4505.0,4493.4,4498.54,48418.352,2025-09-16 12:00:00
1758027600000,4498.54,4510.5,4427.74,4470.83,451628.841,2025-09-16 13:00:00
1758031200000,4470.84,4470.84,4420.62,4443.37,338096.513,2025-09-16 14:00:00
1758034800000,4443.37,4468.0,4427.02,4465.0,151373.794,2025-09-16 15:00:00
1758038400000,4465.0,4468.99,4444.0,4460.48,112862.783,2025-09-16 16:00:00
1758042000000,4460.48,4507.85,4459.16,4483.75,210559.853,2025-09-16 17:00:00
1758045600000,4483.75,4493.98,4463.3,4471.68,76629.632,2025-09-16 18:00:00
1758049200000,4471.68,4493.13,4468.0,4488.87,42756.116,2025-09-16 19:00:00
1758052800000,4488.87,4496.64,4480.52,4496.01,34752.404,2025-09-16 20:00:00
1758056400000,4496.0,4507.99,4487.34,4505.0,48803.038,2025-09-16 21:00:00
1758060000000,4505.0,4523.33,4498.54,4517.14,61757.93,2025-09-16 22:00:00
1758063600000,4517.14,4521.0,4490.57,4499.0,59232.438,2025-09-16 23:00:00
1758067200000,4499.0,4514.23,4490.01,4510.82,54087.991,2025-09-17 00:00:00
1758070800000,4510.83,4517.5,4500.35,4511.19,49339.013,2025-09-17 01:00:00
1758074400000,4511.2,4550.0,4504.3,4528.55,160533.933,2025-09-17 02:00:00
1758078000000,4528.54,4528.98,4493.33,4495.0,110262.29,2025-09-17 03:00:00
1758081600000,4495.0,4502.8,4461.11,4474.86,133741.562,2025-09-17 04:00:00
1758085200000,4474.86,4516.48,4474.63,4512.75,115053.244,2025-09-17 05:00:00
1758088800000,4512.74,4547.86,4503.15,4543.0,164658.93,2025-09-17 06:00:00
1758092400000,4543.01,4552.94,4534.23,4541.69,99543.295,2025-09-17 07:00:00
1758096000000,4541.68,4543.0,4490.74,4509.01,175554.541,2025-09-17 08:00:00
1758099600000,4509.01,4509.01,4491.55,4492.8,55060.692,2025-09-17 09:00:00
1758103200000,4492.81,4499.28,4476.54,4481.86,89615.148,2025-09-17 10:00:00
1758106800000,4481.85,4495.78,4477.6,4489.64,61641.68,2025-09-17 11:00:00
1758110400000,4489.64,4511.27,4481.01,4500.19,83337.419,2025-09-17 12:00:00
1758114000000,4500.2,4510.94,4481.01,4494.0,111888.379,2025-09-17 13:00:00
1758117600000,4494.0,4502.0,4465.0,4487.8,126863.048,2025-09-17 14:00:00
1758121200000,4487.8,4497.0,4479.57,4487.5,62308.821,2025-09-17 15:00:00
1758124800000,4487.5,4490.54,4467.95,4485.62,74603.708,2025-09-17 16:00:00
1758128400000,4485.61,4532.27,4421.36,4421.36,321837.512,2025-09-17 17:00:00
1758132000000,4421.36,4520.0,4398.0,4453.77,887154.481,2025-09-17 18:00:00
1758135600000,4453.7,4524.28,4450.24,4515.0,263981.561,2025-09-17 19:00:00
1758139200000,4514.89,4538.91,4492.71,4499.49,136384.145,2025-09-17 20:00:00
1758142800000,4499.5,4537.0,4483.74,4526.96,90322.928,2025-09-17 21:00:00
1758146400000,4526.96,4599.59,4525.0,4584.64,190665.563,2025-09-17 22:00:00
1758150000000,4584.63,4614.75,4577.25,4587.77,147862.409,2025-09-17 23:00:00
1758153600000,4587.77,4607.48,4581.0,4582.76,126858.263,2025-09-18 00:00:00
1758157200000,4582.76,4630.83,4576.95,4616.5,157355.601,2025-09-18 01:00:00
1758160800000,4616.49,4617.43,4602.15,4611.75,74784.898,2025-09-18 02:00:00
1758164400000,4611.74,4643.06,4607.0,4612.15,132185.039,2025-09-18 03:00:00
1758168000000,4612.15,4618.0,4596.21,4609.99,85385.764,2025-09-18 04:00:00
1758171600000,4609.99,4609.99,4582.25,4588.0,73946.569,2025-09-18 05:00:00
1758175200000,4587.99,4592.31,4551.0,4569.49,171036.741,2025-09-18 06:00:00
1758178800000,4569.5,4581.6,4569.1,4572.68,63864.553,2025-09-18 07:00:00
1758182400000,4572.69,4606.31,4569.28,4600.0,95927.312,2025-09-18 08:00:00
1758186000000,4600.0,4601.99,4587.38,4595.23,49114.505,2025-09-18 09:00:00
1758189600000,4595.24,4598.9,4568.0,4572.3,77557.625,2025-09-18 10:00:00
1758193200000,4572.3,4586.71,4567.0,4574.14,52571.525,2025-09-18 11:00:00
1758196800000,4574.15,4586.41,4566.26,4569.0,68052.207,2025-09-18 12:00:00
1758200400000,4569.0,4603.0,4555.25,4585.96,189715.291,2025-09-18 13:00:00
1758204000000,4585.96,4623.28,4584.62,4594.01,205745.392,2025-09-18 14:00:00
1758207600000,4594.01,4606.0,4584.0,4597.09,96596.339,2025-09-18 15:00:00
1758211200000,4597.08,4634.3,4587.48,4619.0,169829.192,2025-09-18 16:00:00
1758214800000,4619.0,4630.0,4594.55,4607.12,120319.111,2025-09-18 17:00:00
1758218400000,4607.11,4620.96,4600.6,4615.87,43578.993,2025-09-18 18:00:00
1758222000000,4615.88,4616.94,4578.55,4586.4,73580.359,2025-09-18 19:00:00
1758225600000,4586.39,4603.45,4584.69,4602.85,29301.75,2025-09-18 20:00:00
1758229200000,4602.86,4603.04,4588.21,4592.32,19623.896,2025-09-18 21:00:00
1758232800000,4592.31,4599.76,4584.44,4588.99,27892.316,2025-09-18 22:00:00
1758236400000,4588.99,4590.39,4568.22,4585.49,66393.439,2025-09-18 23:00:00
1758240000000,4585.5,4610.95,4584.95,4607.21,61959.402,2025-09-19 00:00:00
1758243600000,4607.2,4619.38,4595.9,4604.75,80080.174,2025-09-19 01:00:00
1758247200000,4604.75,4613.0,4586.5,4587.45,56139.428,2025-09-19 02:00:00
1758250800000,4587.45,4599.99,4541.01,4548.41,197022.606,2025-09-19 03:00:00
1758254400000,4548.4,4557.44,4530.4,4555.94,132137.908,2025-09-19 04:00:00
1758258000000,4555.99,4556.6,4526.08,4539.31,85885.234,2025-09-19 05:00:00
1758261600000,4539.31,4541.0,4517.59,4522.63,79812.075,2025-09-19 06:00:00
1758265200000,4522.63,4541.51,4516.57,4536.4,79354.291,2025-09-19 07:00:00
1758268800000,4536.41,4547.39,4529.17,4532.25,47277.757,2025-09-19 08:00:00
1758272400000,4532.25,4541.61,4512.52,4520.93,84315.757,2025-09-19 09:00:00
1758276000000,4520.93,4531.42,4515.0,4525.35,59047.108,2025-09-19 10:00:00
1758279600000,4525.35,4526.75,4506.0,4512.01,87629.45,2025-09-19 11:00:00
1758283200000,4512.01,4519.5,4505.34,4516.61,66549.21,2025-09-19 12:00:00
1758286800000,4516.6,4534.9,4507.54,4525.81,108473.42,2025-09-19 13:00:00
1758290400000,4525.8,4541.57,4483.01,4492.86,223899.947,2025-09-19 14:00:00
1758294000000,4492.86,4495.0,4443.0,4472.72,329061.582,2025-09-19 15:00:00
1758297600000,4472.73,4487.47,4469.48,4478.71,85654.203,2025-09-19 16:00:00
1758301200000,4478.71,4478.88,4454.44,4457.64,81878.746,2025-09-19 17:00:00
1758304800000,4457.63,4460.77,4431.04,4446.72,120676.808,2025-09-19 18:00:00
1758308400000,4446.72,4464.01,4438.41,4438.42,53322.852,2025-09-19 19:00:00
1758312000000,4438.42,4462.83,4436.0,4457.58,38765.931,2025-09-19 20:00:00
1758315600000,4457.59,4470.0,4448.34,4469.37,34198.364,2025-09-19 21:00:00
1758319200000,4469.36,4476.5,4466.5,4466.5,24738.399,2025-09-19 22:00:00
1758322800000,4466.5,4467.75,4443.23,4466.99,49978.634,2025-09-19 23:00:00
1758326400000,4467.0,4474.02,4458.13,4474.01,37725.805,2025-09-20 00:00:00
1758330000000,4474.02,4474.2,4456.3,4464.1,34694.862,2025-09-20 01:00:00
1758333600000,4464.09,4467.01,4452.0,4463.42,32574.432,2025-09-20 02:00:00
1758337200000,4463.43,4466.0,4457.0,4463.6,19877.217,2025-09-20 03:00:00
1758340800000,4463.59,4473.99,4460.8,4471.96,26891.59,2025-09-20 04:00:00
1758344400000,4471.97,4483.0,4464.19,4476.25,47094.985,2025-09-20 05:00:00
1758348000000,4476.25,4476.25,4468.1,4471.3,19837.321,2025-09-20 06:00:00
1758351600000,4471.31,4481.24,4466.95,4481.15,40072.002,2025-09-20 07:00:00
1758355200000,4481.15,4481.15,4462.3,4463.55,34089.845,2025-09-20 08:00:00
1758358800000,4463.55,4470.0,4454.14,4464.25,47442.69,2025-09-20 09:00:00
1758362400000,4464.25,4474.5,4462.01,4462.22,24985.71,2025-09-20 10:00:00
1758366000000,4462.21,4469.88,4461.75,4468.4,16030.636,2025-09-20 11:00:00
1758369600000,4468.4,4469.63,4461.87,4463.99,16055.499,2025-09-20 12:00:00
1758373200000,4463.99,4469.76,4461.75,4466.02,19005.929,2025-09-20 13:00:00
1758376800000,4466.02,4495.02,4462.0,4485.27,98083.766,2025-09-20 14:00:00
1758380400000,4485.27,4504.73,4484.45,4495.71,101955.673,2025-09-20 15:00:00
1758384000000,4495.7,4506.86,4486.63,4499.1,60594.772,2025-09-20 16:00:00
1758387600000,4499.11,4500.0,4466.8,4483.67,82220.392,2025-09-20 17:00:00
1758391200000,4483.66,4484.61,4470.48,4473.01,36765.494,2025-09-20 18:00:00
1758394800000,4473.01,4482.68,4469.59,4477.6,22777.783,2025-09-20 19:00:00
1758398400000,4477.6,4485.0,4475.56,4481.51,16377.788,2025-09-20 20:00:00
1758402000000,4481.51,4498.7,4481.51,4487.67,31255.053,2025-09-20 21:00:00
1758405600000,4487.67,4493.33,4485.14,4491.2,17058.652,2025-09-20 22:00:00
1758409200000,4491.2,4491.2,4476.67,4478.64,20462.07,2025-09-20 23:00:00
1758412800000,4478.63,4488.0,4472.02,4485.4,29621.654,2025-09-21 00:00:00
1758416400000,4485.41,4487.28,4476.42,4479.2,20584.665,2025-09-21 01:00:00
1758420000000,4479.2,4486.05,4455.19,4477.0,70310.43,2025-09-21 02:00:00
1758423600000,4476.99,4478.0,4471.0,4476.75,19866.863,2025-09-21 03:00:00
1758427200000,4476.74,4477.34,4467.48,4470.37,21473.659,2025-09-21 04:00:00
1758430800000,4470.38,4476.39,4464.46,4475.89,25759.342,2025-09-21 05:00:00
1758434400000,4475.9,4491.35,4475.1,4482.77,46349.945,2025-09-21 06:00:00
1758438000000,4482.78,4483.84,4474.06,4476.45,23926.125,2025-09-21 07:00:00
1758441600000,4476.45,4478.14,4465.35,4467.9,33275.545,2025-09-21 08:00:00
1758445200000,4467.91,4472.8,4442.01,4464.8,115018.655,2025-09-21 09:00:00
1758448800000,4464.8,4467.5,4456.5,4457.5,38144.653,2025-09-21 10:00:00
1758452400000,4457.5,4465.0,4454.32,4459.13,25039.45,2025-09-21 11:00:00
1758456000000,4459.12,4471.93,4459.0,4465.55,37594.105,2025-09-21 12:00:00
1758459600000,4465.55,4480.0,4464.01,4473.86,40371.01,2025-09-21 13:00:00
1758463200000,4473.85,4482.25,4467.88,4470.4,45490.102,2025-09-21 14:00:00
1758466800000,4470.4,4484.39,4470.0,4480.22,38659.131,2025-09-21 15:00:00
1758470400000,4480.21,4487.0,4462.37,4474.34,81027.14,2025-09-21 16:00:00
1758474000000,4474.34,4492.37,4465.0,4489.38,56457.679,2025-09-21 17:00:00
1758477600000,4489.38,4494.98,4481.66,4494.95,44602.676,2025-09-21 18:00:00
1758481200000,4494.95,4496.5,4474.5,4492.01,44209.357,2025-09-21 19:00:00
1758484800000,4492.01,4492.58,4472.21,4472.21,22288.328,2025-09-21 20:00:00
1758488400000,4472.21,4476.0,4465.02,4469.21,29326.223,2025-09-21 21:00:00
1758492000000,4469.2,4475.85,4442.58,4463.01,65588.288,2025-09-21 22:00:00
1758495600000,4463.0,4463.01,4441.0,4443.26,63450.012,2025-09-21 23:00:00
1758499200000,4443.26,4454.16,4317.84,4333.92,534872.298,2025-09-22 00:00:00
1758502800000,4333.91,4349.94,4323.84,4326.35,172305.019,2025-09-22 01:00:00
1758506400000,4326.35,4338.58,4259.0,4286.25,382828.502,2025-09-22 02:00:00
1758510000000,4286.24,4305.94,4285.52,4303.0,119365.391,2025-09-22 03:00:00
1758513600000,4303.0,4307.95,4286.04,4287.98,76148.881,2025-09-22 04:00:00
1758517200000,4287.97,4296.23,4206.87,4212.69,205004.546,2025-09-22 05:00:00
1758520800000,4212.8,4221.35,4032.0,4188.5,909815.446,2025-09-22 06:00:00
1758524400000,4188.5,4222.03,4180.12,4190.5,201381.446,2025-09-22 07:00:00
1758528000000,4190.49,4204.97,4180.61,4191.99,86356.451,2025-09-22 08:00:00
1758531600000,4191.99,4195.0,4132.19,4148.99,257261.143,2025-09-22 09:00:00
1758535200000,4148.99,4187.56,4136.36,4179.4,162966.845,2025-09-22 10:00:00
1758538800000,4179.39,4189.7,4171.37,4179.25,75979.04,2025-09-22 11:00:00
1758542400000,4179.24,4198.98,4166.38,4189.66,77212.098,2025-09-22 12:00:00
1758546000000,4189.65,4214.99,4170.24,4204.44,187347.828,2025-09-22 13:00:00
1758549600000,4204.43,4217.83,4180.52,4187.52,144965.939,2025-09-22 14:00:00
1758553200000,4187.52,4193.69,4156.0,4165.79,132101.446,2025-09-22 15:00:00
1758556800000,4165.79,4180.99,4158.0,4162.58,95652.808,2025-09-22 16:00:00
1758560400000,4162.59,4177.77,4142.99,4162.14,156460.703,2025-09-22 17:00:00
1758564000000,4162.13,4176.0,4152.48,4153.28,58392.77,2025-09-22 18:00:00
1758567600000,4153.27,4164.52,4116.79,4132.89,179077.644,2025-09-22 19:00:00
1758571200000,4132.89,4187.98,4131.65,4179.65,93734.268,2025-09-22 20:00:00
1758574800000,4179.64,4196.55,4173.66,4195.51,45536.535,2025-09-22 21:00:00
1758578400000,4195.51,4196.2,4181.21,4188.21,34488.584,2025-09-22 22:00:00
1758582000000,4188.21,4205.73,4186.94,4196.25,47937.428,2025-09-22 23:00:00
1758585600000,4196.25,4209.0,4187.1,4188.94,62064.283,2025-09-23 00:00:00
1758589200000,4188.94,4196.35,4160.7,4161.59,101438.579,2025-09-23 01:00:00
1758592800000,4161.59,4181.1,4138.37,4142.16,104566.167,2025-09-23 02:00:00
1758596400000,4142.15,4195.49,4112.71,4185.68,251591.159,2025-09-23 03:00:00
1758600000000,4185.68,4191.56,4152.24,4175.01,98077.442,2025-09-23 04:00:00
1758603600000,4175.02,4192.0,4162.9,4181.01,75057.163,2025-09-23 05:00:00
1758607200000,4181.01,4214.02,4175.37,4203.0,126438.775,2025-09-23 06:00:00
1758610800000,4202.99,4209.3,4195.37,4203.0,62118.822,2025-09-23 07:00:00
1758614400000,4203.0,4212.0,4190.67,4206.33,57517.378,2025-09-23 08:00:00
1758618000000,4206.33,4227.87,4182.11,4189.59,141768.088,2025-09-23 09:00:00
1758621600000,4189.58,4194.22,4182.89,4191.11,46749.681,2025-09-23 10:00:00
1758625200000,4191.1,4193.15,4176.0,4189.5,51327.269,2025-09-23 11:00:00
1758628800000,4189.5,4202.11,4181.18,4192.8,71678.169,2025-09-23 12:00:00
1758632400000,4192.8,4206.95,4178.39,4185.66,89181.581,2025-09-23 13:00:00
1758636000000,4185.65,4209.99,4161.24,4173.17,189071.723,2025-09-23 14:00:00
1758639600000,4173.17,4202.74,4159.07,4179.05,119068.973,2025-09-23 15:00:00
1758643200000,4179.01,4206.0,4162.0,4190.16,162685.362,2025-09-23 16:00:00
1758646800000,4190.15,4192.43,4135.25,4147.22,174199.886,2025-09-23 17:00:00
1758650400000,4147.22,4166.24,4145.0,4155.51,85220.718,2025-09-23 18:00:00
1758654000000,4155.51,4181.13,4140.25,4151.52,102113.883,2025-09-23 19:00:00
1758657600000,4151.5,4174.84,4137.03,4174.01,54743.127,2025-09-23 20:00:00
1758661200000,4174.0,4189.99,4162.16,4181.56,48776.538,2025-09-23 21:00:00
1758664800000,4181.53,4187.76,4166.61,4179.74,32102.674,2025-09-23 22:00:00
1758668400000,4179.75,4184.21,4158.42,4162.17,51538.14,2025-09-23 23:00:00
1758672000000,4162.17,4193.03,4155.84,4172.21,77959.576,2025-09-24 00:00:00
1758675600000,4172.21,4191.22,4166.95,4187.59,44336.913,2025-09-24 01:00:00
1758679200000,4187.59,4189.8,4158.88,4167.71,109596.703,2025-09-24 02:00:00
1758682800000,4167.72,4172.5,4126.02,4145.51,169422.803,2025-09-24 03:00:00
1758686400000,4145.51,4159.77,4071.01,4139.15,479880.44,2025-09-24 04:00:00
1758690000000,4139.15,4174.99,4137.0,4170.8,102050.361,2025-09-24 05:00:00
1758693600000,4170.8,4181.5,4164.03,4178.53,79581.767,2025-09-24 06:00:00
1758697200000,4178.54,4181.89,4162.6,4173.0,55092.854,2025-09-24 07:00:00
1758700800000,4173.0,4176.0,4165.46,4172.59,33680.799,2025-09-24 08:00:00
1758704400000,4172.59,4182.57,4167.22,4180.6,42851.676,2025-09-24 09:00:00
1758708000000,4180.6,4181.46,4161.15,4175.3,54952.123,2025-09-24 10:00:00
1758711600000,4175.31,4197.0,4172.26,4180.0,135558.661,2025-09-24 11:00:00
1758715200000,4180.0,4185.39,4168.08,4178.75,48801.024,2025-09-24 12:00:00
1758718800000,4178.74,4183.99,4142.89,4147.99,185570.372,2025-09-24 13:00:00
1758722400000,4148.0,4205.0,4147.46,4191.35,172318.953,2025-09-24 14:00:00
1758726000000,4191.34,4195.54,4160.0,4163.52,115891.61,2025-09-24 15:00:00
1758729600000,4163.52,4174.0,4151.55,4170.68,101780.313,2025-09-24 16:00:00
1758733200000,4170.68,4192.56,4163.13,4180.53,72072.189,2025-09-24 17:00:00
1758736800000,4180.53,4181.53,4163.51,4169.6,42934.651,2025-09-24 18:00:00
1758740400000,4169.6,4171.91,4152.38,4159.09,48258.789,2025-09-24 19:00:00
1758744000000,4159.08,4167.0,4145.49,4163.53,50345.091,2025-09-24 20:00:00
1758747600000,4163.53,4169.7,4127.01,4143.01,59297.786,2025-09-24 21:00:00
1758751200000,4143.01,4162.3,4141.0,4152.36,49723.135,2025-09-24 22:00:00
1758754800000,4152.37,4160.51,4142.33,4150.28,34095.341,2025-09-24 23:00:00
1758758400000,4150.28,4159.29,4120.05,4127.0,101552.181,2025-09-25 00:00:00
1758762000000,4127.0,4134.88,4080.0,4099.99,265626.911,2025-09-25 01:00:00
1758765600000,4100.0,4135.8,4060.52,4099.88,328627.338,2025-09-25 02:00:00
1758769200000,4099.88,4101.12,4018.62,4059.61,367110.32,2025-09-25 03:00:00
1758772800000,4059.6,4069.06,3959.22,3999.58,548875.855,2025-09-25 04:00:00
1758776400000,3999.58,4037.6,3973.78,4022.49,246510.964,2025-09-25 05:00:00
1758780000000,4022.49,4025.99,3990.58,3995.42,196046.212,2025-09-25 06:00:00
1758783600000,3995.47,4019.52,3982.31,4006.61,127094.675,2025-09-25 07:00:00
1758787200000,4006.6,4033.44,4001.01,4012.73,140922.355,2025-09-25 08:00:00
1758790800000,4012.72,4050.0,4009.58,4022.59,168410.367,2025-09-25 09:00:00
1758794400000,4022.59,4040.81,4006.44,4011.75,93387.474,2025-09-25 10:00:00
1758798000000,4011.75,4018.44,3987.61,4000.72,131466.048,2025-09-25 11:00:00
1758801600000,4000.72,4014.85,3920.0,3976.81,468299.767,2025-09-25 12:00:00
1758805200000,3976.8,4005.99,3942.07,3968.0,377612.1,2025-09-25 13:00:00
1758808800000,3968.0,4020.19,3966.42,4010.9,205492.82,2025-09-25 14:00:00
1758812400000,4010.9,4014.37,3976.47,4000.5,136080.152,2025-09-25 15:00:00
1758816000000,4000.49,4004.0,3925.0,3938.46,277743.893,2025-09-25 16:00:00
1758819600000,3938.45,3940.73,3820.01,3836.76,777478.324,2025-09-25 17:00:00
1758823200000,3836.75,3922.62,3822.0,3921.9,397393.097,2025-09-25 18:00:00
1758826800000,3921.91,3944.56,3904.26,3908.63,193339.308,2025-09-25 19:00:00
1758830400000,3908.64,3916.0,3875.0,3883.06,149644.297,2025-09-25 20:00:00
1758834000000,3883.07,3915.1,3878.27,3902.51,87406.662,2025-09-25 21:00:00
1758837600000,3902.5,3934.8,3878.62,3890.5,102673.507,2025-09-25 22:00:00
1758841200000,3890.5,3903.39,3847.11,3872.72,163843.611,2025-09-25 23:00:00
1758844800000,3872.73,3936.97,3865.35,3929.57,199496.057,2025-09-26 00:00:00
1758848400000,3929.56,3955.41,3918.0,3946.11,163778.072,2025-09-26 01:00:00
1758852000000,3946.12,3969.0,3938.9,3956.33,130167.607,2025-09-26 02:00:00
1758855600000,3956.34,3966.85,3942.23,3962.97,75939.471,2025-09-26 03:00:00
1758859200000,3962.98,3974.53,3937.01,3943.99,106557.378,2025-09-26 04:00:00
1758862800000,3944.0,3961.48,3917.88,3919.99,107382.89,2025-09-26 05:00:00
1758866400000,3919.99,3947.59,3909.0,3919.26,139112.094,2025-09-26 06:00:00
1758870000000,3919.27,3946.8,3905.16,3937.14,175028.079,2025-09-26 07:00:00
1758873600000,3937.14,3943.16,3923.19,3932.08,80357.075,2025-09-26 08:00:00
1758877200000,3932.09,3938.35,3892.55,3913.4,111950.819,2025-09-26 09:00:00
1758880800000,3913.39,3914.74,3872.0,3886.52,151943.556,2025-09-26 10:00:00
1758884400000,3886.51,3915.0,3871.21,3903.99,114403.388,2025-09-26 11:00:00
1758888000000,3903.98,3962.97,3873.12,3934.65,300850.008,2025-09-26 12:00:00
1758891600000,3934.66,3983.0,3904.07,3968.16,281574.514,2025-09-26 13:00:00
1758895200000,3968.1,3976.0,3920.37,3929.1,189629.761,2025-09-26 14:00:00
1758898800000,3929.11,3961.05,3927.01,3943.81,105667.28,2025-09-26 15:00:00
1758902400000,3943.81,3994.39,3940.02,3988.04,170610.008,2025-09-26 16:00:00
1758906000000,3988.05,4044.0,3975.0,4042.54,249558.352,2025-09-26 17:00:00
1758909600000,4042.54,4067.5,4033.93,4041.58,187531.459,2025-09-26 18:00:00
1758913200000,4041.59,4044.01,4005.01,4021.61,143957.013,2025-09-26 19:00:00
1758916800000,4021.61,4027.99,4007.0,4007.52,55715.326,2025-09-26 20:00:00
1758920400000,4007.52,4024.04,4002.48,4021.0,43351.262,2025-09-26 21:00:00
1758924000000,4021.0,4038.07,4017.0,4024.07,48304.343,2025-09-26 22:00:00
1758927600000,4024.08,4034.46,4012.61,4029.78,38222.463,2025-09-26 23:00:00
1758931200000,4029.78,4030.8,4014.44,4024.48,37305.832,2025-09-27 00:00:00
1758934800000,4024.49,4027.0,4003.73,4016.62,44155.982,2025-09-27 01:00:00
1758938400000,4016.61,4021.6,4007.3,4010.24,34718.658,2025-09-27 02:00:00
1758942000000,4010.23,4027.78,4008.35,4016.8,42202.735,2025-09-27 03:00:00
1758945600000,4016.79,4026.67,4013.0,4019.66,24847.203,2025-09-27 04:00:00
1758949200000,4019.65,4020.0,4010.47,4018.39,26612.148,2025-09-27 05:00:00
1758952800000,4018.38,4018.39,4011.0,4016.96,21845.535,2025-09-27 06:00:00
1758956400000,4016.96,4020.0,4004.16,4006.5,39820.552,2025-09-27 07:00:00
1758960000000,4006.49,4006.5,3980.38,3983.94,129065.853,2025-09-27 08:00:00
1758963600000,3983.93,3996.3,3970.17,3993.17,94138.645,2025-09-27 09:00:00
1758967200000,3993.18,4015.89,3986.79,4006.91,90130.681,2025-09-27 10:00:00
1758970800000,4006.92,4011.5,3996.56,4000.19,41891.266,2025-09-27 11:00:00
1758974400000,4000.2,4037.64,3992.43,4026.44,119491.124,2025-09-27 12:00:00
1758978000000,4026.45,4029.44,4013.58,4017.91,53451.546,2025-09-27 13:00:00
1758981600000,4017.91,4024.61,4006.22,4012.66,49118.406,2025-09-27 14:00:00
1758985200000,4012.67,4020.0,3997.13,4016.42,62927.123,2025-09-27 15:00:00
1758988800000,4016.42,4017.45,4001.33,4005.47,37887.282,2025-09-27 16:00:00
1758992400000,4005.48,4005.77,3977.0,4000.0,110324.394,2025-09-27 17:00:00
1758996000000,4000.01,4002.5,3984.59,3994.67,32434.816,2025-09-27 18:00:00
1758999600000,3994.67,4001.83,3989.63,4000.51,17226.427,2025-09-27 19:00:00
1759003200000,4000.5,4008.83,3998.58,4004.99,18847.481,2025-09-27 20:00:00
1759006800000,4004.99,4019.5,4004.53,4012.8,23220.792,2025-09-27 21:00:00
1759010400000,4012.8,4032.0,4011.98,4021.01,48662.444,2025-09-27 22:00:00
1759014000000,4021.0,4025.32,4012.0,4016.96,37902.135,2025-09-27 23:00:00
1759017600000,4016.97,4031.06,4005.0,4014.52,61734.848,2025-09-28 00:00:00
1759021200000,4014.52,4016.37,3992.31,3995.01,67640.776,2025-09-28 01:00:00
1759024800000,3995.01,4009.92,3993.79,3999.61,39789.973,2025-09-28 02:00:00
1759028400000,3999.64,4009.0,3995.06,4001.01,22908.471,2025-09-28 03:00:00
1759032000000,4001.01,4004.47,3995.03,4003.7,21308.858,2025-09-28 04:00:00
1759035600000,4003.7,4019.22,4001.32,4009.09,40578.376,2025-09-28 05:00:00
1759039200000,4009.08,4015.0,3994.65,4004.92,50361.327,2025-09-28 06:00:00
1759042800000,4004.92,4014.0,4000.45,4012.02,30075.861,2025-09-28 07:00:00
1759046400000,4012.03,4014.1,3998.5,4000.0,37837.799,2025-09-28 08:00:00
1759050000000,4000.0,4004.87,3987.02,3994.29,64167.25,2025-09-28 09:00:00
1759053600000,3994.29,3998.88,3982.27,3994.55,46063.618,2025-09-28 10:00:00
1759057200000,3994.56,3995.45,3983.0,3990.85,45079.274,2025-09-28 11:00:00
1759060800000,3990.84,3991.0,3962.06,3976.01,106870.758,2025-09-28 12:00:00
1759064400000,3976.01,4020.0,3975.9,4011.38,136389.963,2025-09-28 13:00:00
1759068000000,4011.38,4026.15,4005.74,4022.28,103202.449,2025-09-28 14:00:00
1759071600000,4022.28,4027.0,4013.4,4019.18,62529.925,2025-09-28 15:00:00
1759075200000,4019.18,4053.0,4019.06,4030.9,144831.193,2025-09-28 16:00:00
1759078800000,4030.9,4049.88,4020.71,4037.43,99262.932,2025-09-28 17:00:00
1759082400000,4037.42,4042.94,4033.0,4040.09,25330.862,2025-09-28 18:00:00
1759086000000,4040.09,4044.18,4030.55,4036.96,22469.079,2025-09-28 19:00:00
1759089600000,4036.96,4064.96,4033.39,4048.39,75911.701,2025-09-28 20:00:00
1759093200000,4048.39,4059.89,4039.43,4047.79,31285.533,2025-09-28 21:00:00
1759096800000,4047.8,4139.5,4047.79,4130.0,297918.914,2025-09-28 22:00:00
1759100400000,4130.0,4143.12,4118.41,4139.36,109257.687,2025-09-28 23:00:00
1759104000000,4139.35,4143.75,4121.0,4125.0,99466.636,2025-09-29 00:00:00
1759107600000,4125.0,4135.68,4109.99,4112.29,90203.374,2025-09-29 01:00:00
1759111200000,4112.28,4126.8,4105.68,4110.0,72229.877,2025-09-29 02:00:00
1759114800000,4110.0,4119.78,4101.2,4119.77,65810.43,2025-09-29 03:00:00
1759118400000,4119.77,4122.2,4111.5,4117.36,32542.532,2025-09-29 04:00:00
1759122000000,4117.35,4118.63,4101.3,4112.43,45865.129,2025-09-29 05:00:00
1759125600000,4112.44,4112.91,4090.86,4095.77,71334.093,2025-09-29 06:00:00
1759129200000,4095.77,4111.66,4086.0,4106.54,74499.671,2025-09-29 07:00:00
1759132800000,4106.54,4134.43,4106.4,4119.79,104905.82,2025-09-29 08:00:00
1759136400000,4119.8,4137.94,4117.0,4131.87,76271.778,2025-09-29 09:00:00
1759140000000,4131.87,4135.68,4111.7,4114.1,61367.568,2025-09-29 10:00:00
1759143600000,4114.1,4114.96,4092.0,4101.57,100677.383,2025-09-29 11:00:00
1759147200000,4101.56,4128.16,4090.53,4096.27,115408.066,2025-09-29 12:00:00
1759150800000,4096.26,4185.99,4080.08,4167.07,414911.432,2025-09-29 13:00:00
1759154400000,4167.07,4206.6,4157.57,4186.61,326063.031,2025-09-29 14:00:00
1759158000000,4186.61,4197.99,4151.5,4163.28,181417.971,2025-09-29 15:00:00
1759161600000,4163.28,4173.5,4137.31,4140.63,127376.895,2025-09-29 16:00:00
1759165200000,4140.63,4157.6,4125.25,4153.58,126592.649,2025-09-29 17:00:00
1759168800000,4153.59,4161.87,4140.54,4160.0,54241.557,2025-09-29 18:00:00
1759172400000,4159.99,4192.17,4158.0,4186.16,96395.233,2025-09-29 19:00:00
1759176000000,4186.16,4232.42,4179.55,4224.98,142758.238,2025-09-29 20:00:00
1759179600000,4224.99,4234.33,4209.03,4222.0,54489.257,2025-09-29 21:00:00
1759183200000,4222.01,4229.0,4211.13,4223.81,54564.703,2025-09-29 22:00:00
1759186800000,4223.81,4228.0,4210.6,4212.84,48388.386,2025-09-29 23:00:00
1759190400000,4212.83,4243.62,4192.41,4204.17,170773.704,2025-09-30 00:00:00
1759194000000,4204.17,4225.44,4188.6,4201.64,121375.517,2025-09-30 01:00:00
1759197600000,4201.65,4209.23,4194.23,4197.1,52007.222,2025-09-30 02:00:00
1759201200000,4197.1,4206.0,4186.01,4197.0,49621.928,2025-09-30 03:00:00
1759204800000,4197.0,4199.0,4187.0,4187.19,39962.202,2025-09-30 04:00:00
1759208400000,4187.19,4193.33,4168.1,4182.64,98972.164,2025-09-30 05:00:00
1759212000000,4182.64,4201.58,4178.04,4187.99,86509.986,2025-09-30 06:00:00
1759215600000,4187.99,4205.0,4170.98,4180.63,81548.546,2025-09-30 07:00:00
1759219200000,4180.62,4181.56,4162.0,4167.35,80760.361,2025-09-30 08:00:00
1759222800000,4167.35,4176.77,4132.12,4139.01,168124.767,2025-09-30 09:00:00
1759226400000,4139.0,4164.0,4133.45,4156.1,123620.921,2025-09-30 10:00:00
1759230000000,4156.1,4167.62,4145.59,4162.64,71745.142,2025-09-30 11:00:00
1759233600000,4162.64,4173.67,4153.14,4155.79,71629.367,2025-09-30 12:00:00
1759237200000,4155.8,4173.33,4137.27,4152.61,137898.183,2025-09-30 13:00:00
1759240800000,4152.6,4159.08,4113.61,4147.25,229642.438,2025-09-30 14:00:00
1759244400000,4147.26,4148.0,4092.19,4117.88,220494.942,2025-09-30 15:00:00
1759248000000,4117.87,4125.7,4090.01,4097.34,157424.632,2025-09-30 16:00:00
1759251600000,4097.34,4109.0,4091.97,4099.06,93050.64,2025-09-30 17:00:00
1759255200000,4099.05,4116.86,4091.03,4114.71,66973.928,2025-09-30 18:00:00
1759258800000,4114.71,4169.65,4107.0,4158.29,133365.926,2025-09-30 19:00:00
1759262400000,4158.29,4195.71,4147.25,4193.88,154000.62,2025-09-30 20:00:00
1759266000000,4193.88,4199.62,4151.0,4151.01,113480.481,2025-09-30 21:00:00
1759269600000,4151.0,4169.7,4127.55,4138.01,102908.814,2025-09-30 22:00:00
1759273200000,4138.01,4144.5,4114.32,4143.18,82609.22,2025-09-30 23:00:00
1759276800000,4143.19,4150.4,4122.25,4146.82,73986.212,2025-10-01 00:00:00
1759280400000,4146.81,4172.54,4140.74,4168.68,98233.919,2025-10-01 01:00:00
1759284000000,4168.68,4169.0,4151.0,4151.48,54160.085,2025-10-01 02:00:00
1759287600000,4151.49,4152.32,4126.88,4127.39,93300.672,2025-10-01 03:00:00
1759291200000,4127.4,4155.0,4125.0,4138.89,86542.023,2025-10-01 04:00:00
1759294800000,4138.9,4155.0,4138.06,4142.79,52061.768,2025-10-01 05:00:00
1759298400000,4142.79,4145.27,4120.37,4124.47,80776.188,2025-10-01 06:00:00
1759302000000,4124.47,4145.25,4123.0,4143.69,49368.934,2025-10-01 07:00:00
1759305600000,4143.7,4328.16,4140.95,4289.99,762743.36,2025-10-01 08:00:00
1759309200000,4289.99,4318.0,4277.47,4308.31,252170.511,2025-10-01 09:00:00
1759312800000,4308.32,4311.0,4277.01,4280.41,132364.702,2025-10-01 10:00:00
1759316400000,4280.4,4306.0,4280.4,4296.01,94812.379,2025-10-01 11:00:00
1759320000000,4296.01,4312.66,4276.0,4282.99,136123.431,2025-10-01 12:00:00
1759323600000,4282.98,4301.88,4278.51,4293.77,121748.998,2025-10-01 13:00:00
1759327200000,4293.78,4338.38,4289.24,4321.59,332494.904,2025-10-01 14:00:00
1759330800000,4321.59,4342.43,4312.0,4324.55,141052.378,2025-10-01 15:00:00
1759334400000,4324.55,4337.98,4315.56,4322.01,119306.596,2025-10-01 16:00:00
1759338000000,4322.02,4331.0,4287.0,4291.15,138676.172,2025-10-01 17:00:00
1759341600000,4291.15,4316.5,4290.0,4305.8,70981.497,2025-10-01 18:00:00
1759345200000,4305.8,4337.98,4303.4,4331.73,93870.718,2025-10-01 19:00:00
1759348800000,4331.73,4334.48,4313.0,4333.15,66208.882,2025-10-01 20:00:00
1759352400000,4333.14,4333.62,4286.11,4302.75,81618.982,2025-10-01 21:00:00
1759356000000,4302.74,4327.73,4302.74,4310.83,43301.067,2025-10-01 22:00:00
1759359600000,4310.82,4354.99,4308.6,4346.11,119865.673,2025-10-01 23:00:00
1759363200000,4346.11,4379.7,4331.11,4333.6,238152.933,2025-10-02 00:00:00
1759366800000,4333.6,4397.66,4330.5,4391.51,160793.465,2025-10-02 01:00:00
1759370400000,4391.5,4396.97,4364.3,4383.65,136131.164,2025-10-02 02:00:00
1759374000000,4383.66,4396.88,4369.11,4375.14,90734.261,2025-10-02 03:00:00
1759377600000,4375.15,4384.17,4357.5,4371.44,80468.41,2025-10-02 04:00:00
1759381200000,4371.44,4396.53,4368.58,4381.95,71341.144,2025-10-02 05:00:00
1759384800000,4381.95,4423.06,4372.51,4401.72,216137.967,2025-10-02 06:00:00
1759388400000,4401.73,4407.99,4368.56,4374.4,85276.676,2025-10-02 07:00:00
1759392000000,4374.41,4393.0,4367.23,4386.51,75346.545,2025-10-02 08:00:00
1759395600000,4386.51,4395.24,4377.01,4389.65,46009.228,2025-10-02 09:00:00
1759399200000,4389.66,4395.0,4373.83,4378.81,51128.329,2025-10-02 10:00:00
1759402800000,4378.81,4393.0,4371.44,4377.7,49932.045,2025-10-02 11:00:00
1759406400000,4377.71,4406.44,4375.0,4404.43,84177.818,2025-10-02 12:00:00
1759410000000,4404.43,4417.92,4377.0,4415.0,216796.523,2025-10-02 13:00:00
1759413600000,4414.99,4418.0,4365.0,4372.9,266131.148,2025-10-02 14:00:00
1759417200000,4372.91,4441.44,4332.01,4435.38,442922.904,2025-10-02 15:00:00
1759420800000,4435.39,4469.63,4423.23,4446.65,324200.598,2025-10-02 16:00:00
1759424400000,4446.65,4477.76,4437.0,4464.11,160746.785,2025-10-02 17:00:00
1759428000000,4464.11,4495.72,4463.47,4485.26,152970.3,2025-10-02 18:00:00
1759431600000,4485.26,4516.25,4481.77,4493.48,184942.008,2025-10-02 19:00:00
1759435200000,4493.48,4495.49,4466.0,4489.73,86549.521,2025-10-02 20:00:00
1759438800000,4489.73,4495.64,4466.0,4466.93,54987.868,2025-10-02 21:00:00
1759442400000,4466.92,4483.55,4456.0,4462.01,77810.97,2025-10-02 22:00:00
1759446000000,4462.01,4487.97,4460.63,4481.85,54301.193,2025-10-02 23:00:00
1759449600000,4481.85,4482.0,4464.44,4466.79,43145.46,2025-10-03 00:00:00
1759453200000,4466.8,4477.88,4459.5,4469.73,60731.342,2025-10-03 01:00:00
1759456800000,4469.73,4514.63,4469.1,4507.99,139914.771,2025-10-03 02:00:00
1759460400000,4508.0,4558.77,4488.08,4499.37,285083.829,2025-10-03 03:00:00
1759464000000,4499.38,4510.0,4481.08,4495.72,77370.707,2025-10-03 04:00:00
1759467600000,4495.72,4499.96,4466.0,4475.65,95041.922,2025-10-03 05:00:00
1759471200000,4475.64,4484.96,4456.4,4471.06,91633.368,2025-10-03 06:00:00
1759474800000,4471.06,4477.14,4452.02,4462.18,95480.89,2025-10-03 07:00:00
1759478400000,4462.17,4466.5,4427.0,4465.51,171208.704,2025-10-03 08:00:00
1759482000000,4465.5,4481.6,4456.0,4471.62,98314.503,2025-10-03 09:00:00
1759485600000,4471.63,4493.95,4465.6,4487.33,76534.459,2025-10-03 10:00:00
1759489200000,4487.32,4488.38,4464.01,4476.6,70541.948,2025-10-03 11:00:00
1759492800000,4476.6,4490.93,4470.99,4480.57,56968.097,2025-10-03 12:00:00
1759496400000,4480.57,4504.42,4446.87,4468.68,212689.541,2025-10-03 13:00:00
1759500000000,4468.68,4488.5,4433.06,4480.77,200229.148,2025-10-03 14:00:00
1759503600000,4480.73,4541.64,4454.52,4533.18,241911.033,2025-10-03 15:00:00
1759507200000,4533.19,4590.93,4518.77,4523.6,451501.587,2025-10-03 16:00:00
1759510800000,4523.59,4524.77,4452.64,4470.32,483184.919,2025-10-03 17:00:00
1759514400000,4470.31,4511.27,4448.95,4510.79,151069.371,2025-10-03 18:00:00
1759518000000,4510.78,4544.05,4501.55,4517.76,104523.713,2025-10-03 19:00:00
1759521600000,4517.76,4541.47,4491.23,4533.68,85040.934,2025-10-03 20:00:00
1759525200000,4533.68,4535.94,4512.32,4521.56,34006.572,2025-10-03 21:00:00
1759528800000,4521.56,4532.9,4521.56,4526.66,29244.261,2025-10-03 22:00:00
1759532400000,4526.66,4527.36,4505.0,4511.3,52125.048,2025-10-03 23:00:00
1759536000000,4511.32,4515.52,4493.58,4500.0,75351.885,2025-10-04 00:00:00
1759539600000,4499.99,4500.68,4466.76,4478.71,87376.824,2025-10-04 01:00:00
1759543200000,4478.71,4488.71,4461.59,4483.39,86194.51,2025-10-04 02:00:00
1759546800000,4483.4,4487.12,4469.38,4485.0,42797.557,2025-10-04 03:00:00
1759550400000,4485.0,4497.77,4478.0,4492.27,50237.661,2025-10-04 04:00:00
1759554000000,4492.27,4508.97,4490.39,4502.02,56007.31,2025-10-04 05:00:00
1759557600000,4502.01,4516.74,4500.3,4504.86,64193.39,2025-10-04 06:00:00
1759561200000,4504.86,4512.03,4491.7,4496.41,56061.107,2025-10-04 07:00:00
1759564800000,4496.41,4501.11,4480.52,4487.97,55346.214,2025-10-04 08:00:00
1759568400000,4487.97,4501.49,4482.0,4488.0,43856.547,2025-10-04 09:00:00
1759572000000,4488.0,4502.94,4481.8,4485.99,45576.719,2025-10-04 10:00:00
1759575600000,4485.99,4494.39,4478.01,4482.08,37583.504,2025-10-04 11:00:00
1759579200000,4482.07,4488.62,4473.68,4478.1,42972.576,2025-10-04 12:00:00
1759582800000,4478.11,4507.91,4477.02,4497.77,73690.988,2025-10-04 13:00:00
1759586400000,4497.77,4510.0,4467.1,4468.08,99784.549,2025-10-04 14:00:00
1759590000000,4468.08,4481.85,4439.53,4453.67,190874.559,2025-10-04 15:00:00
1759593600000,4453.68,4466.99,4437.86,4465.63,92325.927,2025-10-04 16:00:00
1759597200000,4465.62,4475.43,4451.66,4463.31,57255.43,2025-10-04 17:00:00
1759600800000,4463.32,4466.33,4449.07,4454.3,34810.594,2025-10-04 18:00:00
1759604400000,4454.29,4467.77,4454.0,4466.02,18491.503,2025-10-04 19:00:00
1759608000000,4466.02,4484.0,4466.02,4472.96,42334.452,2025-10-04 20:00:00
1759611600000,4472.97,4493.0,4472.96,4483.07,34298.312,2025-10-04 21:00:00
1759615200000,4483.07,4493.33,4478.46,4487.53,21073.261,2025-10-04 22:00:00
1759618800000,4487.54,4488.5,4480.3,4485.39,18583.046,2025-10-04 23:00:00
1759622400000,4485.38,4492.0,4465.02,4469.99,38657.757,2025-10-05 00:00:00
1759626000000,4469.99,4487.0,4469.07,4485.59,35870.645,2025-10-05 01:00:00
1759629600000,4485.58,4549.61,4478.0,4546.92,261999.271,2025-10-05 02:00:00
1759633200000,4546.92,4574.55,4526.43,4529.73,263779.458,2025-10-05 03:00:00
1759636800000,4529.73,4587.01,4526.52,4572.32,204998.138,2025-10-05 04:00:00
1759640400000,4572.33,4584.17,4556.11,4568.08,117582.022,2025-10-05 05:00:00
1759644000000,4568.09,4572.57,4552.0,4558.13,67747.472,2025-10-05 06:00:00
1759647600000,4558.14,4613.79,4557.16,4604.2,210494.272,2025-10-05 07:00:00
1759651200000,4604.19,4618.0,4582.66,4587.0,149512.635,2025-10-05 08:00:00
1759654800000,4587.01,4589.6,4536.47,4549.18,229700.482,2025-10-05 09:00:00
1759658400000,4549.17,4551.71,4522.0,4541.39,167038.864,2025-10-05 10:00:00
1759662000000,4541.39,4556.1,4534.0,4549.52,63500.482,2025-10-05 11:00:00
1759665600000,4549.52,4550.33,4528.21,4530.69,76986.911,2025-10-05 12:00:00
1759669200000,4530.7,4543.87,4529.85,4537.59,41611.719,2025-10-05 13:00:00
1759672800000,4537.6,4549.0,4529.35,4534.0,62398.933,2025-10-05 14:00:00
1759676400000,4534.0,4542.87,4525.1,4531.01,42785.589,2025-10-05 15:00:00
1759680000000,4531.01,4540.0,4488.0,4527.64,159439.543,2025-10-05 16:00:00
1759683600000,4527.64,4537.06,4502.63,4510.97,86440.559,2025-10-05 17:00:00
1759687200000,4510.98,4524.56,4495.2,4517.4,54981.644,2025-10-05 18:00:00
1759690800000,4517.4,4518.12,4480.01,4485.29,80837.69,2025-10-05 19:00:00
1759694400000,4485.29,4508.0,4472.0,4496.27,66275.339,2025-10-05 20:00:00
1759698000000,4496.27,4506.67,4490.29,4503.23,29452.532,2025-10-05 21:00:00
1759701600000,4503.23,4517.44,4499.03,4510.88,35546.998,2025-10-05 22:00:00
1759705200000,4510.88,4521.57,4509.98,4512.25,42496.733,2025-10-05 23:00:00
1759708800000,4512.25,4552.0,4483.53,4497.44,177285.564,2025-10-06 00:00:00
1759712400000,4497.44,4539.99,4487.53,4525.84,118006.333,2025-10-06 01:00:00
1759716000000,4525.82,4548.67,4504.07,4536.71,90800.682,2025-10-06 02:00:00
1759719600000,4536.72,4540.87,4525.93,4535.14,47202.96,2025-10-06 03:00:00
1759723200000,4535.14,4540.55,4520.49,4522.64,35985.928,2025-10-06 04:00:00
1759726800000,4522.64,4528.0,4507.3,4526.31,56034.34,2025-10-06 05:00:00
1759730400000,4526.31,4574.9,4525.31,4558.6,161346.724,2025-10-06 06:00:00
1759734000000,4558.6,4576.82,4526.73,4531.81,136580.176,2025-10-06 07:00:00
1759737600000,4531.81,4566.0,4531.81,4559.81,83860.803,2025-10-06 08:00:00
1759741200000,4559.81,4574.96,4558.46,4571.11,64800.695,2025-10-06 09:00:00
1759744800000,4571.11,4578.0,4555.32,4571.24,62314.872,2025-10-06 10:00:00
1759748400000,4571.23,4592.12,4562.9,4570.14,108800.391,2025-10-06 11:00:00
1759752000000,4570.15,4595.0,4568.22,4579.54,81886.715,2025-10-06 12:00:00
1759755600000,4579.52,4637.88,4575.11,4636.58,301724.815,2025-10-06 13:00:00
1759759200000,4636.57,4675.0,4627.21,4637.31,333940.321,2025-10-06 14:00:00
1759762800000,4637.31,4693.0,4636.06,4671.15,210319.286,2025-10-06 15:00:00
1759766400000,4671.14,4683.89,4658.23,4676.76,86826.248,2025-10-06 16:00:00
1759770000000,4676.7,4718.0,4672.02,4693.89,194566.949,2025-10-06 17:00:00
1759773600000,4693.89,4715.9,4676.7,4710.17,90538.508,2025-10-06 18:00:00
1759777200000,4710.17,4734.99,4693.36,4721.24,121237.736,2025-10-06 19:00:00
1759780800000,4721.24,4734.75,4685.0,4687.3,90847.993,2025-10-06 20:00:00
1759784400000,4687.29,4697.0,4669.1,4692.0,62579.74,2025-10-06 21:00:00
1759788000000,4691.96,4707.64,4680.47,4696.85,45452.452,2025-10-06 22:00:00
1759791600000,4696.86,4703.6,4681.23,4682.02,41519.037,2025-10-06 23:00:00
1759795200000,4682.01,4691.54,4670.01,4678.47,57136.947,2025-10-07 00:00:00
1759798800000,4678.47,4697.9,4662.02,4674.09,73868.256,2025-10-07 01:00:00
1759802400000,4674.1,4690.28,4667.13,4684.86,53006.642,2025-10-07 02:00:00
1759806000000,4684.85,4694.2,4676.88,4689.0,52026.863,2025-10-07 03:00:00
1759809600000,4689.0,4718.0,4677.2,4711.96,111656.986,2025-10-07 04:00:00
1759813200000,4711.95,4730.77,4703.03,4710.22,99234.62,2025-10-07 05:00:00
1759816800000,4710.23,4718.33,4664.3,4668.45,150348.005,2025-10-07 06:00:00
1759820400000,4668.45,4682.0,4663.02,4676.99,84529.105,2025-10-07 07:00:00
1759824000000,4676.99,4677.36,4637.12,4669.32,206321.57,2025-10-07 08:00:00
1759827600000,4669.32,4681.78,4666.67,4678.38,53830.802,2025-10-07 09:00:00
1759831200000,4678.38,4696.0,4671.62,4689.94,79097.513,2025-10-07 10:00:00
1759834800000,4689.95,4711.45,4685.01,4706.36,83594.072,2025-10-07 11:00:00
1759838400000,4706.36,4748.0,4693.37,4746.3,190252.487,2025-10-07 12:00:00
1759842000000,4746.3,4754.37,4661.61,4702.0,474609.281,2025-10-07 13:00:00
1759845600000,4702.01,4707.99,4588.06,4591.79,494759.153,2025-10-07 14:00:00
1759849200000,4591.79,4605.0,4476.0,4510.48,765788.135,2025-10-07 15:00:00
1759852800000,4510.48,4521.69,4452.0,4497.19,418061.89,2025-10-07 16:00:00
1759856400000,4497.18,4505.48,4465.95,4473.6,134662.08,2025-10-07 17:00:00
1759860000000,4473.6,4481.95,4444.03,4462.64,168415.435,2025-10-07 18:00:00
1759863600000,4462.64,4492.67,4457.21,4477.61,138292.079,2025-10-07 19:00:00
1759867200000,4477.61,4514.96,4474.02,4507.1,84154.064,2025-10-07 20:00:00
1759870800000,4507.09,4511.84,4477.7,4490.9,52532.265,2025-10-07 21:00:00
1759874400000,4490.9,4503.98,4480.45,4495.16,35531.987,2025-10-07 22:00:00
1759878000000,4495.17,4496.93,4424.15,4445.76,158265.822,2025-10-07 23:00:00
1759881600000,4445.78,4479.64,4430.78,4469.63,119432.608,2025-10-08 00:00:00
1759885200000,4469.64,4487.47,4455.58,4481.05,64988.46,2025-10-08 01:00:00
1759888800000,4481.05,4496.2,4471.0,4478.85,74244.986,2025-10-08 02:00:00
1759892400000,4478.86,4478.86,4431.64,4442.25,138728.762,2025-10-08 03:00:00
1759896000000,4442.25,4464.8,4408.14,4460.0,171436.684,2025-10-08 04:00:00
1759899600000,4460.0,4460.5,4418.01,4436.0,120615.916,2025-10-08 05:00:00
1759903200000,4436.0,4456.57,4421.7,4453.45,75934.619,2025-10-08 06:00:00
1759906800000,4453.46,4462.24,4440.27,4461.25,72294.368,2025-10-08 07:00:00
1759910400000,4461.25,4494.99,4455.9,4473.3,166234.274,2025-10-08 08:00:00
1759914000000,4473.3,4482.9,4469.1,4481.88,54053.67,2025-10-08 09:00:00
1759917600000,4481.88,4503.48,4477.4,4497.61,101989.738,2025-10-08 10:00:00
1759921200000,4497.61,4504.7,4480.33,4485.37,71891.41,2025-10-08 11:00:00
1759924800000,4485.37,4494.99,4467.36,4476.38,75327.615,2025-10-08 12:00:00
1759928400000,4476.38,4487.9,4435.23,4474.0,185540.546,2025-10-08 13:00:00
1759932000000,4474.0,4521.38,4437.0,4448.3,313355.058,2025-10-08 14:00:00
1759935600000,4448.3,4467.62,4433.84,4445.05,142813.303,2025-10-08 15:00:00
1759939200000,4445.04,4496.86,4436.5,4493.7,162019.412,2025-10-08 16:00:00
1759942800000,4493.7,4555.9,4487.53,4536.62,278838.746,2025-10-08 17:00:00
1759946400000,4536.62,4542.0,4510.1,4520.91,131522.96,2025-10-08 18:00:00
1759950000000,4520.91,4524.91,4495.0,4512.72,100645.051,2025-10-08 19:00:00
1759953600000,4512.68,4524.98,4497.42,4501.68,50705.203,2025-10-08 20:00:00
1759957200000,4501.67,4525.92,4500.01,4523.0,38182.516,2025-10-08 21:00:00
1759960800000,4523.0,4536.97,4518.73,4519.28,40991.541,2025-10-08 22:00:00
1759964400000,4519.27,4535.84,4507.03,4523.51,45958.152,2025-10-08 23:00:00
1759968000000,4523.5,4529.69,4505.0,4509.13,56229.41,2025-10-09 00:00:00
1759971600000,4509.12,4512.0,4460.66,4477.72,161894.422,2025-10-09 01:00:00
1759975200000,4477.71,4480.54,4400.5,4411.04,228532.392,2025-10-09 02:00:00
1759978800000,4411.03,4451.32,4410.01,4448.49,108284.093,2025-10-09 03:00:00
1759982400000,4448.5,4457.0,4435.95,4452.69,62337.905,2025-10-09 04:00:00
1759986000000,4452.69,4458.42,4435.95,4452.21,50343.461,2025-10-09 05:00:00
1759989600000,4452.21,4452.39,4421.2,4427.6,100310.752,2025-10-09 06:00:00
1759993200000,4427.6,4435.89,4408.88,4424.0,82164.495,2025-10-09 07:00:00
1759996800000,4424.0,4424.91,4317.0,4326.45,474917.072,2025-10-09 08:00:00
1760000400000,4326.45,4354.89,4324.22,4333.36,141839.069,2025-10-09 09:00:00
1760004000000,4333.35,4356.66,4322.99,4351.99,116109.937,2025-10-09 10:00:00
1760007600000,4351.99,4385.76,4351.81,4371.01,134942.967,2025-10-09 11:00:00
1760011200000,4371.0,4412.1,4367.0,4401.73,157011.565,2025-10-09 12:00:00
1760014800000,4401.73,4404.91,4345.62,4348.94,222042.368,2025-10-09 13:00:00
1760018400000,4348.94,4374.08,4302.05,4342.94,353953.26,2025-10-09 14:00:00
1760022000000,4342.95,4361.69,4288.0,4312.36,300729.281,2025-10-09 15:00:00
1760025600000,4312.37,4326.0,4263.0,4275.08,253576.407,2025-10-09 16:00:00
1760029200000,4275.09,4334.98,4266.8,4333.1,196595.762,2025-10-09 17:00:00
1760032800000,4333.1,4338.74,4299.0,4306.28,124135.696,2025-10-09 18:00:00
1760036400000,4306.28,4344.0,4305.53,4336.74,69702.916,2025-10-09 19:00:00
1760040000000,4336.74,4346.0,4325.53,4335.04,48902.508,2025-10-09 20:00:00
1760043600000,4335.04,4357.64,4333.17,4355.85,47685.641,2025-10-09 21:00:00
1760047200000,4355.85,4381.0,4350.12,4375.62,70249.231,2025-10-09 22:00:00
1760050800000,4375.62,4377.35,4354.7,4366.61,56583.873,2025-10-09 23:00:00
1760054400000,4366.61,4384.77,4360.51,4378.75,59071.909,2025-10-10 00:00:00
1760058000000,4378.74,4391.51,4369.12,4371.59,65250.813,2025-10-10 01:00:00
1760061600000,4371.58,4378.74,4348.2,4357.9,101093.365,2025-10-10 02:00:00
1760065200000,4357.9,4391.88,4341.07,4345.46,157108.492,2025-10-10 03:00:00
1760068800000,4345.47,4361.0,4332.43,4342.85,90680.902,2025-10-10 04:00:00
1760072400000,4342.86,4368.3,4325.69,4366.31,102758.901,2025-10-10 05:00:00
1760076000000,4366.31,4375.55,4317.41,4326.17,134861.027,2025-10-10 06:00:00
1760079600000,4326.17,4332.64,4313.05,4321.88,106466.165,2025-10-10 07:00:00
1760083200000,4321.89,4347.84,4311.0,4344.01,80344.996,2025-10-10 08:00:00
1760086800000,4344.0,4349.59,4316.39,4319.66,90235.919,2025-10-10 09:00:00
1760090400000,4319.67,4343.96,4318.47,4340.6,53420.713,2025-10-10 10:00:00
1760094000000,4340.61,4346.0,4326.26,4341.25,54678.438,2025-10-10 11:00:00
1760097600000,4341.25,4351.52,4331.89,4346.32,53538.587,2025-10-10 12:00:00
1760101200000,4346.31,4388.3,4342.7,4353.58,241079.049,2025-10-10 13:00:00
1760104800000,4353.58,4374.0,4276.0,4278.2,305004.425,2025-10-10 14:00:00
1760108400000,4278.2,4282.0,4067.33,4101.01,1414057.764,2025-10-10 15:00:00
1760112000000,4101.0,4135.81,4083.11,4105.89,368546.88,2025-10-10 16:00:00
1760115600000,4105.89,4110.39,4073.09,4091.74,227727.824,2025-10-10 17:00:00
1760119200000,4091.74,4098.0,4050.25,4051.31,309605.121,2025-10-10 18:00:00
1760122800000,4051.3,4062.07,3947.22,3995.07,732532.782,2025-10-10 19:00:00
1760126400000,3995.07,4022.42,3840.6,3866.18,552205.726,2025-10-10 20:00:00
1760130000000,3866.31,3914.0,3355.12,3887.5,2170816.859,2025-10-10 21:00:00
1760133600000,3887.5,3900.0,3780.0,3850.64,570028.931,2025-10-10 22:00:00
1760137200000,3850.68,3915.91,3781.25,3823.96,317697.922,2025-10-10 23:00:00
1760140800000,3823.96,3872.63,3800.0,3834.21,232606.899,2025-10-11 00:00:00
1760144400000,3834.21,3836.74,3723.85,3733.17,301110.532,2025-10-11 01:00:00
1760148000000,3733.17,3863.49,3729.44,3839.22,243918.384,2025-10-11 02:00:00
1760151600000,3839.22,3846.0,3753.38,3790.27,220244.556,2025-10-11 03:00:00
1760155200000,3790.26,3818.0,3777.2,3818.0,141034.259,2025-10-11 04:00:00
1760158800000,3818.0,3830.57,3758.5,3785.99,165334.388,2025-10-11 05:00:00
1760162400000,3785.98,3809.0,3768.16,3777.64,131900.868,2025-10-11 06:00:00
1760166000000,3777.65,3782.71,3731.0,3757.56,191733.387,2025-10-11 07:00:00
1760169600000,3757.56,3818.45,3747.39,3811.63,183751.24,2025-10-11 08:00:00
1760173200000,3811.63,3844.96,3809.25,3825.65,150575.196,2025-10-11 09:00:00
1760176800000,3825.65,3854.92,3815.1,3830.87,100431.612,2025-10-11 10:00:00
1760180400000,3830.87,3841.43,3784.05,3837.69,135779.052,2025-10-11 11:00:00
1760184000000,3837.64,3843.23,3803.6,3820.79,97721.882,2025-10-11 12:00:00
1760187600000,3820.8,3837.68,3781.0,3830.5,152825.368,2025-10-11 13:00:00
1760191200000,3830.5,3836.29,3795.24,3812.55,88365.899,2025-10-11 14:00:00
1760194800000,3812.54,3853.0,3812.0,3822.61,145775.068,2025-10-11 15:00:00
1760198400000,3822.6,3846.0,3806.41,3817.03,125270.228,2025-10-11 16:00:00
1760202000000,3817.03,3839.4,3810.23,3822.67,64005.294,2025-10-11 17:00:00
1760205600000,3822.66,3823.44,3807.99,3812.72,29732.932,2025-10-11 18:00:00
1760209200000,3812.72,3813.75,3726.21,3758.0,233000.404,2025-10-11 19:00:00
1760212800000,3758.0,3765.0,3657.0,3693.53,320812.737,2025-10-11 20:00:00
1760216400000,3693.54,3742.97,3639.67,3734.48,244587.941,2025-10-11 21:00:00
1760220000000,3734.5,3761.99,3723.58,3741.17,101857.601,2025-10-11 22:00:00
1760223600000,3741.18,3751.92,3730.5,3745.51,74075.111,2025-10-11 23:00:00
1760227200000,3745.51,3762.59,3691.69,3699.47,175935.132,2025-10-12 00:00:00
1760230800000,3699.48,3739.57,3693.85,3717.63,123075.978,2025-10-12 01:00:00
1760234400000,3717.62,3748.0,3705.46,3733.03,132547.405,2025-10-12 02:00:00
1760238000000,3733.03,3819.15,3726.36,3779.04,253328.693,2025-10-12 03:00:00
1760241600000,3779.03,3820.0,3773.25,3799.5,142574.632,2025-10-12 04:00:00
1760245200000,3799.5,3814.68,3793.51,3803.34,64813.23,2025-10-12 05:00:00
1760248800000,3803.34,3837.35,3801.0,3829.75,108393.275,2025-10-12 06:00:00
1760252400000,3829.75,3842.98,3813.48,3824.93,106176.251,2025-10-12 07:00:00
1760256000000,3824.94,3844.45,3818.53,3820.15,82920.864,2025-10-12 08:00:00
1760259600000,3820.15,3846.0,3802.72,3840.69,124172.686,2025-10-12 09:00:00
1760263200000,3840.7,3866.0,3813.22,3818.0,150234.724,2025-10-12 10:00:00
1760266800000,3818.0,3831.81,3812.48,3818.48,61037.906,2025-10-12 11:00:00
1760270400000,3818.48,3847.0,3816.4,3829.89,96214.087,2025-10-12 12:00:00
1760274000000,3829.89,3832.71,3791.17,3807.98,185962.852,2025-10-12 13:00:00
1760277600000,3807.98,4025.0,3806.0,3972.36,716286.508,2025-10-12 14:00:00
1760281200000,3972.37,4078.11,3961.9,4031.83,652909.727,2025-10-12 15:00:00
1760284800000,4031.83,4172.23,4031.38,4103.61,659676.855,2025-10-12 16:00:00
1760288400000,4103.61,4155.98,4096.0,4124.71,252081.017,2025-10-12 17:00:00
1760292000000,4124.71,4144.88,4090.29,4106.61,130501.566,2025-10-12 18:00:00
1760295600000,4106.61,4138.73,4105.33,4133.29,71880.678,2025-10-12 19:00:00
1760299200000,4133.28,4195.72,4123.48,4134.11,161548.558,2025-10-12 20:00:00
1760302800000,4134.1,4163.64,4076.41,4133.65,158355.07,2025-10-12 21:00:00
1760306400000,4133.65,4153.25,4107.93,4132.78,133508.671,2025-10-12 22:00:00
1760310000000,4132.78,4159.49,4106.93,4149.75,105474.749,2025-10-12 23:00:00
1760313600000,4149.75,4185.0,4122.0,4137.36,184543.331,2025-10-13 00:00:00
1760317200000,4137.35,4198.0,4124.19,4196.37,143082.845,2025-10-13 01:00:00
1760320800000,4196.37,4219.0,4150.35,4157.3,154608.249,2025-10-13 02:00:00
1760324400000,4157.29,4168.72,4131.22,4138.65,89129.53,2025-10-13 03:00:00
1760328000000,4138.65,4145.0,4114.19,4140.06,112035.821,2025-10-13 04:00:00
1760331600000,4140.06,4143.05,4122.0,4129.99,49060.75,2025-10-13 05:00:00
1760335200000,4130.0,4181.42,4114.44,4168.0,152394.764,2025-10-13 06:00:00
1760338800000,4168.0,4196.0,4156.28,4176.26,160041.621,2025-10-13 07:00:00
1760342400000,4176.26,4193.58,4164.27,4172.45,86801.995,2025-10-13 08:00:00
1760346000000,4172.46,4174.44,4140.01,4162.22,105046.926,2025-10-13 09:00:00
1760349600000,4162.21,4165.65,4137.37,4149.99,66010.725,2025-10-13 10:00:00
1760353200000,4149.98,4154.0,4038.0,4078.88,415521.996,2025-10-13 11:00:00
1760356800000,4078.88,4132.24,4053.98,4095.6,249786.413,2025-10-13 12:00:00
1760360400000,4095.59,4179.0,4090.13,4162.21,446741.103,2025-10-13 13:00:00
1760364000000,4162.21,4174.85,4079.58,4093.76,335262.002,2025-10-13 14:00:00
1760367600000,4093.76,4147.0,4091.0,4133.33,163682.335,2025-10-13 15:00:00
1760371200000,4133.34,4173.97,4126.04,4162.99,183406.228,2025-10-13 16:00:00
1760374800000,4163.0,4238.0,4154.18,4233.16,214163.77,2025-10-13 17:00:00
1760378400000,4233.15,4239.94,4197.67,4225.88,149380.715,2025-10-13 18:00:00
1760382000000,4225.88,4269.61,4221.0,4250.4,157581.293,2025-10-13 19:00:00
1760385600000,4250.24,4288.9,4241.28,4284.08,100974.232,2025-10-13 20:00:00
1760389200000,4284.08,4289.74,4252.28,4256.75,63093.9,2025-10-13 21:00:00
1760392800000,4256.76,4275.0,4248.51,4269.5,53273.404,2025-10-13 22:00:00
1760396400000,4269.49,4269.49,4233.15,4239.8,61350.091,2025-10-13 23:00:00
1760400000000,4239.8,4262.21,4224.0,4240.44,75688.853,2025-10-14 00:00:00
1760403600000,4240.44,4242.3,4200.01,4209.95,115952.898,2025-10-14 01:00:00
1760407200000,4209.95,4209.96,4163.87,4170.03,138866.648,2025-10-14 02:00:00
1760410800000,4170.03,4172.36,4135.04,4151.8,163481.307,2025-10-14 03:00:00
1760414400000,4151.81,4158.87,4085.0,4098.3,226095.257,2025-10-14 04:00:00
1760418000000,4098.3,4124.54,4052.16,4068.34,257473.808,2025-10-14 05:00:00
1760421600000,4068.34,4089.4,3962.76,4001.88,484233.966,2025-10-14 06:00:00
1760425200000,4001.87,4024.44,3966.15,3979.21,293713.085,2025-10-14 07:00:00
1760428800000,3979.21,4009.5,3948.19,3994.7,297298.27,2025-10-14 08:00:00
1760432400000,3994.7,4013.19,3967.92,3983.97,170310.533,2025-10-14 09:00:00
1760436000000,3983.96,3984.89,3885.99,3941.14,492522.549,2025-10-14 10:00:00
1760439600000,3941.14,3984.23,3939.74,3969.86,208045.148,2025-10-14 11:00:00
1760443200000,3969.86,3972.0,3928.4,3939.26,201007.503,2025-10-14 12:00:00
1760446800000,3939.26,3974.89,3892.11,3954.05,407944.455,2025-10-14 13:00:00
1760450400000,3954.05,4018.38,3938.0,3967.19,381681.508,2025-10-14 14:00:00
1760454000000,3967.19,4087.0,3946.0,4082.99,360879.915,2025-10-14 15:00:00
1760457600000,4083.0,4163.65,4055.56,4093.79,528128.429,2025-10-14 16:00:00
1760461200000,4093.8,4140.0,4045.23,4099.53,348651.451,2025-10-14 17:00:00
1760464800000,4099.52,4136.5,4091.51,4118.89,128679.332,2025-10-14 18:00:00
1760468400000,4118.9,4146.99,4046.36,4101.19,284128.46,2025-10-14 19:00:00
1760472000000,4101.2,4124.48,4071.07,4116.32,112998.125,2025-10-14 20:00:00
1760475600000,4116.31,4121.29,4091.0,4116.0,46787.552,2025-10-14 21:00:00
1760479200000,4116.0,4140.43,4099.89,4116.97,61138.07,2025-10-14 22:00:00
1760482800000,4116.97,4143.62,4115.51,4122.74,57712.836,2025-10-14 23:00:00
1760486400000,4122.74,4131.33,4090.84,4118.0,99226.908,2025-10-15 00:00:00
1760490000000,4118.0,4119.84,4080.4,4111.91,117892.104,2025-10-15 01:00:00
1760493600000,4111.91,4144.0,4105.0,4116.57,118509.095,2025-10-15 02:00:00
1760497200000,4116.56,4121.66,4059.17,4080.0,151986.59,2025-10-15 03:00:00
1760500800000,4080.01,4122.57,4070.28,4114.55,101053.577,2025-10-15 04:00:00
1760504400000,4114.56,4123.6,4090.68,4108.28,88967.1,2025-10-15 05:00:00
1760508000000,4108.28,4122.0,4072.91,4116.46,139793.179,2025-10-15 06:00:00
1760511600000,4116.46,4128.0,4102.08,4119.69,71983.233,2025-10-15 07:00:00
1760515200000,4119.7,4216.0,4117.01,4180.0,353091.187,2025-10-15 08:00:00
1760518800000,4180.0,4184.09,4135.41,4154.35,191634.169,2025-10-15 09:00:00
1760522400000,4154.3,4156.66,4110.01,4116.85,155060.577,2025-10-15 10:00:00
1760526000000,4116.85,4129.67,4085.02,4098.2,153831.716,2025-10-15 11:00:00
1760529600000,4098.2,4105.98,4068.0,4093.38,151656.398,2025-10-15 12:00:00
1760533200000,4093.37,4101.82,4014.75,4053.1,417436.315,2025-10-15 13:00:00
1760536800000,4053.1,4104.21,3990.0,4007.49,397296.692,2025-10-15 14:00:00
1760540400000,4007.49,4034.59,3956.66,3979.03,357732.17,2025-10-15 15:00:00
1760544000000,3979.03,4002.35,3963.54,3974.0,194106.577,2025-10-15 16:00:00
1760547600000,3974.0,3992.66,3926.11,3990.81,281561.245,2025-10-15 17:00:00
1760551200000,3990.81,4011.11,3966.58,4005.32,138793.14,2025-10-15 18:00:00
1760554800000,4005.32,4007.8,3967.86,3980.94,122173.181,2025-10-15 19:00:00
1760558400000,3980.94,3994.1,3934.02,3959.59,142383.142,2025-10-15 20:00:00
1760562000000,3959.59,3980.83,3922.11,3952.16,115589.585,2025-10-15 21:00:00
1760565600000,3952.15,3980.0,3949.44,3959.65,69660.364,2025-10-15 22:00:00
1760569200000,3959.65,3992.57,3951.93,3983.71,73777.795,2025-10-15 23:00:00
1760572800000,3983.7,3996.7,3974.06,3980.17,62112.657,2025-10-16 00:00:00
1760576400000,3980.16,4010.97,3978.36,4008.27,79824.104,2025-10-16 01:00:00
1760580000000,4008.28,4036.22,3998.3,4028.98,119466.249,2025-10-16 02:00:00
1760583600000,4028.98,4034.54,4009.01,4012.46,60448.552,2025-10-16 03:00:00
1760587200000,4012.47,4029.0,3990.35,3996.87,86308.05,2025-10-16 04:00:00
1760590800000,3996.86,4018.6,3976.18,3994.62,108631.659,2025-10-16 05:00:00
1760594400000,3994.62,4049.89,3992.29,4039.76,130056.116,2025-10-16 06:00:00
1760598000000,4039.76,4044.04,3992.39,4002.25,124579.371,2025-10-16 07:00:00
1760601600000,4002.25,4005.67,3980.0,3992.66,82046.687,2025-10-16 08:00:00
1760605200000,3992.67,4047.88,3937.17,4027.92,341567.61,2025-10-16 09:00:00
1760608800000,4027.92,4078.0,4027.38,4047.16,215257.755,2025-10-16 10:00:00
1760612400000,4047.15,4061.55,4030.93,4060.0,101547.039,2025-10-16 11:00:00
1760616000000,4060.0,4088.0,4036.91,4052.65,143131.735,2025-10-16 12:00:00
1760619600000,4052.65,4067.94,4004.99,4018.8,196970.795,2025-10-16 13:00:00
1760623200000,4018.8,4057.39,3966.97,4013.41,405303.448,2025-10-16 14:00:00
1760626800000,4013.41,4019.5,3890.0,3905.2,484709.083,2025-10-16 15:00:00
1760630400000,3905.19,3966.36,3855.0,3962.43,566173.224,2025-10-16 16:00:00
1760634000000,3962.43,3962.86,3913.72,3919.74,219661.757,2025-10-16 17:00:00
1760637600000,3919.74,3920.49,3875.28,3903.16,220088.941,2025-10-16 18:00:00
1760641200000,3903.16,3911.28,3848.76,3865.41,216062.652,2025-10-16 19:00:00
1760644800000,3865.44,3879.67,3823.65,3849.34,171193.447,2025-10-16 20:00:00
1760648400000,3849.33,3884.34,3838.83,3881.78,72627.625,2025-10-16 21:00:00
1760652000000,3881.79,3888.45,3861.0,3863.27,49842.61,2025-10-16 22:00:00
1760655600000,3863.27,3896.9,3858.69,3892.37,67608.081,2025-10-16 23:00:00
1760659200000,3892.38,3927.02,3886.41,3927.02,78663.504,2025-10-17 00:00:00
1760662800000,3927.02,3948.86,3903.67,3918.5,127157.173,2025-10-17 01:00:00
1760666400000,3918.5,3930.0,3897.76,3920.85,85141.441,2025-10-17 02:00:00
1760670000000,3920.86,3934.15,3917.08,3931.38,51796.115,2025-10-17 03:00:00
1760673600000,3931.39,3934.44,3907.8,3910.01,63848.696,2025-10-17 04:00:00
1760677200000,3910.3,3921.65,3891.0,3893.75,93823.652,2025-10-17 05:00:00
1760680800000,3893.76,3905.0,3805.81,3818.91,340999.167,2025-10-17 06:00:00
1760684400000,3818.91,3823.0,3750.01,3754.47,510659.887,2025-10-17 07:00:00
1760688000000,3754.46,3768.5,3701.17,3707.47,477715.583,2025-10-17 08:00:00
1760691600000,3707.46,3767.34,3695.0,3722.09,277036.805,2025-10-17 09:00:00
1760695200000,3722.09,3737.62,3671.67,3723.24,367376.796,2025-10-17 10:00:00
1760698800000,3723.23,3815.82,3718.27,3775.86,449873.575,2025-10-17 11:00:00
1760702400000,3775.86,3809.99,3769.09,3773.54,135647.048,2025-10-17 12:00:00
1760706000000,3773.54,3808.63,3736.49,3787.29,334861.367,2025-10-17 13:00:00
1760709600000,3787.28,3796.85,3711.44,3748.64,408443.607,2025-10-17 14:00:00
1760713200000,3748.65,3799.0,3741.37,3795.55,218368.839,2025-10-17 15:00:00
1760716800000,3795.55,3845.59,3776.0,3786.13,340975.978,2025-10-17 16:00:00
1760720400000,3786.14,3824.98,3777.63,3815.31,125612.377,2025-10-17 17:00:00
1760724000000,3815.32,3847.43,3810.05,3833.58,108702.555,2025-10-17 18:00:00
1760727600000,3833.58,3848.0,3812.5,3825.6,83872.075,2025-10-17 19:00:00
1760731200000,3825.58,3862.46,3816.2,3856.44,89996.52,2025-10-17 20:00:00
1760734800000,3856.43,3882.35,3851.2,3874.37,86768.288,2025-10-17 21:00:00
1760738400000,3874.38,3880.55,3843.91,3852.45,55442.884,2025-10-17 22:00:00
1760742000000,3852.45,3852.88,3826.6,3829.71,45791.836,2025-10-17 23:00:00
1760745600000,3829.71,3842.33,3817.0,3838.87,57274.636,2025-10-18 00:00:00
1760749200000,3838.87,3876.54,3838.01,3866.5,79532.324,2025-10-18 01:00:00
1760752800000,3866.51,3879.84,3843.51,3849.18,82741.547,2025-10-18 02:00:00
1760756400000,3849.17,3877.44,3847.46,3868.4,57024.9,2025-10-18 03:00:00
1760760000000,3868.4,3868.63,3838.68,3842.07,70182.845,2025-10-18 04:00:00
1760763600000,3842.06,3867.0,3840.66,3865.19,53024.107,2025-10-18 05:00:00
1760767200000,3865.2,3874.99,3858.33,3869.97,53035.689,2025-10-18 06:00:00
1760770800000,3869.97,3925.95,3869.96,3890.21,243851.671,2025-10-18 07:00:00
1760774400000,3890.21,3903.75,3873.0,3874.36,73198.127,2025-10-18 08:00:00
1760778000000,3874.36,3885.51,3863.05,3876.64,67411.098,2025-10-18 09:00:00
1760781600000,3876.64,3891.47,3860.0,3874.3,73639.729,2025-10-18 10:00:00
1760785200000,3874.3,3881.9,3867.0,3880.72,45656.71,2025-10-18 11:00:00
1760788800000,3880.71,3892.51,3871.01,3881.32,44974.842,2025-10-18 12:00:00
1760792400000,3881.32,3881.68,3853.33,3863.86,83153.777,2025-10-18 13:00:00
1760796000000,3863.87,3880.0,3847.11,3871.98,87637.655,2025-10-18 14:00:00
1760799600000,3871.98,3878.67,3861.96,3875.88,46123.696,2025-10-18 15:00:00
1760803200000,3875.88,3880.98,3851.24,3863.39,65003.423,2025-10-18 16:00:00
1760806800000,3863.39,3897.89,3855.99,3892.03,94475.592,2025-10-18 17:00:00
1760810400000,3892.02,3897.21,3881.01,3886.92,32394.176,2025-10-18 18:00:00
1760814000000,3886.92,3892.98,3880.41,3891.41,16778.514,2025-10-18 19:00:00
1760817600000,3891.41,3909.17,3883.34,3883.56,54985.206,2025-10-18 20:00:00
1760821200000,3883.59,3894.88,3866.66,3889.64,51373.917,2025-10-18 21:00:00
1760824800000,3889.65,3893.39,3881.0,3883.61,15869.93,2025-10-18 22:00:00
1760828400000,3883.6,3887.99,3878.48,3886.5,18113.379,2025-10-18 23:00:00
1760832000000,3886.49,3890.85,3860.23,3867.39,46332.091,2025-10-19 00:00:00
1760835600000,3867.38,3875.38,3853.86,3872.66,44054.865,2025-10-19 01:00:00
1760839200000,3872.66,3874.87,3863.5,3871.36,25917.227,2025-10-19 02:00:00
1760842800000,3871.37,3904.93,3866.53,3904.0,87286.656,2025-10-19 03:00:00
1760846400000,3903.99,3906.63,3889.33,3900.79,44642.249,2025-10-19 04:00:00
1760850000000,3900.8,3918.86,3891.67,3894.66,82067.308,2025-10-19 05:00:00
1760853600000,3894.65,3898.64,3872.05,3879.48,68259.488,2025-10-19 06:00:00
1760857200000,3879.49,3893.16,3875.51,3886.79,47940.709,2025-10-19 07:00:00
1760860800000,3886.79,3957.14,3824.0,3861.77,387367.342,2025-10-19 08:00:00
1760864400000,3861.77,3930.0,3847.11,3910.83,262615.703,2025-10-19 09:00:00
1760868000000,3910.82,3948.0,3896.28,3929.38,164829.054,2025-10-19 10:00:00
1760871600000,3929.37,3949.95,3911.03,3922.41,124397.193,2025-10-19 11:00:00
1760875200000,3922.41,3928.9,3906.0,3921.99,69189.004,2025-10-19 12:00:00
1760878800000,3921.99,3987.75,3911.77,3970.5,179563.952,2025-10-19 13:00:00
1760882400000,3970.51,4001.95,3952.68,3987.85,234070.528,2025-10-19 14:00:00
1760886000000,3987.84,3991.0,3971.36,3977.36,59698.863,2025-10-19 15:00:00
1760889600000,3977.36,3987.47,3956.48,3979.66,94647.157,2025-10-19 16:00:00
1760893200000,3979.66,4026.66,3978.99,3991.9,200400.261,2025-10-19 17:00:00
1760896800000,3991.9,4004.59,3984.43,4000.0,61560.381,2025-10-19 18:00:00
1760900400000,4000.0,4003.68,3976.21,3984.37,51167.637,2025-10-19 19:00:00
1760904000000,3984.38,4002.56,3973.15,3999.38,52762.481,2025-10-19 20:00:00
1760907600000,3999.38,4002.96,3983.0,3996.16,41791.896,2025-10-19 21:00:00
1760911200000,3996.16,4029.68,3986.28,4018.55,86198.939,2025-10-19 22:00:00
1760914800000,4018.55,4018.56,3967.3,3980.8,108534.838,2025-10-19 23:00:00
1760918400000,3980.79,3980.82,3905.71,3939.88,240144.375,2025-10-20 00:00:00
1760922000000,3939.88,3952.9,3928.19,3936.37,90318.61,2025-10-20 01:00:00
1760925600000,3936.38,3965.0,3917.06,3955.0,129708.607,2025-10-20 02:00:00
1760929200000,3954.99,4038.96,3944.76,4025.45,182117.282,2025-10-20 03:00:00
1760932800000,4025.46,4054.0,4020.65,4052.28,153530.578,2025-10-20 04:00:00
1760936400000,4052.28,4073.0,4040.0,4058.97,140927.961,2025-10-20 05:00:00
1760940000000,4058.97,4083.26,4054.37,4072.41,136212.133,2025-10-20 06:00:00
1760943600000,4072.4,4075.0,4048.34,4053.21,107195.364,2025-10-20 07:00:00
1760947200000,4053.21,4070.77,4032.0,4043.6,144305.505,2025-10-20 08:00:00
1760950800000,4043.6,4050.62,4033.0,4043.38,66066.378,2025-10-20 09:00:00
1760954400000,4043.38,4052.0,4012.5,4024.59,118560.707,2025-10-20 10:00:00
1760958000000,4024.6,4041.0,4010.04,4033.22,96758.966,2025-10-20 11:00:00
1760961600000,4033.21,4038.0,4022.18,4036.0,54219.489,2025-10-20 12:00:00
1760965200000,4035.99,4043.81,4018.0,4037.76,118291.654,2025-10-20 13:00:00
1760968800000,4037.77,4047.84,4011.0,4037.17,128329.658,2025-10-20 14:00:00
1760972400000,4037.19,4048.8,4000.93,4002.14,154936.074,2025-10-20 15:00:00
1760976000000,4002.14,4002.19,3922.76,3947.87,461569.788,2025-10-20 16:00:00
1760979600000,3947.86,3963.78,3920.1,3949.29,167118.459,2025-10-20 17:00:00
1760983200000,3949.29,3974.04,3944.2,3972.05,76775.367,2025-10-20 18:00:00
1760986800000,3972.04,3991.38,3956.72,3978.88,93876.928,2025-10-20 19:00:00
1760990400000,3978.88,3997.06,3972.19,3996.37,44444.095,2025-10-20 20:00:00
1760994000000,3996.38,4001.64,3968.22,3974.7,59448.138,2025-10-20 21:00:00
1760997600000,3974.7,3989.71,3968.51,3987.12,45394.967,2025-10-20 22:00:00
1761001200000,3987.13,3991.67,3974.2,3977.47,35319.287,2025-10-20 23:00:00
1761004800000,3977.46,3984.65,3960.57,3970.18,54367.331,2025-10-21 00:00:00
1761008400000,3970.17,3972.18,3929.26,3946.17,105415.713,2025-10-21 01:00:00
1761012000000,3946.16,3949.2,3923.2,3930.08,100806.768,2025-10-21 02:00:00
1761015600000,3930.09,3941.8,3915.1,3920.96,78427.742,2025-10-21 03:00:00
1761019200000,3920.95,3920.96,3841.83,3849.53,381783.56,2025-10-21 04:00:00
1761022800000,3849.54,3872.8,3837.01,3862.16,168912.3,2025-10-21 05:00:00
1761026400000,3862.16,3890.0,3853.61,3885.01,111548.138,2025-10-21 06:00:00
1761030000000,3885.0,3894.95,3872.4,3890.08,79437.889,2025-10-21 07:00:00
1761033600000,3890.08,3891.0,3848.88,3866.26,148792.662,2025-10-21 08:00:00
1761037200000,3866.27,3873.0,3854.55,3862.91,59698.698,2025-10-21 09:00:00
1761040800000,3862.91,3896.35,3858.0,3882.48,115950.688,2025-10-21 10:00:00
1761044400000,3882.47,3893.11,3868.32,3888.29,81939.97,2025-10-21 11:00:00
1761048000000,3888.3,3917.76,3874.03,3879.41,155560.733,2025-10-21 12:00:00
1761051600000,3879.4,3897.68,3850.69,3864.76,209741.274,2025-10-21 13:00:00
1761055200000,3864.77,4023.0,3863.33,4019.17,595384.896,2025-10-21 14:00:00
1761058800000,4019.17,4084.73,3995.0,4079.96,508232.971,2025-10-21 15:00:00
1761062400000,4079.95,4109.64,4016.6,4028.57,510747.75,2025-10-21 16:00:00
1761066000000,4028.63,4040.0,3963.5,4012.97,541736.893,2025-10-21 17:00:00
1761069600000,4012.98,4021.85,3973.18,4012.0,176381.575,2025-10-21 18:00:00
1761073200000,4012.0,4021.24,3992.08,3994.39,82762.249,2025-10-21 19:00:00
1761076800000,3994.4,3999.59,3933.0,3951.95,160620.664,2025-10-21 20:00:00
1761080400000,3951.95,3964.99,3891.58,3943.72,151831.427,2025-10-21 21:00:00
1761084000000,3943.71,3947.84,3890.7,3899.54,184921.606,2025-10-21 22:00:00
1761087600000,3899.54,3909.75,3855.11,3870.8,177364.196,2025-10-21 23:00:00
1761091200000,3870.79,3887.81,3817.0,3840.12,241089.214,2025-10-22 00:00:00
1761094800000,3840.11,3872.99,3839.13,3868.01,130222.792,2025-10-22 01:00:00
1761098400000,3868.01,3874.44,3858.32,3859.87,66069.113,2025-10-22 02:00:00
1761102000000,3859.87,3861.99,3837.36,3857.67,87808.988,2025-10-22 03:00:00
1761105600000,3857.66,3882.4,3855.24,3876.9,80257.503,2025-10-22 04:00:00
1761109200000,3876.9,3880.0,3835.0,3858.48,117049.213,2025-10-22 05:00:00
1761112800000,3858.47,3868.97,3850.27,3850.96,57626.049,2025-10-22 06:00:00
1761116400000,3850.95,3876.77,3839.01,3867.31,98914.582,2025-10-22 07:00:00
1761120000000,3867.31,3867.32,3846.87,3852.46,52124.122,2025-10-22 08:00:00
1761123600000,3852.46,3857.0,3822.0,3835.39,151249.178,2025-10-22 09:00:00
1761127200000,3835.38,3848.0,3815.49,3819.09,138198.752,2025-10-22 10:00:00
1761130800000,3819.1,3837.49,3763.54,3827.01,399656.695,2025-10-22 11:00:00
1761134400000,3827.0,3856.45,3818.6,3844.72,123345.564,2025-10-22 12:00:00
1761138000000,3844.71,3875.99,3822.3,3870.79,235144.765,2025-10-22 13:00:00
1761141600000,3870.8,3872.84,3777.01,3851.68,466887.686,2025-10-22 14:00:00
1761145200000,3851.7,3862.68,3786.93,3839.45,323181.109,2025-10-22 15:00:00
1761148800000,3839.44,3859.15,3808.08,3833.28,267231.675,2025-10-22 16:00:00
1761152400000,3833.28,3840.99,3792.0,3805.53,122535.495,2025-10-22 17:00:00
1761156000000,3805.53,3819.46,3786.34,3800.95,119063.572,2025-10-22 18:00:00
1761159600000,3800.95,3827.14,3781.06,3802.55,134512.398,2025-10-22 19:00:00
1761163200000,3802.55,3808.78,3765.8,3779.01,120508.758,2025-10-22 20:00:00
1761166800000,3779.01,3780.29,3705.01,3742.48,270800.715,2025-10-22 21:00:00
1761170400000,3742.48,3760.0,3731.38,3750.07,78258.718,2025-10-22 22:00:00
1761174000000,3750.06,3816.74,3748.4,3803.69,138679.512,2025-10-22 23:00:00
1761177600000,3803.69,3820.0,3794.34,3813.21,70742.221,2025-10-23 00:00:00
1761181200000,3813.22,3835.16,3810.0,3819.37,89874.752,2025-10-23 01:00:00
1761184800000,3819.38,3833.28,3813.0,3823.99,58759.956,2025-10-23 02:00:00
1761188400000,3823.99,3833.5,3820.0,3824.89,47641.49,2025-10-23 03:00:00
1761192000000,3824.89,3847.0,3820.54,3833.69,69441.436,2025-10-23 04:00:00
1761195600000,3833.7,3848.19,3832.67,3846.0,54260.803,2025-10-23 05:00:00
1761199200000,3845.99,3895.97,3842.0,3889.67,209078.135,2025-10-23 06:00:00
1761202800000,3889.66,3891.0,3868.01,3878.99,101472.97,2025-10-23 07:00:00
1761206400000,3878.98,3903.0,3878.98,3884.99,112216.87,2025-10-23 08:00:00
1761210000000,3885.0,3890.0,3872.73,3888.8,73305.426,2025-10-23 09:00:00
1761213600000,3888.8,3903.0,3875.58,3875.63,107019.714,2025-10-23 10:00:00
1761217200000,3875.63,3886.57,3855.26,3861.83,127533.175,2025-10-23 11:00:00
1761220800000,3861.83,3861.83,3833.8,3851.75,154914.484,2025-10-23 12:00:00
1761224400000,3851.76,3866.88,3831.14,3850.0,179247.372,2025-10-23 13:00:00
1761228000000,3850.0,3852.63,3806.0,3845.99,238052.203,2025-10-23 14:00:00
1761231600000,3846.0,3886.0,3841.0,3874.89,239350.68,2025-10-23 15:00:00
1761235200000,3874.88,3934.49,3862.66,3916.15,212554.87,2025-10-23 16:00:00
1761238800000,3916.15,3926.49,3873.71,3919.6,214885.853,2025-10-23 17:00:00
1761242400000,3919.61,3920.98,3856.0,3868.34,135295.275,2025-10-23 18:00:00
1761246000000,3868.35,3869.77,3842.96,3857.8,99766.135,2025-10-23 19:00:00
1761249600000,3857.8,3858.65,3816.06,3827.32,104382.541,2025-10-23 20:00:00
1761253200000,3827.33,3835.66,3819.15,3826.46,65372.761,2025-10-23 21:00:00
1761256800000,3826.45,3854.52,3824.25,3848.41,79564.972,2025-10-23 22:00:00
1761260400000,3848.4,3859.27,3843.33,3854.74,50364.74,2025-10-23 23:00:00
1761264000000,3854.74,3875.67,3843.01,3865.72,95772.889,2025-10-24 00:00:00
1761267600000,3865.72,3881.57,3855.05,3879.35,61737.304,2025-10-24 01:00:00
1761271200000,3879.36,3894.33,3869.0,3887.08,58781.297,2025-10-24 02:00:00
1761274800000,3887.08,3890.34,3876.23,3889.06,54271.88,2025-10-24 03:00:00
1761278400000,3889.06,3978.4,3883.7,3972.8,293087.672,2025-10-24 04:00:00
1761282000000,3972.8,3987.98,3955.0,3972.7,145809.494,2025-10-24 05:00:00
1761285600000,3972.7,3985.8,3961.21,3980.88,97150.39,2025-10-24 06:00:00
1761289200000,3980.87,3982.48,3933.0,3947.53,180615.256,2025-10-24 07:00:00
1761292800000,3947.53,3964.0,3928.04,3951.22,138795.297,2025-10-24 08:00:00
1761296400000,3951.21,3967.73,3948.2,3957.19,77658.008,2025-10-24 09:00:00
1761300000000,3957.19,3963.79,3946.01,3954.99,55461.669,2025-10-24 10:00:00
1761303600000,3955.0,3962.6,3923.4,3944.76,138728.828,2025-10-24 11:00:00
1761307200000,3944.75,4030.0,3939.21,3962.34,382408.422,2025-10-24 12:00:00
1761310800000,3962.34,3977.3,3916.02,3945.01,241097.67,2025-10-24 13:00:00
1761314400000,3945.01,3945.45,3888.0,3900.82,289096.228,2025-10-24 14:00:00
1761318000000,3900.83,3929.32,3865.01,3887.35,223497.113,2025-10-24 15:00:00
1761321600000,3887.35,3891.58,3863.65,3888.45,165166.563,2025-10-24 16:00:00
1761325200000,3888.44,3905.0,3872.99,3886.2,126214.088,2025-10-24 17:00:00
1761328800000,3886.2,3913.64,3881.44,3909.58,67984.718,2025-10-24 18:00:00
1761332400000,3909.57,3936.75,3909.3,3924.7,98415.719,2025-10-24 19:00:00
1761336000000,3924.71,3941.92,3922.01,3936.97,51312.056,2025-10-24 20:00:00
1761339600000,3936.98,3944.94,3923.81,3941.53,47506.953,2025-10-24 21:00:00
1761343200000,3941.53,3943.85,3927.98,3934.28,30483.171,2025-10-24 22:00:00
1761346800000,3934.29,3935.43,3923.28,3933.0,33895.262,2025-10-24 23:00:00
1761350400000,3933.0,3934.02,3910.26,3916.56,64092.751,2025-10-25 00:00:00
1761354000000,3916.57,3937.84,3913.21,3931.09,61240.449,2025-10-25 01:00:00
1761357600000,3931.1,3936.89,3923.74,3931.7,41042.301,2025-10-25 02:00:00
1761361200000,3931.71,3933.56,3918.0,3919.0,28111.909,2025-10-25 03:00:00
1761364800000,3919.0,3933.9,3918.05,3920.93,39870.75,2025-10-25 04:00:00
1761368400000,3920.93,3930.45,3918.0,3929.14,32070.429,2025-10-25 05:00:00
1761372000000,3929.14,3934.13,3924.23,3926.76,39705.97,2025-10-25 06:00:00
1761375600000,3926.76,3961.46,3923.13,3927.21,112022.196,2025-10-25 07:00:00
1761379200000,3927.21,3954.0,3925.59,3951.66,58915.695,2025-10-25 08:00:00
1761382800000,3951.66,3954.63,3936.72,3940.64,57235.774,2025-10-25 09:00:00
1761386400000,3940.64,3946.03,3928.58,3940.4,49763.067,2025-10-25 10:00:00
1761390000000,3940.4,3943.56,3936.24,3938.04,21294.681,2025-10-25 11:00:00
1761393600000,3938.05,3953.72,3937.47,3951.17,48115.641,2025-10-25 12:00:00
1761397200000,3951.17,3954.45,3933.27,3941.19,55434.399,2025-10-25 13:00:00
1761400800000,3941.19,3946.27,3932.13,3937.01,35385.885,2025-10-25 14:00:00
1761404400000,3937.0,3937.01,3920.6,3931.64,45433.994,2025-10-25 15:00:00
1761408000000,3931.64,3936.45,3926.14,3931.36,27560.348,2025-10-25 16:00:00
1761411600000,3931.36,3938.16,3928.86,3932.76,23730.414,2025-10-25 17:00:00
1761415200000,3932.75,3968.0,3927.53,3957.87,93160.6,2025-10-25 18:00:00
1761418800000,3957.87,3962.48,3949.08,3955.64,36659.595,2025-10-25 19:00:00
1761422400000,3955.68,3957.98,3942.22,3943.24,35452.724,2025-10-25 20:00:00
1761426000000,3943.24,3951.41,3931.0,3951.41,32061.46,2025-10-25 21:00:00
1761429600000,3951.41,3963.39,3944.68,3959.86,29671.486,2025-10-25 22:00:00
1761433200000,3959.85,3962.47,3948.4,3951.76,21483.654,2025-10-25 23:00:00
1761436800000,3951.76,3960.01,3944.03,3948.16,31546.022,2025-10-26 00:00:00
1761440400000,3948.17,3954.02,3915.86,3930.87,69286.232,2025-10-26 01:00:00
1761444000000,3930.87,3937.32,3920.52,3928.54,52146.037,2025-10-26 02:00:00
1761447600000,3928.53,3935.0,3921.27,3930.0,35221.337,2025-10-26 03:00:00
1761451200000,3930.0,3939.84,3927.0,3937.92,26006.7,2025-10-26 04:00:00
1761454800000,3937.92,3944.94,3935.43,3940.33,26055.473,2025-10-26 05:00:00
1761458400000,3940.33,3944.31,3936.57,3942.63,22176.729,2025-10-26 06:00:00
1761462000000,3942.63,3955.0,3939.17,3949.68,42307.177,2025-10-26 07:00:00
1761465600000,3949.68,3967.89,3948.06,3957.88,58167.608,2025-10-26 08:00:00
1761469200000,3957.89,4011.0,3954.0,3986.3,277116.031,2025-10-26 09:00:00
1761472800000,3986.3,3988.99,3972.32,3981.71,78476.652,2025-10-26 10:00:00
1761476400000,3981.71,4056.0,3975.0,4043.49,324417.052,2025-10-26 11:00:00
1761480000000,4043.49,4077.0,4039.12,4070.87,228560.688,2025-10-26 12:00:00
1761483600000,4070.87,4099.0,4060.34,4081.74,200458.211,2025-10-26 13:00:00
1761487200000,4081.74,4089.3,4060.82,4065.0,130007.108,2025-10-26 14:00:00
1761490800000,4065.01,4075.58,4057.08,4073.0,83772.111,2025-10-26 15:00:00
1761494400000,4073.01,4074.09,4044.5,4053.99,91560.879,2025-10-26 16:00:00
1761498000000,4054.0,4067.25,4051.18,4057.6,33568.505,2025-10-26 17:00:00
1761501600000,4057.59,4079.65,4056.0,4070.48,49607.513,2025-10-26 18:00:00
1761505200000,4070.48,4071.33,4063.03,4065.96,20293.412,2025-10-26 19:00:00
1761508800000,4065.95,4071.67,4052.82,4060.23,31318.266,2025-10-26 20:00:00
1761512400000,4060.23,4094.75,4052.55,4078.62,54088.767,2025-10-26 21:00:00
1761516000000,4078.62,4180.0,4078.62,4158.91,318509.622,2025-10-26 22:00:00
1761519600000,4158.91,4178.59,4147.07,4157.46,131312.878,2025-10-26 23:00:00
1761523200000,4157.45,4189.99,4145.46,4168.65,131802.043,2025-10-27 00:00:00
1761526800000,4168.65,4207.8,4165.71,4190.01,154963.253,2025-10-27 01:00:00
1761530400000,4190.01,4216.88,4181.13,4203.27,147927.364,2025-10-27 02:00:00
1761534000000,4203.27,4224.71,4198.1,4202.82,94031.849,2025-10-27 03:00:00
1761537600000,4202.82,4217.19,4192.4,4211.28,83324.631,2025-10-27 04:00:00
1761541200000,4211.28,4251.99,4208.58,4231.0,197341.055,2025-10-27 05:00:00
1761544800000,4231.0,4244.09,4220.04,4233.28,108002.972,2025-10-27 06:00:00
1761548400000,4233.27,4246.0,4194.06,4199.99,152635.954,2025-10-27 07:00:00
1761552000000,4200.0,4200.15,4152.32,4165.16,242290.37,2025-10-27 08:00:00
1761555600000,4165.16,4172.94,4152.29,4159.05,114450.936,2025-10-27 09:00:00
1761559200000,4159.05,4174.5,4153.32,4166.01,81606.581,2025-10-27 10:00:00
1761562800000,4166.01,4174.68,4130.01,4160.81,176007.936,2025-10-27 11:00:00
1761566400000,4160.81,4165.31,4135.74,4143.99,80489.526,2025-10-27 12:00:00
1761570000000,4144.0,4187.0,4125.01,4175.62,235013.248,2025-10-27 13:00:00
1761573600000,4175.62,4181.64,4121.01,4147.49,221960.546,2025-10-27 14:00:00
1761577200000,4147.5,4173.67,4146.21,4170.82,106127.751,2025-10-27 15:00:00
1761580800000,4170.83,4217.56,4170.17,4212.16,181830.944,2025-10-27 16:00:00
1761584400000,4212.16,4223.42,4195.53,4218.79,97932.864,2025-10-27 17:00:00
1761588000000,4218.78,4231.63,4203.62,4212.61,89428.345,2025-10-27 18:00:00
1761591600000,4212.61,4218.91,4181.5,4191.79,114800.247,2025-10-27 19:00:00
1761595200000,4191.78,4193.82,4126.0,4126.29,191848.016,2025-10-27 20:00:00
1761598800000,4126.28,4137.23,4092.2,4114.8,130987.808,2025-10-27 21:00:00
1761602400000,4114.8,4142.93,4108.19,4120.99,76807.128,2025-10-27 22:00:00
1761606000000,4120.99,4126.5,4100.9,4118.31,88568.919,2025-10-27 23:00:00
1761609600000,4118.31,4132.0,4105.0,4113.8,74210.22,2025-10-28 00:00:00
1761613200000,4113.8,4140.0,4113.8,4135.27,66515.724,2025-10-28 01:00:00
1761616800000,4135.26,4140.0,4070.01,4094.28,166967.221,2025-10-28 02:00:00
1761620400000,4094.28,4099.76,4064.0,4092.39,128935.844,2025-10-28 03:00:00
1761624000000,4092.39,4105.0,4086.11,4098.01,57536.52,2025-10-28 04:00:00
1761627600000,4098.0,4102.83,4063.0,4066.92,101692.338,2025-10-28 05:00:00
1761631200000,4066.93,4113.9,4066.08,4111.27,98522.896,2025-10-28 06:00:00
1761634800000,4111.27,4125.67,4106.78,4114.52,90212.847,2025-10-28 07:00:00
1761638400000,4114.53,4134.49,4108.0,4121.12,80655.998,2025-10-28 08:00:00
1761642000000,4121.13,4127.0,4101.01,4120.38,93676.424,2025-10-28 09:00:00
1761645600000,4120.38,4122.35,4106.57,4116.0,39326.442,2025-10-28 10:00:00
1761649200000,4116.0,4125.7,4108.09,4110.07,61837.899,2025-10-28 11:00:00
1761652800000,4110.07,4124.34,4094.0,4119.82,103492.458,2025-10-28 12:00:00
1761656400000,4119.82,4166.61,4119.19,4156.76,259303.585,2025-10-28 13:00:00
1761660000000,4156.76,4174.28,4067.41,4117.0,376968.479,2025-10-28 14:00:00
1761663600000,4117.0,4140.0,4085.3,4095.42,198271.425,2025-10-28 15:00:00
1761667200000,4095.42,4139.63,4091.2,4132.51,142536.338,2025-10-28 16:00:00
1761670800000,4132.52,4145.99,4118.63,4138.39,90491.993,2025-10-28 17:00:00
1761674400000,4138.4,4149.98,4102.32,4113.79,120281.046,2025-10-28 18:00:00
1761678000000,4113.79,4116.94,4024.0,4037.33,307140.467,2025-10-28 19:00:00
1761681600000,4037.33,4040.19,3957.02,3977.01,383649.612,2025-10-28 20:00:00
1761685200000,3977.0,3990.27,3928.15,3980.29,189796.542,2025-10-28 21:00:00
1761688800000,3980.28,3998.03,3970.07,3992.45,76822.13,2025-10-28 22:00:00
1761692400000,3992.45,3994.01,3974.35,3977.46,49946.451,2025-10-28 23:00:00
1761696000000,3977.45,3991.47,3967.0,3970.93,60339.165,2025-10-29 00:00:00
1761699600000,3970.94,4008.66,3961.61,3980.6,127194.734,2025-10-29 01:00:00
1761703200000,3980.59,4003.08,3978.49,4000.54,56651.777,2025-10-29 02:00:00
1761706800000,4000.53,4000.6,3983.4,3995.52,49174.83,2025-10-29 03:00:00
1761710400000,3995.52,4018.86,3993.6,4011.0,68883.355,2025-10-29 04:00:00
1761714000000,4011.01,4035.23,4009.65,4024.5,105680.065,2025-10-29 05:00:00
1761717600000,4024.5,4034.64,4014.18,4022.62,67603.096,2025-10-29 06:00:00
1761721200000,4022.62,4029.0,4010.0,4022.61,57750.795,2025-10-29 07:00:00
1761724800000,4022.61,4025.0,4001.34,4005.53,69031.98,2025-10-29 08:00:00
1761728400000,4005.53,4008.0,3982.39,3995.52,103875.941,2025-10-29 09:00:00
1761732000000,3995.52,4002.94,3986.0,3987.1,59772.727,2025-10-29 10:00:00
1761735600000,3987.1,4014.6,3980.88,4009.01,77183.263,2025-10-29 11:00:00
1761739200000,4009.01,4018.54,4001.42,4014.1,47045.756,2025-10-29 12:00:00
1761742800000,4014.09,4028.0,3982.08,3993.0,179833.115,2025-10-29 13:00:00
1761746400000,3993.0,3998.86,3971.08,3987.15,174170.368,2025-10-29 14:00:00
1761750000000,3987.16,3993.0,3938.02,3950.5,226462.247,2025-10-29 15:00:00
1761753600000,3950.5,3976.68,3923.2,3961.09,203114.589,2025-10-29 16:00:00
1761757200000,3961.09,4015.5,3957.67,4013.1,139587.436,2025-10-29 17:00:00
1761760800000,4013.06,4017.38,3835.0,3915.37,876053.448,2025-10-29 18:00:00
1761764400000,3915.36,3956.8,3884.98,3902.22,266753.204,2025-10-29 19:00:00
1761768000000,3902.31,3951.34,3884.55,3949.06,135905.375,2025-10-29 20:00:00
1761771600000,3949.06,3963.0,3927.62,3953.96,61666.149,2025-10-29 21:00:00
1761775200000,3953.96,3957.76,3931.86,3938.58,40818.752,2025-10-29 22:00:00
1761778800000,3938.57,3939.01,3871.14,3900.8,127766.508,2025-10-29 23:00:00
1761782400000,3900.81,3921.8,3883.11,3920.71,85691.678,2025-10-30 00:00:00
1761786000000,3920.71,3934.0,3903.79,3925.84,76421.632,2025-10-30 01:00:00
1761789600000,3925.84,3946.65,3921.19,3943.99,65650.475,2025-10-30 02:00:00
1761793200000,3943.99,3947.0,3925.55,3932.19,54450.149,2025-10-30 03:00:00
1761796800000,3932.2,3933.21,3836.94,3869.99,436691.741,2025-10-30 04:00:00
1761800400000,3869.98,3921.69,3855.2,3914.14,208687.697,2025-10-30 05:00:00
1761804000000,3914.14,3927.03,3894.0,3911.55,94131.733,2025-10-30 06:00:00
1761807600000,3911.54,3945.03,3906.0,3937.55,100335.375,2025-10-30 07:00:00
1761811200000,3937.55,3937.95,3913.38,3918.96,71183.637,2025-10-30 08:00:00
1761814800000,3918.97,3922.0,3890.5,3898.57,113763.395,2025-10-30 09:00:00
1761818400000,3898.57,3906.45,3881.0,3891.02,80428.284,2025-10-30 10:00:00
1761822000000,3891.02,3896.92,3875.27,3879.28,82579.88,2025-10-30 11:00:00
1761825600000,3879.28,3883.5,3792.56,3816.06,408174.89,2025-10-30 12:00:00
1761829200000,3816.06,3835.83,3757.14,3765.16,388699.271,2025-10-30 13:00:00
1761832800000,3765.16,3805.92,3763.0,3798.71,214801.743,2025-10-30 14:00:00
1761836400000,3798.71,3805.19,3755.5,3771.2,175725.059,2025-10-30 15:00:00
1761840000000,3771.2,3800.32,3760.47,3779.27,127777.693,2025-10-30 16:00:00
1761843600000,3779.27,3779.27,3725.02,3769.16,349135.541,2025-10-30 17:00:00
1761847200000,3769.15,3770.95,3717.12,3719.04,150777.602,2025-10-30 18:00:00
1761850800000,3719.05,3735.68,3676.14,3684.36,326730.578,2025-10-30 19:00:00
1761854400000,3684.36,3755.55,3677.45,3754.21,197978.459,2025-10-30 20:00:00
1761858000000,3754.21,3780.37,3745.0,3770.91,114180.358,2025-10-30 21:00:00
1761861600000,3770.92,3781.52,3762.0,3781.52,54495.064,2025-10-30 22:00:00
1761865200000,3781.51,3804.94,3771.21,3802.66,87300.022,2025-10-30 23:00:00
1761868800000,3802.76,3839.46,3794.0,3829.8,138377.849,2025-10-31 00:00:00
1761872400000,3829.8,3860.0,3824.28,3844.99,179807.721,2025-10-31 01:00:00
1761876000000,3845.0,3849.8,3804.69,3819.79,160888.666,2025-10-31 02:00:00
1761879600000,3819.78,3835.88,3809.6,3827.2,88608.501,2025-10-31 03:00:00
1761883200000,3827.2,3874.2,3824.5,3860.25,197485.694,2025-10-31 04:00:00
1761886800000,3860.25,3862.1,3843.0,3848.1,80204.327,2025-10-31 05:00:00
1761890400000,3848.09,3850.3,3820.04,3828.99,113764.596,2025-10-31 06:00:00
1761894000000,3828.99,3839.47,3818.48,3829.3,93779.55,2025-10-31 07:00:00
1761897600000,3829.3,3852.9,3816.32,3850.14,97762.519,2025-10-31 08:00:00
1761901200000,3850.13,3862.73,3837.64,3843.47,82294.266,2025-10-31 09:00:00
1761904800000,3843.48,3852.85,3830.77,3833.64,52218.116,2025-10-31 10:00:00
1761908400000,3833.65,3884.64,3825.03,3872.26,154012.021,2025-10-31 11:00:00
1761912000000,3872.27,3887.66,3831.54,3834.47,195820.543,2025-10-31 12:00:00
1761915600000,3834.46,3873.47,3828.0,3857.21,164727.005,2025-10-31 13:00:00
1761919200000,3857.22,3873.33,3836.15,3865.8,169341.477,2025-10-31 14:00:00
1761922800000,3865.8,3880.55,3850.01,3857.57,156038.887,2025-10-31 15:00:00
1761926400000,3857.55,3865.87,3812.3,3820.63,209678.21,2025-10-31 16:00:00
1761930000000,3820.63,3832.9,3801.0,3826.23,177807.066,2025-10-31 17:00:00
1761933600000,3826.24,3867.69,3807.0,3850.71,198171.862,2025-10-31 18:00:00
1761937200000,3850.71,3905.0,3835.0,3884.52,202323.919,2025-10-31 19:00:00
1761940800000,3884.52,3892.28,3853.0,3858.33,91903.922,2025-10-31 20:00:00
1761944400000,3858.33,3864.19,3837.81,3859.5,55975.58,2025-10-31 21:00:00
1761948000000,3859.49,3864.79,3849.0,3853.22,25475.548,2025-10-31 22:00:00
1761951600000,3853.22,3856.62,3844.87,3845.8,27478.085,2025-10-31 23:00:00
1761955200000,3845.8,3847.65,3827.0,3845.64,54143.971,2025-11-01 00:00:00
1761958800000,3845.63,3858.95,3840.39,3842.15,37606.626,2025-11-01 01:00:00
1761962400000,3842.15,3853.0,3834.01,3850.11,31466.473,2025-11-01 02:00:00
1761966000000,3850.11,3862.6,3848.78,3859.25,40969.802,2025-11-01 03:00:00
1761969600000,3859.24,3866.91,3852.15,3864.01,47878.811,2025-11-01 04:00:00
1761973200000,3864.01,3865.36,3851.15,3853.21,34672.044,2025-11-01 05:00:00
1761976800000,3853.21,3858.88,3850.73,3856.74,28868.976,2025-11-01 06:00:00
1761980400000,3856.74,3865.59,3854.08,3858.66,25979.85,2025-11-01 07:00:00
1761984000000,3858.66,3881.74,3858.0,3879.69,57602.043,2025-11-01 08:00:00
1761987600000,3879.69,3880.55,3868.93,3873.15,42410.742,2025-11-01 09:00:00
1761991200000,3873.14,3879.88,3869.67,3874.79,25295.414,2025-11-01 10:00:00
1761994800000,3874.78,3879.83,3866.66,3875.87,30549.263,2025-11-01 11:00:00
1761998400000,3875.87,3879.0,3873.08,3874.28,23630.03,2025-11-01 12:00:00
1762002000000,3874.27,3877.54,3855.01,3868.42,57813.992,2025-11-01 13:00:00
1762005600000,3868.42,3873.33,3856.45,3870.87,54201.882,2025-11-01 14:00:00
1762009200000,3870.87,3903.22,3869.02,3892.47,146237.812,2025-11-01 15:00:00
1762012800000,3892.47,3909.01,3883.5,3890.0,83322.831,2025-11-01 16:00:00
1762016400000,3890.0,3891.86,3860.64,3864.12,91584.537,2025-11-01 17:00:00
1762020000000,3864.13,3879.07,3862.31,3878.17,36233.173,2025-11-01 18:00:00
1762023600000,3878.17,3879.12,3869.19,3878.43,18634.793,2025-11-01 19:00:00
1762027200000,3878.43,3890.0,3876.79,3879.49,33695.066,2025-11-01 20:00:00
1762030800000,3879.5,3882.81,3865.56,3865.58,15991.545,2025-11-01 21:00:00
1762034400000,3865.58,3873.94,3862.14,3872.56,26461.28,2025-11-01 22:00:00
1762038000000,3872.56,3875.0,3866.8,3871.9,14294.604,2025-11-01 23:00:00
1762041600000,3871.89,3872.33,3860.21,3864.48,32471.135,2025-11-02 00:00:00
1762045200000,3864.48,3874.82,3860.08,3869.89,28737.66,2025-11-02 01:00:00
1762048800000,3869.88,3885.92,3866.5,3878.35,38601.976,2025-11-02 02:00:00
1762052400000,3878.35,3883.0,3875.51,3878.33,18156.3,2025-11-02 03:00:00
1762056000000,3878.33,3913.1,3873.85,3906.22,106007.639,2025-11-02 04:00:00
1762059600000,3906.25,3907.35,3892.28,3900.89,53575.572,2025-11-02 05:00:00
1762063200000,3900.83,3906.0,3889.21,3900.01,33672.32,2025-11-02 06:00:00
1762066800000,3900.0,3917.35,3890.07,3904.41,71212.665,2025-11-02 07:00:00
1762070400000,3904.41,3909.0,3891.0,3893.04,44500.928,2025-11-02 08:00:00
1762074000000,3893.04,3902.53,3866.0,3871.01,125118.095,2025-11-02 09:00:00
1762077600000,3871.01,3875.19,3849.25,3861.81,129671.922,2025-11-02 10:00:00
1762081200000,3861.8,3895.0,3860.76,3888.49,122197.444,2025-11-02 11:00:00
1762084800000,3888.49,3892.87,3866.87,3875.5,78298.684,2025-11-02 12:00:00
1762088400000,3875.51,3875.8,3852.4,3866.34,92410.427,2025-11-02 13:00:00
1762092000000,3866.34,3871.86,3836.04,3851.25,149506.571,2025-11-02 14:00:00
1762095600000,3851.26,3870.88,3844.3,3851.54,86242.681,2025-11-02 15:00:00
1762099200000,3851.54,3864.11,3838.2,3862.69,86406.537,2025-11-02 16:00:00
1762102800000,3862.7,3863.0,3847.91,3857.75,32028.109,2025-11-02 17:00:00
1762106400000,3857.75,3866.46,3853.36,3861.98,22961.609,2025-11-02 18:00:00
1762110000000,3861.98,3862.56,3841.03,3854.41,48776.763,2025-11-02 19:00:00
1762113600000,3854.41,3858.51,3845.79,3857.03,25646.885,2025-11-02 20:00:00
1762117200000,3857.03,3867.73,3848.31,3859.47,32937.735,2025-11-02 21:00:00
1762120800000,3859.48,3862.01,3841.69,3853.33,34569.874,2025-11-02 22:00:00
1762124400000,3853.33,3914.4,3853.33,3904.4,161323.27,2025-11-02 23:00:00
1762128000000,3904.39,3913.27,3860.0,3862.76,145909.993,2025-11-03 00:00:00
1762131600000,3862.77,3862.77,3826.1,3835.56,184952.513,2025-11-03 01:00:00
1762135200000,3835.56,3840.96,3783.79,3797.84,267951.616,2025-11-03 02:00:00
1762138800000,3797.84,3805.67,3725.03,3735.06,357037.776,2025-11-03 03:00:00
1762142400000,3735.06,3747.97,3713.4,3744.62,168503.732,2025-11-03 04:00:00
1762146000000,3744.61,3765.0,3725.61,3730.34,136412.754,2025-11-03 05:00:00
1762149600000,3730.34,3739.88,3681.0,3716.89,279884.489,2025-11-03 06:00:00
1762153200000,3716.88,3735.0,3696.4,3712.29,180923.696,2025-11-03 07:00:00
1762156800000,3712.29,3719.73,3683.58,3715.14,181371.231,2025-11-03 08:00:00
1762160400000,3715.14,3739.99,3694.57,3702.02,162453.622,2025-11-03 09:00:00
1762164000000,3702.02,3717.75,3656.42,3674.29,205454.394,2025-11-03 10:00:00
1762167600000,3674.29,3722.61,3670.64,3709.58,204669.043,2025-11-03 11:00:00
1762171200000,3709.58,3728.24,3701.61,3707.41,106741.707,2025-11-03 12:00:00
1762174800000,3707.41,3727.08,3690.0,3717.92,131177.897,2025-11-03 13:00:00
1762178400000,3717.92,3746.95,3702.57,3732.25,185663.162,2025-11-03 14:00:00
1762182000000,3732.25,3737.04,3580.02,3587.31,794598.193,2025-11-03 15:00:00
1762185600000,3587.3,3624.93,3560.01,3617.06,401074.036,2025-11-03 16:00:00
1762189200000,3617.06,3681.12,3610.0,3664.41,293357.625,2025-11-03 17:00:00
1762192800000,3664.4,3671.0,3628.01,3630.12,116826.769,2025-11-03 18:00:00
1762196400000,3630.12,3647.81,3618.03,3629.56,123763.737,2025-11-03 19:00:00
1762200000000,3629.57,3635.11,3560.1,3586.67,198507.108,2025-11-03 20:00:00
1762203600000,3586.67,3613.41,3554.06,3600.07,149758.403,2025-11-03 21:00:00
1762207200000,3600.07,3602.49,3557.15,3588.3,90054.764,2025-11-03 22:00:00
1762210800000,3588.31,3605.99,3563.95,3601.85,73890.584,2025-11-03 23:00:00
1762214400000,3601.85,3634.5,3565.0,3616.04,152735.928,2025-11-04 00:00:00
1762218000000,3616.04,3652.97,3605.0,3642.16,109612.673,2025-11-04 01:00:00
1762221600000,3642.17,3647.18,3616.27,3623.89,76863.235,2025-11-04 02:00:00
1762225200000,3623.89,3649.84,3618.79,3640.0,76878.627,2025-11-04 03:00:00
1762228800000,3640.01,3646.0,3619.3,3623.37,67096.339,2025-11-04 04:00:00
1762232400000,3623.37,3630.31,3482.0,3490.6,556983.626,2025-11-04 05:00:00
1762236000000,3490.61,3558.9,3476.66,3510.13,385067.658,2025-11-04 06:00:00
1762239600000,3510.14,3520.19,3472.0,3492.7,262607.266,2025-11-04 07:00:00
1762243200000,3492.7,3514.01,3459.0,3494.57,255139.43,2025-11-04 08:00:00
1762246800000,3494.57,3501.82,3474.15,3490.89,112436.805,2025-11-04 09:00:00
1762250400000,3490.88,3501.34,3470.42,3484.04,119436.123,2025-11-04 10:00:00
1762254000000,3484.04,3532.93,3481.78,3527.33,171628.078,2025-11-04 11:00:00
1762257600000,3527.33,3530.63,3492.89,3509.44,133948.804,2025-11-04 12:00:00
1762261200000,3509.44,3522.0,3490.56,3505.59,110197.274,2025-11-04 13:00:00
1762264800000,3505.58,3562.57,3471.07,3553.88,354149.71,2025-11-04 14:00:00
1762268400000,3553.87,3586.04,3492.37,3506.39,422734.964,2025-11-04 15:00:00
1762272000000,3506.39,3519.5,3423.2,3428.47,412865.435,2025-11-04 16:00:00
1762275600000,3428.47,3428.61,3360.8,3371.74,589797.237,2025-11-04 17:00:00
1762279200000,3371.73,3373.55,3253.26,3301.01,823805.742,2025-11-04 18:00:00
1762282800000,3301.01,3315.0,3222.86,3229.12,321741.3,2025-11-04 19:00:00
1762286400000,3229.11,3251.75,3121.89,3211.64,718233.81,2025-11-04 20:00:00
1762290000000,3211.65,3217.4,3054.0,3213.06,624297.015,2025-11-04 21:00:00
1762293600000,3213.12,3288.0,3196.08,3245.65,413040.328,2025-11-04 22:00:00
1762297200000,3245.65,3304.67,3240.37,3285.24,261020.578,2025-11-04 23:00:00
1762300800000,3285.23,3299.99,3227.01,3238.74,190356.717,2025-11-05 00:00:00
1762304400000,3238.75,3253.49,3164.22,3241.97,436309.6,2025-11-05 01:00:00
1762308000000,3241.97,3325.09,3241.55,3323.03,309256.687,2025-11-05 02:00:00
1762311600000,3323.03,3347.92,3303.56,3332.99,186999.449,2025-11-05 03:00:00
1762315200000,3332.99,3343.64,3311.63,3327.6,145417.535,2025-11-05 04:00:00
1762318800000,3327.6,3355.0,3322.38,3324.06,102576.226,2025-11-05 05:00:00
1762322400000,3324.06,3340.35,3308.98,3335.44,119662.507,2025-11-05 06:00:00
1762326000000,3335.43,3340.63,3300.51,3329.19,105682.383,2025-11-05 07:00:00
1762329600000,3329.19,3329.2,3280.33,3299.47,189563.139,2025-11-05 08:00:00
1762333200000,3299.47,3321.3,3292.19,3306.15,96273.031,2025-11-05 09:00:00
1762336800000,3306.16,3306.77,3270.54,3275.05,119113.203,2025-11-05 10:00:00
1762340400000,3275.06,3323.99,3274.0,3321.04,138220.142,2025-11-05 11:00:00
1762344000000,3321.04,3358.0,3310.9,3342.99,179583.868,2025-11-05 12:00:00
1762347600000,3342.98,3373.99,3321.91,3358.2,234435.728,2025-11-05 13:00:00
1762351200000,3358.2,3369.96,3316.27,3346.83,267543.17,2025-11-05 14:00:00
1762354800000,3346.88,3396.8,3332.0,3395.61,263758.194,2025-11-05 15:00:00
1762358400000,3395.61,3438.6,3367.83,3435.02,357631.192,2025-11-05 16:00:00
1762362000000,3435.02,3445.3,3415.31,3433.04,187315.558,2025-11-05 17:00:00
1762365600000,3433.04,3478.0,3426.6,3459.0,185357.473,2025-11-05 18:00:00
1762369200000,3459.0,3469.81,3442.89,3452.33,113444.356,2025-11-05 19:00:00
1762372800000,3452.33,3479.0,3438.39,3448.35,118678.432,2025-11-05 20:00:00
1762376400000,3448.34,3448.51,3425.99,3439.29,115129.159,2025-11-05 21:00:00
1762380000000,3439.3,3442.82,3412.22,3422.58,79651.043,2025-11-05 22:00:00
1762383600000,3422.58,3434.01,3413.53,3422.52,64225.483,2025-11-05 23:00:00
1762387200000,3422.51,3422.51,3390.88,3405.49,114515.631,2025-11-06 00:00:00
1762390800000,3405.49,3409.68,3372.3,3403.45,139182.564,2025-11-06 01:00:00
1762394400000,3403.44,3428.77,3390.0,3419.77,136800.21,2025-11-06 02:00:00
1762398000000,3419.78,3449.59,3419.0,3430.94,115815.697,2025-11-06 03:00:00
1762401600000,3430.94,3454.93,3427.07,3450.46,87833.772,2025-11-06 04:00:00
1762405200000,3450.45,3450.52,3377.0,3386.44,206353.515,2025-11-06 05:00:00
1762408800000,3386.45,3401.19,3376.21,3383.45,124226.453,2025-11-06 06:00:00
1762412400000,3383.45,3394.0,3360.42,3379.13,175573.727,2025-11-06 07:00:00
1762416000000,3379.12,3393.99,3370.85,3383.66,95235.344,2025-11-06 08:00:00
1762419600000,3383.66,3393.11,3373.19,3381.14,86090.826,2025-11-06 09:00:00
1762423200000,3381.15,3413.94,3364.79,3391.84,165557.621,2025-11-06 10:00:00
1762426800000,3391.84,3406.31,3378.96,3398.0,88752.771,2025-11-06 11:00:00
1762430400000,3397.99,3403.18,3340.59,3348.01,206733.585,2025-11-06 12:00:00
1762434000000,3348.01,3402.56,3348.0,3389.31,169999.083,2025-11-06 13:00:00
1762437600000,3389.3,3398.81,3316.0,3327.52,350620.866,2025-11-06 14:00:00
1762441200000,3327.51,3364.7,3276.02,3298.64,454751.666,2025-11-06 15:00:00
1762444800000,3298.64,3321.0,3243.2,3275.1,355476.299,2025-11-06 16:00:00
1762448400000,3275.1,3338.88,3268.0,3327.26,285063.021,2025-11-06 17:00:00
1762452000000,3327.25,3350.99,3292.18,3326.54,202181.655,2025-11-06 18:00:00
1762455600000,3326.55,3341.73,3308.14,3324.14,115502.422,2025-11-06 19:00:00
1762459200000,3324.15,3335.29,3285.5,3305.16,115705.533,2025-11-06 20:00:00
1762462800000,3305.15,3334.4,3290.49,3324.7,83560.961,2025-11-06 21:00:00
1762466400000,3324.7,3328.73,3294.0,3317.38,54821.977,2025-11-06 22:00:00
1762470000000,3317.37,3317.57,3288.41,3313.98,75634.616,2025-11-06 23:00:00
1762473600000,3313.98,3331.16,3292.0,3323.21,122245.294,2025-11-07 00:00:00
1762477200000,3323.22,3328.99,3272.01,3322.79,181363.013,2025-11-07 01:00:00
1762480800000,3322.8,3352.88,3302.41,3345.62,144813.382,2025-11-07 02:00:00
1762484400000,3345.63,3364.14,3340.73,3343.0,121455.298,2025-11-07 03:00:00
1762488000000,3343.01,3346.59,3317.51,3337.09,102324.013,2025-11-07 04:00:00
1762491600000,3337.08,3369.0,3336.03,3365.8,126851.47,2025-11-07 05:00:00
1762495200000,3365.8,3368.3,3345.53,3346.24,65250.641,2025-11-07 06:00:00
1762498800000,3346.25,3363.3,3332.48,3356.14,98690.663,2025-11-07 07:00:00
1762502400000,3356.14,3359.0,3332.2,3340.03,69190.742,2025-11-07 08:00:00
1762506000000,3340.03,3340.6,3288.02,3299.71,179012.34,2025-11-07 09:00:00
1762509600000,3299.71,3308.93,3270.01,3278.95,174865.689,2025-11-07 10:00:00
1762513200000,3278.94,3278.95,3223.09,3258.39,355969.742,2025-11-07 11:00:00
1762516800000,3258.4,3272.74,3195.15,3221.09,322567.662,2025-11-07 12:00:00
1762520400000,3221.1,3248.76,3212.61,3239.54,185975.512,2025-11-07 13:00:00
1762524000000,3239.54,3297.74,3191.75,3286.23,428573.472,2025-11-07 14:00:00
1762527600000,3286.24,3316.59,3260.18,3295.33,343043.069,2025-11-07 15:00:00
1762531200000,3295.34,3332.36,3271.5,3307.04,231515.708,2025-11-07 16:00:00
1762534800000,3307.05,3394.63,3294.6,3383.86,312645.236,2025-11-07 17:00:00
1762538400000,3383.83,3434.36,3375.74,3424.05,242819.999,2025-11-07 18:00:00
1762542000000,3424.06,3449.2,3414.66,3441.47,128261.818,2025-11-07 19:00:00
1762545600000,3441.47,3469.99,3426.87,3462.73,153962.183,2025-11-07 20:00:00
1762549200000,3462.76,3468.73,3447.24,3466.87,62670.658,2025-11-07 21:00:00
1762552800000,3466.87,3471.61,3441.71,3444.43,69944.672,2025-11-07 22:00:00
1762556400000,3444.43,3448.72,3431.0,3434.1,63203.271,2025-11-07 23:00:00
1762560000000,3434.11,3447.8,3404.58,3422.86,116976.298,2025-11-08 00:00:00
1762563600000,3422.85,3445.0,3420.0,3435.32,60193.331,2025-11-08 01:00:00
1762567200000,3435.32,3458.33,3430.5,3439.19,82753.901,2025-11-08 02:00:00
1762570800000,3439.19,3466.24,3437.86,3451.86,79119.979,2025-11-08 03:00:00
1762574400000,3451.87,3486.94,3445.74,3456.42,127323.599,2025-11-08 04:00:00
1762578000000,3456.41,3465.0,3423.62,3429.91,95704.157,2025-11-08 05:00:00
1762581600000,3429.9,3454.0,3416.09,3443.6,108923.509,2025-11-08 06:00:00
1762585200000,3443.6,3450.27,3423.11,3446.4,63016.306,2025-11-08 07:00:00
1762588800000,3446.41,3468.89,3434.4,3453.2,76330.9,2025-11-08 08:00:00
1762592400000,3453.2,3463.23,3437.0,3438.21,61300.769,2025-11-08 09:00:00
1762596000000,3438.2,3448.66,3432.01,3444.42,47237.554,2025-11-08 10:00:00
1762599600000,3444.42,3455.0,3405.0,3411.69,122225.495,2025-11-08 11:00:00
1762603200000,3411.69,3416.97,3395.5,3407.99,101798.858,2025-11-08 12:00:00
1762606800000,3407.98,3411.75,3387.68,3395.42,109412.642,2025-11-08 13:00:00
1762610400000,3395.41,3411.21,3372.0,3398.08,166035.652,2025-11-08 14:00:00
1762614000000,3398.08,3403.0,3366.0,3375.89,101089.697,2025-11-08 15:00:00
1762617600000,3375.89,3383.95,3350.05,3366.75,147454.461,2025-11-08 16:00:00
1762621200000,3366.75,3398.75,3361.6,3397.22,98413.231,2025-11-08 17:00:00
1762624800000,3397.22,3407.73,3384.15,3400.68,47159.439,2025-11-08 18:00:00
1762628400000,3400.67,3404.47,3360.9,3387.49,78968.404,2025-11-08 19:00:00
1762632000000,3387.48,3402.42,3378.57,3396.09,37346.793,2025-11-08 20:00:00
1762635600000,3396.09,3408.73,3392.71,3403.62,23215.719,2025-11-08 21:00:00
1762639200000,3403.63,3410.0,3390.03,3407.45,31694.507,2025-11-08 22:00:00
1762642800000,3407.45,3413.91,3398.01,3399.7,27985.878,2025-11-08 23:00:00
1762646400000,3399.7,3400.77,3370.54,3383.13,72663.294,2025-11-09 00:00:00
1762650000000,3383.13,3402.96,3378.0,3398.82,44477.747,2025-11-09 01:00:00
1762653600000,3398.82,3398.82,3362.56,3366.41,75478.484,2025-11-09 02:00:00
1762657200000,3366.41,3376.8,3357.26,3374.74,66906.94,2025-11-09 03:00:00
1762660800000,3374.73,3389.18,3368.36,3373.2,51353.394,2025-11-09 04:00:00
1762664400000,3373.2,3407.69,3371.0,3403.49,84478.412,2025-11-09 05:00:00
1762668000000,3403.49,3418.0,3398.15,3403.24,65833.045,2025-11-09 06:00:00
1762671600000,3403.25,3427.0,3401.21,3420.91,60668.165,2025-11-09 07:00:00
1762675200000,3420.92,3422.5,3407.52,3420.48,44436.299,2025-11-09 08:00:00
1762678800000,3420.48,3435.0,3397.47,3399.3,119239.186,2025-11-09 09:00:00
1762682400000,3399.29,3400.9,3381.0,3400.7,104656.874,2025-11-09 10:00:00
1762686000000,3400.7,3431.14,3400.69,3427.36,97474.866,2025-11-09 11:00:00
1762689600000,3427.36,3463.0,3423.27,3440.2,181978.278,2025-11-09 12:00:00
1762693200000,3440.2,3462.9,3440.2,3456.7,97272.51,2025-11-09 13:00:00
1762696800000,3456.69,3563.0,3451.63,3504.68,493459.472,2025-11-09 14:00:00
1762700400000,3504.67,3535.78,3503.0,3513.01,142299.747,2025-11-09 15:00:00
1762704000000,3513.0,3536.26,3498.58,3526.05,121145.66,2025-11-09 16:00:00
1762707600000,3526.05,3529.75,3501.0,3513.67,75581.457,2025-11-09 17:00:00
1762711200000,3513.67,3543.64,3508.78,3539.8,68517.461,2025-11-09 18:00:00
1762714800000,3539.8,3578.64,3533.33,3578.17,133893.991,2025-11-09 19:00:00
1762718400000,3578.17,3597.03,3560.08,3576.79,138132.581,2025-11-09 20:00:00
1762722000000,3576.78,3594.64,3571.43,3579.68,70391.296,2025-11-09 21:00:00
1762725600000,3579.68,3593.33,3563.27,3585.87,65770.779,2025-11-09 22:00:00
1762729200000,3585.87,3624.89,3564.0,3581.16,181795.848,2025-11-09 23:00:00
1762732800000,3581.16,3651.41,3551.68,3633.38,293388.611,2025-11-10 00:00:00
1762736400000,3633.39,3657.0,3615.0,3627.39,200510.219,2025-11-10 01:00:00
1762740000000,3627.4,3637.29,3609.05,3626.39,104509.118,2025-11-10 02:00:00
1762743600000,3626.39,3645.96,3620.78,3625.25,96558.807,2025-11-10 03:00:00
1762747200000,3625.26,3629.81,3601.62,3615.83,87279.404,2025-11-10 04:00:00
1762750800000,3615.84,3624.95,3587.41,3606.74,100027.455,2025-11-10 05:00:00
1762754400000,3606.75,3611.15,3593.32,3603.83,51434.016,2025-11-10 06:00:00
1762758000000,3603.82,3621.31,3601.91,3607.55,68672.827,2025-11-10 07:00:00
1762761600000,3607.56,3614.97,3585.01,3593.07,97108.662,2025-11-10 08:00:00
1762765200000,3593.07,3630.4,3585.02,3622.7,107101.411,2025-11-10 09:00:00
1762768800000,3622.71,3626.35,3601.66,3605.24,61841.431,2025-11-10 10:00:00
1762772400000,3605.24,3619.12,3602.24,3608.36,44653.982,2025-11-10 11:00:00
1762776000000,3608.35,3609.21,3582.14,3590.48,85676.525,2025-11-10 12:00:00
1762779600000,3590.49,3620.59,3588.59,3613.42,106701.613,2025-11-10 13:00:00
1762783200000,3613.43,3614.51,3527.37,3540.21,309623.039,2025-11-10 14:00:00
1762786800000,3540.2,3558.98,3506.66,3518.33,308662.663,2025-11-10 15:00:00
1762790400000,3518.32,3536.99,3504.0,3528.0,156492.607,2025-11-10 16:00:00
1762794000000,3528.0,3558.26,3520.83,3552.94,99089.043,2025-11-10 17:00:00
1762797600000,3552.94,3555.6,3530.59,3530.59,66611.824,2025-11-10 18:00:00
1762801200000,3530.59,3574.55,3527.27,3556.22,97884.866,2025-11-10 19:00:00
1762804800000,3556.21,3582.0,3552.54,3569.52,82987.899,2025-11-10 20:00:00
1762808400000,3569.52,3570.74,3528.69,3539.89,74452.044,2025-11-10 21:00:00
1762812000000,3539.89,3578.77,3527.1,3574.52,74854.077,2025-11-10 22:00:00
1762815600000,3574.51,3579.35,3560.44,3566.49,48680.536,2025-11-10 23:00:00
1762819200000,3566.49,3591.05,3549.53,3584.25,85496.95,2025-11-11 00:00:00
1762822800000,3584.25,3646.96,3573.0,3579.69,238910.749,2025-11-11 01:00:00
1762826400000,3579.68,3634.88,3557.52,3613.82,199864.631,2025-11-11 02:00:00
1762830000000,3613.82,3631.6,3596.55,3604.07,104636.69,2025-11-11 03:00:00
1762833600000,3604.08,3608.88,3569.49,3573.0,121185.182,2025-11-11 04:00:00
1762837200000,3573.01,3573.88,3542.82,3546.8,125791.681,2025-11-11 05:00:00
1762840800000,3546.8,3557.5,3527.51,3555.24,154242.286,2025-11-11 06:00:00
1762844400000,3555.24,3565.65,3539.49,3542.66,84474.247,2025-11-11 07:00:00
1762848000000,3542.65,3561.88,3541.0,3560.65,56827.07,2025-11-11 08:00:00
1762851600000,3560.65,3585.5,3548.01,3553.79,129722.14,2025-11-11 09:00:00
1762855200000,3553.78,3564.74,3546.14,3558.9,54675.004,2025-11-11 10:00:00
1762858800000,3558.9,3580.0,3558.61,3572.21,75502.122,2025-11-11 11:00:00
1762862400000,3572.21,3593.47,3537.92,3540.0,150830.659,2025-11-11 12:00:00
1762866000000,3539.99,3572.41,3524.36,3531.5,153928.734,2025-11-11 13:00:00
1762869600000,3531.51,3546.63,3486.0,3528.57,352167.455,2025-11-11 14:00:00
1762873200000,3528.56,3528.56,3465.83,3479.51,274164.336,2025-11-11 15:00:00
1762876800000,3479.51,3498.8,3461.8,3483.36,160242.787,2025-11-11 16:00:00
1762880400000,3483.37,3497.26,3443.03,3471.69,168340.561,2025-11-11 17:00:00
1762884000000,3471.7,3484.51,3458.61,3466.83,95453.73,2025-11-11 18:00:00
1762887600000,3466.83,3468.0,3447.91,3455.13,65997.694,2025-11-11 19:00:00
1762891200000,3455.13,3460.0,3425.55,3436.89,132721.851,2025-11-11 20:00:00
1762894800000,3436.89,3447.86,3406.5,3416.0,111413.62,2025-11-11 21:00:00
1762898400000,3416.0,3435.67,3403.0,3428.1,80048.775,2025-11-11 22:00:00
1762902000000,3428.1,3436.84,3407.03,3416.21,73068.066,2025-11-11 23:00:00
1762905600000,3416.22,3433.2,3407.73,3416.44,80673.54,2025-11-12 00:00:00
1762909200000,3416.43,3449.43,3410.7,3445.54,113238.146,2025-11-12 01:00:00
1762912800000,3445.54,3454.22,3415.5,3425.29,118819.191,2025-11-12 02:00:00
1762916400000,3425.29,3444.34,3420.0,3437.39,60319.075,2025-11-12 03:00:00
1762920000000,3437.4,3443.77,3430.5,3442.64,45152.478,2025-11-12 04:00:00
1762923600000,3442.65,3455.83,3441.55,3447.0,63722.438,2025-11-12 05:00:00
1762927200000,3447.01,3455.59,3437.0,3437.0,42704.225,2025-11-12 06:00:00
1762930800000,3437.01,3451.0,3422.04,3426.4,69226.224,2025-11-12 07:00:00
1762934400000,3426.39,3479.31,3426.39,3466.58,170641.901,2025-11-12 08:00:00
1762938000000,3466.58,3494.0,3464.07,3481.89,143244.899,2025-11-12 09:00:00
1762941600000,3481.89,3547.13,3481.0,3532.16,223013.923,2025-11-12 10:00:00
1762945200000,3532.15,3568.86,3531.65,3547.44,200739.751,2025-11-12 11:00:00
1762948800000,3547.44,3564.16,3537.41,3550.41,106843.032,2025-11-12 12:00:00
1762952400000,3550.41,3586.78,3542.8,3574.72,157346.623,2025-11-12 13:00:00
1762956000000,3574.73,3579.89,3478.3,3500.67,424568.835,2025-11-12 14:00:00
1762959600000,3500.66,3519.79,3416.5,3426.73,526899.628,2025-11-12 15:00:00
1762963200000,3426.72,3432.1,3369.24,3397.68,468802.969,2025-11-12 16:00:00
1762966800000,3397.67,3451.98,3389.43,3427.55,218882.375,2025-11-12 17:00:00
1762970400000,3427.55,3454.2,3414.12,3422.31,134972.801,2025-11-12 18:00:00
1762974000000,3422.31,3424.47,3370.0,3406.23,203019.296,2025-11-12 19:00:00
1762977600000,3406.23,3437.88,3398.58,3415.19,94038.82,2025-11-12 20:00:00
1762981200000,3415.18,3428.24,3406.12,3421.85,53989.053,2025-11-12 21:00:00
1762984800000,3421.84,3421.84,3389.18,3420.11,65419.449,2025-11-12 22:00:00
1762988400000,3420.1,3422.12,3401.29,3413.26,48799.776,2025-11-12 23:00:00
1762992000000,3413.25,3432.19,3402.78,3410.79,76372.432,2025-11-13 00:00:00
1762995600000,3410.79,3455.51,3409.13,3422.1,192589.838,2025-11-13 01:00:00
1762999200000,3422.1,3445.49,3420.02,3432.28,75055.785,2025-11-13 02:00:00
1763002800000,3432.28,3472.64,3374.1,3450.52,301267.184,2025-11-13 03:00:00
1763006400000,3450.52,3489.4,3431.74,3480.03,217837.037,2025-11-13 04:00:00
1763010000000,3480.03,3538.64,3463.4,3526.79,211921.047,2025-11-13 05:00:00
1763013600000,3526.79,3551.58,3518.0,3538.42,156615.304,2025-11-13 06:00:00
1763017200000,3538.42,3563.54,3527.72,3535.65,167497.042,2025-11-13 07:00:00
1763020800000,3535.65,3547.88,3520.0,3522.48,107864.573,2025-11-13 08:00:00
1763024400000,3522.48,3527.84,3476.0,3485.0,238225.273,2025-11-13 09:00:00
1763028000000,3485.0,3517.2,3485.0,3503.78,114256.013,2025-11-13 10:00:00
1763031600000,3503.79,3516.96,3493.3,3500.01,83583.884,2025-11-13 11:00:00
1763035200000,3500.01,3509.86,3481.0,3500.0,110289.718,2025-11-13 12:00:00
1763038800000,3500.01,3500.57,3423.82,3436.49,325545.967,2025-11-13 13:00:00
1763042400000,3436.49,3476.52,3391.32,3441.88,452243.28,2025-11-13 14:00:00
1763046000000,3441.88,3447.33,3364.0,3385.11,418298.428,2025-11-13 15:00:00
1763049600000,3385.12,3398.0,3320.66,3326.1,390562.514,2025-11-13 16:00:00
1763053200000,3326.11,3327.65,3250.38,3253.55,469029.92,2025-11-13 17:00:00
1763056800000,3253.55,3262.94,3180.82,3211.62,446725.709,2025-11-13 18:00:00
1763060400000,3211.62,3236.99,3173.0,3195.59,301200.357,2025-11-13 19:00:00
1763064000000,3195.59,3204.67,3151.51,3169.3,346232.968,2025-11-13 20:00:00
1763067600000,3169.27,3191.77,3158.34,3177.6,123442.201,2025-11-13 21:00:00
1763071200000,3177.61,3234.68,3172.51,3227.38,138817.441,2025-11-13 22:00:00
1763074800000,3227.37,3271.09,3213.59,3229.61,184171.823,2025-11-13 23:00:00
1763078400000,3229.62,3238.9,3185.22,3199.21,247577.658,2025-11-14 00:00:00
1763082000000,3199.21,3220.19,3183.64,3205.8,161619.202,2025-11-14 01:00:00
1763085600000,3205.8,3249.92,3203.66,3236.01,135338.005,2025-11-14 02:00:00
1763089200000,3236.0,3238.02,3205.74,3226.43,105392.46,2025-11-14 03:00:00
1763092800000,3226.41,3226.97,3105.0,3161.66,441156.194,2025-11-14 04:00:00
1763096400000,3161.66,3205.28,3155.58,3190.73,246378.972,2025-11-14 05:00:00
1763100000000,3190.73,3224.72,3131.31,3221.19,303306.301,2025-11-14 06:00:00
1763103600000,3221.2,3239.0,3191.66,3213.28,273593.929,2025-11-14 07:00:00
1763107200000,3213.27,3217.77,3180.4,3203.72,161304.687,2025-11-14 08:00:00
1763110800000,3203.72,3213.95,3147.75,3154.83,241865.467,2025-11-14 09:00:00
1763114400000,3154.84,3195.0,3153.0,3174.55,122682.424,2025-11-14 10:00:00
1763118000000,3174.54,3182.09,3114.76,3143.08,320369.689,2025-11-14 11:00:00
1763121600000,3143.08,3143.08,3068.15,3125.61,524791.422,2025-11-14 12:00:00
1763125200000,3125.62,3150.0,3072.0,3120.41,361310.831,2025-11-14 13:00:00
1763128800000,3120.4,3220.0,3106.0,3197.87,568995.376,2025-11-14 14:00:00
1763132400000,3197.87,3233.28,3157.21,3195.56,367933.677,2025-11-14 15:00:00
1763136000000,3195.57,3255.79,3181.0,3229.94,240142.139,2025-11-14 16:00:00
1763139600000,3229.94,3244.0,3160.37,3178.26,201725.081,2025-11-14 17:00:00
1763143200000,3178.26,3207.45,3153.0,3167.42,165240.596,2025-11-14 18:00:00
1763146800000,3167.4,3219.6,3158.07,3206.29,141056.474,2025-11-14 19:00:00
1763150400000,3206.3,3211.93,3120.26,3135.94,174774.357,2025-11-14 20:00:00
1763154000000,3135.94,3173.94,3123.38,3165.51,100286.715,2025-11-14 21:00:00
1763157600000,3165.51,3186.24,3140.44,3157.78,86645.964,2025-11-14 22:00:00
1763161200000,3157.78,3157.78,3088.0,3111.04,182405.76,2025-11-14 23:00:00
1763164800000,3111.05,3149.45,3108.89,3139.37,107547.328,2025-11-15 00:00:00
1763168400000,3139.38,3177.7,3122.71,3171.63,95792.747,2025-11-15 01:00:00
1763172000000,3171.63,3192.61,3161.08,3192.15,100393.512,2025-11-15 02:00:00
1763175600000,3192.15,3192.63,3165.57,3177.57,80736.672,2025-11-15 03:00:00
1763179200000,3177.58,3191.13,3154.96,3170.97,75975.188,2025-11-15 04:00:00
1763182800000,3170.98,3182.31,3159.72,3177.29,51928.992,2025-11-15 05:00:00
1763186400000,3177.3,3186.98,3165.18,3174.08,53041.378,2025-11-15 06:00:00
1763190000000,3174.07,3184.17,3167.01,3174.79,46545.577,2025-11-15 07:00:00
1763193600000,3174.79,3176.5,3133.0,3141.46,137424.339,2025-11-15 08:00:00
1763197200000,3141.45,3164.65,3137.33,3151.62,78894.139,2025-11-15 09:00:00
1763200800000,3151.61,3170.88,3144.09,3167.53,61937.468,2025-11-15 10:00:00
1763204400000,3167.53,3171.55,3145.47,3151.25,65174.629,2025-11-15 11:00:00
1763208000000,3151.26,3167.0,3145.44,3160.94,71353.738,2025-11-15 12:00:00
1763211600000,3160.93,3196.0,3157.75,3191.07,117408.737,2025-11-15 13:00:00
1763215200000,3191.08,3191.43,3173.0,3176.44,71726.152,2025-11-15 14:00:00
1763218800000,3176.44,3189.2,3172.04,3184.31,43306.227,2025-11-15 15:00:00
1763222400000,3184.31,3186.44,3161.5,3184.7,101365.378,2025-11-15 16:00:00
1763226000000,3184.69,3219.03,3180.72,3213.57,137305.426,2025-11-15 17:00:00
1763229600000,3213.57,3230.0,3202.71,3206.89,97204.878,2025-11-15 18:00:00
1763233200000,3206.89,3213.13,3191.18,3196.49,42762.673,2025-11-15 19:00:00
1763236800000,3196.49,3199.59,3165.82,3173.68,67387.407,2025-11-15 20:00:00
1763240400000,3173.67,3187.5,3151.09,3156.36,66353.296,2025-11-15 21:00:00
1763244000000,3156.35,3171.0,3153.01,3169.96,41463.856,2025-11-15 22:00:00
1763247600000,3169.95,3176.14,3165.24,3166.06,33111.305,2025-11-15 23:00:00
1763251200000,3166.06,3173.05,3144.0,3151.06,86688.213,2025-11-16 00:00:00
1763254800000,3151.06,3156.63,3130.12,3148.94,117661.827,2025-11-16 01:00:00
1763258400000,3148.94,3204.25,3141.0,3201.72,133766.906,2025-11-16 02:00:00
1763262000000,3201.72,3208.87,3191.16,3200.98,68828.006,2025-11-16 03:00:00
1763265600000,3200.98,3205.81,3184.63,3192.58,51693.845,2025-11-16 04:00:00
1763269200000,3192.58,3214.4,3192.0,3202.72,79508.489,2025-11-16 05:00:00
1763272800000,3202.71,3214.46,3196.22,3198.73,46796.186,2025-11-16 06:00:00
1763276400000,3198.74,3219.99,3197.09,3218.0,55303.715,2025-11-16 07:00:00
1763280000000,3218.0,3226.3,3204.02,3217.71,65571.869,2025-11-16 08:00:00
1763283600000,3217.71,3247.34,3207.21,3246.34,121429.817,2025-11-16 09:00:00
1763287200000,3246.34,3247.2,3227.53,3234.61,75214.927,2025-11-16 10:00:00
1763290800000,3234.62,3236.43,3158.0,3166.91,249118.355,2025-11-16 11:00:00
1763294400000,3166.91,3181.31,3153.0,3168.21,148961.408,2025-11-16 12:00:00
1763298000000,3168.22,3172.9,3136.61,3152.56,151857.722,2025-11-16 13:00:00
1763301600000,3152.57,3177.98,3145.5,3170.23,108249.768,2025-11-16 14:00:00
1763305200000,3170.23,3179.97,3097.0,3103.86,256497.005,2025-11-16 15:00:00
1763308800000,3103.86,3124.95,3055.3,3060.11,394225.849,2025-11-16 16:00:00
1763312400000,3060.1,3086.45,3023.22,3078.0,379724.479,2025-11-16 17:00:00
1763316000000,3078.0,3126.83,3041.12,3059.32,394112.839,2025-11-16 18:00:00
1763319600000,3059.31,3115.0,3055.8,3089.7,153372.094,2025-11-16 19:00:00
1763323200000,3089.7,3116.0,3083.81,3087.82,70116.791,2025-11-16 20:00:00
1763326800000,3087.82,3095.64,3057.0,3072.4,120613.761,2025-11-16 21:00:00
1763330400000,3072.39,3102.22,3042.0,3090.69,124386.155,2025-11-16 22:00:00
1763334000000,3090.67,3106.3,3001.19,3093.6,328584.292,2025-11-16 23:00:00
1763337600000,3093.59,3139.66,3066.77,3135.0,205019.632,2025-11-17 00:00:00
1763341200000,3135.0,3145.0,3112.17,3113.37,107738.783,2025-11-17 01:00:00
1763344800000,3113.37,3159.81,3110.4,3148.0,125033.706,2025-11-17 02:00:00
1763348400000,3148.0,3179.97,3146.48,3175.19,136526.423,2025-11-17 03:00:00
1763352000000,3175.19,3193.19,3163.76,3184.1,126926.494,2025-11-17 04:00:00
1763355600000,3184.1,3192.0,3176.01,3185.19,81229.158,2025-11-17 05:00:00
1763359200000,3185.19,3196.71,3167.21,3192.49,88353.728,2025-11-17 06:00:00
1763362800000,3192.48,3208.95,3187.4,3196.81,128021.725,2025-11-17 07:00:00
1763366400000,3196.81,3204.0,3183.06,3188.56,80778.593,2025-11-17 08:00:00
1763370000000,3188.56,3216.0,3177.2,3193.48,122612.327,2025-11-17 09:00:00
1763373600000,3193.49,3206.57,3189.65,3195.22,59855.585,2025-11-17 10:00:00
1763377200000,3195.23,3222.0,3191.5,3202.33,112601.791,2025-11-17 11:00:00
1763380800000,3202.33,3202.89,3181.1,3182.5,85206.103,2025-11-17 12:00:00
1763384400000,3182.51,3187.91,3093.3,3120.31,415674.032,2025-11-17 13:00:00
1763388000000,3120.31,3211.36,3101.0,3150.77,614607.574,2025-11-17 14:00:00
1763391600000,3150.77,3165.63,3103.47,3119.52,402849.702,2025-11-17 15:00:00
1763395200000,3119.51,3141.97,3062.42,3133.0,427482.376,2025-11-17 16:00:00
1763398800000,3133.0,3136.0,3051.71,3057.15,252270.181,2025-11-17 17:00:00
1763402400000,3057.16,3079.94,3018.05,3023.42,301950.362,2025-11-17 18:00:00
1763406000000,3023.41,3037.1,2968.19,2980.65,413465.491,2025-11-17 19:00:00
1763409600000,2980.69,3022.12,2958.0,3003.44,329346.221,2025-11-17 20:00:00
1763413200000,3003.47,3026.87,2981.89,3008.0,154110.422,2025-11-17 21:00:00
1763416800000,3008.0,3030.49,2998.44,3022.01,77972.442,2025-11-17 22:00:00
1763420400000,3022.0,3030.0,3003.78,3029.84,88488.414,2025-11-17 23:00:00
1763424000000,3029.84,3039.84,2988.18,3031.73,192644.696,2025-11-18 00:00:00
1763427600000,3031.72,3049.0,3012.2,3016.4,154963.943,2025-11-18 01:00:00
1763431200000,3016.41,3045.0,2976.0,2984.36,386972.824,2025-11-18 02:00:00
1763434800000,2984.36,3027.16,2943.11,3022.94,477702.527,2025-11-18 03:00:00
1763438400000,3022.94,3024.24,2957.0,3005.39,312009.46,2025-11-18 04:00:00
1763442000000,3005.39,3022.8,2982.51,3011.17,153988.298,2025-11-18 05:00:00
1763445600000,3011.17,3014.45,2972.5,2988.9,164830.136,2025-11-18 06:00:00
1763449200000,2988.89,3033.66,2976.0,3023.08,172636.853,2025-11-18 07:00:00
1763452800000,3023.09,3067.15,3023.03,3058.83,223360.607,2025-11-18 08:00:00
1763456400000,3058.84,3066.0,3026.58,3058.91,185438.446,2025-11-18 09:00:00
1763460000000,3058.91,3071.15,3048.43,3064.04,123108.387,2025-11-18 10:00:00
1763463600000,3064.03,3072.71,3050.57,3056.38,99236.419,2025-11-18 11:00:00
1763467200000,3056.39,3064.98,3036.07,3048.01,160852.894,2025-11-18 12:00:00
1763470800000,3048.01,3051.44,3020.02,3047.38,176376.438,2025-11-18 13:00:00
1763474400000,3047.38,3091.49,3031.0,3057.01,357253.949,2025-11-18 14:00:00
1763478000000,3057.0,3122.82,3032.02,3105.1,433166.576,2025-11-18 15:00:00
1763481600000,3105.1,3167.98,3097.46,3150.19,316308.512,2025-11-18 16:00:00
1763485200000,3150.18,3157.0,3118.04,3133.95,146273.637,2025-11-18 17:00:00
1763488800000,3133.95,3168.68,3133.61,3158.51,123271.712,2025-11-18 18:00:00
1763492400000,3158.52,3167.19,3133.12,3144.25,78531.303,2025-11-18 19:00:00
1763496000000,3144.26,3148.88,3121.43,3121.8,54857.107,2025-11-18 20:00:00
1763499600000,3121.8,3129.94,3095.42,3097.01,103530.187,2025-11-18 21:00:00
1763503200000,3097.0,3128.58,3096.4,3124.04,65709.038,2025-11-18 22:00:00
1763506800000,3124.04,3125.46,3106.0,3122.45,53621.139,2025-11-18 23:00:00
1763510400000,3122.44,3123.0,3076.66,3099.57,141261.442,2025-11-19 00:00:00
1763514000000,3099.57,3115.63,3084.0,3103.91,98837.766,2025-11-19 01:00:00
1763517600000,3103.88,3124.57,3096.67,3112.43,92721.247,2025-11-19 02:00:00
1763521200000,3112.42,3117.14,3068.31,3072.1,158614.423,2025-11-19 03:00:00
1763524800000,3072.09,3075.94,3044.25,3047.43,179534.442,2025-11-19 04:00:00
1763528400000,3047.44,3052.0,2990.01,3016.31,391890.156,2025-11-19 05:00:00
1763532000000,3016.3,3043.62,3008.8,3039.15,193977.446,2025-11-19 06:00:00
1763535600000,3039.15,3085.96,3037.16,3083.32,195853.809,2025-11-19 07:00:00
1763539200000,3083.3,3099.03,3070.68,3078.44,187184.073,2025-11-19 08:00:00
1763542800000,3078.44,3086.91,3051.17,3086.7,190190.06,2025-11-19 09:00:00
1763546400000,3086.7,3111.57,3081.6,3090.1,144306.242,2025-11-19 10:00:00
1763550000000,3090.1,3100.97,3075.37,3082.22,78304.504,2025-11-19 11:00:00
1763553600000,3082.22,3107.66,3079.24,3099.43,92435.663,2025-11-19 12:00:00
1763557200000,3099.43,3099.99,3053.75,3065.74,160519.402,2025-11-19 13:00:00
1763560800000,3065.75,3068.66,3022.01,3059.31,437312.745,2025-11-19 14:00:00
1763564400000,3059.31,3105.49,2965.01,2971.81,642231.596,2025-11-19 15:00:00
1763568000000,2971.8,2987.0,2934.07,2948.98,429665.521,2025-11-19 16:00:00
1763571600000,2948.97,2960.48,2895.3,2921.73,453111.347,2025-11-19 17:00:00
1763575200000,2921.72,2928.2,2878.59,2898.42,327703.014,2025-11-19 18:00:00
1763578800000,2898.41,2905.76,2871.54,2880.41,184841.045,2025-11-19 19:00:00
1763582400000,2880.41,2955.85,2873.51,2943.85,246640.566,2025-11-19 20:00:00
1763586000000,2943.8,2999.55,2937.55,2989.91,323146.963,2025-11-19 21:00:00
1763589600000,2989.91,2990.89,2952.32,2983.4,123673.892,2025-11-19 22:00:00
1763593200000,2983.39,3026.94,2982.99,3024.22,181885.117,2025-11-19 23:00:00
1763596800000,3024.22,3048.0,3003.35,3017.87,185750.846,2025-11-20 00:00:00
1763600400000,3017.88,3049.66,3017.62,3046.37,137577.84,2025-11-20 01:00:00
1763604000000,3046.37,3056.68,3028.47,3042.65,136960.404,2025-11-20 02:00:00
1763607600000,3042.65,3051.99,3035.26,3037.7,82478.993,2025-11-20 03:00:00
1763611200000,3037.69,3054.39,3015.47,3053.12,174369.062,2025-11-20 04:00:00
1763614800000,3053.12,3063.16,3031.0,3034.23,119818.136,2025-11-20 05:00:00
1763618400000,3034.23,3041.54,3005.65,3019.66,120909.184,2025-11-20 06:00:00
1763622000000,3019.65,3043.0,3014.27,3038.22,131257.339,2025-11-20 07:00:00
1763625600000,3038.22,3044.25,3020.0,3029.66,105457.966,2025-11-20 08:00:00
1763629200000,3029.66,3032.85,2992.0,3010.05,164413.731,2025-11-20 09:00:00
1763632800000,3010.06,3019.8,2992.56,3014.54,133620.799,2025-11-20 10:00:00
1763636400000,3014.55,3026.8,3000.72,3022.5,86329.216,2025-11-20 11:00:00
1763640000000,3022.5,3031.38,3009.28,3027.23,91596.865,2025-11-20 12:00:00
1763643600000,3027.23,3049.59,2994.17,2998.66,338320.617,2025-11-20 13:00:00
1763647200000,2998.66,3021.93,2961.66,2999.55,508746.549,2025-11-20 14:00:00
1763650800000,2999.55,3002.53,2951.03,2954.39,315381.862,2025-11-20 15:00:00
1763654400000,2954.39,2960.26,2845.53,2860.99,880941.146,2025-11-20 16:00:00
1763658000000,2860.99,2872.27,2806.0,2832.17,608036.165,2025-11-20 17:00:00
1763661600000,2832.18,2858.8,2804.3,2812.2,320929.391,2025-11-20 18:00:00
1763665200000,2812.2,2855.0,2788.0,2846.22,311777.084,2025-11-20 19:00:00
1763668800000,2846.21,2855.18,2817.64,2834.04,152916.743,2025-11-20 20:00:00
1763672400000,2834.05,2896.36,2833.2,2878.04,168790.052,2025-11-20 21:00:00
1763676000000,2878.04,2904.96,2874.61,2884.6,121166.226,2025-11-20 22:00:00
1763679600000,2884.6,2890.16,2825.01,2832.8,193715.688,2025-11-20 23:00:00
1763683200000,2832.79,2868.66,2831.02,2859.94,133826.068,2025-11-21 00:00:00
1763686800000,2859.94,2885.8,2850.29,2860.48,130948.683,2025-11-21 01:00:00
1763690400000,2860.47,2861.18,2770.01,2781.3,420092.598,2025-11-21 02:00:00
1763694000000,2781.29,2824.93,2780.94,2808.0,244350.319,2025-11-21 03:00:00
1763697600000,2808.0,2821.37,2780.93,2818.09,195995.387,2025-11-21 04:00:00
1763701200000,2818.08,2832.0,2798.15,2808.82,165444.551,2025-11-21 05:00:00
1763704800000,2808.83,2813.91,2778.25,2789.13,190169.691,2025-11-21 06:00:00
1763708400000,2789.12,2799.83,2639.68,2718.94,1096270.096,2025-11-21 07:00:00
1763712000000,2718.95,2753.88,2705.11,2736.51,343342.168,2025-11-21 08:00:00
1763715600000,2736.52,2747.98,2678.26,2680.54,347351.781,2025-11-21 09:00:00
1763719200000,2680.55,2716.38,2661.47,2696.01,378706.624,2025-11-21 10:00:00
1763722800000,2696.01,2721.74,2673.08,2687.26,222486.496,2025-11-21 11:00:00
1763726400000,2687.25,2742.74,2621.19,2726.15,777721.778,2025-11-21 12:00:00
1763730000000,2726.14,2768.85,2708.83,2740.58,416508.26,2025-11-21 13:00:00
1763733600000,2740.59,2779.81,2717.13,2769.11,496320.174,2025-11-21 14:00:00
1763737200000,2769.12,2778.16,2686.13,2703.97,534460.759,2025-11-21 15:00:00
1763740800000,2703.96,2762.9,2673.64,2761.5,493490.28,2025-11-21 16:00:00
1763744400000,2761.51,2805.6,2753.09,2779.29,307349.439,2025-11-21 17:00:00
1763748000000,2779.28,2793.73,2714.51,2777.83,350216.984,2025-11-21 18:00:00
1763751600000,2777.78,2786.27,2738.61,2750.6,170864.825,2025-11-21 19:00:00
1763755200000,2750.6,2755.36,2706.3,2736.6,179372.314,2025-11-21 20:00:00
1763758800000,2736.6,2774.83,2729.97,2765.53,92459.508,2025-11-21 21:00:00
1763762400000,2765.54,2772.75,2719.12,2720.67,102754.308,2025-11-21 22:00:00
1763766000000,2720.66,2768.47,2711.52,2764.25,109093.506,2025-11-21 23:00:00
1763769600000,2764.3,2779.29,2756.66,2764.69,77421.776,2025-11-22 00:00:00
1763773200000,2764.7,2783.3,2759.27,2773.35,58192.831,2025-11-22 01:00:00
1763776800000,2773.35,2776.31,2738.0,2751.9,92544.601,2025-11-22 02:00:00
1763780400000,2751.91,2756.73,2741.37,2751.11,60092.17,2025-11-22 03:00:00
1763784000000,2751.11,2753.09,2725.47,2746.0,99585.588,2025-11-22 04:00:00
1763787600000,2746.0,2748.72,2726.4,2743.28,59175.032,2025-11-22 05:00:00
1763791200000,2743.29,2768.74,2731.45,2764.64,92022.033,2025-11-22 06:00:00
1763794800000,2764.63,2770.0,2753.07,2755.04,72407.566,2025-11-22 07:00:00
1763798400000,2755.04,2755.57,2717.17,2729.29,152536.836,2025-11-22 08:00:00
1763802000000,2729.3,2739.1,2720.5,2724.85,83656.283,2025-11-22 09:00:00
1763805600000,2724.86,2730.58,2703.06,2711.99,123176.814,2025-11-22 10:00:00
1763809200000,2712.0,2742.0,2703.0,2733.48,112326.294,2025-11-22 11:00:00
1763812800000,2733.49,2734.23,2709.76,2719.71,91981.066,2025-11-22 12:00:00
1763816400000,2719.72,2733.47,2710.05,2718.0,82982.061,2025-11-22 13:00:00
1763820000000,2717.99,2753.44,2717.02,2744.3,156507.285,2025-11-22 14:00:00
1763823600000,2744.3,2749.27,2724.26,2737.56,94815.138,2025-11-22 15:00:00
1763827200000,2737.56,2757.93,2733.73,2753.85,87950.963,2025-11-22 16:00:00
1763830800000,2753.85,2756.87,2743.16,2748.48,48432.283,2025-11-22 17:00:00
1763834400000,2748.48,2753.55,2741.37,2751.15,43074.49,2025-11-22 18:00:00
1763838000000,2751.16,2756.42,2743.32,2749.1,30933.853,2025-11-22 19:00:00
1763841600000,2749.11,2755.44,2731.78,2739.94,43845.233,2025-11-22 20:00:00
1763845200000,2739.93,2747.5,2735.35,2746.53,24574.936,2025-11-22 21:00:00
1763848800000,2746.53,2798.85,2740.21,2787.6,123390.059,2025-11-22 22:00:00
1763852400000,2787.6,2792.71,2766.11,2768.84,83642.731,2025-11-22 23:00:00
1763856000000,2768.85,2788.65,2766.53,2771.66,67900.64,2025-11-23 00:00:00
1763859600000,2771.67,2814.99,2770.06,2807.05,142627.606,2025-11-23 01:00:00
1763863200000,2807.05,2833.0,2802.45,2819.36,146202.076,2025-11-23 02:00:00
1763866800000,2819.37,2823.57,2808.01,2823.01,81636.098,2025-11-23 03:00:00
1763870400000,2823.01,2852.93,2818.03,2826.62,227326.121,2025-11-23 04:00:00
1763874000000,2826.61,2829.94,2811.1,2824.05,81282.084,2025-11-23 05:00:00
1763877600000,2824.06,2832.34,2799.64,2808.71,100729.02,2025-11-23 06:00:00
1763881200000,2808.72,2811.0,2775.34,2792.25,191667.894,2025-11-23 07:00:00
1763884800000,2792.24,2814.84,2792.24,2810.19,96429.024,2025-11-23 08:00:00
1763888400000,2810.2,2823.0,2803.9,2815.01,82201.357,2025-11-23 09:00:00
1763892000000,2815.01,2815.71,2801.08,2807.34,66633.636,2025-11-23 10:00:00
1763895600000,2807.34,2819.64,2802.06,2814.37,64540.582,2025-11-23 11:00:00
1763899200000,2814.38,2844.99,2812.67,2833.51,150433.209,2025-11-23 12:00:00
1763902800000,2833.51,2844.26,2820.07,2842.55,115376.247,2025-11-23 13:00:00
1763906400000,2842.55,2856.92,2811.06,2813.43,211719.561,2025-11-23 14:00:00
1763910000000,2813.52,2838.79,2808.44,2834.76,118187.289,2025-11-23 15:00:00
1763913600000,2834.76,2845.76,2796.41,2798.79,157944.386,2025-11-23 16:00:00
1763917200000,2798.8,2807.78,2785.06,2791.41,166695.65,2025-11-23 17:00:00
1763920800000,2791.4,2816.41,2791.4,2807.92,81387.993,2025-11-23 18:00:00
1763924400000,2807.91,2837.0,2805.85,2821.24,85978.875,2025-11-23 19:00:00
1763928000000,2821.25,2834.43,2819.69,2827.14,52914.457,2025-11-23 20:00:00
1763931600000,2827.15,2843.4,2815.45,2839.62,79488.582,2025-11-23 21:00:00
1763935200000,2839.62,2843.32,2822.73,2837.27,69366.586,2025-11-23 22:00:00
1763938800000,2837.26,2842.67,2793.0,2800.87,135901.756,2025-11-23 23:00:00
1763942400000,2800.86,2802.0,2761.67,2786.66,217526.322,2025-11-24 00:00:00
1763946000000,2786.66,2806.44,2776.68,2804.97,137559.182,2025-11-24 01:00:00
1763949600000,2804.97,2866.21,2802.97,2839.15,327011.165,2025-11-24 02:00:00
1763953200000,2839.15,2865.66,2833.46,2855.16,138286.077,2025-11-24 03:00:00
1763956800000,2855.17,2869.64,2801.55,2823.61,240330.715,2025-11-24 04:00:00
1763960400000,2823.61,2884.62,2821.43,2865.88,247863.701,2025-11-24 05:00:00
1763964000000,2865.88,2867.57,2827.67,2838.01,180100.709,2025-11-24 06:00:00
1763967600000,2838.0,2844.52,2822.0,2828.84,120248.998,2025-11-24 07:00:00
1763971200000,2828.84,2841.84,2820.56,2837.52,105675.782,2025-11-24 08:00:00
1763974800000,2837.51,2837.52,2786.09,2796.79,274016.667,2025-11-24 09:00:00
1763978400000,2796.79,2806.14,2792.35,2798.17,72593.112,2025-11-24 10:00:00
1763982000000,2798.16,2807.43,2788.51,2801.92,82914.42,2025-11-24 11:00:00
1763985600000,2801.91,2811.09,2793.16,2802.44,88790.98,2025-11-24 12:00:00
1763989200000,2802.44,2827.89,2801.0,2813.91,142904.082,2025-11-24 13:00:00
1763992800000,2813.9,2847.91,2782.79,2830.94,461644.532,2025-11-24 14:00:00
1763996400000,2830.93,2858.81,2810.44,2844.82,354824.121,2025-11-24 15:00:00
1764000000000,2844.8,2873.99,2841.45,2857.05,222555.167,2025-11-24 16:00:00
1764003600000,2857.06,2943.5,2854.51,2938.42,464175.781,2025-11-24 17:00:00
1764007200000,2938.42,2961.97,2926.94,2955.77,283907.714,2025-11-24 18:00:00
1764010800000,2955.77,2978.06,2952.24,2957.39,206423.104,2025-11-24 19:00:00
1764014400000,2957.39,2985.82,2950.73,2971.15,173656.755,2025-11-24 20:00:00
1764018000000,2971.15,2972.4,2946.0,2957.55,107000.466,2025-11-24 21:00:00
1764021600000,2957.55,2979.46,2950.56,2958.72,74923.166,2025-11-24 22:00:00
1764025200000,2958.73,2967.27,2950.5,2952.0,70440.931,2025-11-24 23:00:00
1764028800000,2952.0,2952.0,2930.1,2941.95,116661.527,2025-11-25 00:00:00
1764032400000,2941.95,2947.21,2916.38,2917.7,105011.593,2025-11-25 01:00:00
1764036000000,2917.7,2933.33,2907.47,2929.7,152155.505,2025-11-25 02:00:00
1764039600000,2929.7,2936.3,2902.0,2910.63,129602.35,2025-11-25 03:00:00
1764043200000,2910.63,2941.46,2908.4,2935.73,136197.89,2025-11-25 04:00:00
1764046800000,2935.73,2936.92,2917.07,2927.26,71321.0,2025-11-25 05:00:00
1764050400000,2927.26,2927.27,2911.0,2921.23,79959.849,2025-11-25 06:00:00
1764054000000,2921.23,2924.47,2900.01,2901.83,106814.571,2025-11-25 07:00:00
1764057600000,2901.83,2908.57,2868.02,2870.43,210266.606,2025-11-25 08:00:00
1764061200000,2870.43,2892.19,2863.12,2890.56,182804.785,2025-11-25 09:00:00
1764064800000,2890.56,2899.22,2877.48,2897.18,100248.581,2025-11-25 10:00:00
1764068400000,2897.18,2898.22,2886.3,2889.24,59346.542,2025-11-25 11:00:00
1764072000000,2889.25,2931.6,2888.13,2925.7,230207.679,2025-11-25 12:00:00
1764075600000,2925.7,2932.93,2896.21,2906.12,193286.128,2025-11-25 13:00:00
1764079200000,2906.11,2920.6,2855.5,2879.71,392824.347,2025-11-25 14:00:00
1764082800000,2879.71,2914.0,2855.0,2894.2,326020.673,2025-11-25 15:00:00
1764086400000,2894.21,2936.69,2885.61,2927.36,184828.769,2025-11-25 16:00:00
1764090000000,2927.36,2951.64,2918.48,2934.76,176461.945,2025-11-25 17:00:00
1764093600000,2934.77,2956.67,2920.19,2922.3,131969.679,2025-11-25 18:00:00
1764097200000,2922.3,2926.81,2869.18,2920.95,255746.284,2025-11-25 19:00:00
1764100800000,2920.96,2941.87,2914.56,2927.25,123092.789,2025-11-25 20:00:00
1764104400000,2927.26,2944.87,2921.1,2929.47,74372.681,2025-11-25 21:00:00
1764108000000,2929.41,2976.0,2905.28,2968.69,162481.246,2025-11-25 22:00:00
1764111600000,2968.69,2979.13,2952.0,2957.75,110244.351,2025-11-25 23:00:00
1764115200000,2957.75,2970.78,2948.24,2952.6,70608.32,2025-11-26 00:00:00
1764118800000,2952.61,2982.88,2942.88,2968.49,99855.619,2025-11-26 01:00:00
1764122400000,2968.49,2974.85,2954.78,2955.29,63579.13,2025-11-26 02:00:00
1764126000000,2955.3,2963.23,2918.77,2925.22,164050.997,2025-11-26 03:00:00
1764129600000,2925.22,2938.29,2918.18,2929.13,96538.7,2025-11-26 04:00:00
1764133200000,2929.13,2951.37,2928.28,2942.59,90002.229,2025-11-26 05:00:00
1764136800000,2942.6,2953.4,2930.25,2944.65,105377.996,2025-11-26 06:00:00
1764140400000,2944.65,2948.34,2932.26,2942.41,67971.799,2025-11-26 07:00:00
1764144000000,2942.41,2948.59,2910.0,2911.44,135390.217,2025-11-26 08:00:00
1764147600000,2911.43,2916.44,2900.15,2906.07,128307.988,2025-11-26 09:00:00
1764151200000,2906.06,2916.73,2903.87,2912.92,77859.874,2025-11-26 10:00:00
1764154800000,2912.92,2916.67,2906.0,2912.45,54552.554,2025-11-26 11:00:00
1764158400000,2912.46,2916.46,2886.66,2900.01,162850.202,2025-11-26 12:00:00
1764162000000,2900.01,2935.07,2898.0,2932.58,170832.857,2025-11-26 13:00:00
1764165600000,2932.59,2946.97,2902.36,2909.0,278584.847,2025-11-26 14:00:00
1764169200000,2908.99,2938.86,2905.44,2926.54,216918.846,2025-11-26 15:00:00
1764172800000,2926.54,2959.06,2925.0,2944.86,234611.011,2025-11-26 16:00:00
1764176400000,2944.87,3031.79,2937.74,3024.97,431909.986,2025-11-26 17:00:00
1764180000000,3024.96,3043.42,3012.01,3032.08,239594.769,2025-11-26 18:00:00
1764183600000,3032.09,3036.9,3016.0,3030.7,104027.858,2025-11-26 19:00:00
1764187200000,3030.71,3030.86,3006.56,3023.09,97118.383,2025-11-26 20:00:00
1764190800000,3023.09,3034.2,3014.0,3019.97,65361.125,2025-11-26 21:00:00
1764194400000,3019.97,3031.97,3016.6,3026.15,55729.448,2025-11-26 22:00:00
1764198000000,3026.15,3032.0,3016.0,3024.81,55412.946,2025-11-26 23:00:00
1764201600000,3024.81,3049.0,3002.0,3033.59,148642.793,2025-11-27 00:00:00
1764205200000,3033.59,3056.91,3026.24,3050.71,124937.532,2025-11-27 01:00:00
1764208800000,3050.7,3069.53,3034.8,3036.0,234642.815,2025-11-27 02:00:00
1764212400000,3036.01,3050.9,3028.27,3032.14,110685.325,2025-11-27 03:00:00
1764216000000,3032.14,3053.0,3030.05,3039.88,85574.39,2025-11-27 04:00:00
1764219600000,3039.88,3044.83,3016.15,3022.14,114399.515,2025-11-27 05:00:00
1764223200000,3022.13,3033.0,3021.36,3026.33,59168.71,2025-11-27 06:00:00
1764226800000,3026.34,3034.65,3024.36,3031.79,40845.032,2025-11-27 07:00:00
1764230400000,3031.8,3033.91,3016.52,3026.99,64596.926,2025-11-27 08:00:00
1764234000000,3027.0,3045.0,3024.08,3026.15,114508.779,2025-11-27 09:00:00
1764237600000,3026.16,3034.52,3019.58,3032.7,66547.101,2025-11-27 10:00:00
1764241200000,3032.7,3034.44,3021.7,3026.72,43144.787,2025-11-27 11:00:00
1764244800000,3026.72,3028.63,2986.73,2990.25,207409.88,2025-11-27 12:00:00
1764248400000,2990.25,3000.94,2987.02,2994.31,129813.919,2025-11-27 13:00:00
1764252000000,2994.32,2998.29,2984.07,2995.0,104734.373,2025-11-27 14:00:00
1764255600000,2995.01,3013.96,2988.52,3009.43,142848.315,2025-11-27 15:00:00
1764259200000,3009.44,3026.35,3002.09,3019.46,163076.815,2025-11-27 16:00:00
1764262800000,3019.5,3023.0,3011.19,3018.39,61226.584,2025-11-27 17:00:00
1764266400000,3018.39,3038.19,3014.67,3036.38,108779.944,2025-11-27 18:00:00
1764270000000,3036.37,3036.38,3025.16,3030.55,46875.934,2025-11-27 19:00:00
1764273600000,3030.56,3043.45,3028.17,3037.21,51186.493,2025-11-27 20:00:00
1764277200000,3037.21,3042.37,3028.76,3030.93,47580.207,2025-11-27 21:00:00
1764280800000,3030.93,3033.22,3002.0,3009.0,79178.656,2025-11-27 22:00:00
1764284400000,3009.01,3022.22,3006.0,3013.76,53735.829,2025-11-27 23:00:00
1764288000000,3013.76,3022.95,3007.66,3013.16,58409.017,2025-11-28 00:00:00
1764291600000,3013.15,3015.37,2992.12,2996.99,109817.803,2025-11-28 01:00:00
1764295200000,2996.98,3014.0,2994.41,3010.88,72948.198,2025-11-28 02:00:00
1764298800000,3010.87,3013.88,3001.0,3007.36,54008.76,2025-11-28 03:00:00
1764302400000,3007.36,3018.45,3004.34,3016.11,62704.662,2025-11-28 04:00:00
1764306000000,3016.11,3029.6,3013.7,3022.51,93642.308,2025-11-28 05:00:00
1764309600000,3022.5,3022.53,3001.5,3008.26,95729.267,2025-11-28 06:00:00
1764313200000,3008.26,3023.21,2998.08,2999.89,109511.264,2025-11-28 07:00:00
1764316800000,2999.88,3076.83,2999.32,3062.9,298189.469,2025-11-28 08:00:00
1764320400000,3062.91,3071.59,3046.28,3053.49,150194.61,2025-11-28 09:00:00
1764324000000,3053.49,3062.44,3045.54,3059.0,75262.021,2025-11-28 10:00:00
1764327600000,3059.0,3060.59,3015.0,3032.0,175688.23,2025-11-28 11:00:00
1764331200000,3032.0,3044.77,3030.45,3034.45,82126.587,2025-11-28 12:00:00
1764334800000,3034.46,3086.99,3023.54,3072.36,234802.22,2025-11-28 13:00:00
1764338400000,3072.36,3098.0,3050.01,3065.79,304615.707,2025-11-28 14:00:00
1764342000000,3065.79,3090.76,3052.64,3071.97,215726.973,2025-11-28 15:00:00
1764345600000,3071.99,3072.82,3019.37,3024.16,256945.926,2025-11-28 16:00:00
1764349200000,3024.15,3042.83,3010.0,3033.0,199425.069,2025-11-28 17:00:00
1764352800000,3033.01,3048.15,3022.35,3041.03,101165.256,2025-11-28 18:00:00
1764356400000,3041.02,3059.84,3035.65,3048.35,75819.826,2025-11-28 19:00:00
1764360000000,3048.35,3055.76,3033.7,3053.97,53293.66,2025-11-28 20:00:00
1764363600000,3053.96,3057.41,3034.45,3034.94,40593.432,2025-11-28 21:00:00
1764367200000,3034.94,3041.62,3018.0,3038.05,64695.016,2025-11-28 22:00:00
1764370800000,3038.06,3043.75,3028.51,3029.72,29876.708,2025-11-28 23:00:00
1764374400000,3029.73,3037.75,3027.91,3034.23,39662.316,2025-11-29 00:00:00
1764378000000,3034.23,3050.88,3030.2,3036.55,63535.383,2025-11-29 01:00:00
1764381600000,3036.55,3038.97,3021.62,3029.51,53238.424,2025-11-29 02:00:00
1764385200000,3029.51,3035.56,3016.06,3021.4,63580.801,2025-11-29 03:00:00
1764388800000,3021.41,3044.0,3018.48,3038.85,63315.072,2025-11-29 04:00:00
1764392400000,3038.86,3041.43,3028.95,3031.11,46931.183,2025-11-29 05:00:00
1764396000000,3031.1,3036.79,2990.11,3005.85,195294.541,2025-11-29 06:00:00
1764399600000,3005.86,3013.0,2993.0,3003.4,78748.435,2025-11-29 07:00:00
1764403200000,3003.4,3010.0,2999.4,3006.84,48528.824,2025-11-29 08:00:00
1764406800000,3006.84,3008.69,2996.37,3000.29,49127.231,2025-11-29 09:00:00
1764410400000,3000.3,3006.9,2982.0,2995.64,125857.639,2025-11-29 10:00:00
1764414000000,2995.63,3000.46,2990.13,2998.41,61044.078,2025-11-29 11:00:00
1764417600000,2998.41,3001.36,2991.24,2995.64,46667.112,2025-11-29 12:00:00
1764421200000,2995.63,3000.59,2990.3,2996.94,46392.451,2025-11-29 13:00:00
1764424800000,2996.94,2997.51,2985.3,2987.3,57682.793,2025-11-29 14:00:00
1764428400000,2987.31,3013.44,2987.3,3006.19,122657.623,2025-11-29 15:00:00
1764432000000,3006.19,3010.58,2997.39,3002.1,54205.367,2025-11-29 16:00:00
1764435600000,3002.11,3003.53,2965.0,2968.6,201609.894,2025-11-29 17:00:00
1764439200000,2968.6,2995.67,2960.11,2993.14,156673.426,2025-11-29 18:00:00
1764442800000,2993.14,2998.73,2982.04,2987.06,59009.192,2025-11-29 19:00:00
1764446400000,2987.05,2997.12,2981.12,2995.99,37600.605,2025-11-29 20:00:00
1764450000000,2996.0,2997.7,2980.0,2992.74,46206.454,2025-11-29 21:00:00
1764453600000,2992.73,2994.29,2982.0,2987.49,32029.417,2025-11-29 22:00:00
1764457200000,2987.49,2992.68,2984.18,2987.98,27809.889,2025-11-29 23:00:00
1764460800000,2987.98,2998.0,2986.6,2995.52,39227.864,2025-11-30 00:00:00
1764464400000,2995.52,3010.66,2994.35,3003.24,70075.411,2025-11-30 01:00:00
1764468000000,3003.24,3010.38,2988.53,2989.17,62853.787,2025-11-30 02:00:00
1764471600000,2989.18,3003.9,2972.0,2999.87,123940.992,2025-11-30 03:00:00
1764475200000,2999.87,3001.73,2993.33,2996.41,29775.267,2025-11-30 04:00:00
1764478800000,2996.4,2998.32,2983.58,2990.79,68378.314,2025-11-30 05:00:00
1764482400000,2990.79,2999.0,2985.34,2996.23,42584.14,2025-11-30 06:00:00
1764486000000,2996.23,3007.74,2994.36,3003.07,63570.012,2025-11-30 07:00:00
1764489600000,3003.07,3017.89,3000.42,3005.45,110579.014,2025-11-30 08:00:00
1764493200000,3005.45,3013.47,3002.0,3007.66,55422.878,2025-11-30 09:00:00
1764496800000,3007.65,3009.61,3004.13,3007.66,35621.692,2025-11-30 10:00:00
1764500400000,3007.65,3015.93,2997.11,3001.65,74397.977,2025-11-30 11:00:00
1764504000000,3001.66,3033.0,2998.03,3024.42,152662.184,2025-11-30 12:00:00
1764507600000,3024.42,3052.85,3021.1,3047.45,205051.612,2025-11-30 13:00:00
1764511200000,3047.45,3049.33,3026.0,3036.31,113412.102,2025-11-30 14:00:00
1764514800000,3036.32,3036.32,3023.08,3027.7,74484.685,2025-11-30 15:00:00
1764518400000,3027.7,3048.31,3027.0,3042.52,81134.449,2025-11-30 16:00:00
1764522000000,3042.51,3043.08,3029.01,3039.77,69259.42,2025-11-30 17:00:00
1764525600000,3039.77,3040.3,3028.0,3035.47,39799.606,2025-11-30 18:00:00
1764529200000,3035.48,3040.0,3027.26,3033.15,41052.093,2025-11-30 19:00:00
1764532800000,3033.15,3039.49,3021.0,3027.31,40426.429,2025-11-30 20:00:00
1764536400000,3027.3,3028.21,3013.03,3020.39,56428.971,2025-11-30 21:00:00
1764540000000,3020.4,3034.74,3019.62,3031.7,47000.552,2025-11-30 22:00:00
1764543600000,3031.7,3033.82,2987.78,2989.83,145522.622,2025-11-30 23:00:00
1764547200000,2989.83,2998.0,2829.09,2835.14,886915.147,2025-12-01 00:00:00
1764550800000,2835.14,2859.2,2832.33,2849.46,238318.239,2025-12-01 01:00:00
1764554400000,2849.46,2873.06,2823.0,2837.0,309478.278,2025-12-01 02:00:00
1764558000000,2837.0,2840.99,2811.85,2824.73,225818.05,2025-12-01 03:00:00
1764561600000,2824.71,2827.09,2805.69,2820.9,172990.334,2025-12-01 04:00:00
1764565200000,2820.9,2829.92,2809.31,2826.96,112316.743,2025-12-01 05:00:00
1764568800000,2826.96,2834.86,2821.0,2823.51,74944.287,2025-12-01 06:00:00
1764572400000,2823.5,2842.33,2818.5,2838.02,102150.18,2025-12-01 07:00:00
1764576000000,2838.02,2844.3,2830.47,2838.49,79706.48,2025-12-01 08:00:00
1764579600000,2838.49,2851.66,2826.47,2837.52,136820.403,2025-12-01 09:00:00
1764583200000,2837.53,2844.65,2835.5,2841.62,60202.784,2025-12-01 10:00:00
1764586800000,2841.63,2848.8,2833.57,2836.24,105215.643,2025-12-01 11:00:00
1764590400000,2836.25,2837.98,2793.72,2819.71,330651.039,2025-12-01 12:00:00
1764594000000,2819.7,2838.62,2803.91,2812.16,204543.326,2025-12-01 13:00:00
1764597600000,2812.17,2831.53,2804.22,2816.83,216866.62,2025-12-01 14:00:00
1764601200000,2816.84,2819.41,2718.0,2744.83,808087.276,2025-12-01 15:00:00
1764604800000,2744.84,2754.96,2718.51,2730.66,304150.813,2025-12-01 16:00:00
1764608400000,2730.65,2751.97,2727.0,2738.09,147592.712,2025-12-01 17:00:00
1764612000000,2738.0,2757.87,2723.0,2748.08,164171.31,2025-12-01 18:00:00
1764615600000,2748.07,2751.82,2728.88,2739.45,97493.235,2025-12-01 19:00:00
1764619200000,2739.44,2769.0,2738.67,2756.6,162378.976,2025-12-01 20:00:00
1764622800000,2756.47,2796.76,2754.61,2790.25,170293.313,2025-12-01 21:00:00
1764626400000,2790.24,2811.89,2789.68,2795.44,121874.219,2025-12-01 22:00:00
1764630000000,2795.5,2819.03,2795.0,2797.35,89124.431,2025-12-01 23:00:00
1764633600000,2797.35,2803.17,2780.55,2793.71,104217.441,2025-12-02 00:00:00
1764637200000,2793.72,2823.75,2790.82,2793.42,130220.501,2025-12-02 01:00:00
1764640800000,2793.41,2813.16,2783.0,2799.6,99215.169,2025-12-02 02:00:00
1764644400000,2799.59,2809.0,2783.72,2802.84,104420.031,2025-12-02 03:00:00
1764648000000,2802.84,2812.75,2802.0,2803.58,58800.334,2025-12-02 04:00:00
1764651600000,2803.59,2805.69,2795.88,2801.88,51124.05,2025-12-02 05:00:00
1764655200000,2801.87,2814.66,2796.15,2811.53,67991.225,2025-12-02 06:00:00
1764658800000,2811.53,2812.99,2801.5,2804.03,54925.232,2025-12-02 07:00:00
1764662400000,2804.03,2805.5,2780.28,2796.96,149306.375,2025-12-02 08:00:00
1764666000000,2796.96,2811.0,2794.15,2796.39,84586.644,2025-12-02 09:00:00
1764669600000,2796.39,2834.45,2796.02,2821.36,147720.006,2025-12-02 10:00:00
1764673200000,2821.37,2829.14,2814.45,2824.25,95911.086,2025-12-02 11:00:00
1764676800000,2824.25,2830.37,2813.44,2826.27,82710.886,2025-12-02 12:00:00
1764680400000,2826.26,2846.18,2820.4,2842.6,190945.556,2025-12-02 13:00:00
1764684000000,2842.6,2908.79,2838.8,2893.65,573565.263,2025-12-02 14:00:00
1764687600000,2893.65,3024.44,2892.46,3005.33,912658.227,2025-12-02 15:00:00
1764691200000,3005.33,3023.43,2985.57,2994.21,359101.844,2025-12-02 16:00:00
1764694800000,2994.22,3033.63,2992.8,3014.53,210600.965,2025-12-02 17:00:00
1764698400000,3014.53,3032.99,3006.06,3012.78,128230.864,2025-12-02 18:00:00
1764702000000,3012.77,3029.21,3011.8,3014.66,85718.181,2025-12-02 19:00:00
1764705600000,3014.66,3015.95,2971.52,2978.82,193068.456,2025-12-02 20:00:00
1764709200000,2978.85,2996.88,2976.3,2994.0,59435.23,2025-12-02 21:00:00
1764712800000,2994.0,3020.0,2993.61,3016.47,86208.436,2025-12-02 22:00:00
1764716400000,3016.49,3017.2,2990.24,2994.44,59260.864,2025-12-02 23:00:00
1764720000000,2994.45,3007.76,2984.12,3001.95,91273.836,2025-12-03 00:00:00
1764723600000,3001.95,3026.72,2997.47,3014.27,102459.228,2025-12-03 01:00:00
1764727200000,3014.27,3048.88,3012.54,3029.29,225580.404,2025-12-03 02:00:00
1764730800000,3029.29,3036.54,3019.06,3028.55,83949.339,2025-12-03 03:00:00
1764734400000,3028.54,3062.24,3027.85,3055.4,154946.637,2025-12-03 04:00:00
1764738000000,3055.39,3069.51,3045.61,3057.36,151618.2,2025-12-03 05:00:00
1764741600000,3057.35,3085.0,3053.8,3065.71,224106.75,2025-12-03 06:00:00
1764745200000,3065.7,3067.98,3050.01,3056.39,86954.198,2025-12-03 07:00:00
1764748800000,3056.39,3060.03,3042.64,3049.81,92246.626,2025-12-03 08:00:00
1764752400000,3049.8,3063.15,3044.33,3059.25,68034.353,2025-12-03 09:00:00
1764756000000,3059.26,3077.92,3048.0,3054.29,126341.014,2025-12-03 10:00:00
1764759600000,3054.29,3076.0,3048.33,3071.7,110527.717,2025-12-03 11:00:00
1764763200000,3071.7,3083.0,3065.42,3080.0,126352.321,2025-12-03 12:00:00
1764766800000,3079.99,3093.65,3076.0,3088.58,157907.28,2025-12-03 13:00:00
1764770400000,3088.58,3145.81,3027.89,3075.11,874811.556,2025-12-03 14:00:00
1764774000000,3075.11,3109.48,3054.0,3084.61,318474.664,2025-12-03 15:00:00
1764777600000,3084.61,3106.0,3063.0,3086.95,164690.7,2025-12-03 16:00:00
1764781200000,3086.9,3132.67,3085.81,3126.56,173849.801,2025-12-03 17:00:00
1764784800000,3126.56,3143.0,3103.08,3114.0,178612.287,2025-12-03 18:00:00
1764788400000,3114.0,3131.82,3109.37,3126.95,75918.214,2025-12-03 19:00:00
1764792000000,3126.94,3160.0,3115.94,3136.75,139944.49,2025-12-03 20:00:00
1764795600000,3136.8,3168.54,3127.0,3162.74,122250.333,2025-12-03 21:00:00
1764799200000,3162.74,3196.51,3141.91,3187.75,184751.54,2025-12-03 22:00:00
1764802800000,3187.75,3215.56,3176.48,3186.54,185926.199,2025-12-03 23:00:00
1764806400000,3186.55,3205.6,3172.63,3196.13,141274.257,2025-12-04 00:00:00
1764810000000,3196.13,3239.29,3193.0,3201.14,232987.787,2025-12-04 01:00:00
1764813600000,3201.14,3224.08,3197.0,3219.73,109381.017,2025-12-04 02:00:00
1764817200000,3219.73,3227.37,3202.87,3208.26,72146.07,2025-12-04 03:00:00
1764820800000,3208.25,3217.72,3183.87,3190.55,114767.234,2025-12-04 04:00:00
1764824400000,3190.55,3193.0,3166.22,3183.7,125805.771,2025-12-04 05:00:00
1764828000000,3183.69,3219.9,3179.0,3203.61,144677.959,2025-12-04 06:00:00
1764831600000,3203.6,3204.0,3180.0,3189.01,114216.842,2025-12-04 07:00:00
1764835200000,3189.01,3195.9,3173.2,3182.73,88951.922,2025-12-04 08:00:00
1764838800000,3182.73,3207.99,3181.45,3198.18,95156.917,2025-12-04 09:00:00
1764842400000,3198.19,3202.19,3183.01,3187.07,60456.348,2025-12-04 10:00:00
1764846000000,3187.07,3193.6,3175.29,3185.37,81039.043,2025-12-04 11:00:00
1764849600000,3185.37,3191.79,3170.01,3175.24,81130.419,2025-12-04 12:00:00
1764853200000,3175.23,3189.97,3155.0,3169.25,223517.122,2025-12-04 13:00:00
1764856800000,3169.25,3187.14,3137.53,3143.01,260826.81,2025-12-04 14:00:00
1764860400000,3143.0,3223.38,3142.36,3206.11,420816.911,2025-12-04 15:00:00
1764864000000,3206.12,3224.0,3158.2,3167.2,315865.385,2025-12-04 16:00:00
1764867600000,3167.2,3173.91,3133.39,3159.22,200380.278,2025-12-04 17:00:00
1764871200000,3159.21,3164.97,3131.83,3139.52,115943.968,2025-12-04 18:00:00
1764874800000,3139.51,3141.09,3065.0,3117.74,428344.402,2025-12-04 19:00:00
1764878400000,3117.74,3144.38,3104.1,3139.42,141384.65,2025-12-04 20:00:00
1764882000000,3139.42,3151.7,3117.62,3121.8,90103.42,2025-12-04 21:00:00
1764885600000,3121.8,3147.67,3121.48,3142.25,55027.897,2025-12-04 22:00:00
1764889200000,3142.25,3143.12,3127.64,3132.19,41370.622,2025-12-04 23:00:00
1764892800000,3132.19,3156.5,3131.52,3145.01,68922.943,2025-12-05 00:00:00
1764896400000,3145.01,3169.53,3141.61,3161.65,103798.121,2025-12-05 01:00:00
1764900000000,3161.65,3187.87,3155.0,3181.54,133444.357,2025-12-05 02:00:00
1764903600000,3181.54,3191.81,3163.47,3169.06,87057.21,2025-12-05 03:00:00
1764907200000,3169.06,3181.11,3150.0,3166.4,124663.54,2025-12-05 04:00:00
1764910800000,3166.4,3172.65,3150.71,3154.55,65202.682,2025-12-05 05:00:00
1764914400000,3154.55,3175.78,3154.54,3167.29,75293.903,2025-12-05 06:00:00
1764918000000,3167.3,3181.5,3164.86,3172.2,86744.28,2025-12-05 07:00:00
1764921600000,3172.21,3172.22,3140.2,3153.78,109129.356,2025-12-05 08:00:00
1764925200000,3153.79,3153.85,3106.6,3120.6,232132.159,2025-12-05 09:00:00
1764928800000,3120.61,3149.7,3119.26,3133.14,152806.008,2025-12-05 10:00:00
1764932400000,3133.15,3142.0,3107.2,3130.01,152160.499,2025-12-05 11:00:00
1764936000000,3130.01,3133.58,3115.62,3126.4,78209.404,2025-12-05 12:00:00
1764939600000,3126.4,3137.0,3085.59,3098.2,261782.241,2025-12-05 13:00:00
1764943200000,3098.19,3115.71,3081.0,3102.24,228130.275,2025-12-05 14:00:00
1764946800000,3102.24,3156.96,3092.63,3105.09,408095.547,2025-12-05 15:00:00
1764950400000,3105.1,3107.4,2997.25,3031.55,703207.091,2025-12-05 16:00:00
1764954000000,3031.54,3038.8,3004.67,3031.64,214009.943,2025-12-05 17:00:00
1764957600000,3031.63,3062.57,3002.4,3005.65,231343.993,2025-12-05 18:00:00
1764961200000,3005.65,3046.0,2980.0,3036.65,226607.199,2025-12-05 19:00:00
1764964800000,3036.65,3047.56,3013.44,3020.66,94490.391,2025-12-05 20:00:00
1764968400000,3020.68,3035.47,3011.94,3018.48,56688.966,2025-12-05 21:00:00
1764972000000,3018.5,3031.0,3008.0,3025.42,46996.702,2025-12-05 22:00:00
1764975600000,3025.42,3026.15,3005.0,3020.16,46780.528,2025-12-05 23:00:00
1764979200000,3020.15,3027.51,3010.48,3024.56,47636.183,2025-12-06 00:00:00
1764982800000,3024.56,3031.93,3017.31,3024.98,44033.146,2025-12-06 01:00:00
1764986400000,3024.99,3028.64,3016.67,3027.46,41662.033,2025-12-06 02:00:00
1764990000000,3027.46,3044.56,3025.81,3038.56,81325.222,2025-12-06 03:00:00
1764993600000,3038.55,3041.01,3028.1,3035.05,38696.129,2025-12-06 04:00:00
1764997200000,3035.05,3039.52,3030.42,3035.75,29754.439,2025-12-06 05:00:00
1765000800000,3035.76,3040.46,3031.95,3038.26,33961.395,2025-12-06 06:00:00
1765004400000,3038.26,3039.9,3022.01,3024.99,67105.036,2025-12-06 07:00:00
1765008000000,3024.99,3034.5,3011.71,3012.8,97346.311,2025-12-06 08:00:00
1765011600000,3012.81,3031.48,3012.04,3028.44,64797.899,2025-12-06 09:00:00
1765015200000,3028.44,3037.0,3023.8,3029.38,44737.281,2025-12-06 10:00:00
1765018800000,3029.37,3040.82,3026.66,3036.81,52382.858,2025-12-06 11:00:00
1765022400000,3036.8,3039.0,3027.35,3029.78,42454.354,2025-12-06 12:00:00
1765026000000,3029.78,3040.61,3028.0,3033.99,40390.065,2025-12-06 13:00:00
1765029600000,3033.99,3068.87,3032.02,3053.45,177736.107,2025-12-06 14:00:00
1765033200000,3053.45,3054.0,3023.64,3040.12,144591.923,2025-12-06 15:00:00
1765036800000,3040.12,3065.13,3038.32,3050.7,107135.158,2025-12-06 16:00:00
1765040400000,3050.7,3058.5,3044.83,3054.0,46525.892,2025-12-06 17:00:00
1765044000000,3053.99,3054.76,3036.16,3040.66,45439.873,2025-12-06 18:00:00
1765047600000,3040.66,3046.64,3023.4,3029.24,73448.939,2025-12-06 19:00:00
1765051200000,3029.24,3039.99,3028.7,3038.29,26842.513,2025-12-06 20:00:00
1765054800000,3038.29,3043.65,3035.0,3041.31,22780.655,2025-12-06 21:00:00
1765058400000,3041.3,3053.04,3035.49,3040.65,33120.038,2025-12-06 22:00:00
1765062000000,3040.65,3041.76,3025.08,3036.7,61967.286,2025-12-06 23:00:00
1765065600000,3036.71,3047.94,3031.0,3043.37,47137.485,2025-12-07 00:00:00
1765069200000,3043.38,3051.17,3040.0,3041.1,44318.137,2025-12-07 01:00:00
1765072800000,3041.11,3055.97,3040.56,3052.07,38017.704,2025-12-07 02:00:00
1765076400000,3052.06,3055.49,3047.6,3052.27,37243.551,2025-12-07 03:00:00
1765080000000,3052.27,3056.8,3041.1,3044.79,39973.902,2025-12-07 04:00:00
1765083600000,3044.79,3048.0,3042.08,3042.94,22582.221,2025-12-07 05:00:00
1765087200000,3042.93,3047.7,3041.77,3046.5,28289.452,2025-12-07 06:00:00
1765090800000,3046.49,3049.55,3029.23,3035.84,72742.908,2025-12-07 07:00:00
1765094400000,3035.84,3042.0,3026.08,3033.21,62988.31,2025-12-07 08:00:00
1765098000000,3033.2,3037.9,3023.05,3029.16,67916.219,2025-12-07 09:00:00
1765101600000,3029.17,3042.34,3028.43,3036.46,55526.523,2025-12-07 10:00:00
1765105200000,3036.59,3040.61,3033.3,3034.43,32723.183,2025-12-07 11:00:00
1765108800000,3034.44,3050.0,3033.22,3047.4,60253.627,2025-12-07 12:00:00
1765112400000,3047.4,3052.0,3025.0,3030.5,124660.741,2025-12-07 13:00:00
1765116000000,3030.5,3034.2,2903.45,2941.26,657787.458,2025-12-07 14:00:00
1765119600000,2941.25,3037.81,2938.03,3025.12,462424.206,2025-12-07 15:00:00
1765123200000,3025.12,3039.7,2997.63,3038.71,226059.647,2025-12-07 16:00:00
1765126800000,3038.71,3133.94,3022.43,3111.81,453351.559,2025-12-07 17:00:00
1765130400000,3111.81,3148.98,3111.66,3127.51,184450.672,2025-12-07 18:00:00
1765134000000,3127.52,3142.34,3118.67,3136.6,85665.038,2025-12-07 19:00:00
1765137600000,3136.59,3146.35,3130.0,3139.34,47078.644,2025-12-07 20:00:00
1765141200000,3139.35,3139.35,3067.3,3083.74,177852.295,2025-12-07 21:00:00
1765144800000,3083.74,3084.62,3011.0,3031.8,285507.124,2025-12-07 22:00:00
1765148400000,3031.81,3064.38,3023.0,3058.5,107596.152,2025-12-07 23:00:00
1765152000000,3058.5,3075.61,3038.97,3061.5,99042.016,2025-12-08 00:00:00
1765155600000,3061.51,3133.28,3061.04,3096.73,251215.639,2025-12-08 01:00:00
1765159200000,3096.72,3114.62,3090.46,3108.6,102037.413,2025-12-08 02:00:00
1765162800000,3108.59,3119.49,3100.15,3109.5,80963.25,2025-12-08 03:00:00
1765166400000,3109.5,3137.58,3106.71,3127.75,107754.521,2025-12-08 04:00:00
1765170000000,3127.76,3139.58,3120.66,3128.88,88004.486,2025-12-08 05:00:00
1765173600000,3128.89,3140.0,3120.96,3129.1,100926.247,2025-12-08 06:00:00
1765177200000,3129.1,3136.52,3121.33,3132.31,69281.137,2025-12-08 07:00:00
1765180800000,3132.3,3145.76,3123.28,3142.26,79498.17,2025-12-08 08:00:00
1765184400000,3142.25,3179.15,3139.22,3157.35,235641.69,2025-12-08 09:00:00
1765188000000,3157.36,3163.8,3152.0,3158.85,56539.005,2025-12-08 10:00:00
1765191600000,3158.89,3163.05,3133.0,3140.67,108620.288,2025-12-08 11:00:00
1765195200000,3140.67,3142.2,3121.52,3130.11,114612.591,2025-12-08 12:00:00
1765198800000,3130.11,3160.37,3128.11,3144.5,200108.491,2025-12-08 13:00:00
1765202400000,3144.49,3178.57,3124.0,3127.31,394283.589,2025-12-08 14:00:00
1765206000000,3127.31,3138.0,3085.0,3099.75,468686.938,2025-12-08 15:00:00
1765209600000,3099.75,3132.0,3090.75,3106.49,229463.032,2025-12-08 16:00:00
1765213200000,3106.5,3127.88,3097.0,3118.97,142208.765,2025-12-08 17:00:00
1765216800000,3118.97,3131.71,3074.52,3091.15,173992.361,2025-12-08 18:00:00
1765220400000,3091.15,3127.39,3088.8,3117.12,99210.092,2025-12-08 19:00:00
1765224000000,3117.12,3145.0,3117.0,3134.57,94033.686,2025-12-08 20:00:00
1765227600000,3134.57,3152.96,3125.0,3145.0,66229.356,2025-12-08 21:00:00
1765231200000,3145.0,3146.22,3118.5,3128.5,44651.474,2025-12-08 22:00:00
1765234800000,3128.5,3135.75,3111.01,3123.15,56920.952,2025-12-08 23:00:00
1765238400000,3123.16,3142.45,3112.86,3118.5,80309.643,2025-12-09 00:00:00
1765242000000,3118.5,3123.53,3097.41,3105.57,93527.597,2025-12-09 01:00:00
1765245600000,3105.56,3114.67,3096.04,3097.36,60044.028,2025-12-09 02:00:00
1765249200000,3097.31,3127.99,3088.45,3127.99,142974.87,2025-12-09 03:00:00
1765252800000,3127.98,3129.93,3101.99,3105.95,104716.618,2025-12-09 04:00:00
1765256400000,3105.95,3117.0,3093.77,3106.97,90908.945,2025-12-09 05:00:00
1765260000000,3106.97,3114.9,3095.17,3111.68,67295.528,2025-12-09 06:00:00
1765263600000,3111.68,3126.0,3107.77,3121.47,83629.808,2025-12-09 07:00:00
1765267200000,3121.48,3128.66,3113.29,3119.16,54937.172,2025-12-09 08:00:00
1765270800000,3119.16,3121.63,3102.23,3104.3,74052.634,2025-12-09 09:00:00
1765274400000,3104.31,3113.25,3090.77,3106.39,85578.567,2025-12-09 10:00:00
1765278000000,3106.39,3119.51,3099.07,3116.94,63492.929,2025-12-09 11:00:00
1765281600000,3116.93,3139.77,3113.0,3135.55,134272.629,2025-12-09 12:00:00
1765285200000,3135.54,3138.76,3108.0,3116.0,138027.884,2025-12-09 13:00:00
1765288800000,3115.99,3127.63,3097.01,3116.15,158112.173,2025-12-09 14:00:00
1765292400000,3116.15,3258.0,3113.97,3245.04,838476.325,2025-12-09 15:00:00
1765296000000,3245.04,3378.0,3244.56,3364.86,905722.83,2025-12-09 16:00:00
1765299600000,3364.86,3398.28,3356.02,3374.18,419839.516,2025-12-09 17:00:00
1765303200000,3374.18,3386.94,3359.18,3374.99,143660.651,2025-12-09 18:00:00
1765306800000,3374.99,3377.0,3344.86,3356.81,113584.189,2025-12-09 19:00:00
1765310400000,3356.81,3360.26,3304.5,3326.5,215077.995,2025-12-09 20:00:00
1765314000000,3326.53,3334.15,3283.7,3300.3,143939.706,2025-12-09 21:00:00
1765317600000,3300.31,3346.0,3296.11,3327.31,118469.968,2025-12-09 22:00:00
1765321200000,3327.3,3334.27,3315.5,3316.81,58995.564,2025-12-09 23:00:00
1765324800000,3316.81,3326.93,3303.58,3305.0,84238.499,2025-12-10 00:00:00
1765328400000,3305.01,3314.0,3286.82,3301.69,104519.523,2025-12-10 01:00:00
1765332000000,3301.69,3311.54,3291.0,3309.99,69350.84,2025-12-10 02:00:00
1765335600000,3310.0,3315.58,3303.74,3308.0,46511.099,2025-12-10 03:00:00
1765339200000,3308.01,3326.73,3305.2,3321.36,87065.684,2025-12-10 04:00:00
1765342800000,3321.37,3333.33,3313.33,3321.15,70607.272,2025-12-10 05:00:00
1765346400000,3321.16,3328.8,3313.72,3324.0,43984.942,2025-12-10 06:00:00
1765350000000,3324.0,3325.61,3310.0,3325.43,66699.621,2025-12-10 07:00:00
1765353600000,3325.43,3332.69,3321.0,3321.01,67992.249,2025-12-10 08:00:00
1765357200000,3321.0,3347.69,3313.21,3346.1,119070.849,2025-12-10 09:00:00
1765360800000,3346.11,3374.8,3308.0,3311.1,285345.726,2025-12-10 10:00:00
1765364400000,3311.11,3319.38,3296.0,3317.29,131916.383,2025-12-10 11:00:00
1765368000000,3317.28,3326.15,3306.62,3323.07,95967.511,2025-12-10 12:00:00
1765371600000,3323.06,3338.33,3317.82,3333.0,132597.052,2025-12-10 13:00:00
1765375200000,3333.01,3338.4,3303.0,3318.03,168053.171,2025-12-10 14:00:00
1765378800000,3318.03,3337.14,3305.0,3326.83,150681.579,2025-12-10 15:00:00
1765382400000,3326.83,3369.0,3319.66,3349.63,216956.377,2025-12-10 16:00:00
1765386000000,3349.64,3385.0,3344.63,3368.93,156955.227,2025-12-10 17:00:00
1765389600000,3368.94,3428.26,3358.0,3379.66,403539.258,2025-12-10 18:00:00
1765393200000,3379.65,3434.72,3343.0,3388.43,657360.71,2025-12-10 19:00:00
1765396800000,3388.43,3446.0,3343.8,3354.16,437844.654,2025-12-10 20:00:00
1765400400000,3354.16,3367.94,3327.14,3338.75,180775.633,2025-12-10 21:00:00
1765404000000,3338.74,3353.96,3316.48,3345.19,97270.186,2025-12-10 22:00:00
1765407600000,3345.19,3351.38,3318.39,3322.71,56124.918,2025-12-10 23:00:00
1765411200000,3322.71,3325.92,3256.71,3278.34,244045.729,2025-12-11 00:00:00
1765414800000,3278.33,3278.57,3241.56,3253.59,186716.724,2025-12-11 01:00:00
1765418400000,3253.58,3254.85,3205.4,3209.86,269570.259,2025-12-11 02:00:00
1765422000000,3209.87,3210.0,3166.01,3189.77,334751.171,2025-12-11 03:00:00
1765425600000,3189.77,3214.0,3179.02,3212.9,190262.335,2025-12-11 04:00:00
1765429200000,3212.9,3213.7,3192.51,3212.66,82376.755,2025-12-11 05:00:00
1765432800000,3212.65,3213.0,3192.9,3201.18,76386.27,2025-12-11 06:00:00
1765436400000,3201.18,3205.49,3195.0,3200.01,62052.168,2025-12-11 07:00:00
1765440000000,3200.0,3200.19,3175.2,3195.64,121274.759,2025-12-11 08:00:00
1765443600000,3195.63,3211.91,3191.01,3197.15,95174.762,2025-12-11 09:00:00
1765447200000,3197.15,3201.5,3186.68,3194.52,65312.492,2025-12-11 10:00:00
1765450800000,3194.52,3200.66,3190.63,3191.08,47193.557,2025-12-11 11:00:00
1765454400000,3191.08,3205.96,3185.58,3197.32,70190.867,2025-12-11 12:00:00
1765458000000,3197.32,3202.0,3186.67,3190.29,65576.153,2025-12-11 13:00:00
1765461600000,3190.3,3194.81,3142.38,3158.64,439368.366,2025-12-11 14:00:00
1765465200000,3158.64,3209.28,3153.55,3177.92,334576.43,2025-12-11 15:00:00
1765468800000,3177.91,3196.5,3154.0,3174.14,209902.628,2025-12-11 16:00:00
1765472400000,3174.13,3203.52,3166.7,3180.21,126371.643,2025-12-11 17:00:00
1765476000000,3180.2,3233.33,3178.51,3202.37,220547.813,2025-12-11 18:00:00
1765479600000,3202.4,3228.36,3188.13,3192.96,153978.69,2025-12-11 19:00:00
1765483200000,3192.96,3225.0,3191.0,3220.12,106348.051,2025-12-11 20:00:00
1765486800000,3220.13,3271.85,3213.58,3247.8,262995.172,2025-12-11 21:00:00
1765490400000,3247.8,3265.0,3228.16,3236.81,99273.174,2025-12-11 22:00:00
1765494000000,3236.8,3244.81,3221.67,3236.26,66063.612,2025-12-11 23:00:00
1765497600000,3236.27,3246.39,3182.88,3187.92,116646.063,2025-12-12 00:00:00
1765501200000,3187.91,3245.99,3187.91,3233.02,141139.845,2025-12-12 01:00:00
1765504800000,3233.02,3264.0,3225.52,3256.99,112748.938,2025-12-12 02:00:00
1765508400000,3256.98,3262.5,3236.66,3243.98,80005.775,2025-12-12 03:00:00
1765512000000,3243.98,3249.89,3238.63,3245.69,46595.624,2025-12-12 04:00:00
1765515600000,3245.69,3250.0,3230.65,3246.05,68804.321,2025-12-12 05:00:00
1765519200000,3246.06,3263.55,3243.53,3252.76,105592.404,2025-12-12 06:00:00
1765522800000,3252.77,3256.26,3240.98,3244.7,58087.595,2025-12-12 07:00:00
1765526400000,3244.7,3248.8,3232.1,3243.48,84493.349,2025-12-12 08:00:00
1765530000000,3243.48,3253.54,3231.72,3249.66,75758.529,2025-12-12 09:00:00
1765533600000,3249.65,3254.67,3238.58,3242.85,49095.65,2025-12-12 10:00:00
1765537200000,3242.85,3244.69,3225.06,3241.16,75638.947,2025-12-12 11:00:00
1765540800000,3241.16,3248.0,3232.09,3246.18,50209.286,2025-12-12 12:00:00
1765544400000,3246.18,3249.92,3236.87,3240.98,54920.255,2025-12-12 13:00:00
1765548000000,3240.98,3246.91,3213.28,3230.01,193726.087,2025-12-12 14:00:00
1765551600000,3230.0,3230.47,3055.41,3069.6,1016379.675,2025-12-12 15:00:00
1765555200000,3069.59,3087.06,3037.69,3067.94,541100.181,2025-12-12 16:00:00
1765558800000,3067.94,3097.98,3060.0,3064.58,252827.717,2025-12-12 17:00:00
1765562400000,3064.58,3095.91,3063.01,3077.65,144447.351,2025-12-12 18:00:00
1765566000000,3077.65,3080.45,3060.83,3071.73,92757.435,2025-12-12 19:00:00
1765569600000,3071.72,3084.75,3065.55,3079.66,77830.533,2025-12-12 20:00:00
1765573200000,3079.66,3088.8,3074.3,3079.96,51175.055,2025-12-12 21:00:00
1765576800000,3079.96,3092.4,3078.61,3091.49,29384.125,2025-12-12 22:00:00
1765580400000,3091.5,3094.75,3081.03,3083.09,26917.16,2025-12-12 23:00:00
1765584000000,3083.1,3093.43,3080.4,3084.81,29186.283,2025-12-13 00:00:00
1765587600000,3084.8,3088.99,3076.48,3083.0,34288.544,2025-12-13 01:00:00
1765591200000,3082.99,3087.78,3081.85,3083.1,27359.592,2025-12-13 02:00:00
1765594800000,3083.01,3091.3,3082.5,3088.34,33131.912,2025-12-13 03:00:00
1765598400000,3088.35,3090.5,3084.21,3087.68,28850.691,2025-12-13 04:00:00
1765602000000,3087.68,3090.0,3082.22,3087.63,24245.619,2025-12-13 05:00:00
1765605600000,3087.63,3094.0,3083.0,3091.84,39244.565,2025-12-13 06:00:00
1765609200000,3091.85,3093.4,3088.25,3092.94,33552.592,2025-12-13 07:00:00
1765612800000,3092.94,3131.4,3090.57,3114.6,176804.989,2025-12-13 08:00:00
1765616400000,3114.59,3121.48,3111.0,3116.2,48891.272,2025-12-13 09:00:00
1765620000000,3116.21,3134.13,3115.89,3125.75,80049.18,2025-12-13 10:00:00
1765623600000,3125.75,3127.01,3113.37,3117.86,62292.798,2025-12-13 11:00:00
1765627200000,3117.87,3126.33,3107.64,3113.49,79054.472,2025-12-13 12:00:00
1765630800000,3113.49,3118.29,3092.41,3108.01,110511.986,2025-12-13 13:00:00
1765634400000,3108.0,3114.73,3094.22,3109.12,91745.282,2025-12-13 14:00:00
1765638000000,3109.13,3122.95,3102.78,3108.03,71566.052,2025-12-13 15:00:00
1765641600000,3108.02,3115.0,3099.01,3104.33,56107.844,2025-12-13 16:00:00
1765645200000,3104.32,3104.74,3094.29,3099.73,37397.983,2025-12-13 17:00:00
1765648800000,3099.73,3109.62,3097.78,3100.51,36727.154,2025-12-13 18:00:00
1765652400000,3100.5,3109.72,3099.29,3106.96,15116.3,2025-12-13 19:00:00
1765656000000,3106.96,3108.5,3101.0,3102.84,12766.091,2025-12-13 20:00:00
1765659600000,3102.72,3113.44,3076.66,3109.92,85710.667,2025-12-13 21:00:00
1765663200000,3109.91,3118.56,3100.3,3112.44,32921.375,2025-12-13 22:00:00
1765666800000,3112.45,3116.88,3108.0,3112.37,31210.758,2025-12-13 23:00:00
1765670400000,3112.37,3121.28,3102.0,3117.79,48647.64,2025-12-14 00:00:00
1765674000000,3117.79,3128.28,3113.01,3118.53,54655.545,2025-12-14 01:00:00
1765677600000,3118.52,3124.0,3114.2,3120.99,26878.532,2025-12-14 02:00:00
1765681200000,3121.0,3124.2,3115.07,3117.21,22886.098,2025-12-14 03:00:00
1765684800000,3117.21,3120.6,3104.0,3109.63,56886.769,2025-12-14 04:00:00
1765688400000,3109.62,3113.44,3103.0,3110.11,40146.496,2025-12-14 05:00:00
1765692000000,3110.11,3113.8,3104.25,3109.37,24243.212,2025-12-14 06:00:00
1765695600000,3109.38,3116.48,3107.13,3113.52,24125.002,2025-12-14 07:00:00
1765699200000,3113.53,3118.11,3107.5,3109.32,36344.682,2025-12-14 08:00:00
1765702800000,3109.31,3112.38,3105.31,3107.23,40338.906,2025-12-14 09:00:00
1765706400000,3107.23,3111.5,3091.21,3105.61,81216.194,2025-12-14 10:00:00
1765710000000,3105.62,3108.0,3046.55,3082.96,274005.335,2025-12-14 11:00:00
1765713600000,3082.97,3106.68,3068.75,3096.01,171360.398,2025-12-14 12:00:00
1765717200000,3096.01,3101.47,3075.28,3099.69,130444.843,2025-12-14 13:00:00
1765720800000,3099.69,3106.33,3072.11,3084.0,111583.817,2025-12-14 14:00:00
1765724400000,3084.01,3086.37,3068.0,3083.25,71916.219,2025-12-14 15:00:00
1765728000000,3083.25,3106.9,3076.16,3096.1,130004.083,2025-12-14 16:00:00
1765731600000,3096.1,3102.57,3072.06,3082.68,111473.483,2025-12-14 17:00:00
1765735200000,3082.67,3102.56,3078.56,3098.9,66132.435,2025-12-14 18:00:00
1765738800000,3098.9,3099.56,3083.96,3091.21,44709.68,2025-12-14 19:00:00
1765742400000,3091.22,3095.13,3062.0,3080.99,110364.626,2025-12-14 20:00:00
1765746000000,3080.99,3089.79,3075.18,3080.26,32843.384,2025-12-14 21:00:00
1765749600000,3080.25,3088.0,3052.37,3072.55,96968.656,2025-12-14 22:00:00
1765753200000,3072.55,3089.94,3023.0,3061.81,206628.715,2025-12-14 23:00:00
1765756800000,3061.8,3083.94,3055.14,3073.21,131223.35,2025-12-15 00:00:00
1765760400000,3073.2,3120.0,3065.17,3106.82,185130.03,2025-12-15 01:00:00
1765764000000,3106.82,3149.83,3105.5,3118.41,251802.208,2025-12-15 02:00:00
1765767600000,3118.41,3124.47,3106.0,3107.72,70813.101,2025-12-15 03:00:00
1765771200000,3107.71,3125.84,3103.0,3122.55,76008.347,2025-12-15 04:00:00
1765774800000,3122.54,3123.49,3113.66,3119.23,39832.22,2025-12-15 05:00:00
1765778400000,3119.23,3144.18,3114.03,3135.67,81601.466,2025-12-15 06:00:00
1765782000000,3135.67,3140.6,3121.26,3127.51,70327.259,2025-12-15 07:00:00
1765785600000,3127.51,3143.0,3124.09,3138.16,78456.643,2025-12-15 08:00:00
1765789200000,3138.16,3159.0,3137.16,3152.0,131136.068,2025-12-15 09:00:00
1765792800000,3152.0,3178.11,3149.36,3157.99,146866.501,2025-12-15 10:00:00
1765796400000,3157.99,3161.15,3143.27,3155.1,67972.865,2025-12-15 11:00:00
1765800000000,3155.11,3158.63,3146.37,3154.47,62841.245,2025-12-15 12:00:00
1765803600000,3154.48,3155.51,3125.1,3131.07,126662.145,2025-12-15 13:00:00
1765807200000,3131.08,3146.21,3031.0,3047.0,520638.451,2025-12-15 14:00:00
1765810800000,3047.0,3059.0,2984.06,3009.51,737658.449,2025-12-15 15:00:00
1765814400000,3009.51,3016.87,2963.3,2987.19,297147.499,2025-12-15 16:00:00
1765818000000,2987.18,2992.31,2930.49,2935.8,277331.124,2025-12-15 17:00:00
1765821600000,2935.69,2943.82,2892.06,2936.47,367680.233,2025-12-15 18:00:00
1765825200000,2936.46,2963.61,2926.1,2938.5,172008.001,2025-12-15 19:00:00
1765828800000,2938.49,2945.95,2915.01,2927.54,101974.61,2025-12-15 20:00:00
1765832400000,2927.54,2946.53,2917.78,2945.0,63508.569,2025-12-15 21:00:00
1765836000000,2945.0,2951.51,2934.04,2950.62,43814.657,2025-12-15 22:00:00
1765839600000,2950.62,2968.34,2948.0,2962.99,85162.064,2025-12-15 23:00:00
1765843200000,2962.99,2976.79,2938.0,2940.84,99183.311,2025-12-16 00:00:00
1765846800000,2940.84,2960.64,2933.14,2945.49,98586.093,2025-12-16 01:00:00
1765850400000,2945.48,2965.58,2937.0,2944.11,78679.41,2025-12-16 02:00:00
1765854000000,2944.11,2949.5,2920.81,2935.78,129497.841,2025-12-16 03:00:00
1765857600000,2935.77,2938.78,2871.9,2916.59,302827.612,2025-12-16 04:00:00
1765861200000,2916.58,2927.43,2911.55,2921.75,107502.38,2025-12-16 05:00:00
1765864800000,2921.75,2950.0,2921.63,2944.21,112644.657,2025-12-16 06:00:00
1765868400000,2944.21,2947.16,2917.0,2922.52,118000.514,2025-12-16 07:00:00
1765872000000,2922.51,2938.85,2918.2,2929.5,69228.826,2025-12-16 08:00:00
1765875600000,2929.57,2934.24,2921.38,2925.67,54907.11,2025-12-16 09:00:00
1765879200000,2925.67,2962.89,2919.54,2946.23,152077.809,2025-12-16 10:00:00
1765882800000,2946.22,2961.57,2936.07,2956.2,114371.485,2025-12-16 11:00:00
1765886400000,2956.2,2962.67,2945.51,2950.0,80819.407,2025-12-16 12:00:00
1765890000000,2950.0,2983.63,2907.11,2908.91,386143.711,2025-12-16 13:00:00
1765893600000,2908.92,2959.66,2884.13,2939.86,445441.017,2025-12-16 14:00:00
1765897200000,2939.86,2974.94,2912.31,2961.58,281154.735,2025-12-16 15:00:00
1765900800000,2961.57,2962.36,2923.12,2936.66,192541.593,2025-12-16 16:00:00
1765904400000,2936.66,2953.33,2915.3,2917.99,119213.271,2025-12-16 17:00:00
1765908000000,2918.0,2966.66,2910.16,2950.49,145746.942,2025-12-16 18:00:00
1765911600000,2950.48,2956.14,2919.0,2944.05,113809.388,2025-12-16 19:00:00
1765915200000,2944.05,2962.0,2941.51,2945.7,67518.318,2025-12-16 20:00:00
1765918800000,2945.71,2956.52,2936.24,2949.43,35799.344,2025-12-16 21:00:00
1765922400000,2949.42,2960.0,2942.41,2952.75,27609.158,2025-12-16 22:00:00
1765926000000,2952.75,2964.34,2946.21,2960.97,44236.642,2025-12-16 23:00:00
1765929600000,2960.97,2960.98,2942.52,2948.23,60228.811,2025-12-17 00:00:00
1765933200000,2948.23,2972.72,2947.0,2952.64,82313.849,2025-12-17 01:00:00
1765936800000,2952.64,2963.57,2936.8,2958.09,74156.949,2025-12-17 02:00:00
1765940400000,2958.1,2960.74,2941.6,2946.5,51139.554,2025-12-17 03:00:00
1765944000000,2946.5,2950.4,2925.18,2931.07,93702.836,2025-12-17 04:00:00
1765947600000,2931.08,2936.6,2911.58,2929.2,142572.832,2025-12-17 05:00:00
1765951200000,2929.21,2943.0,2929.03,2935.21,73469.092,2025-12-17 06:00:00
1765954800000,2935.21,2953.03,2930.15,2946.41,82679.608,2025-12-17 07:00:00
1765958400000,2946.41,2946.41,2921.27,2924.5,77730.24,2025-12-17 08:00:00
1765962000000,2924.54,2931.88,2917.0,2921.9,86256.368,2025-12-17 09:00:00
1765965600000,2921.89,2927.28,2906.0,2919.14,104625.267,2025-12-17 10:00:00
1765969200000,2919.13,2933.49,2916.33,2927.75,57852.46,2025-12-17 11:00:00
1765972800000,2927.75,2934.93,2918.24,2924.22,66487.946,2025-12-17 12:00:00
1765976400000,2924.22,2953.0,2916.93,2942.67,141355.914,2025-12-17 13:00:00
1765980000000,2942.67,2995.97,2884.26,2993.98,616591.722,2025-12-17 14:00:00
1765983600000,2993.98,3029.5,2892.39,2903.09,993343.273,2025-12-17 15:00:00
1765987200000,2903.1,2924.98,2831.69,2862.29,707510.054,2025-12-17 16:00:00
1765990800000,2862.24,2877.69,2840.0,2846.06,227498.037,2025-12-17 17:00:00
1765994400000,2846.06,2861.36,2803.0,2812.27,252020.505,2025-12-17 18:00:00
1765998000000,2812.27,2819.65,2787.92,2818.61,257318.112,2025-12-17 19:00:00
1766001600000,2818.61,2833.29,2803.7,2821.33,144091.757,2025-12-17 20:00:00
1766005200000,2821.32,2829.55,2810.0,2818.49,46019.535,2025-12-17 21:00:00
1766008800000,2818.5,2836.58,2812.0,2833.61,56484.262,2025-12-17 22:00:00
1766012400000,2833.6,2835.0,2816.38,2832.2,56254.887,2025-12-17 23:00:00
1766016000000,2832.19,2837.61,2824.59,2834.78,53234.809,2025-12-18 00:00:00
1766019600000,2834.78,2835.0,2820.18,2826.21,60953.728,2025-12-18 01:00:00
1766023200000,2826.21,2847.4,2820.81,2835.86,103087.146,2025-12-18 02:00:00
1766026800000,2835.87,2837.24,2821.0,2830.66,80239.919,2025-12-18 03:00:00
1766030400000,2830.66,2840.5,2830.19,2836.66,65206.639,2025-12-18 04:00:00
1766034000000,2836.67,2836.75,2821.34,2824.22,77300.324,2025-12-18 05:00:00
1766037600000,2824.23,2831.83,2822.28,2830.27,39934.6,2025-12-18 06:00:00
1766041200000,2830.26,2837.78,2827.4,2834.99,55094.882,2025-12-18 07:00:00
1766044800000,2834.99,2851.36,2830.2,2840.39,97280.268,2025-12-18 08:00:00
1766048400000,2840.39,2856.33,2833.44,2851.08,78314.084,2025-12-18 09:00:00
1766052000000,2851.07,2863.37,2847.65,2857.99,69015.273,2025-12-18 10:00:00
1766055600000,2858.0,2858.38,2848.53,2857.44,53157.708,2025-12-18 11:00:00
1766059200000,2857.44,2873.68,2853.0,2870.11,96839.935,2025-12-18 12:00:00
1766062800000,2870.11,2979.0,2869.7,2962.91,729669.064,2025-12-18 13:00:00
1766066400000,2962.91,2992.2,2922.83,2948.87,660778.257,2025-12-18 14:00:00
1766070000000,2948.88,2997.18,2931.3,2964.15,402908.226,2025-12-18 15:00:00
1766073600000,2964.14,2966.96,2928.0,2942.61,220800.331,2025-12-18 16:00:00
1766077200000,2942.6,2943.69,2795.0,2843.97,904185.565,2025-12-18 17:00:00
1766080800000,2843.97,2866.88,2816.49,2825.7,205790.23,2025-12-18 18:00:00
1766084400000,2825.7,2831.52,2772.08,2780.1,324246.855,2025-12-18 19:00:00
1766088000000,2780.1,2812.88,2778.01,2780.18,182660.859,2025-12-18 20:00:00
1766091600000,2780.17,2831.15,2779.54,2828.23,175837.312,2025-12-18 21:00:00
1766095200000,2828.28,2837.0,2813.95,2828.05,58343.982,2025-12-18 22:00:00
1766098800000,2828.06,2832.5,2822.05,2827.28,43569.853,2025-12-18 23:00:00
1766102400000,2827.28,2839.87,2813.02,2829.69,89724.824,2025-12-19 00:00:00
1766106000000,2829.69,2832.32,2807.45,2819.69,74946.39,2025-12-19 01:00:00
1766109600000,2819.69,2839.82,2811.15,2834.32,103672.101,2025-12-19 02:00:00
1766113200000,2834.33,2934.93,2833.06,2907.45,569514.903,2025-12-19 03:00:00
1766116800000,2907.44,2932.0,2905.4,2919.52,159675.96,2025-12-19 04:00:00
1766120400000,2919.51,2927.49,2907.42,2921.25,102506.859,2025-12-19 05:00:00
1766124000000,2921.24,2949.0,2914.33,2946.16,114186.62,2025-12-19 06:00:00
1766127600000,2946.16,2983.99,2942.17,2950.08,291217.074,2025-12-19 07:00:00
1766131200000,2950.06,2962.92,2935.7,2949.34,136235.027,2025-12-19 08:00:00
1766134800000,2949.34,2959.99,2944.6,2953.56,61577.06,2025-12-19 09:00:00
1766138400000,2953.56,2965.0,2947.22,2952.96,69780.48,2025-12-19 10:00:00
1766142000000,2952.97,2969.99,2948.84,2963.43,84530.204,2025-12-19 11:00:00
1766145600000,2963.44,2966.58,2944.08,2954.7,115994.529,2025-12-19 12:00:00
1766149200000,2954.71,2966.59,2952.01,2959.95,73484.735,2025-12-19 13:00:00
1766152800000,2959.95,2993.28,2940.05,2975.5,429315.094,2025-12-19 14:00:00
1766156400000,2975.51,3018.0,2952.61,2963.4,438915.062,2025-12-19 15:00:00
1766160000000,2963.39,3006.58,2958.72,2965.38,241190.833,2025-12-19 16:00:00
1766163600000,2965.38,2992.43,2933.09,2937.76,288211.4,2025-12-19 17:00:00
1766167200000,2937.76,2977.0,2935.58,2964.94,167394.693,2025-12-19 18:00:00
1766170800000,2964.94,2996.0,2964.58,2983.58,107579.807,2025-12-19 19:00:00
1766174400000,2983.57,3002.32,2975.4,2994.03,90990.095,2025-12-19 20:00:00
1766178000000,2994.02,2994.15,2973.0,2976.44,39117.925,2025-12-19 21:00:00
1766181600000,2976.44,2991.5,2976.12,2986.56,33529.528,2025-12-19 22:00:00
1766185200000,2986.56,2986.99,2976.13,2977.97,28961.106,2025-12-19 23:00:00
1766188800000,2977.97,2980.49,2968.63,2973.14,44286.122,2025-12-20 00:00:00
1766192400000,2973.15,2982.27,2972.0,2975.41,27506.302,2025-12-20 01:00:00
1766196000000,2975.41,2989.0,2972.77,2981.49,33693.883,2025-12-20 02:00:00
1766199600000,2981.5,2992.66,2981.0,2987.76,46191.049,2025-12-20 03:00:00
1766203200000,2987.76,2989.49,2978.0,2982.73,35901.15,2025-12-20 04:00:00
1766206800000,2982.74,2988.3,2978.29,2979.23,30060.33,2025-12-20 05:00:00
1766210400000,2979.22,2984.0,2978.01,2979.51,23581.94,2025-12-20 06:00:00
1766214000000,2979.51,2983.51,2973.68,2980.26,44303.238,2025-12-20 07:00:00
1766217600000,2980.25,2988.35,2979.73,2981.44,50901.824,2025-12-20 08:00:00
1766221200000,2981.43,2985.54,2980.53,2981.52,24160.091,2025-12-20 09:00:00
1766224800000,2981.53,2981.96,2973.63,2977.73,48873.744,2025-12-20 10:00:00
1766228400000,2977.74,2988.81,2975.22,2985.6,52251.102,2025-12-20 11:00:00
1766232000000,2985.59,2992.0,2984.69,2987.25,42264.873,2025-12-20 12:00:00
1766235600000,2987.24,2990.77,2965.32,2978.55,134956.101,2025-12-20 13:00:00
1766239200000,2978.54,2979.97,2968.0,2978.91,46281.408,2025-12-20 14:00:00
1766242800000,2978.91,2979.0,2966.73,2975.92,40214.5,2025-12-20 15:00:00
1766246400000,2975.92,2978.6,2972.63,2977.41,22190.079,2025-12-20 16:00:00
1766250000000,2977.4,2979.97,2973.05,2976.62,25426.375,2025-12-20 17:00:00
1766253600000,2976.62,2979.5,2972.99,2976.9,19058.592,2025-12-20 18:00:00
1766257200000,2976.9,2979.92,2973.19,2977.01,13196.335,2025-12-20 19:00:00
1766260800000,2977.01,2984.52,2976.0,2983.13,20838.332,2025-12-20 20:00:00
1766264400000,2983.13,2984.52,2977.2,2977.64,17899.012,2025-12-20 21:00:00
1766268000000,2977.64,2978.97,2973.2,2975.74,19313.994,2025-12-20 22:00:00
1766271600000,2975.75,2977.71,2971.5,2976.6,19589.106,2025-12-20 23:00:00
1766275200000,2976.6,2980.0,2974.5,2978.41,20239.123,2025-12-21 00:00:00
1766278800000,2978.4,2978.41,2959.43,2966.69,63376.714,2025-12-21 01:00:00
1766282400000,2966.69,2974.27,2960.01,2965.05,46097.244,2025-12-21 02:00:00
1766286000000,2965.05,2974.99,2964.01,2971.6,30130.499,2025-12-21 03:00:00
1766289600000,2971.59,2977.42,2970.71,2973.77,29401.933,2025-12-21 04:00:00
1766293200000,2973.77,2977.16,2971.44,2972.01,17617.289,2025-12-21 05:00:00
1766296800000,2972.01,2976.82,2971.44,2974.69,13803.415,2025-12-21 06:00:00
1766300400000,2974.68,2981.8,2974.0,2979.5,28101.298,2025-12-21 07:00:00
1766304000000,2979.49,2998.48,2975.77,2991.01,108264.431,2025-12-21 08:00:00
1766307600000,2991.0,3013.55,2982.51,3001.79,144818.798,2025-12-21 09:00:00
1766311200000,3001.8,3006.86,2991.26,2995.5,79186.504,2025-12-21 10:00:00
1766314800000,2995.51,3000.0,2991.71,2995.24,40925.806,2025-12-21 11:00:00
1766318400000,2995.24,3004.28,2980.92,2988.99,83261.338,2025-12-21 12:00:00
1766322000000,2989.0,2990.92,2942.43,2948.85,301811.938,2025-12-21 13:00:00
1766325600000,2948.85,2976.75,2945.32,2969.2,157782.516,2025-12-21 14:00:00
1766329200000,2969.2,2978.8,2960.9,2973.31,73488.104,2025-12-21 15:00:00
1766332800000,2973.31,2986.53,2967.58,2984.84,71781.614,2025-12-21 16:00:00
1766336400000,2984.84,2987.5,2975.9,2982.44,50925.972,2025-12-21 17:00:00
1766340000000,2982.44,2986.83,2965.41,2986.82,55315.546,2025-12-21 18:00:00
1766343600000,2986.83,2996.8,2976.53,2989.84,56264.593,2025-12-21 19:00:00
1766347200000,2989.83,2992.74,2983.35,2985.42,21490.054,2025-12-21 20:00:00
1766350800000,2985.43,2989.23,2969.02,2972.34,31423.684,2025-12-21 21:00:00
1766354400000,2972.34,2995.0,2970.0,2994.76,41118.566,2025-12-21 22:00:00
1766358000000,2994.76,3011.99,2990.82,3000.6,85929.141,2025-12-21 23:00:00
1766361600000,3000.6,3062.0,3000.57,3021.01,361066.025,2025-12-22 00:00:00
1766365200000,3021.01,3046.94,3017.0,3017.43,116299.772,2025-12-22 01:00:00
1766368800000,3017.44,3018.87,2970.0,3008.24,218719.882,2025-12-22 02:00:00
1766372400000,3008.25,3031.48,3000.1,3020.16,97058.649,2025-12-22 03:00:00
1766376000000,3020.15,3041.4,3018.03,3038.7,88028.793,2025-12-22 04:00:00
1766379600000,3038.71,3040.0,3023.3,3027.02,60984.239,2025-12-22 05:00:00
1766383200000,3027.01,3032.72,3021.21,3023.18,42523.869,2025-12-22 06:00:00
1766386800000,3023.18,3034.49,3021.62,3028.32,37661.653,2025-12-22 07:00:00
1766390400000,3028.32,3054.99,3023.25,3026.52,159483.694,2025-12-22 08:00:00
1766394000000,3026.51,3041.7,3024.24,3039.9,60961.918,2025-12-22 09:00:00
1766397600000,3039.9,3044.74,3030.65,3039.44,51627.842,2025-12-22 10:00:00
1766401200000,3039.44,3057.7,3035.22,3047.64,94445.601,2025-12-22 11:00:00
1766404800000,3047.65,3077.16,3042.01,3057.08,159710.816,2025-12-22 12:00:00
1766408400000,3057.09,3064.55,3046.63,3055.58,102258.281,2025-12-22 13:00:00
1766412000000,3055.57,3073.72,3027.59,3060.64,290517.075,2025-12-22 14:00:00
1766415600000,3060.63,3071.57,3020.85,3051.24,290823.578,2025-12-22 15:00:00
1766419200000,3051.25,3058.45,3036.77,3041.81,90059.08,2025-12-22 16:00:00
1766422800000,3041.81,3043.03,3022.01,3031.64,87476.566,2025-12-22 17:00:00
1766426400000,3031.65,3039.97,3005.6,3014.4,95378.581,2025-12-22 18:00:00
1766430000000,3014.39,3014.4,2973.0,2979.34,201437.114,2025-12-22 19:00:00
1766433600000,2979.34,2985.84,2961.55,2974.85,135598.106,2025-12-22 20:00:00
1766437200000,2974.84,2997.27,2974.48,2987.09,76041.408,2025-12-22 21:00:00
1766440800000,2987.09,3014.54,2980.6,3010.21,71607.444,2025-12-22 22:00:00
1766444400000,3010.21,3011.55,3000.03,3008.0,49354.119,2025-12-22 23:00:00
1766448000000,3007.99,3034.42,3003.8,3026.6,103272.646,2025-12-23 00:00:00
1766451600000,3026.6,3032.0,3015.26,3016.98,56599.069,2025-12-23 01:00:00
1766455200000,3016.97,3024.5,2986.1,2989.99,137036.586,2025-12-23 02:00:00
1766458800000,2990.0,2997.6,2970.01,2990.56,117524.174,2025-12-23 03:00:00
1766462400000,2990.55,2999.0,2982.01,2982.46,61337.608,2025-12-23 04:00:00
1766466000000,2982.46,2985.0,2964.0,2974.19,116067.722,2025-12-23 05:00:00
1766469600000,2974.19,2977.5,2945.01,2958.82,205176.648,2025-12-23 06:00:00
1766473200000,2958.82,2968.66,2954.23,2963.47,74587.022,2025-12-23 07:00:00
1766476800000,2963.47,2971.99,2958.58,2960.51,62273.267,2025-12-23 08:00:00
1766480400000,2960.51,2965.54,2951.18,2962.52,69827.537,2025-12-23 09:00:00
1766484000000,2962.51,2970.7,2962.51,2966.0,43594.179,2025-12-23 10:00:00
1766487600000,2966.0,2974.5,2962.28,2972.0,45057.279,2025-12-23 11:00:00
1766491200000,2972.0,2973.14,2952.06,2953.72,80191.383,2025-12-23 12:00:00
1766494800000,2953.73,2961.94,2926.54,2940.55,228322.993,2025-12-23 13:00:00
1766498400000,2940.54,2952.29,2894.1,2915.49,351728.347,2025-12-23 14:00:00
1766502000000,2915.49,2932.5,2905.0,2926.85,195495.99,2025-12-23 15:00:00
1766505600000,2926.85,2964.37,2920.58,2954.95,258845.47,2025-12-23 16:00:00
1766509200000,2954.95,2965.27,2907.0,2908.93,152603.027,2025-12-23 17:00:00
1766512800000,2908.93,2951.01,2906.66,2945.46,136512.674,2025-12-23 18:00:00
1766516400000,2945.46,2952.72,2928.12,2942.16,65472.352,2025-12-23 19:00:00
1766520000000,2942.15,2986.67,2938.03,2967.9,132341.064,2025-12-23 20:00:00
1766523600000,2967.94,2974.64,2957.58,2972.6,53283.385,2025-12-23 21:00:00
1766527200000,2972.6,2978.73,2947.63,2959.58,61323.232,2025-12-23 22:00:00
1766530800000,2959.59,2971.37,2950.33,2963.11,57057.618,2025-12-23 23:00:00
1766534400000,2963.12,2972.0,2954.4,2971.22,46343.586,2025-12-24 00:00:00
1766538000000,2971.3,2976.5,2957.91,2962.0,61851.903,2025-12-24 01:00:00
1766541600000,2962.01,2963.47,2921.88,2934.0,139095.508,2025-12-24 02:00:00
1766545200000,2934.01,2946.57,2918.79,2944.24,96640.073,2025-12-24 03:00:00
1766548800000,2944.23,2957.92,2933.14,2934.19,79490.648,2025-12-24 04:00:00
1766552400000,2934.18,2940.05,2915.78,2927.95,100166.27,2025-12-24 05:00:00
1766556000000,2927.96,2937.3,2921.51,2932.15,61296.117,2025-12-24 06:00:00
1766559600000,2932.14,2942.6,2930.65,2930.95,63805.097,2025-12-24 07:00:00
1766563200000,2930.95,2938.61,2919.71,2921.58,83273.568,2025-12-24 08:00:00
1766566800000,2921.59,2930.57,2913.13,2918.01,65376.595,2025-12-24 09:00:00
1766570400000,2918.0,2933.64,2917.34,2926.48,65005.107,2025-12-24 10:00:00
1766574000000,2926.48,2936.72,2923.51,2923.77,51298.966,2025-12-24 11:00:00
1766577600000,2923.76,2937.66,2922.03,2934.85,57478.759,2025-12-24 12:00:00
1766581200000,2934.85,2935.73,2922.36,2929.42,60762.067,2025-12-24 13:00:00
1766584800000,2929.42,2934.99,2886.13,2913.45,302295.039,2025-12-24 14:00:00
1766588400000,2913.44,2928.98,2901.33,2923.76,153821.663,2025-12-24 15:00:00
1766592000000,2923.77,2947.99,2919.93,2938.98,166149.025,2025-12-24 16:00:00
1766595600000,2938.98,2953.85,2933.41,2935.57,91208.966,2025-12-24 17:00:00
1766599200000,2935.56,2944.25,2928.33,2940.28,48628.227,2025-12-24 18:00:00
1766602800000,2940.28,2946.0,2935.18,2944.5,33767.803,2025-12-24 19:00:00
1766606400000,2944.51,2951.8,2940.21,2942.08,33054.527,2025-12-24 20:00:00
1766610000000,2942.08,2952.54,2942.0,2949.42,24360.776,2025-12-24 21:00:00
1766613600000,2949.42,2962.85,2947.67,2958.25,57579.715,2025-12-24 22:00:00
1766617200000,2958.25,2959.21,2945.0,2946.15,35008.562,2025-12-24 23:00:00
1766620800000,2946.16,2947.93,2935.07,2938.21,42445.108,2025-12-25 00:00:00
1766624400000,2938.22,2949.89,2938.21,2946.87,35533.312,2025-12-25 01:00:00
1766628000000,2946.87,2956.0,2941.3,2951.22,50033.57,2025-12-25 02:00:00
1766631600000,2951.22,2951.77,2942.19,2945.91,27636.373,2025-12-25 03:00:00
1766635200000,2945.9,2947.36,2940.61,2943.73,24842.0,2025-12-25 04:00:00
1766638800000,2943.73,2943.73,2936.7,2941.16,36052.284,2025-12-25 05:00:00
1766642400000,2941.17,2942.8,2936.54,2942.0,25432.805,2025-12-25 06:00:00
1766646000000,2942.01,2942.47,2938.02,2940.91,18900.917,2025-12-25 07:00:00
1766649600000,2940.92,2945.78,2916.0,2929.5,148460.224,2025-12-25 08:00:00
1766653200000,2929.5,2930.21,2924.25,2927.09,29482.889,2025-12-25 09:00:00
1766656800000,2927.1,2927.73,2909.3,2919.25,85128.258,2025-12-25 10:00:00
1766660400000,2919.26,2927.9,2918.95,2923.54,39533.112,2025-12-25 11:00:00
1766664000000,2923.55,2928.69,2922.52,2926.52,27199.501,2025-12-25 12:00:00
1766667600000,2926.51,2934.0,2918.36,2929.74,58212.363,2025-12-25 13:00:00
1766671200000,2929.73,2937.99,2920.68,2931.35,74001.671,2025-12-25 14:00:00
1766674800000,2931.36,2970.61,2930.2,2959.46,250670.172,2025-12-25 15:00:00
1766678400000,2959.45,2966.0,2940.9,2946.59,122125.832,2025-12-25 16:00:00
1766682000000,2946.59,2952.8,2942.34,2951.01,62022.555,2025-12-25 17:00:00
1766685600000,2951.02,2963.86,2949.44,2957.59,61785.071,2025-12-25 18:00:00
1766689200000,2957.59,2958.0,2948.0,2954.75,24327.075,2025-12-25 19:00:00
1766692800000,2954.75,2955.39,2943.0,2948.8,30421.514,2025-12-25 20:00:00
1766696400000,2948.8,2951.98,2943.32,2945.6,17102.617,2025-12-25 21:00:00
1766700000000,2945.6,2947.21,2905.0,2920.04,118636.165,2025-12-25 22:00:00
1766703600000,2920.05,2925.56,2888.52,2902.31,179768.7,2025-12-25 23:00:00
1766707200000,2902.3,2910.71,2892.91,2902.99,103508.679,2025-12-26 00:00:00
1766710800000,2903.0,2922.87,2901.25,2917.02,84006.949,2025-12-26 01:00:00
1766714400000,2917.02,2994.42,2916.5,2972.23,478614.595,2025-12-26 02:00:00
1766718000000,2972.24,2975.08,2955.56,2963.63,126614.314,2025-12-26 03:00:00
1766721600000,2963.62,2974.0,2951.0,2970.26,94328.407,2025-12-26 04:00:00
1766725200000,2970.26,2973.63,2965.96,2971.77,42339.194,2025-12-26 05:00:00
1766728800000,2971.78,2980.88,2970.55,2975.08,64278.463,2025-12-26 06:00:00
1766732400000,2975.08,2991.4,2951.38,2955.35,177613.868,2025-12-26 07:00:00
1766736000000,2955.35,2971.0,2953.4,2963.26,84481.52,2025-12-26 08:00:00
1766739600000,2963.25,2976.39,2961.88,2971.55,62966.069,2025-12-26 09:00:00
1766743200000,2971.56,2973.17,2965.41,2970.21,37574.255,2025-12-26 10:00:00
1766746800000,2970.2,2970.21,2960.41,2962.98,37476.32,2025-12-26 11:00:00
1766750400000,2962.98,2972.39,2962.68,2970.98,44569.981,2025-12-26 12:00:00
1766754000000,2970.97,2984.47,2969.65,2982.8,84307.05,2025-12-26 13:00:00
1766757600000,2982.79,2983.49,2909.0,2916.31,430184.555,2025-12-26 14:00:00
1766761200000,2916.31,2928.0,2893.0,2921.56,398736.743,2025-12-26 15:00:00
1766764800000,2921.59,2928.69,2905.39,2908.32,111197.742,2025-12-26 16:00:00
1766768400000,2908.32,2934.15,2906.05,2920.99,107358.77,2025-12-26 17:00:00
1766772000000,2920.99,2927.46,2918.46,2921.89,41677.904,2025-12-26 18:00:00
1766775600000,2921.88,2929.2,2917.0,2924.63,40353.824,2025-12-26 19:00:00
1766779200000,2924.62,2937.98,2921.0,2930.06,47694.61,2025-12-26 20:00:00
1766782800000,2930.06,2934.0,2923.15,2923.67,27113.698,2025-12-26 21:00:00
1766786400000,2923.67,2930.29,2920.22,2930.1,20408.05,2025-12-26 22:00:00
1766790000000,2930.1,2932.76,2924.29,2926.7,25851.932,2025-12-26 23:00:00
1766793600000,2926.71,2929.79,2921.53,2926.15,24945.575,2025-12-27 00:00:00
1766797200000,2926.14,2927.39,2919.85,2926.49,25656.004,2025-12-27 01:00:00
1766800800000,2926.49,2929.07,2922.51,2926.93,24144.433,2025-12-27 02:00:00
1766804400000,2926.94,2932.71,2924.17,2931.86,38819.128,2025-12-27 03:00:00
1766808000000,2931.87,2932.51,2926.51,2929.09,18127.755,2025-12-27 04:00:00
1766811600000,2929.09,2930.0,2927.1,2929.16,17039.678,2025-12-27 05:00:00
1766815200000,2929.17,2929.75,2926.08,2928.51,21647.458,2025-12-27 06:00:00
1766818800000,2928.52,2936.9,2928.51,2931.3,38628.324,2025-12-27 07:00:00
1766822400000,2931.3,2935.64,2931.3,2932.42,34512.976,2025-12-27 08:00:00
1766826000000,2932.42,2939.42,2930.14,2933.69,43614.844,2025-12-27 09:00:00
1766829600000,2933.7,2934.02,2915.2,2925.74,84529.057,2025-12-27 10:00:00
1766833200000,2925.74,2932.92,2921.98,2929.76,34729.756,2025-12-27 11:00:00
1766836800000,2929.76,2932.86,2927.66,2930.57,28335.986,2025-12-27 12:00:00
1766840400000,2930.56,2931.69,2923.47,2928.6,32312.448,2025-12-27 13:00:00
1766844000000,2928.61,2930.0,2924.71,2928.21,29011.773,2025-12-27 14:00:00
1766847600000,2928.21,2929.62,2924.89,2925.68,20930.366,2025-12-27 15:00:00
1766851200000,2925.68,2927.43,2916.0,2919.6,62679.853,2025-12-27 16:00:00
1766854800000,2919.61,2927.65,2918.46,2926.99,33750.397,2025-12-27 17:00:00
1766858400000,2926.99,2927.15,2924.0,2925.21,18988.387,2025-12-27 18:00:00
1766862000000,2925.21,2929.6,2924.6,2929.5,13525.619,2025-12-27 19:00:00
1766865600000,2929.5,2934.0,2927.64,2927.79,25845.021,2025-12-27 20:00:00
1766869200000,2927.79,2933.39,2926.92,2933.39,13734.456,2025-12-27 21:00:00
1766872800000,2933.39,2952.79,2928.0,2931.72,96081.298,2025-12-27 22:00:00
1766876400000,2931.72,2960.0,2931.0,2947.56,75742.441,2025-12-27 23:00:00
1766880000000,2947.56,2950.66,2941.83,2944.19,37094.098,2025-12-28 00:00:00
1766883600000,2944.19,2948.52,2939.25,2942.57,24445.938,2025-12-28 01:00:00
1766887200000,2942.57,2948.59,2941.4,2945.75,22027.036,2025-12-28 02:00:00
1766890800000,2945.75,2946.83,2940.33,2941.95,22652.868,2025-12-28 03:00:00
1766894400000,2941.95,2945.53,2936.81,2937.58,33608.969,2025-12-28 04:00:00
1766898000000,2937.59,2939.8,2928.57,2934.0,59434.638,2025-12-28 05:00:00
1766901600000,2934.0,2942.99,2933.5,2941.51,29783.457,2025-12-28 06:00:00
1766905200000,2941.52,2941.52,2935.35,2937.7,23977.88,2025-12-28 07:00:00
1766908800000,2937.69,2947.04,2937.0,2938.3,37064.197,2025-12-28 08:00:00
1766912400000,2938.3,2942.76,2930.02,2936.44,49220.145,2025-12-28 09:00:00
1766916000000,2936.44,2943.15,2934.99,2941.71,40161.335,2025-12-28 10:00:00
1766919600000,2941.71,2945.5,2938.17,2942.54,44657.087,2025-12-28 11:00:00
1766923200000,2942.55,2943.79,2935.72,2937.78,26084.03,2025-12-28 12:00:00
1766926800000,2937.79,2943.77,2937.0,2939.01,21933.786,2025-12-28 13:00:00
1766930400000,2939.0,2954.0,2938.22,2944.0,80802.671,2025-12-28 14:00:00
1766934000000,2944.01,2959.99,2943.91,2947.73,81518.157,2025-12-28 15:00:00
1766937600000,2947.73,2953.76,2938.18,2941.94,57413.312,2025-12-28 16:00:00
1766941200000,2941.94,2950.3,2941.34,2944.81,28834.857,2025-12-28 17:00:00
1766944800000,2944.81,2945.45,2922.0,2930.33,104679.161,2025-12-28 18:00:00
1766948400000,2930.32,2939.72,2925.54,2932.34,46362.904,2025-12-28 19:00:00
1766952000000,2932.34,2936.83,2928.24,2931.12,28013.751,2025-12-28 20:00:00
1766955600000,2931.11,2938.22,2927.44,2937.23,28412.166,2025-12-28 21:00:00
1766959200000,2937.23,2954.99,2933.77,2949.03,47804.261,2025-12-28 22:00:00
1766962800000,2949.03,2953.3,2939.23,2949.49,44833.193,2025-12-28 23:00:00
1766966400000,2949.5,2976.43,2943.0,2965.25,155518.539,2025-12-29 00:00:00
1766970000000,2965.25,2986.0,2951.2,2979.65,181072.79,2025-12-29 01:00:00
1766973600000,2979.65,3018.79,2979.65,3002.24,280541.129,2025-12-29 02:00:00
1766977200000,3002.24,3048.34,3001.28,3042.37,281518.451,2025-12-29 03:00:00
1766980800000,3042.37,3056.66,3037.71,3038.01,175487.329,2025-12-29 04:00:00
1766984400000,3038.0,3044.0,3030.6,3035.65,98493.419,2025-12-29 05:00:00
1766988000000,3035.65,3042.57,3030.25,3034.76,72634.519,2025-12-29 06:00:00
1766991600000,3034.75,3037.16,3006.0,3018.49,174835.615,2025-12-29 07:00:00
1766995200000,3018.5,3025.79,3010.42,3013.08,75854.431,2025-12-29 08:00:00
1766998800000,3013.09,3015.68,2955.52,2975.54,410721.197,2025-12-29 09:00:00
1767002400000,2975.54,2983.87,2960.35,2965.29,124453.229,2025-12-29 10:00:00
1767006000000,2965.29,2966.83,2957.28,2958.61,100620.494,2025-12-29 11:00:00
1767009600000,2958.61,2958.62,2908.88,2929.39,467325.286,2025-12-29 12:00:00
1767013200000,2929.38,2936.58,2916.5,2925.92,106149.799,2025-12-29 13:00:00
1767016800000,2925.91,2964.72,2915.1,2926.99,351864.044,2025-12-29 14:00:00
1767020400000,2926.99,2949.26,2917.68,2933.89,183064.478,2025-12-29 15:00:00
1767024000000,2933.89,2941.46,2922.7,2934.85,87130.942,2025-12-29 16:00:00
1767027600000,2934.85,2942.28,2924.41,2942.03,58628.287,2025-12-29 17:00:00
1767031200000,2942.03,2944.58,2911.0,2918.07,104895.199,2025-12-29 18:00:00
1767034800000,2918.07,2940.46,2916.29,2930.59,68562.88,2025-12-29 19:00:00
1767038400000,2930.6,2941.0,2924.12,2928.0,51954.411,2025-12-29 20:00:00
1767042000000,2928.0,2937.38,2927.34,2935.63,26125.481,2025-12-29 21:00:00
1767045600000,2935.62,2942.62,2929.0,2936.36,32846.894,2025-12-29 22:00:00
1767049200000,2936.35,2942.86,2931.0,2936.28,37700.707,2025-12-29 23:00:00
1767052800000,2936.28,2940.78,2929.93,2936.59,38483.603,2025-12-30 00:00:00
1767056400000,2936.6,2938.29,2923.26,2935.05,53114.425,2025-12-30 01:00:00
1767060000000,2935.06,2938.0,2921.0,2926.83,57879.964,2025-12-30 02:00:00
1767063600000,2926.82,2954.31,2917.55,2950.14,137473.161,2025-12-30 03:00:00
1767067200000,2950.15,2957.0,2943.74,2944.26,88023.236,2025-12-30 04:00:00
1767070800000,2944.27,2946.67,2935.66,2940.2,64561.008,2025-12-30 05:00:00
1767074400000,2940.2,2950.69,2938.96,2944.55,51986.611,2025-12-30 06:00:00
1767078000000,2944.55,2954.99,2943.72,2949.32,54959.992,2025-12-30 07:00:00
1767081600000,2949.32,3002.52,2948.6,2976.16,390090.422,2025-12-30 08:00:00
1767085200000,2976.16,2987.25,2969.47,2984.12,112994.795,2025-12-30 09:00:00
1767088800000,2984.13,2986.83,2972.01,2976.15,83699.287,2025-12-30 10:00:00
1767092400000,2976.14,2982.96,2972.63,2977.62,59877.997,2025-12-30 11:00:00
1767096000000,2977.62,2985.83,2975.6,2979.64,57622.154,2025-12-30 12:00:00
1767099600000,2979.64,2990.4,2977.71,2984.81,104526.751,2025-12-30 13:00:00
1767103200000,2984.8,3009.33,2957.34,2994.73,431641.135,2025-12-30 14:00:00
1767106800000,2994.73,3001.86,2968.3,2988.0,233745.409,2025-12-30 15:00:00
1767110400000,2988.0,2993.85,2973.15,2981.34,133539.825,2025-12-30 16:00:00
1767114000000,2981.35,2985.69,2963.33,2975.62,98996.529,2025-12-30 17:00:00
1767117600000,2975.63,2977.8,2958.85,2970.55,76476.984,2025-12-30 18:00:00
1767121200000,2970.54,2973.76,2943.0,2969.96,169960.268,2025-12-30 19:00:00
1767124800000,2969.96,2972.22,2954.75,2957.15,52559.569,2025-12-30 20:00:00
1767128400000,2957.15,2968.0,2952.73,2967.57,41336.207,2025-12-30 21:00:00
1767132000000,2967.57,2970.92,2963.82,2968.39,26641.93,2025-12-30 22:00:00
1767135600000,2968.39,2974.95,2966.1,2972.37,41084.409,2025-12-30 23:00:00
1767139200000,2972.37,2972.38,2961.13,2965.11,42968.788,2025-12-31 00:00:00
1767142800000,2965.11,2984.25,2961.0,2978.78,91621.753,2025-12-31 01:00:00
1767146400000,2978.79,2982.3,2972.72,2979.96,43881.435,2025-12-31 02:00:00
1767150000000,2979.96,2982.96,2964.08,2969.46,63351.497,2025-12-31 03:00:00
1767153600000,2969.46,2974.0,2967.0,2967.74,36636.658,2025-12-31 04:00:00
1767157200000,2967.75,2979.0,2967.75,2973.8,42939.802,2025-12-31 05:00:00
1767160800000,2973.8,2977.3,2973.21,2974.18,21229.669,2025-12-31 06:00:00
1767164400000,2974.17,2976.0,2968.32,2975.64,29988.487,2025-12-31 07:00:00
1767168000000,2975.65,2978.86,2962.19,2968.2,73366.433,2025-12-31 08:00:00
1767171600000,2968.2,2976.67,2968.13,2975.38,42511.198,2025-12-31 09:00:00
1767175200000,2975.39,2981.6,2973.86,2979.54,52637.678,2025-12-31 10:00:00
1767178800000,2979.53,3002.45,2978.65,3000.12,186747.035,2025-12-31 11:00:00
1767182400000,3000.12,3000.75,2982.0,2985.9,111563.72,2025-12-31 12:00:00
1767186000000,2985.9,2998.61,2984.83,2995.14,71329.661,2025-12-31 13:00:00
1767189600000,2995.15,3027.86,2979.0,2992.46,324751.575,2025-12-31 14:00:00
1767193200000,2992.44,2993.39,2966.12,2984.41,233390.671,2025-12-31 15:00:00
1767196800000,2984.41,2997.48,2956.02,2975.0,209162.387,2025-12-31 16:00:00
1767200400000,2975.0,2979.66,2966.88,2974.39,78351.86,2025-12-31 17:00:00
1767204000000,2974.4,2984.6,2970.3,2973.01,61449.294,2025-12-31 18:00:00
1767207600000,2973.0,2980.22,2968.85,2970.1,30118.138,2025-12-31 19:00:00
1767211200000,2970.09,2979.09,2961.38,2974.53,83174.046,2025-12-31 20:00:00
1767214800000,2974.53,2983.73,2973.42,2980.89,39322.092,2025-12-31 21:00:00
1767218400000,2980.88,2983.0,2973.0,2975.86,19843.15,2025-12-31 22:00:00
1767222000000,2975.85,2975.86,2968.62,2970.23,25028.331,2025-12-31 23:00:00
1767225600000,2970.23,2981.8,2970.0,2978.37,31002.332,2026-01-01 00:00:00
1767229200000,2978.37,2987.99,2977.57,2982.82,51443.18,2026-01-01 01:00:00
1767232800000,2982.83,2986.36,2979.1,2981.0,31245.895,2026-01-01 02:00:00
1767236400000,2981.0,2984.73,2978.2,2979.15,20046.74,2026-01-01 03:00:00
1767240000000,2979.15,2979.94,2972.0,2974.58,56978.493,2026-01-01 04:00:00
1767243600000,2974.57,2982.6,2974.57,2980.5,28458.094,2026-01-01 05:00:00
1767247200000,2980.5,2980.72,2975.3,2975.31,24464.906,2026-01-01 06:00:00
1767250800000,2975.3,2980.35,2975.3,2977.36,23948.316,2026-01-01 07:00:00
1767254400000,2977.35,2982.0,2976.72,2981.2,24697.681,2026-01-01 08:00:00
1767258000000,2981.21,2986.56,2980.67,2982.7,41493.04,2026-01-01 09:00:00
1767261600000,2982.7,2984.4,2980.04,2983.57,22691.021,2026-01-01 10:00:00
1767265200000,2983.56,2991.76,2983.03,2987.78,43866.968,2026-01-01 11:00:00
1767268800000,2987.78,2988.8,2981.31,2985.9,37673.193,2026-01-01 12:00:00
1767272400000,2985.89,2988.36,2980.27,2981.32,33203.687,2026-01-01 13:00:00
1767276000000,2981.31,2985.53,2975.12,2983.7,60973.547,2026-01-01 14:00:00
1767279600000,2983.7,2994.45,2978.92,2988.47,78774.129,2026-01-01 15:00:00
1767283200000,2988.46,2989.6,2979.2,2981.55,59981.669,2026-01-01 16:00:00
1767286800000,2981.54,3005.0,2980.0,2989.55,151754.628,2026-01-01 17:00:00
1767290400000,2989.55,2991.32,2983.16,2988.95,44137.565,2026-01-01 18:00:00
1767294000000,2988.96,2996.8,2985.61,2993.99,25268.773,2026-01-01 19:00:00
1767297600000,2993.99,2995.69,2986.14,2987.85,22346.148,2026-01-01 20:00:00
1767301200000,2987.85,2992.27,2986.27,2988.33,23823.432,2026-01-01 21:00:00
1767304800000,2988.33,2999.0,2986.38,2997.85,29514.715,2026-01-01 22:00:00
1767308400000,2997.86,3008.7,2990.53,3002.49,76314.723,2026-01-01 23:00:00
1767312000000,3002.49,3006.96,2993.64,3004.18,58463.173,2026-01-02 00:00:00
1767315600000,3004.17,3006.2,2996.4,3001.05,36394.537,2026-01-02 01:00:00
1767319200000,3001.04,3001.88,2990.52,3000.3,51669.707,2026-01-02 02:00:00
1767322800000,3000.29,3034.86,2998.0,3020.83,234509.255,2026-01-02 03:00:00
1767326400000,3020.84,3022.99,3009.0,3010.18,68569.47,2026-01-02 04:00:00
1767330000000,3010.17,3017.52,3007.43,3014.97,53804.268,2026-01-02 05:00:00
1767333600000,3014.98,3038.0,3013.0,3024.99,130810.708,2026-01-02 06:00:00
1767337200000,3024.99,3030.64,3015.28,3017.0,72772.308,2026-01-02 07:00:00
1767340800000,3017.0,3032.57,3014.2,3030.39,76438.268,2026-01-02 08:00:00
1767344400000,3030.39,3053.0,3028.15,3046.34,195860.63,2026-01-02 09:00:00
1767348000000,3046.35,3067.81,3043.71,3054.86,228840.161,2026-01-02 10:00:00
1767351600000,3054.86,3055.38,3038.25,3045.73,109879.705,2026-01-02 11:00:00
1767355200000,3045.74,3056.52,3041.57,3046.34,72897.579,2026-01-02 12:00:00
1767358800000,3046.34,3056.77,3044.18,3048.19,55652.187,2026-01-02 13:00:00
1767362400000,3048.18,3109.99,3018.18,3080.73,668360.506,2026-01-02 14:00:00
1767366000000,3080.74,3096.44,3053.05,3085.09,382036.797,2026-01-02 15:00:00
1767369600000,3085.09,3145.5,3077.14,3130.41,492340.354,2026-01-02 16:00:00
1767373200000,3130.41,3148.59,3108.86,3121.34,219838.736,2026-01-02 17:00:00
1767376800000,3121.34,3131.37,3095.67,3109.37,140383.644,2026-01-02 18:00:00
1767380400000,3109.37,3126.62,3106.33,3122.19,67261.633,2026-01-02 19:00:00
1767384000000,3122.2,3128.66,3109.42,3116.03,48000.676,2026-01-02 20:00:00
1767387600000,3116.01,3133.0,3114.67,3128.85,33284.053,2026-01-02 21:00:00
1767391200000,3128.84,3145.98,3126.5,3132.09,67047.18,2026-01-02 22:00:00
1767394800000,3132.08,3134.33,3117.42,3123.99,45696.696,2026-01-02 23:00:00
1767398400000,3123.99,3135.19,3120.75,3129.12,35005.872,2026-01-03 00:00:00
1767402000000,3129.12,3130.14,3122.0,3129.02,32116.744,2026-01-03 01:00:00
1767405600000,3129.01,3129.02,3118.46,3124.37,36721.071,2026-01-03 02:00:00
1767409200000,3124.37,3125.98,3117.46,3124.05,44561.497,2026-01-03 03:00:00
1767412800000,3124.05,3126.4,3113.09,3115.12,53138.473,2026-01-03 04:00:00
1767416400000,3115.12,3117.76,3102.51,3110.71,80054.426,2026-01-03 05:00:00
1767420000000,3110.71,3116.74,3096.69,3096.69,64239.75,2026-01-03 06:00:00
1767423600000,3096.69,3103.84,3075.0,3088.96,215908.738,2026-01-03 07:00:00
1767427200000,3088.96,3104.99,3082.0,3094.25,96016.442,2026-01-03 08:00:00
1767430800000,3094.25,3109.99,3091.0,3099.4,71042.439,2026-01-03 09:00:00
1767434400000,3099.41,3105.13,3095.09,3095.87,51485.324,2026-01-03 10:00:00
1767438000000,3095.87,3099.25,3090.42,3097.0,51798.131,2026-01-03 11:00:00
1767441600000,3097.0,3104.21,3092.05,3103.41,56228.248,2026-01-03 12:00:00
1767445200000,3103.41,3106.49,3099.1,3101.34,41356.223,2026-01-03 13:00:00
1767448800000,3101.34,3112.97,3099.54,3104.53,74259.413,2026-01-03 14:00:00
1767452400000,3104.6,3106.18,3098.0,3099.36,46919.364,2026-01-03 15:00:00
1767456000000,3099.36,3110.5,3096.42,3105.28,56639.303,2026-01-03 16:00:00
1767459600000,3105.27,3108.83,3103.8,3106.78,18390.291,2026-01-03 17:00:00
1767463200000,3106.79,3117.55,3103.33,3114.49,45139.984,2026-01-03 18:00:00
1767466800000,3114.48,3114.49,3108.25,3111.46,16370.614,2026-01-03 19:00:00
1767470400000,3111.47,3115.51,3105.4,3113.71,19553.2,2026-01-03 20:00:00
1767474000000,3113.7,3127.96,3111.29,3118.99,50814.351,2026-01-03 21:00:00
1767477600000,3119.0,3124.45,3111.47,3120.97,24918.349,2026-01-03 22:00:00
1767481200000,3120.97,3129.65,3119.0,3125.0,50702.137,2026-01-03 23:00:00
1767484800000,3125.0,3166.99,3124.0,3155.61,255321.992,2026-01-04 00:00:00
1767488400000,3155.61,3160.55,3139.63,3148.05,105635.722,2026-01-04 01:00:00
1767492000000,3148.06,3149.1,3135.51,3139.33,62017.087,2026-01-04 02:00:00
1767495600000,3139.32,3149.1,3138.01,3145.51,58747.016,2026-01-04 03:00:00
1767499200000,3145.5,3154.5,3142.94,3146.37,47164.418,2026-01-04 04:00:00
1767502800000,3146.37,3150.35,3143.0,3149.3,33385.91,2026-01-04 05:00:00
1767506400000,3149.31,3163.73,3137.06,3138.3,125522.229,2026-01-04 06:00:00
1767510000000,3138.3,3144.94,3132.89,3139.9,71692.924,2026-01-04 07:00:00
1767513600000,3139.89,3140.66,3122.4,3137.27,111221.228,2026-01-04 08:00:00
1767517200000,3137.26,3147.4,3133.49,3142.48,69760.24,2026-01-04 09:00:00
1767520800000,3142.48,3147.41,3141.42,3144.88,42164.496,2026-01-04 10:00:00
1767524400000,3144.88,3144.9,3133.7,3138.66,40583.681,2026-01-04 11:00:00
1767528000000,3138.65,3146.24,3132.24,3135.52,52461.649,2026-01-04 12:00:00
1767531600000,3135.51,3140.62,3130.01,3139.23,42442.543,2026-01-04 13:00:00
1767535200000,3139.24,3142.0,3131.0,3135.94,49520.789,2026-01-04 14:00:00
1767538800000,3135.95,3138.46,3116.14,3134.2,105602.926,2026-01-04 15:00:00
1767542400000,3134.2,3139.0,3129.81,3137.9,56996.19,2026-01-04 16:00:00
1767546000000,3137.89,3142.89,3134.09,3136.0,38198.301,2026-01-04 17:00:00
1767549600000,3136.01,3136.55,3121.0,3133.77,46007.874,2026-01-04 18:00:00
1767553200000,3133.78,3133.87,3117.0,3131.04,64573.127,2026-01-04 19:00:00
1767556800000,3131.05,3141.97,3129.02,3140.21,29919.793,2026-01-04 20:00:00
1767560400000,3140.21,3153.95,3135.85,3144.02,66961.171,2026-01-04 21:00:00
1767564000000,3144.02,3149.03,3135.0,3137.91,34742.862,2026-01-04 22:00:00
1767567600000,3137.91,3152.94,3133.01,3143.15,63644.913,2026-01-04 23:00:00
1767571200000,3143.15,3175.0,3142.07,3166.91,251198.163,2026-01-05 00:00:00
1767574800000,3166.91,3222.0,3162.49,3196.72,399251.314,2026-01-05 01:00:00
1767578400000,3196.72,3203.45,3181.26,3192.0,135045.839,2026-01-05 02:00:00
1767582000000,3192.0,3197.0,3183.35,3184.8,68810.556,2026-01-05 03:00:00
1767585600000,3184.8,3187.0,3156.05,3165.8,205912.458,2026-01-05 04:00:00
1767589200000,3165.81,3168.68,3146.05,3148.18,133110.263,2026-01-05 05:00:00
1767592800000,3148.17,3157.58,3132.02,3156.19,171976.67,2026-01-05 06:00:00
1767596400000,3156.19,3161.85,3153.76,3156.01,57789.001,2026-01-05 07:00:00
1767600000000,3156.0,3171.87,3154.09,3161.78,94759.486,2026-01-05 08:00:00
1767603600000,3161.78,3174.7,3151.36,3166.88,100091.963,2026-01-05 09:00:00
1767607200000,3166.88,3178.14,3161.25,3171.66,104927.208,2026-01-05 10:00:00
1767610800000,3171.65,3182.87,3166.66,3178.6,69941.921,2026-01-05 11:00:00
1767614400000,3178.6,3182.0,3164.75,3169.31,72466.849,2026-01-05 12:00:00
1767618000000,3169.31,3174.75,3141.32,3153.05,187417.524,2026-01-05 13:00:00
1767621600000,3153.06,3176.85,3133.8,3165.0,327311.52,2026-01-05 14:00:00
1767625200000,3165.0,3204.77,3150.33,3194.17,369134.82,2026-01-05 15:00:00
1767628800000,3194.17,3201.47,3170.44,3182.39,170264.656,2026-01-05 16:00:00
1767632400000,3182.4,3228.95,3157.39,3211.95,334335.801,2026-01-05 17:00:00
1767636000000,3211.95,3228.0,3185.18,3226.65,239533.594,2026-01-05 18:00:00
1767639600000,3226.65,3227.42,3212.95,3221.59,101804.295,2026-01-05 19:00:00
1767643200000,3221.58,3265.0,3218.31,3240.45,314170.824,2026-01-05 20:00:00
1767646800000,3240.46,3247.23,3230.02,3236.89,69131.193,2026-01-05 21:00:00
1767650400000,3236.9,3248.0,3228.33,3238.83,53399.544,2026-01-05 22:00:00
1767654000000,3238.83,3240.18,3223.26,3223.48,67583.598,2026-01-05 23:00:00
1767657600000,3223.49,3229.5,3201.79,3214.93,101065.081,2026-01-06 00:00:00
1767661200000,3214.94,3246.59,3214.45,3217.03,123820.198,2026-01-06 01:00:00
1767664800000,3217.03,3223.57,3207.8,3216.14,58418.35,2026-01-06 02:00:00
1767668400000,3216.15,3232.99,3212.5,3223.8,61568.274,2026-01-06 03:00:00
1767672000000,3223.8,3232.7,3221.31,3221.31,45612.327,2026-01-06 04:00:00
1767675600000,3221.31,3228.0,3215.25,3217.2,57191.254,2026-01-06 05:00:00
1767679200000,3217.2,3253.37,3216.59,3239.47,160706.664,2026-01-06 06:00:00
1767682800000,3239.46,3240.87,3210.12,3218.0,136705.992,2026-01-06 07:00:00
1767686400000,3218.0,3227.36,3213.0,3218.31,68895.935,2026-01-06 08:00:00
1767690000000,3218.3,3228.0,3215.69,3221.62,56049.046,2026-01-06 09:00:00
1767693600000,3221.62,3230.45,3219.62,3227.01,42335.594,2026-01-06 10:00:00
1767697200000,3227.01,3241.99,3225.3,3236.06,86559.595,2026-01-06 11:00:00
1767700800000,3236.06,3243.7,3234.0,3236.39,52332.53,2026-01-06 12:00:00
1767704400000,3236.4,3237.8,3227.66,3236.47,77517.759,2026-01-06 13:00:00
1767708000000,3236.47,3308.65,3236.46,3276.4,800026.146,2026-01-06 14:00:00
1767711600000,3276.41,3300.9,3260.0,3270.99,338476.682,2026-01-06 15:00:00
1767715200000,3271.0,3278.0,3232.55,3250.5,314467.757,2026-01-06 16:00:00
1767718800000,3250.5,3259.0,3188.13,3195.15,356393.812,2026-01-06 17:00:00
1767722400000,3195.15,3231.98,3181.03,3217.62,262797.668,2026-01-06 18:00:00
1767726000000,3217.62,3228.6,3211.58,3222.1,53951.895,2026-01-06 19:00:00
1767729600000,3222.1,3249.0,3221.76,3240.33,79079.669,2026-01-06 20:00:00
1767733200000,3240.32,3299.72,3236.84,3274.65,205101.122,2026-01-06 21:00:00
1767736800000,3274.65,3289.85,3262.25,3276.51,74917.763,2026-01-06 22:00:00
1767740400000,3276.5,3302.99,3275.0,3295.42,105200.814,2026-01-06 23:00:00
1767744000000,3295.43,3295.45,3253.87,3256.11,130283.061,2026-01-07 00:00:00
1767747600000,3256.11,3271.83,3238.0,3244.11,153902.822,2026-01-07 01:00:00
1767751200000,3244.1,3272.9,3238.47,3268.59,103779.391,2026-01-07 02:00:00
1767754800000,3268.59,3281.0,3263.5,3265.43,87370.227,2026-01-07 03:00:00
1767758400000,3265.43,3270.27,3252.0,3255.21,77984.77,2026-01-07 04:00:00
1767762000000,3255.2,3261.36,3245.24,3247.41,69427.206,2026-01-07 05:00:00
1767765600000,3247.41,3259.5,3246.9,3250.0,41214.347,2026-01-07 06:00:00
1767769200000,3250.0,3261.49,3249.99,3253.78,47500.448,2026-01-07 07:00:00
1767772800000,3253.77,3262.0,3251.17,3253.05,40962.581,2026-01-07 08:00:00
1767776400000,3253.04,3253.39,3196.28,3198.61,400361.335,2026-01-07 09:00:00
1767780000000,3198.6,3221.14,3193.46,3217.01,167755.184,2026-01-07 10:00:00
1767783600000,3217.0,3226.14,3215.25,3218.88,88698.285,2026-01-07 11:00:00
1767787200000,3218.88,3220.89,3208.62,3211.58,72649.379,2026-01-07 12:00:00
1767790800000,3211.58,3227.86,3200.11,3210.56,128894.722,2026-01-07 13:00:00
1767794400000,3210.55,3210.73,3165.0,3190.15,415392.521,2026-01-07 14:00:00
1767798000000,3190.14,3191.73,3142.52,3163.12,455491.367,2026-01-07 15:00:00
1767801600000,3163.13,3178.0,3147.02,3155.95,149599.048,2026-01-07 16:00:00
1767805200000,3155.95,3169.92,3143.63,3150.4,113028.928,2026-01-07 17:00:00
1767808800000,3150.4,3164.16,3131.02,3145.01,208964.425,2026-01-07 18:00:00
1767812400000,3145.01,3154.23,3123.17,3144.01,156568.814,2026-01-07 19:00:00
1767816000000,3144.01,3149.98,3126.1,3137.15,93850.01,2026-01-07 20:00:00
1767819600000,3137.15,3151.36,3136.59,3148.24,39718.114,2026-01-07 21:00:00
1767823200000,3148.23,3165.0,3142.0,3151.88,68047.539,2026-01-07 22:00:00
1767826800000,3151.88,3180.0,3141.69,3167.33,145067.731,2026-01-07 23:00:00
1767830400000,3167.33,3174.07,3153.12,3169.25,65805.704,2026-01-08 00:00:00
1767834000000,3169.25,3180.0,3167.0,3173.87,54206.046,2026-01-08 01:00:00
1767837600000,3173.86,3183.0,3146.48,3157.8,109513.39,2026-01-08 02:00:00
1767841200000,3157.8,3165.01,3131.12,3141.55,107120.14,2026-01-08 03:00:00
1767844800000,3141.56,3157.5,3137.38,3152.69,74251.706,2026-01-08 04:00:00
1767848400000,3152.69,3159.86,3140.0,3141.71,67133.881,2026-01-08 05:00:00
1767852000000,3141.71,3144.99,3102.54,3103.77,300750.889,2026-01-08 06:00:00
1767855600000,3103.77,3131.0,3088.01,3125.81,251429.938,2026-01-08 07:00:00
1767859200000,3125.81,3135.58,3111.25,3114.8,96903.711,2026-01-08 08:00:00
1767862800000,3114.8,3122.88,3103.25,3110.25,99281.493,2026-01-08 09:00:00
1767866400000,3110.25,3132.0,3094.0,3126.64,147828.31,2026-01-08 10:00:00
1767870000000,3126.65,3129.9,3110.86,3118.96,84704.556,2026-01-08 11:00:00
1767873600000,3118.96,3119.36,3083.17,3094.0,223235.797,2026-01-08 12:00:00
1767877200000,3094.0,3101.83,3088.0,3095.25,68232.124,2026-01-08 13:00:00
1767880800000,3095.24,3095.25,3052.48,3075.8,515196.216,2026-01-08 14:00:00
1767884400000,3075.8,3111.0,3065.31,3102.5,322748.442,2026-01-08 15:00:00
1767888000000,3102.46,3122.17,3088.59,3120.18,175285.369,2026-01-08 16:00:00
1767891600000,3120.19,3137.97,3108.9,3133.49,173924.881,2026-01-08 17:00:00
1767895200000,3133.48,3133.93,3113.01,3118.61,105856.665,2026-01-08 18:00:00
1767898800000,3118.61,3127.46,3101.74,3109.8,66873.202,2026-01-08 19:00:00
1767902400000,3109.79,3109.79,3087.22,3106.63,74367.54,2026-01-08 20:00:00
1767906000000,3106.62,3121.99,3106.0,3117.92,38204.777,2026-01-08 21:00:00
1767909600000,3117.94,3129.66,3105.53,3117.81,37784.259,2026-01-08 22:00:00
1767913200000,3117.81,3120.7,3104.16,3105.3,34693.164,2026-01-08 23:00:00
1767916800000,3105.33,3116.57,3102.24,3114.86,39808.773,2026-01-09 00:00:00
1767920400000,3114.87,3147.0,3080.01,3104.49,257814.007,2026-01-09 01:00:00
1767924000000,3104.48,3125.0,3102.3,3108.15,90395.634,2026-01-09 02:00:00
1767927600000,3108.16,3120.0,3101.59,3118.47,55048.094,2026-01-09 03:00:00
1767931200000,3118.48,3122.89,3111.16,3115.29,39558.741,2026-01-09 04:00:00
1767934800000,3115.29,3119.9,3112.28,3117.38,27731.565,2026-01-09 05:00:00
1767938400000,3117.37,3124.0,3116.03,3121.28,32810.134,2026-01-09 06:00:00
1767942000000,3121.27,3122.1,3108.6,3109.44,53555.318,2026-01-09 07:00:00
1767945600000,3109.45,3114.0,3065.96,3081.67,250111.971,2026-01-09 08:00:00
1767949200000,3081.67,3099.4,3080.55,3090.84,113823.125,2026-01-09 09:00:00
1767952800000,3090.84,3097.56,3086.26,3094.74,42402.419,2026-01-09 10:00:00
1767956400000,3094.75,3103.07,3086.67,3088.85,56825.021,2026-01-09 11:00:00
1767960000000,3088.85,3094.99,3080.48,3082.86,61120.549,2026-01-09 12:00:00
1767963600000,3082.87,3110.69,3082.0,3097.21,202887.208,2026-01-09 13:00:00
1767967200000,3097.2,3097.61,3060.0,3077.65,262101.341,2026-01-09 14:00:00
1767970800000,3077.66,3141.67,3057.0,3111.09,569837.839,2026-01-09 15:00:00
1767974400000,3111.09,3144.5,3109.42,3131.89,211670.043,2026-01-09 16:00:00
1767978000000,3131.89,3133.56,3103.07,3112.92,125827.374,2026-01-09 17:00:00
1767981600000,3112.92,3117.4,3072.0,3093.53,175622.934,2026-01-09 18:00:00
1767985200000,3093.53,3093.54,3067.32,3078.86,97362.987,2026-01-09 19:00:00
1767988800000,3078.85,3090.66,3069.0,3072.05,66957.649,2026-01-09 20:00:00
1767992400000,3072.05,3094.0,3063.57,3084.59,82409.757,2026-01-09 21:00:00
1767996000000,3084.56,3087.77,3073.08,3085.19,31737.619,2026-01-09 22:00:00
1767999600000,3085.19,3092.0,3082.54,3087.19,29358.498,2026-01-09 23:00:00
1768003200000,3087.2,3088.86,3080.51,3082.39,22712.725,2026-01-10 00:00:00
1768006800000,3082.39,3090.85,3082.05,3088.99,26377.565,2026-01-10 01:00:00
1768010400000,3089.0,3094.37,3082.15,3086.99,27472.659,2026-01-10 02:00:00
1768014000000,3086.99,3088.22,3078.37,3085.79,49431.428,2026-01-10 03:00:00
1768017600000,3085.79,3086.58,3076.58,3079.1,30373.344,2026-01-10 04:00:00
1768021200000,3079.11,3087.26,3078.87,3085.49,21757.731,2026-01-10 05:00:00
1768024800000,3085.49,3088.08,3082.0,3086.26,17959.442,2026-01-10 06:00:00
1768028400000,3086.26,3092.44,3086.24,3091.32,34471.248,2026-01-10 07:00:00
1768032000000,3091.33,3091.96,3086.0,3088.99,20316.452,2026-01-10 08:00:00
1768035600000,3088.99,3099.0,3088.2,3094.51,32606.399,2026-01-10 09:00:00
1768039200000,3094.51,3103.26,3092.8,3101.45,40670.173,2026-01-10 10:00:00
1768042800000,3101.45,3101.83,3092.76,3095.36,22358.081,2026-01-10 11:00:00
1768046400000,3095.36,3101.87,3091.88,3097.9,23942.251,2026-01-10 12:00:00
1768050000000,3097.9,3097.9,3092.04,3093.13,16966.313,2026-01-10 13:00:00
1768053600000,3093.13,3095.52,3087.0,3090.19,35184.983,2026-01-10 14:00:00
1768057200000,3090.18,3095.0,3090.18,3093.85,18945.063,2026-01-10 15:00:00
1768060800000,3093.86,3096.53,3090.0,3094.35,16661.273,2026-01-10 16:00:00
1768064400000,3094.35,3097.65,3090.51,3091.38,17306.852,2026-01-10 17:00:00
1768068000000,3091.37,3092.82,3088.65,3091.21,14265.665,2026-01-10 18:00:00
1768071600000,3091.21,3092.5,3088.88,3090.82,8419.248,2026-01-10 19:00:00
1768075200000,3090.81,3092.22,3086.57,3088.72,24272.424,2026-01-10 20:00:00
1768078800000,3088.72,3089.03,3083.0,3085.01,19197.463,2026-01-10 21:00:00
1768082400000,3085.0,3088.66,3077.23,3079.2,37030.335,2026-01-10 22:00:00
1768086000000,3079.21,3089.0,3078.3,3085.8,17269.264,2026-01-10 23:00:00
1768089600000,3085.79,3092.0,3083.2,3091.2,22350.962,2026-01-11 00:00:00
1768093200000,3091.2,3094.68,3088.08,3094.68,17369.32,2026-01-11 01:00:00
1768096800000,3094.68,3096.2,3090.5,3091.12,17852.728,2026-01-11 02:00:00
1768100400000,3091.11,3096.2,3090.77,3095.25,15744.346,2026-01-11 03:00:00
1768104000000,3095.32,3097.35,3093.23,3096.55,15656.185,2026-01-11 04:00:00
1768107600000,3096.56,3101.26,3094.45,3097.88,28581.36,2026-01-11 05:00:00
1768111200000,3097.88,3099.3,3088.6,3095.99,34490.374,2026-01-11 06:00:00
1768114800000,3096.0,3097.1,3091.11,3093.81,11606.708,2026-01-11 07:00:00
1768118400000,3093.8,3106.8,3091.53,3101.92,46485.389,2026-01-11 08:00:00
1768122000000,3101.91,3109.39,3098.9,3103.09,47662.396,2026-01-11 09:00:00
1768125600000,3103.1,3107.42,3101.12,3106.27,23772.821,2026-01-11 10:00:00
1768129200000,3106.27,3106.62,3101.5,3103.99,18182.258,2026-01-11 11:00:00
1768132800000,3104.0,3115.65,3103.41,3112.48,62754.868,2026-01-11 12:00:00
1768136400000,3112.48,3115.0,3105.2,3108.55,47170.752,2026-01-11 13:00:00
1768140000000,3108.55,3128.8,3108.44,3124.64,87681.014,2026-01-11 14:00:00
1768143600000,3124.64,3130.0,3108.66,3116.89,138427.788,2026-01-11 15:00:00
1768147200000,3116.88,3146.2,3114.33,3128.26,192018.596,2026-01-11 16:00:00
1768150800000,3128.27,3133.2,3116.07,3126.15,67772.681,2026-01-11 17:00:00
1768154400000,3126.15,3133.01,3119.17,3128.53,40552.496,2026-01-11 18:00:00
1768158000000,3128.52,3132.2,3117.48,3123.4,33135.344,2026-01-11 19:00:00
1768161600000,3123.34,3123.34,3100.0,3113.63,114695.048,2026-01-11 20:00:00
1768165200000,3113.63,3126.4,3106.04,3119.38,37342.53,2026-01-11 21:00:00
1768168800000,3119.38,3119.38,3105.0,3108.06,33510.155,2026-01-11 22:00:00
1768172400000,3108.06,3124.82,3091.0,3121.58,122166.751,2026-01-11 23:00:00
1768176000000,3121.59,3126.6,3095.01,3118.61,117488.843,2026-01-12 00:00:00
1768179600000,3118.6,3136.5,3112.09,3123.47,150724.574,2026-01-12 01:00:00
1768183200000,3123.48,3167.46,3121.0,3156.8,293457.817,2026-01-12 02:00:00
1768186800000,3156.8,3170.85,3150.5,3151.31,152758.777,2026-01-12 03:00:00
1768190400000,3151.31,3162.56,3147.73,3158.04,60123.883,2026-01-12 04:00:00
1768194000000,3158.04,3165.96,3153.66,3157.7,50672.42,2026-01-12 05:00:00
1768197600000,3157.69,3165.0,3150.86,3153.36,54147.245,2026-01-12 06:00:00
1768201200000,3153.36,3160.32,3131.75,3134.02,144495.086,2026-01-12 07:00:00
1768204800000,3134.02,3146.92,3099.26,3114.14,333479.782,2026-01-12 08:00:00
1768208400000,3114.13,3123.41,3108.97,3114.99,85190.667,2026-01-12 09:00:00
1768212000000,3114.99,3118.74,3102.57,3105.53,65634.733,2026-01-12 10:00:00
1768215600000,3105.53,3120.95,3105.0,3113.83,65696.125,2026-01-12 11:00:00
1768219200000,3113.83,3121.66,3110.69,3115.93,48494.439,2026-01-12 12:00:00
1768222800000,3115.92,3118.99,3104.15,3107.84,64143.474,2026-01-12 13:00:00
1768226400000,3107.84,3118.46,3063.06,3103.69,498054.368,2026-01-12 14:00:00
1768230000000,3103.68,3131.95,3091.6,3128.31,222095.338,2026-01-12 15:00:00
1768233600000,3128.31,3145.81,3118.8,3129.4,207597.996,2026-01-12 16:00:00
1768237200000,3129.4,3136.19,3081.28,3103.59,247891.314,2026-01-12 17:00:00
1768240800000,3103.6,3118.18,3094.16,3106.99,113501.822,2026-01-12 18:00:00
1768244400000,3106.99,3121.63,3095.51,3120.45,49071.524,2026-01-12 19:00:00
1768248000000,3120.45,3127.0,3098.65,3101.4,64496.954,2026-01-12 20:00:00
1768251600000,3101.36,3105.6,3083.1,3090.79,73007.25,2026-01-12 21:00:00
1768255200000,3090.79,3106.59,3090.78,3093.93,57980.935,2026-01-12 22:00:00
1768258800000,3093.93,3097.94,3086.5,3093.94,44301.323,2026-01-12 23:00:00
1768262400000,3093.93,3109.05,3092.04,3107.05,56289.607,2026-01-13 00:00:00
1768266000000,3107.04,3113.25,3090.0,3096.57,58921.724,2026-01-13 01:00:00
1768269600000,3096.58,3106.87,3096.57,3099.99,31369.064,2026-01-13 02:00:00
1768273200000,3099.99,3118.35,3099.68,3114.75,64393.819,2026-01-13 03:00:00
1768276800000,3114.72,3122.88,3110.7,3120.7,60732.112,2026-01-13 04:00:00
1768280400000,3120.7,3145.63,3120.0,3130.18,200733.73,2026-01-13 05:00:00
1768284000000,3130.18,3136.41,3121.93,3132.96,72860.118,2026-01-13 06:00:00
1768287600000,3132.97,3134.13,3120.72,3120.86,45304.489,2026-01-13 07:00:00
1768291200000,3120.86,3136.99,3120.72,3134.83,46091.464,2026-01-13 08:00:00
1768294800000,3134.84,3147.5,3127.0,3137.61,134170.073,2026-01-13 09:00:00
1768298400000,3137.61,3140.66,3128.01,3133.49,44441.998,2026-01-13 10:00:00
1768302000000,3133.5,3137.6,3130.0,3132.74,32028.231,2026-01-13 11:00:00
1768305600000,3132.75,3136.8,3128.3,3133.99,41768.974,2026-01-13 12:00:00
1768309200000,3134.0,3160.5,3129.0,3141.02,318849.318,2026-01-13 13:00:00
1768312800000,3141.01,3164.0,3127.85,3143.5,240466.473,2026-01-13 14:00:00
1768316400000,3143.5,3187.88,3131.0,3182.57,347325.876,2026-01-13 15:00:00
1768320000000,3182.57,3195.0,3170.0,3179.25,256033.43,2026-01-13 16:00:00
1768323600000,3179.24,3186.0,3171.2,3178.38,94000.379,2026-01-13 17:00:00
1768327200000,3178.37,3213.93,3176.3,3198.99,174273.814,2026-01-13 18:00:00
1768330800000,3199.0,3218.4,3189.04,3214.39,113716.252,2026-01-13 19:00:00
1768334400000,3214.39,3219.99,3188.52,3202.76,134531.085,2026-01-13 20:00:00
1768338000000,3202.77,3216.08,3199.0,3208.34,81008.848,2026-01-13 21:00:00
1768341600000,3208.34,3398.0,3208.34,3329.77,659012.575,2026-01-13 22:00:00
1768345200000,3329.77,3346.83,3312.46,3324.06,166659.301,2026-01-13 23:00:00
1768348800000,3324.07,3336.16,3314.0,3322.79,116690.336,2026-01-14 00:00:00
1768352400000,3322.8,3344.63,3319.64,3334.55,111040.486,2026-01-14 01:00:00
1768356000000,3334.55,3358.99,3319.35,3325.54,159296.605,2026-01-14 02:00:00
1768359600000,3325.53,3351.76,3319.99,3351.33,133858.132,2026-01-14 03:00:00
1768363200000,3351.33,3366.66,3335.41,3338.18,163751.854,2026-01-14 04:00:00
1768366800000,3338.18,3339.4,3325.0,3329.82,71543.178,2026-01-14 05:00:00
1768370400000,3329.83,3335.4,3321.45,3333.79,67737.272,2026-01-14 06:00:00
1768374000000,3333.78,3342.53,3326.6,3335.0,67361.412,2026-01-14 07:00:00
1768377600000,3335.0,3342.68,3326.19,3326.35,68574.007,2026-01-14 08:00:00
1768381200000,3326.36,3334.86,3324.0,3327.64,39973.864,2026-01-14 09:00:00
1768384800000,3327.65,3332.97,3303.37,3312.28,149610.218,2026-01-14 10:00:00
1768388400000,3312.28,3312.85,3281.59,3285.55,183128.959,2026-01-14 11:00:00
1768392000000,3285.55,3298.59,3278.15,3295.47,98303.361,2026-01-14 12:00:00
1768395600000,3295.48,3309.99,3288.2,3301.89,106462.885,2026-01-14 13:00:00
1768399200000,3301.89,3357.33,3301.0,3347.42,441958.061,2026-01-14 14:00:00
1768402800000,3347.42,3362.38,3326.01,3344.1,323072.502,2026-01-14 15:00:00
1768406400000,3344.1,3403.44,3343.77,3368.78,487440.986,2026-01-14 16:00:00
1768410000000,3368.78,3379.99,3336.26,3340.49,257874.116,2026-01-14 17:00:00
1768413600000,3340.48,3352.8,3313.57,3337.49,211591.754,2026-01-14 18:00:00
1768417200000,3337.49,3400.0,3330.58,3366.3,245411.951,2026-01-14 19:00:00
1768420800000,3366.3,3394.25,3360.45,3381.8,119351.946,2026-01-14 20:00:00
1768424400000,3381.81,3381.81,3355.32,3371.11,68801.782,2026-01-14 21:00:00
1768428000000,3371.12,3373.08,3344.41,3347.31,67795.516,2026-01-14 22:00:00
1768431600000,3347.31,3367.99,3347.06,3352.97,53956.493,2026-01-14 23:00:00
1768435200000,3352.96,3353.87,3323.68,3330.16,92955.248,2026-01-15 00:00:00
1768438800000,3330.17,3342.04,3315.68,3323.45,93813.972,2026-01-15 01:00:00
1768442400000,3323.45,3331.48,3303.3,3312.99,101648.17,2026-01-15 02:00:00
1768446000000,3312.99,3320.56,3272.37,3284.85,240527.669,2026-01-15 03:00:00
1768449600000,3284.86,3307.29,3283.0,3303.74,116375.568,2026-01-15 04:00:00
1768453200000,3303.73,3314.13,3300.48,3309.61,73457.274,2026-01-15 05:00:00
1768456800000,3309.6,3322.49,3308.39,3314.25,78438.961,2026-01-15 06:00:00
1768460400000,3314.26,3333.93,3312.78,3328.34,86113.501,2026-01-15 07:00:00
1768464000000,3328.33,3337.49,3317.64,3334.47,91435.463,2026-01-15 08:00:00
1768467600000,3334.48,3374.41,3328.22,3365.3,278212.816,2026-01-15 09:00:00
1768471200000,3365.3,3378.84,3356.57,3362.79,112349.126,2026-01-15 10:00:00
1768474800000,3362.79,3364.99,3345.0,3348.21,118438.703,2026-01-15 11:00:00
1768478400000,3348.2,3370.26,3342.25,3367.6,115643.169,2026-01-15 12:00:00
1768482000000,3367.6,3383.22,3355.31,3369.46,141921.963,2026-01-15 13:00:00
1768485600000,3369.46,3381.75,3320.58,3340.49,343497.324,2026-01-15 14:00:00
1768489200000,3340.48,3357.28,3285.0,3329.86,411394.263,2026-01-15 15:00:00
1768492800000,3329.86,3334.46,3308.33,3329.01,191588.046,2026-01-15 16:00:00
1768496400000,3329.0,3336.45,3295.6,3299.69,161327.094,2026-01-15 17:00:00
1768500000000,3299.68,3306.71,3272.46,3287.5,200769.762,2026-01-15 18:00:00
1768503600000,3287.49,3301.59,3275.52,3294.27,97932.654,2026-01-15 19:00:00
1768507200000,3294.26,3306.67,3275.22,3286.99,95066.111,2026-01-15 20:00:00
1768510800000,3287.0,3304.8,3282.7,3298.4,40057.931,2026-01-15 21:00:00
1768514400000,3298.39,3318.7,3295.0,3307.79,57733.752,2026-01-15 22:00:00
1768518000000,3307.78,3323.15,3301.02,3317.38,51883.441,2026-01-15 23:00:00
1768521600000,3317.38,3326.0,3314.6,3315.81,53405.637,2026-01-16 00:00:00
1768525200000,3315.82,3321.43,3300.03,3312.29,79301.763,2026-01-16 01:00:00
1768528800000,3312.29,3312.3,3290.02,3302.22,102328.642,2026-01-16 02:00:00
1768532400000,3302.23,3306.87,3293.7,3293.71,34263.681,2026-01-16 03:00:00
1768536000000,3293.71,3303.79,3276.0,3286.89,138673.087,2026-01-16 04:00:00
1768539600000,3286.9,3314.77,3283.27,3307.52,125869.095,2026-01-16 05:00:00
1768543200000,3307.53,3316.29,3301.0,3312.67,61723.866,2026-01-16 06:00:00
1768546800000,3312.67,3314.5,3299.67,3308.06,56058.053,2026-01-16 07:00:00
1768550400000,3308.06,3319.31,3307.01,3312.28,73848.757,2026-01-16 08:00:00
1768554000000,3312.27,3315.38,3305.0,3306.11,33904.085,2026-01-16 09:00:00
1768557600000,3306.11,3307.69,3292.82,3296.49,73819.19,2026-01-16 10:00:00
1768561200000,3296.5,3305.95,3292.25,3300.78,49619.264,2026-01-16 11:00:00
1768564800000,3300.77,3313.6,3299.06,3307.52,65893.763,2026-01-16 12:00:00
1768568400000,3307.53,3309.4,3293.81,3306.03,65755.705,2026-01-16 13:00:00
1768572000000,3306.04,3317.4,3288.08,3293.0,150744.737,2026-01-16 14:00:00
1768575600000,3292.99,3310.3,3252.0,3263.63,481912.273,2026-01-16 15:00:00
1768579200000,3263.62,3287.99,3258.0,3277.8,215773.403,2026-01-16 16:00:00
1768582800000,3277.85,3285.35,3264.45,3283.04,77844.857,2026-01-16 17:00:00
1768586400000,3283.03,3287.69,3276.01,3277.27,39639.038,2026-01-16 18:00:00
1768590000000,3277.26,3277.8,3267.11,3275.32,40941.182,2026-01-16 19:00:00
1768593600000,3275.33,3292.64,3262.04,3291.44,82346.218,2026-01-16 20:00:00
1768597200000,3291.45,3297.49,3286.5,3292.52,47394.727,2026-01-16 21:00:00
1768600800000,3292.52,3294.51,3280.6,3292.72,35473.899,2026-01-16 22:00:00
1768604400000,3292.72,3298.72,3290.81,3294.7,32731.036,2026-01-16 23:00:00
1768608000000,3294.69,3295.97,3288.61,3291.29,22391.213,2026-01-17 00:00:00
1768611600000,3291.29,3294.41,3286.14,3289.15,30595.006,2026-01-17 01:00:00
1768615200000,3289.14,3291.53,3282.0,3291.21,35247.584,2026-01-17 02:00:00
1768618800000,3291.2,3291.81,3286.0,3287.77,22385.838,2026-01-17 03:00:00
1768622400000,3287.78,3291.0,3284.94,3290.4,20209.744,2026-01-17 04:00:00
1768626000000,3290.4,3292.6,3288.0,3290.01,17383.809,2026-01-17 05:00:00
1768629600000,3290.0,3292.49,3285.26,3289.92,17124.101,2026-01-17 06:00:00
1768633200000,3289.91,3290.9,3286.0,3289.7,21287.68,2026-01-17 07:00:00
1768636800000,3289.7,3295.0,3287.36,3294.78,37960.535,2026-01-17 08:00:00
1768640400000,3294.78,3302.87,3291.7,3297.22,52497.479,2026-01-17 09:00:00
1768644000000,3297.23,3299.16,3293.6,3294.89,27628.656,2026-01-17 10:00:00
1768647600000,3294.89,3303.83,3290.24,3300.85,45657.014,2026-01-17 11:00:00
1768651200000,3300.85,3304.99,3298.25,3300.8,27657.888,2026-01-17 12:00:00
1768654800000,3300.8,3302.9,3297.75,3302.04,20491.977,2026-01-17 13:00:00
1768658400000,3302.05,3310.59,3299.75,3308.71,72163.379,2026-01-17 14:00:00
1768662000000,3308.71,3329.3,3306.12,3328.01,211439.803,2026-01-17 15:00:00
1768665600000,3328.0,3328.95,3310.25,3317.73,108959.141,2026-01-17 16:00:00
1768669200000,3317.74,3327.49,3315.97,3317.5,42079.637,2026-01-17 17:00:00
1768672800000,3317.51,3319.15,3311.2,3316.11,48589.485,2026-01-17 18:00:00
1768676400000,3316.1,3319.97,3312.0,3315.02,18247.221,2026-01-17 19:00:00
1768680000000,3315.02,3318.7,3313.64,3315.9,7396.213,2026-01-17 20:00:00
1768683600000,3315.89,3316.13,3305.01,3311.42,30669.067,2026-01-17 21:00:00
1768687200000,3311.41,3311.42,3293.1,3300.65,55037.89,2026-01-17 22:00:00
1768690800000,3300.66,3309.1,3299.73,3308.82,31081.071,2026-01-17 23:00:00
1768694400000,3308.81,3313.0,3301.29,3303.34,32375.548,2026-01-18 00:00:00
1768698000000,3303.34,3305.67,3295.0,3300.11,47848.71,2026-01-18 01:00:00
1768701600000,3300.11,3304.89,3295.25,3302.2,34233.508,2026-01-18 02:00:00
1768705200000,3302.2,3318.88,3301.84,3314.7,54826.816,2026-01-18 03:00:00
1768708800000,3314.69,3316.14,3308.32,3310.6,27142.001,2026-01-18 04:00:00
1768712400000,3310.61,3316.74,3309.22,3314.48,21952.49,2026-01-18 05:00:00
1768716000000,3314.49,3316.31,3310.06,3314.2,16589.949,2026-01-18 06:00:00
1768719600000,3314.2,3314.28,3304.44,3305.63,32942.901,2026-01-18 07:00:00
1768723200000,3305.64,3315.43,3301.62,3313.3,40408.656,2026-01-18 08:00:00
1768726800000,3313.29,3323.76,3312.2,3321.26,62132.573,2026-01-18 09:00:00
1768730400000,3321.27,3324.58,3316.53,3323.67,34158.069,2026-01-18 10:00:00
1768734000000,3323.67,3323.67,3317.02,3320.62,20463.057,2026-01-18 11:00:00
1768737600000,3320.62,3325.5,3316.62,3320.59,28108.897,2026-01-18 12:00:00
1768741200000,3320.59,3329.99,3312.5,3324.83,80565.106,2026-01-18 13:00:00
1768744800000,3324.84,3346.99,3321.2,3323.51,176240.471,2026-01-18 14:00:00
1768748400000,3323.52,3334.55,3317.01,3332.34,57419.307,2026-01-18 15:00:00
1768752000000,3332.33,3337.0,3328.19,3332.19,39962.089,2026-01-18 16:00:00
1768755600000,3332.19,3345.0,3330.81,3343.4,44452.973,2026-01-18 17:00:00
1768759200000,3343.4,3368.8,3335.38,3361.03,179101.031,2026-01-18 18:00:00
1768762800000,3361.04,3365.35,3342.96,3345.82,65537.988,2026-01-18 19:00:00
1768766400000,3345.82,3351.95,3335.25,3340.03,46665.92,2026-01-18 20:00:00
1768770000000,3340.03,3344.99,3335.4,3340.42,29492.104,2026-01-18 21:00:00
1768773600000,3340.42,3355.85,3338.81,3349.66,33045.07,2026-01-18 22:00:00
1768777200000,3349.66,3349.66,3277.18,3282.91,335899.011,2026-01-18 23:00:00
1768780800000,3282.91,3283.45,3172.0,3210.77,961703.931,2026-01-19 00:00:00
1768784400000,3210.74,3220.0,3192.35,3205.15,157241.897,2026-01-19 01:00:00
1768788000000,3205.15,3215.0,3192.2,3202.87,96475.704,2026-01-19 02:00:00
1768791600000,3202.87,3211.57,3193.0,3210.35,66426.4,2026-01-19 03:00:00
1768795200000,3210.35,3216.0,3203.31,3210.95,59585.234,2026-01-19 04:00:00
1768798800000,3210.95,3213.77,3194.51,3200.42,121368.641,2026-01-19 05:00:00
1768802400000,3200.42,3202.78,3186.0,3194.3,90246.582,2026-01-19 06:00:00
1768806000000,3194.3,3208.0,3194.14,3205.31,54881.283,2026-01-19 07:00:00
1768809600000,3205.31,3220.39,3195.0,3211.96,115039.667,2026-01-19 08:00:00
1768813200000,3211.97,3212.8,3203.4,3207.44,51637.744,2026-01-19 09:00:00
1768816800000,3207.44,3214.74,3203.68,3213.75,41062.353,2026-01-19 10:00:00
1768820400000,3213.76,3229.0,3211.48,3221.49,109181.494,2026-01-19 11:00:00
1768824000000,3221.5,3234.0,3217.16,3223.28,91615.969,2026-01-19 12:00:00
1768827600000,3223.29,3223.29,3210.73,3216.65,87511.474,2026-01-19 13:00:00
1768831200000,3216.65,3217.73,3200.0,3211.33,93317.195,2026-01-19 14:00:00
1768834800000,3211.34,3219.0,3208.41,3214.19,48696.341,2026-01-19 15:00:00
1768838400000,3214.19,3225.93,3210.67,3221.39,60842.235,2026-01-19 16:00:00
1768842000000,3221.39,3224.69,3215.0,3217.89,39769.661,2026-01-19 17:00:00
1768845600000,3217.89,3219.0,3205.4,3212.64,49771.045,2026-01-19 18:00:00
1768849200000,3212.64,3222.78,3212.63,3217.88,24284.961,2026-01-19 19:00:00
1768852800000,3217.88,3224.03,3211.0,3212.3,33769.354,2026-01-19 20:00:00
1768856400000,3212.31,3219.8,3208.46,3211.17,18031.461,2026-01-19 21:00:00
1768860000000,3211.17,3213.13,3184.2,3187.17,111498.805,2026-01-19 22:00:00
1768863600000,3187.17,3196.48,3164.36,3188.01,207465.855,2026-01-19 23:00:00
1768867200000,3188.0,3199.86,3175.3,3182.54,96499.665,2026-01-20 00:00:00
1768870800000,3182.54,3198.0,3174.01,3191.95,102034.126,2026-01-20 01:00:00
1768874400000,3191.95,3199.62,3177.0,3191.35,108527.166,2026-01-20 02:00:00
1768878000000,3191.35,3193.59,3182.16,3187.41,55939.585,2026-01-20 03:00:00
1768881600000,3187.41,3188.0,3166.66,3172.0,105522.455,2026-01-20 04:00:00
1768885200000,3171.99,3174.06,3151.0,3170.01,263989.422,2026-01-20 05:00:00
1768888800000,3170.01,3170.96,3107.32,3115.7,485269.852,2026-01-20 06:00:00
1768892400000,3115.7,3129.79,3110.43,3121.56,142915.286,2026-01-20 07:00:00
1768896000000,3121.57,3122.26,3082.33,3105.06,359858.778,2026-01-20 08:00:00
1768899600000,3105.05,3106.92,3085.9,3093.15,87969.553,2026-01-20 09:00:00
1768903200000,3093.15,3107.43,3090.0,3101.35,87971.076,2026-01-20 10:00:00
1768906800000,3101.35,3111.67,3101.35,3107.75,65905.033,2026-01-20 11:00:00
1768910400000,3107.75,3113.48,3100.76,3109.51,69505.738,2026-01-20 12:00:00
1768914000000,3109.5,3111.84,3072.29,3077.75,229761.807,2026-01-20 13:00:00
1768917600000,3077.75,3088.0,3032.18,3045.95,648863.869,2026-01-20 14:00:00
1768921200000,3045.94,3048.66,2993.03,3030.62,603852.562,2026-01-20 15:00:00
1768924800000,3030.62,3041.76,2996.28,3007.46,211743.226,2026-01-20 16:00:00
1768928400000,3007.46,3021.9,2981.78,2998.15,241892.283,2026-01-20 17:00:00
1768932000000,2998.15,3007.56,2986.04,2990.5,101566.174,2026-01-20 18:00:00
1768935600000,2990.51,3002.0,2977.45,2994.9,89384.87,2026-01-20 19:00:00
1768939200000,2994.91,3006.12,2984.48,3005.75,90241.691,2026-01-20 20:00:00
1768942800000,3005.76,3006.14,2988.24,2992.19,40821.605,2026-01-20 21:00:00
1768946400000,2992.18,2997.7,2891.0,2949.97,317804.916,2026-01-20 22:00:00
1768950000000,2949.97,2951.17,2927.0,2938.28,134876.257,2026-01-20 23:00:00
1768953600000,2938.29,2968.35,2919.59,2958.44,156857.334,2026-01-21 00:00:00
1768957200000,2958.44,2973.78,2953.59,2963.41,88050.907,2026-01-21 01:00:00
1768960800000,2963.41,2973.81,2956.11,2960.09,61826.191,2026-01-21 02:00:00
1768964400000,2960.08,2983.47,2959.13,2980.34,85426.464,2026-01-21 03:00:00
1768968000000,2980.34,2984.46,2973.2,2977.66,54771.074,2026-01-21 04:00:00
1768971600000,2977.65,3000.77,2976.08,2991.0,130846.757,2026-01-21 05:00:00
1768975200000,2990.99,2992.0,2973.34,2978.56,91867.916,2026-01-21 06:00:00
1768978800000,2978.56,2984.0,2964.14,2968.65,86724.175,2026-01-21 07:00:00
1768982400000,2968.64,2973.02,2953.53,2963.75,93220.736,2026-01-21 08:00:00
1768986000000,2963.75,2973.69,2947.5,2952.42,86112.537,2026-01-21 09:00:00
1768989600000,2952.41,2969.02,2950.04,2962.11,57582.887,2026-01-21 10:00:00
1768993200000,2962.11,2970.33,2935.0,2942.19,120273.87,2026-01-21 11:00:00
1768996800000,2942.18,2945.41,2901.3,2930.26,393770.375,2026-01-21 12:00:00
1769000400000,2930.25,2944.38,2918.35,2926.76,192564.735,2026-01-21 13:00:00
1769004000000,2926.76,2994.44,2923.31,2979.46,518780.548,2026-01-21 14:00:00
1769007600000,2979.46,3026.61,2973.1,3000.96,446860.505,2026-01-21 15:00:00
1769011200000,3000.97,3004.0,2884.0,2889.9,658686.386,2026-01-21 16:00:00
1769014800000,2889.9,2912.57,2863.7,2901.97,449460.723,2026-01-21 17:00:00
1769018400000,2901.96,2932.5,2886.0,2925.61,189326.451,2026-01-21 18:00:00
1769022000000,2925.62,3068.34,2914.85,3053.99,604674.117,2026-01-21 19:00:00
1769025600000,3054.0,3056.47,3001.59,3030.45,297384.788,2026-01-21 20:00:00
1769029200000,3030.44,3043.0,3019.6,3030.01,91949.19,2026-01-21 21:00:00
1769032800000,3030.0,3044.0,3007.0,3008.47,77902.72,2026-01-21 22:00:00
1769036400000,3008.47,3024.35,2970.35,2980.51,164044.252,2026-01-21 23:00:00
1769040000000,2980.51,3009.93,2978.7,3003.99,125244.239,2026-01-22 00:00:00
1769043600000,3003.99,3034.25,3001.0,3026.77,113267.817,2026-01-22 01:00:00
1769047200000,3026.77,3036.88,3013.33,3016.29,96372.815,2026-01-22 02:00:00
1769050800000,3016.29,3029.57,2997.45,3011.98,99028.342,2026-01-22 03:00:00
1769054400000,3011.97,3024.14,3009.72,3021.73,51902.472,2026-01-22 04:00:00
1769058000000,3021.73,3026.58,3013.03,3018.51,36893.512,2026-01-22 05:00:00
1769061600000,3018.51,3026.63,3007.04,3017.58,61424.24,2026-01-22 06:00:00
1769065200000,3017.59,3021.0,2998.55,2999.39,62336.992,2026-01-22 07:00:00
1769068800000,2999.38,3006.85,2990.06,3004.69,103508.107,2026-01-22 08:00:00
1769072400000,3004.69,3015.0,3002.0,3012.35,54362.23,2026-01-22 09:00:00
1769076000000,3012.36,3013.46,2998.4,3001.51,64535.677,2026-01-22 10:00:00
1769079600000,3001.51,3005.88,2976.15,2985.02,141672.496,2026-01-22 11:00:00
1769083200000,2985.01,2997.36,2976.32,2989.43,91140.09,2026-01-22 12:00:00
1769086800000,2989.45,3009.42,2960.1,2971.38,241770.282,2026-01-22 13:00:00
1769090400000,2971.37,2981.15,2933.46,2939.49,369273.734,2026-01-22 14:00:00
1769094000000,2939.49,2967.27,2904.08,2940.26,486228.588,2026-01-22 15:00:00
1769097600000,2940.27,2957.91,2921.73,2944.41,230166.92,2026-01-22 16:00:00
1769101200000,2944.42,2962.97,2932.69,2959.75,122427.657,2026-01-22 17:00:00
1769104800000,2959.75,2971.66,2936.63,2938.29,106384.635,2026-01-22 18:00:00
1769108400000,2938.29,2961.72,2926.2,2952.16,97394.062,2026-01-22 19:00:00
1769112000000,2952.16,2956.55,2929.06,2937.39,81666.192,2026-01-22 20:00:00
1769115600000,2937.39,2950.66,2932.13,2944.8,60977.716,2026-01-22 21:00:00
1769119200000,2944.79,2958.44,2941.89,2950.22,45130.155,2026-01-22 22:00:00
1769122800000,2950.22,2954.68,2939.01,2951.07,36816.89,2026-01-22 23:00:00
1769126400000,2951.07,2956.96,2944.7,2952.36,49312.697,2026-01-23 00:00:00
1769130000000,2952.38,2968.75,2952.0,2967.51,60565.377,2026-01-23 01:00:00
1769133600000,2967.51,2970.56,2950.86,2951.27,80657.126,2026-01-23 02:00:00
1769137200000,2951.27,2964.0,2950.51,2962.83,32525.643,2026-01-23 03:00:00
1769140800000,2962.83,2983.56,2961.5,2976.22,98886.979,2026-01-23 04:00:00
1769144400000,2976.22,2976.88,2962.1,2967.01,69864.139,2026-01-23 05:00:00
1769148000000,2967.0,2974.0,2936.13,2938.65,192229.723,2026-01-23 06:00:00
1769151600000,2938.65,2949.84,2934.01,2946.63,97598.627,2026-01-23 07:00:00
1769155200000,2946.64,2949.75,2920.35,2926.22,128527.53,2026-01-23 08:00:00
1769158800000,2926.23,2933.85,2913.0,2920.08,126193.755,2026-01-23 09:00:00
1769162400000,2920.09,2933.45,2913.19,2929.79,75138.933,2026-01-23 10:00:00
1769166000000,2929.79,2945.84,2927.3,2939.36,83686.555,2026-01-23 11:00:00
1769169600000,2939.35,2939.36,2927.58,2933.76,54930.402,2026-01-23 12:00:00
1769173200000,2933.77,2943.2,2925.55,2929.5,77939.287,2026-01-23 13:00:00
1769176800000,2929.49,2940.81,2890.06,2914.49,329789.668,2026-01-23 14:00:00
1769180400000,2914.5,2965.0,2897.58,2950.96,352173.09,2026-01-23 15:00:00
1769184000000,2950.96,2978.74,2937.0,2966.59,264822.705,2026-01-23 16:00:00
1769187600000,2966.59,3017.96,2958.34,2986.0,325505.999,2026-01-23 17:00:00
1769191200000,2986.0,3006.98,2977.07,2986.92,157427.566,2026-01-23 18:00:00
1769194800000,2986.92,2987.5,2944.63,2958.39,220242.993,2026-01-23 19:00:00
1769198400000,2958.39,2962.94,2927.79,2939.2,115878.079,2026-01-23 20:00:00
1769202000000,2939.2,2952.0,2936.99,2942.69,43286.027,2026-01-23 21:00:00
1769205600000,2942.68,2961.15,2942.0,2958.26,42595.292,2026-01-23 22:00:00
1769209200000,2958.27,2958.27,2949.37,2954.99,23225.839,2026-01-23 23:00:00
1769212800000,2954.99,2957.88,2948.1,2949.43,22669.438,2026-01-24 00:00:00
1769216400000,2949.44,2958.0,2948.51,2954.75,22321.35,2026-01-24 01:00:00
1769220000000,2954.74,2961.09,2952.82,2958.0,26532.711,2026-01-24 02:00:00
1769223600000,2958.0,2968.76,2955.49,2960.85,44949.667,2026-01-24 03:00:00
1769227200000,2960.84,2965.37,2957.56,2961.99,22936.828,2026-01-24 04:00:00
1769230800000,2962.0,2964.49,2955.25,2959.91,35620.386,2026-01-24 05:00:00
1769234400000,2959.92,2962.58,2957.21,2959.83,14091.229,2026-01-24 06:00:00
1769238000000,2959.83,2960.36,2952.5,2955.72,30576.573,2026-01-24 07:00:00
1769241600000,2955.71,2962.1,2953.87,2961.59,22416.336,2026-01-24 08:00:00
1769245200000,2961.59,2963.49,2958.59,2959.32,17556.284,2026-01-24 09:00:00
1769248800000,2959.32,2961.0,2957.24,2960.41,12292.386,2026-01-24 10:00:00
1769252400000,2960.41,2963.07,2958.53,2959.46,17485.221,2026-01-24 11:00:00
1769256000000,2959.46,2963.85,2957.59,2961.33,18318.277,2026-01-24 12:00:00
1769259600000,2961.33,2962.4,2946.18,2947.04,37203.549,2026-01-24 13:00:00
1769263200000,2947.05,2958.15,2941.58,2957.77,76923.786,2026-01-24 14:00:00
1769266800000,2957.76,2966.8,2953.83,2955.06,64838.728,2026-01-24 15:00:00
1769270400000,2955.06,2960.47,2950.11,2957.23,61548.634,2026-01-24 16:00:00
1769274000000,2957.22,2964.55,2956.28,2962.72,36976.631,2026-01-24 17:00:00
1769277600000,2962.72,2966.88,2960.09,2961.85,22637.771,2026-01-24 18:00:00
1769281200000,2961.85,2962.75,2951.0,2952.42,27996.08,2026-01-24 19:00:00
1769284800000,2952.42,2957.84,2952.18,2955.07,9229.404,2026-01-24 20:00:00
1769288400000,2955.06,2956.54,2947.18,2956.53,21477.309,2026-01-24 21:00:00
1769292000000,2956.54,2962.87,2956.53,2961.58,14845.71,2026-01-24 22:00:00
1769295600000,2961.58,2963.19,2951.2,2952.05,16044.242,2026-01-24 23:00:00
1769299200000,2952.06,2957.58,2951.0,2957.58,17163.055,2026-01-25 00:00:00
1769302800000,2957.57,2959.12,2948.5,2953.8,33245.58,2026-01-25 01:00:00
1769306400000,2953.81,2956.62,2951.59,2951.81,14065.657,2026-01-25 02:00:00
1769310000000,2951.81,2952.85,2935.02,2941.02,91821.3,2026-01-25 03:00:00
1769313600000,2941.02,2947.89,2938.64,2943.86,35708.958,2026-01-25 04:00:00
1769317200000,2943.85,2947.26,2940.36,2945.9,18196.84,2026-01-25 05:00:00
1769320800000,2945.9,2946.49,2933.26,2942.65,51179.822,2026-01-25 06:00:00
1769324400000,2942.66,2942.7,2937.0,2938.46,20013.605,2026-01-25 07:00:00
1769328000000,2938.46,2943.51,2918.68,2927.83,101871.565,2026-01-25 08:00:00
1769331600000,2927.82,2938.1,2924.84,2934.34,60930.267,2026-01-25 09:00:00
1769335200000,2934.35,2947.53,2934.22,2944.0,50376.512,2026-01-25 10:00:00
1769338800000,2944.0,2945.17,2930.61,2936.25,46510.469,2026-01-25 11:00:00
1769342400000,2936.25,2943.78,2931.5,2941.32,42824.281,2026-01-25 12:00:00
1769346000000,2941.33,2944.23,2934.0,2940.36,35182.253,2026-01-25 13:00:00
1769349600000,2940.37,2941.45,2923.02,2931.0,75667.746,2026-01-25 14:00:00
1769353200000,2931.0,2934.8,2920.41,2925.69,43803.279,2026-01-25 15:00:00
1769356800000,2925.69,2926.43,2874.56,2895.5,458792.022,2026-01-25 16:00:00
1769360400000,2895.5,2897.0,2877.06,2882.91,83807.085,2026-01-25 17:00:00
1769364000000,2882.9,2887.69,2825.02,2845.82,467435.587,2026-01-25 18:00:00
1769367600000,2845.83,2851.99,2794.15,2810.76,339596.518,2026-01-25 19:00:00
1769371200000,2810.77,2822.0,2784.0,2807.84,200124.187,2026-01-25 20:00:00
1769374800000,2807.84,2823.99,2800.24,2817.0,143271.85,2026-01-25 21:00:00
1769378400000,2817.0,2817.49,2788.0,2806.0,111003.103,2026-01-25 22:00:00
1769382000000,2805.99,2820.2,2785.01,2815.79,150172.103,2026-01-25 23:00:00
1769385600000,2815.78,2845.98,2811.13,2840.43,184191.021,2026-01-26 00:00:00
1769389200000,2840.43,2897.69,2837.38,2881.38,285337.83,2026-01-26 01:00:00
1769392800000,2881.39,2884.24,2861.86,2864.71,135172.004,2026-01-26 02:00:00
1769396400000,2864.72,2871.5,2839.63,2849.59,127566.778,2026-01-26 03:00:00
1769400000000,2849.58,2874.76,2848.5,2864.88,115858.79,2026-01-26 04:00:00
1769403600000,2864.89,2872.0,2858.65,2868.45,51125.58,2026-01-26 05:00:00
1769407200000,2868.44,2890.74,2864.81,2889.81,127963.396,2026-01-26 06:00:00
1769410800000,2889.81,2909.9,2884.0,2902.74,178344.513,2026-01-26 07:00:00
1769414400000,2902.74,2934.45,2895.24,2910.66,243927.823,2026-01-26 08:00:00
1769418000000,2910.67,2912.39,2878.0,2884.45,166735.626,2026-01-26 09:00:00
1769421600000,2884.45,2900.64,2883.33,2894.8,73607.627,2026-01-26 10:00:00
1769425200000,2894.8,2899.96,2886.88,2891.0,47638.218,2026-01-26 11:00:00
1769428800000,2891.0,2915.84,2890.99,2901.54,102091.508,2026-01-26 12:00:00
1769432400000,2901.55,2910.88,2895.58,2908.47,84381.743,2026-01-26 13:00:00
1769436000000,2908.47,2933.92,2872.01,2921.19,470734.732,2026-01-26 14:00:00
1769439600000,2921.19,2950.0,2884.09,2897.99,448627.778,2026-01-26 15:00:00
1769443200000,2897.99,2916.91,2890.04,2900.5,184602.584,2026-01-26 16:00:00
1769446800000,2900.5,2915.81,2883.29,2908.6,129298.448,2026-01-26 17:00:00
1769450400000,2908.6,2932.2,2907.0,2931.55,134629.322,2026-01-26 18:00:00
1769454000000,2931.47,2935.43,2916.52,2922.01,69330.51,2026-01-26 19:00:00
1769457600000,2922.01,2928.0,2896.13,2900.11,70446.437,2026-01-26 20:00:00
1769461200000,2900.11,2944.99,2893.68,2927.77,106615.604,2026-01-26 21:00:00
1769464800000,2927.77,2935.76,2918.64,2925.57,46710.012,2026-01-26 22:00:00
1769468400000,2925.56,2944.66,2916.59,2928.74,92346.944,2026-01-26 23:00:00
1769472000000,2928.75,2929.6,2916.0,2919.34,50517.878,2026-01-27 00:00:00
1769475600000,2919.34,2940.0,2911.0,2931.0,104322.118,2026-01-27 01:00:00
1769479200000,2931.0,2947.98,2930.99,2943.79,73003.9,2026-01-27 02:00:00
1769482800000,2943.79,2947.67,2934.43,2939.4,66017.911,2026-01-27 03:00:00
1769486400000,2939.41,2956.68,2935.03,2939.5,99330.007,2026-01-27 04:00:00
1769490000000,2939.5,2941.38,2932.17,2938.3,47816.75,2026-01-27 05:00:00
1769493600000,2938.29,2941.65,2922.82,2927.87,56714.375,2026-01-27 06:00:00
1769497200000,2927.87,2936.54,2925.95,2927.51,52375.885,2026-01-27 07:00:00
1769500800000,2927.52,2931.6,2918.06,2922.01,59780.38,2026-01-27 08:00:00
1769504400000,2922.0,2922.01,2905.92,2906.76,94070.759,2026-01-27 09:00:00
1769508000000,2906.77,2914.25,2900.01,2902.29,60129.964,2026-01-27 10:00:00
1769511600000,2902.3,2921.56,2897.82,2916.04,79068.277,2026-01-27 11:00:00
1769515200000,2916.04,2927.26,2914.2,2916.8,65551.649,2026-01-27 12:00:00
1769518800000,2916.8,2918.25,2903.98,2911.18,70501.921,2026-01-27 13:00:00
1769522400000,2911.18,2943.0,2904.56,2917.46,283002.676,2026-01-27 14:00:00
1769526000000,2917.46,2941.07,2910.6,2935.77,169122.352,2026-01-27 15:00:00
1769529600000,2935.77,2998.0,2932.62,2989.5,496108.462,2026-01-27 16:00:00
1769533200000,2989.49,2993.11,2916.51,2929.2,399384.803,2026-01-27 17:00:00
1769536800000,2929.19,2988.89,2924.67,2976.85,209670.511,2026-01-27 18:00:00
1769540400000,2976.86,2992.0,2964.19,2979.0,138271.319,2026-01-27 19:00:00
1769544000000,2979.0,3026.48,2977.41,3019.53,278158.694,2026-01-27 20:00:00
1769547600000,3019.54,3029.91,3003.6,3013.88,127613.644,2026-01-27 21:00:00
1769551200000,3013.88,3022.33,3002.03,3017.43,68811.475,2026-01-27 22:00:00
1769554800000,3017.43,3033.67,3009.0,3024.54,115110.265,2026-01-27 23:00:00
1769558400000,3024.55,3028.0,3013.7,3022.69,69028.472,2026-01-28 00:00:00
1769562000000,3022.7,3025.35,3004.85,3016.65,76312.013,2026-01-28 01:00:00
1769565600000,3016.66,3017.0,3003.89,3009.41,52717.634,2026-01-28 02:00:00
1769569200000,3009.41,3011.15,2995.34,3004.01,83961.337,2026-01-28 03:00:00
1769572800000,3004.01,3005.92,2990.94,2998.43,101839.175,2026-01-28 04:00:00
1769576400000,2998.44,3007.86,2995.4,3003.17,60589.472,2026-01-28 05:00:00
1769580000000,3003.16,3017.11,3001.33,3012.88,96303.687,2026-01-28 06:00:00
1769583600000,3012.89,3014.0,3000.46,3003.78,45158.264,2026-01-28 07:00:00
1769587200000,3003.78,3005.74,2987.25,2989.67,84458.321,2026-01-28 08:00:00
1769590800000,2989.68,3016.79,2986.0,3016.49,126413.024,2026-01-28 09:00:00
1769594400000,3016.48,3039.0,3012.1,3024.52,189514.876,2026-01-28 10:00:00
1769598000000,3024.52,3044.99,3012.05,3038.21,152629.581,2026-01-28 11:00:00
1769601600000,3038.21,3039.36,3022.26,3029.85,134199.979,2026-01-28 12:00:00
1769605200000,3029.85,3045.47,3027.78,3033.0,112839.407,2026-01-28 13:00:00
1769608800000,3033.0,3033.6,3006.2,3011.61,215414.292,2026-01-28 14:00:00
1769612400000,3011.62,3020.39,2981.33,3006.4,281877.679,2026-01-28 15:00:00
1769616000000,3006.4,3017.26,2994.57,2998.49,117988.791,2026-01-28 16:00:00
1769619600000,2998.49,3031.0,2987.46,3013.41,154585.527,2026-01-28 17:00:00
1769623200000,3013.41,3023.7,2998.52,3014.14,134035.791,2026-01-28 18:00:00
1769626800000,3014.14,3023.63,2995.0,3015.34,210403.787,2026-01-28 19:00:00
1769630400000,3015.33,3037.0,3006.8,3010.91,132542.435,2026-01-28 20:00:00
1769634000000,3010.9,3022.82,2995.01,3020.34,79082.326,2026-01-28 21:00:00
1769637600000,3020.34,3025.97,3007.08,3017.3,33794.065,2026-01-28 22:00:00
1769641200000,3017.3,3021.68,3006.81,3009.49,34701.367,2026-01-28 23:00:00
1769644800000,3009.48,3012.2,2995.12,3007.88,68287.297,2026-01-29 00:00:00
1769648400000,3007.88,3010.0,2985.05,2991.36,99411.087,2026-01-29 01:00:00
1769652000000,2991.35,2997.85,2942.0,2957.94,307637.007,2026-01-29 02:00:00
1769655600000,2957.95,2971.0,2945.34,2951.0,166837.318,2026-01-29 03:00:00
1769659200000,2950.99,2959.23,2935.8,2957.82,111390.31,2026-01-29 04:00:00
1769662800000,2957.82,2964.29,2946.24,2949.76,67251.736,2026-01-29 05:00:00
1769666400000,2949.76,2958.1,2948.44,2954.64,43539.739,2026-01-29 06:00:00
1769670000000,2954.65,2963.43,2954.05,2960.3,52655.199,2026-01-29 07:00:00
1769673600000,2960.3,2968.81,2941.63,2951.27,149803.345,2026-01-29 08:00:00
1769677200000,2951.26,2954.0,2940.0,2941.04,66084.13,2026-01-29 09:00:00
1769680800000,2941.04,2948.18,2940.0,2943.69,41480.107,2026-01-29 10:00:00
1769684400000,2943.68,2944.5,2917.79,2928.25,204269.751,2026-01-29 11:00:00
1769688000000,2928.24,2937.59,2924.08,2935.18,60577.282,2026-01-29 12:00:00
1769691600000,2935.18,2938.5,2930.27,2934.83,38607.62,2026-01-29 13:00:00
1769695200000,2934.84,2935.8,2874.15,2874.81,358036.998,2026-01-29 14:00:00
1769698800000,2874.82,2876.53,2794.18,2822.7,943614.757,2026-01-29 15:00:00
1769702400000,2822.71,2835.45,2800.23,2833.61,277149.453,2026-01-29 16:00:00
1769706000000,2833.61,2858.83,2817.23,2822.86,296328.562,2026-01-29 17:00:00
1769709600000,2822.87,2833.0,2752.48,2762.57,565198.334,2026-01-29 18:00:00
1769713200000,2762.56,2810.61,2756.09,2796.13,246491.334,2026-01-29 19:00:00
1769716800000,2796.13,2811.59,2787.21,2804.64,116410.527,2026-01-29 20:00:00
1769720400000,2804.64,2824.0,2804.15,2818.61,72150.537,2026-01-29 21:00:00
1769724000000,2818.62,2823.84,2807.94,2818.96,33392.692,2026-01-29 22:00:00
1769727600000,2818.95,2827.25,2811.3,2820.95,52733.044,2026-01-29 23:00:00
1769731200000,2820.94,2827.66,2800.95,2803.37,115705.883,2026-01-30 00:00:00
1769734800000,2803.37,2812.0,2670.0,2745.42,656232.51,2026-01-30 01:00:00
1769738400000,2745.41,2749.67,2697.37,2735.21,349769.133,2026-01-30 02:00:00
1769742000000,2735.2,2746.69,2730.7,2739.43,109082.033,2026-01-30 03:00:00
1769745600000,2739.44,2774.0,2736.43,2751.66,156775.157,2026-01-30 04:00:00
1769749200000,2751.66,2759.33,2745.01,2745.85,64950.425,2026-01-30 05:00:00
1769752800000,2745.84,2747.36,2694.03,2717.01,282058.818,2026-01-30 06:00:00
1769756400000,2717.0,2749.82,2716.67,2738.7,203193.929,2026-01-30 07:00:00
1769760000000,2738.71,2747.77,2720.56,2736.31,120819.776,2026-01-30 08:00:00
1769763600000,2736.32,2742.94,2708.3,2720.81,137443.076,2026-01-30 09:00:00
1769767200000,2720.8,2735.79,2709.29,2734.75,111103.046,2026-01-30 10:00:00
1769770800000,2734.75,2767.92,2733.17,2758.29,170384.759,2026-01-30 11:00:00
1769774400000,2758.29,2765.71,2735.55,2739.27,131079.198,2026-01-30 12:00:00
1769778000000,2739.27,2750.89,2717.4,2728.63,173153.043,2026-01-30 13:00:00
1769781600000,2728.64,2763.46,2722.28,2736.31,302200.323,2026-01-30 14:00:00
1769785200000,2736.31,2751.72,2691.58,2727.54,447634.27,2026-01-30 15:00:00
1769788800000,2727.53,2742.8,2703.92,2725.11,247946.924,2026-01-30 16:00:00
1769792400000,2725.11,2739.64,2705.0,2711.34,209206.041,2026-01-30 17:00:00
1769796000000,2711.33,2749.61,2633.66,2739.2,719567.01,2026-01-30 18:00:00
1769799600000,2739.19,2759.9,2733.05,2740.99,239023.532,2026-01-30 19:00:00
1769803200000,2740.99,2741.44,2662.81,2678.76,420099.458,2026-01-30 20:00:00
1769806800000,2678.75,2714.54,2675.57,2703.3,138215.561,2026-01-30 21:00:00
1769810400000,2703.31,2708.33,2691.01,2708.24,41671.581,2026-01-30 22:00:00
1769814000000,2708.25,2710.62,2692.35,2705.47,46523.936,2026-01-30 23:00:00
1769817600000,2705.48,2713.61,2701.09,2704.85,47478.895,2026-01-31 00:00:00
1769821200000,2704.84,2712.9,2697.35,2698.49,49197.385,2026-01-31 01:00:00
1769824800000,2698.49,2707.86,2682.79,2700.18,88327.195,2026-01-31 02:00:00
1769828400000,2700.17,2705.3,2693.25,2694.27,39721.922,2026-01-31 03:00:00
1769832000000,2694.27,2703.83,2691.77,2694.59,41255.497,2026-01-31 04:00:00
1769835600000,2694.6,2702.21,2689.55,2696.96,51652.853,2026-01-31 05:00:00
1769839200000,2696.96,2699.8,2682.33,2691.84,76480.45,2026-01-31 06:00:00
1769842800000,2691.84,2693.0,2666.18,2678.99,120517.272,2026-01-31 07:00:00
1769846400000,2678.98,2682.44,2606.74,2642.59,553182.991,2026-01-31 08:00:00
1769850000000,2642.59,2658.95,2632.0,2646.97,159765.742,2026-01-31 09:00:00
1769853600000,2646.97,2654.06,2634.55,2650.18,82241.796,2026-01-31 10:00:00
1769857200000,2650.17,2650.18,2632.84,2639.11,76799.699,2026-01-31 11:00:00
1769860800000,2639.1,2643.38,2626.0,2631.91,147009.097,2026-01-31 12:00:00
1769864400000,2631.91,2636.14,2616.0,2627.53,157440.523,2026-01-31 13:00:00
1769868000000,2627.52,2634.99,2495.28,2536.96,1086201.985,2026-01-31 14:00:00
1769871600000,2536.95,2554.63,2523.74,2532.6,296626.594,2026-01-31 15:00:00
1769875200000,2532.61,2550.47,2465.66,2481.09,719494.96,2026-01-31 16:00:00
1769878800000,2481.09,2493.79,2355.64,2401.38,1217580.243,2026-01-31 17:00:00
1769882400000,2401.37,2415.77,2237.0,2378.69,1226447.029,2026-01-31 18:00:00
1769886000000,2378.69,2432.42,2370.03,2381.49,578500.054,2026-01-31 19:00:00
1769889600000,2381.5,2407.33,2352.0,2381.0,289604.876,2026-01-31 20:00:00
1769893200000,2381.0,2423.46,2371.09,2417.95,232660.946,2026-01-31 21:00:00
1769896800000,2417.94,2423.86,2404.29,2417.71,94601.696,2026-01-31 22:00:00
1769900400000,2417.71,2472.83,2415.27,2450.74,277488.92,2026-01-31 23:00:00
1769904000000,2450.73,2474.95,2444.55,2450.6,149374.201,2026-02-01 00:00:00
1769907600000,2450.6,2454.49,2427.53,2443.34,153870.746,2026-02-01 01:00:00
1769911200000,2443.34,2460.69,2439.0,2451.18,96904.201,2026-02-01 02:00:00
1769914800000,2451.18,2455.48,2436.01,2444.24,67022.537,2026-02-01 03:00:00
1769918400000,2444.24,2453.54,2440.09,2447.01,69459.586,2026-02-01 04:00:00
1769922000000,2447.01,2448.75,2422.07,2429.5,145163.571,2026-02-01 05:00:00
1769925600000,2429.49,2438.92,2406.11,2417.1,138312.736,2026-02-01 06:00:00
1769929200000,2417.09,2440.0,2391.64,2410.31,272557.951,2026-02-01 07:00:00
1769932800000,2410.31,2428.29,2395.0,2412.08,225416.753,2026-02-01 08:00:00
1769936400000,2412.08,2436.72,2405.41,2431.27,114526.024,2026-02-01 09:00:00
1769940000000,2431.28,2438.0,2374.55,2379.67,296011.524,2026-02-01 10:00:00
1769943600000,2379.67,2422.46,2379.66,2410.89,190658.327,2026-02-01 11:00:00
1769947200000,2410.89,2411.59,2381.0,2394.76,151867.977,2026-02-01 12:00:00
1769950800000,2394.75,2409.44,2367.36,2379.97,156245.763,2026-02-01 13:00:00
1769954400000,2379.97,2388.81,2325.01,2371.57,527334.624,2026-02-01 14:00:00
1769958000000,2371.58,2371.95,2285.15,2314.74,677307.461,2026-02-01 15:00:00
1769961600000,2314.73,2333.0,2282.38,2303.14,436046.229,2026-02-01 16:00:00
1769965200000,2303.14,2320.83,2295.61,2313.24,198040.344,2026-02-01 17:00:00
1769968800000,2313.25,2377.86,2312.17,2350.14,344527.609,2026-02-01 18:00:00
1769972400000,2350.14,2357.66,2305.51,2319.67,184297.187,2026-02-01 19:00:00
1769976000000,2319.66,2349.0,2297.58,2315.41,196043.449,2026-02-01 20:00:00
1769979600000,2315.4,2318.95,2275.88,2289.67,190243.516,2026-02-01 21:00:00
1769983200000,2289.68,2334.17,2286.03,2318.2,168179.939,2026-02-01 22:00:00
1769986800000,2318.2,2320.32,2218.0,2269.4,638101.616,2026-02-01 23:00:00
1769990400000,2269.39,2323.34,2241.14,2291.75,296226.102,2026-02-02 00:00:00
1769994000000,2291.76,2318.18,2248.53,2289.68,309976.309,2026-02-02 01:00:00
1769997600000,2289.68,2299.54,2258.01,2261.09,207766.493,2026-02-02 02:00:00
1770001200000,2261.09,2266.6,2162.32,2237.65,1003698.443,2026-02-02 03:00:00
1770004800000,2237.66,2267.93,2206.0,2239.52,386494.386,2026-02-02 04:00:00
1770008400000,2239.52,2242.07,2182.04,2197.26,464575.475,2026-02-02 05:00:00
1770012000000,2197.26,2240.71,2155.0,2226.08,718874.876,2026-02-02 06:00:00
1770015600000,2226.08,2253.0,2214.78,2227.3,324220.878,2026-02-02 07:00:00
1770019200000,2227.3,2259.0,2227.3,2248.18,225720.528,2026-02-02 08:00:00
1770022800000,2248.18,2318.64,2236.0,2289.99,534929.171,2026-02-02 09:00:00
1770026400000,2290.0,2298.57,2271.49,2276.64,215306.437,2026-02-02 10:00:00
1770030000000,2276.64,2297.28,2272.01,2281.42,204073.758,2026-02-02 11:00:00
1770033600000,2281.43,2317.72,2280.9,2310.19,261316.314,2026-02-02 12:00:00
1770037200000,2310.19,2334.97,2300.8,2326.39,264378.536,2026-02-02 13:00:00
1770040800000,2326.39,2366.91,2296.37,2327.31,687084.827,2026-02-02 14:00:00
1770044400000,2327.32,2395.92,2318.04,2371.07,598665.781,2026-02-02 15:00:00
1770048000000,2371.07,2385.88,2345.09,2357.07,292160.363,2026-02-02 16:00:00
1770051600000,2357.06,2379.91,2343.11,2354.85,238720.552,2026-02-02 17:00:00
1770055200000,2354.84,2358.75,2331.07,2342.92,185775.65,2026-02-02 18:00:00
1770058800000,2342.92,2348.8,2325.78,2329.41,144420.451,2026-02-02 19:00:00
1770062400000,2329.41,2339.47,2310.7,2320.32,157257.773,2026-02-02 20:00:00
1770066000000,2320.34,2343.89,2317.0,2340.96,92175.583,2026-02-02 21:00:00
1770069600000,2340.97,2353.85,2334.42,2350.0,61990.584,2026-02-02 22:00:00
1770073200000,2350.0,2354.88,2338.0,2345.65,81920.507,2026-02-02 23:00:00
1770076800000,2345.65,2354.65,2323.45,2352.65,120337.24,2026-02-03 00:00:00
1770080400000,2352.65,2358.96,2336.38,2353.31,85200.486,2026-02-03 01:00:00
1770084000000,2353.32,2353.67,2295.25,2297.29,244382.331,2026-02-03 02:00:00
1770087600000,2297.3,2344.5,2281.0,2342.45,340928.037,2026-02-03 03:00:00
1770091200000,2342.46,2354.28,2331.47,2344.54,160598.179,2026-02-03 04:00:00
1770094800000,2344.55,2344.87,2313.0,2315.23,149426.372,2026-02-03 05:00:00
1770098400000,2315.24,2327.91,2297.0,2319.26,197184.796,2026-02-03 06:00:00
1770102000000,2319.25,2332.84,2311.57,2322.08,138945.152,2026-02-03 07:00:00
1770105600000,2322.09,2332.06,2306.95,2314.68,155677.901,2026-02-03 08:00:00
1770109200000,2314.67,2317.93,2260.09,2290.82,426843.131,2026-02-03 09:00:00
1770112800000,2290.81,2298.91,2274.33,2280.43,135754.295,2026-02-03 10:00:00
1770116400000,2280.43,2288.4,2269.06,2275.57,152679.788,2026-02-03 11:00:00
1770120000000,2275.56,2304.75,2271.0,2300.0,188848.198,2026-02-03 12:00:00
1770123600000,2300.0,2316.51,2294.47,2310.88,152491.277,2026-02-03 13:00:00
1770127200000,2310.88,2315.99,2253.22,2255.89,487209.195,2026-02-03 14:00:00
1770130800000,2255.9,2313.84,2250.07,2302.14,636225.979,2026-02-03 15:00:00
1770134400000,2302.14,2302.72,2233.59,2240.0,580439.72,2026-02-03 16:00:00
1770138000000,2240.0,2244.23,2192.01,2194.74,571765.368,2026-02-03 17:00:00
1770141600000,2194.74,2207.81,2106.73,2119.26,1131076.26,2026-02-03 18:00:00
1770145200000,2119.25,2218.0,2110.08,2204.18,829136.78,2026-02-03 19:00:00
1770148800000,2204.18,2344.0,2186.53,2298.37,740684.415,2026-02-03 20:00:00
1770152400000,2298.38,2338.29,2275.0,2282.68,285413.305,2026-02-03 21:00:00
1770156000000,2282.67,2285.29,2228.0,2235.17,241330.899,2026-02-03 22:00:00
1770159600000,2235.15,2247.97,2210.03,2232.41,279498.009,2026-02-03 23:00:00
1770163200000,2232.42,2256.49,2222.22,2239.85,145303.002,2026-02-04 00:00:00
1770166800000,2239.85,2280.94,2239.85,2267.16,200768.007,2026-02-04 01:00:00
1770170400000,2267.15,2275.84,2240.43,2250.55,173033.879,2026-02-04 02:00:00
1770174000000,2250.54,2295.12,2247.45,2282.24,232768.122,2026-02-04 03:00:00
1770177600000,2282.25,2289.0,2269.02,2272.53,88801.53,2026-02-04 04:00:00
1770181200000,2272.54,2279.48,2253.95,2264.36,112620.538,2026-02-04 05:00:00
1770184800000,2264.35,2284.0,2257.03,2276.46,128253.651,2026-02-04 06:00:00
1770188400000,2276.47,2292.2,2262.41,2282.85,183267.928,2026-02-04 07:00:00
1770192000000,2282.84,2285.43,2265.6,2278.71,115857.87,2026-02-04 08:00:00
1770195600000,2278.71,2279.03,2250.0,2259.99,165865.789,2026-02-04 09:00:00
1770199200000,2260.0,2263.59,2249.03,2259.8,93262.394,2026-02-04 10:00:00
1770202800000,2259.8,2267.74,2225.84,2253.71,376923.0,2026-02-04 11:00:00
1770206400000,2253.72,2262.09,2230.43,2243.0,166885.643,2026-02-04 12:00:00
1770210000000,2243.0,2245.45,2195.77,2197.4,340574.708,2026-02-04 13:00:00
1770213600000,2197.39,2226.0,2166.55,2170.79,652448.869,2026-02-04 14:00:00
1770217200000,2170.79,2196.48,2135.08,2150.65,779640.903,2026-02-04 15:00:00
1770220800000,2150.64,2159.96,2104.28,2134.12,762470.196,2026-02-04 16:00:00
1770224400000,2134.12,2154.82,2092.0,2125.49,665469.371,2026-02-04 17:00:00
1770228000000,2125.48,2185.8,2073.83,2147.35,964277.079,2026-02-04 18:00:00
1770231600000,2147.35,2196.69,2130.85,2187.65,342877.261,2026-02-04 19:00:00
1770235200000,2187.65,2192.0,2160.71,2170.98,180258.854,2026-02-04 20:00:00
1770238800000,2170.98,2180.0,2106.84,2128.47,271674.758,2026-02-04 21:00:00
1770242400000,2128.46,2169.31,2085.81,2119.25,307398.498,2026-02-04 22:00:00
1770246000000,2119.26,2165.29,2114.06,2146.9,157559.64,2026-02-04 23:00:00
1770249600000,2146.89,2163.3,2135.58,2148.91,138153.569,2026-02-05 00:00:00
1770253200000,2148.92,2173.66,2122.06,2147.63,285936.871,2026-02-05 01:00:00
1770256800000,2147.63,2162.7,2111.01,2123.42,372164.052,2026-02-05 02:00:00
1770260400000,2123.41,2136.45,2097.21,2109.39,358971.511,2026-02-05 03:00:00
1770264000000,2109.4,2124.81,2076.7,2103.02,483771.624,2026-02-05 04:00:00
1770267600000,2103.01,2123.79,2076.36,2100.78,456696.826,2026-02-05 05:00:00
1770271200000,2100.78,2106.96,2066.5,2086.59,375583.854,2026-02-05 06:00:00
1770274800000,2086.58,2123.0,2084.66,2090.47,323921.298,2026-02-05 07:00:00
1770278400000,2090.48,2120.0,2090.47,2110.68,201787.786,2026-02-05 08:00:00
1770282000000,2110.68,2149.46,2109.74,2132.43,284845.109,2026-02-05 09:00:00
1770285600000,2132.42,2139.64,2085.22,2096.86,289796.716,2026-02-05 10:00:00
1770289200000,2096.86,2104.58,2060.0,2078.87,561870.393,2026-02-05 11:00:00
1770292800000,2078.88,2093.33,2041.15,2062.95,625346.743,2026-02-05 12:00:00
1770296400000,2062.95,2080.0,2048.15,2058.09,329939.154,2026-02-05 13:00:00
1770300000000,2058.08,2106.62,2041.27,2045.55,699914.207,2026-02-05 14:00:00
1770303600000,2045.55,2053.77,1925.35,1959.5,1827155.761,2026-02-05 15:00:00
1770307200000,1959.51,2017.39,1942.67,1997.39,765269.673,2026-02-05 16:00:00
1770310800000,1997.39,2000.31,1941.47,1953.77,652990.841,2026-02-05 17:00:00
1770314400000,1953.76,1968.0,1911.62,1948.89,611091.972,2026-02-05 18:00:00
1770318000000,1948.89,1952.16,1916.27,1927.7,277887.73,2026-02-05 19:00:00
1770321600000,1927.71,1941.86,1823.1,1869.53,1129306.705,2026-02-05 20:00:00
1770325200000,1869.45,1912.37,1838.84,1849.44,645416.799,2026-02-05 21:00:00
1770328800000,1849.44,1889.66,1815.01,1869.74,398836.789,2026-02-05 22:00:00
1770332400000,1869.73,1907.14,1819.12,1825.83,507979.58,2026-02-05 23:00:00
1770336000000,1825.82,1892.89,1740.0,1869.82,1401452.867,2026-02-06 00:00:00
1770339600000,1869.81,1939.61,1868.92,1931.07,602734.933,2026-02-06 01:00:00
1770343200000,1931.07,1947.6,1890.0,1906.67,411268.655,2026-02-06 02:00:00
1770346800000,1906.67,1916.77,1878.39,1891.44,279617.113,2026-02-06 03:00:00
1770350400000,1891.44,1917.54,1885.2,1907.94,189566.869,2026-02-06 04:00:00
1770354000000,1907.94,1975.44,1905.52,1957.7,361661.623,2026-02-06 05:00:00
1770357600000,1957.69,1966.59,1905.01,1907.98,390923.171,2026-02-06 06:00:00
1770361200000,1907.98,1915.0,1885.95,1898.56,346823.134,2026-02-06 07:00:00
1770364800000,1898.55,1906.68,1865.22,1874.4,395900.373,2026-02-06 08:00:00
1770368400000,1874.41,1929.05,1871.0,1918.51,350849.413,2026-02-06 09:00:00
1770372000000,1918.51,1936.3,1908.03,1926.03,254140.694,2026-02-06 10:00:00
1770375600000,1926.04,1939.47,1918.66,1931.65,185346.06,2026-02-06 11:00:00
1770379200000,1931.64,1931.64,1913.64,1920.22,138937.685,2026-02-06 12:00:00
1770382800000,1920.22,1963.86,1918.3,1949.13,355448.604,2026-02-06 13:00:00
1770386400000,1949.13,2003.3,1932.0,1977.97,681681.538,2026-02-06 14:00:00
1770390000000,1977.97,1997.0,1960.0,1979.36,443852.987,2026-02-06 15:00:00
1770393600000,1979.37,2047.23,1969.38,2035.07,704749.688,2026-02-06 16:00:00
1770397200000,2035.06,2089.72,2025.69,2066.55,600197.405,2026-02-06 17:00:00
1770400800000,2066.55,2069.67,2029.01,2044.14,421266.53,2026-02-06 18:00:00
1770404400000,2044.15,2071.57,2032.38,2064.72,239135.657,2026-02-06 19:00:00
1770408000000,2064.73,2093.49,2042.65,2052.93,269603.951,2026-02-06 20:00:00
1770411600000,2052.92,2061.18,2040.95,2053.34,107018.802,2026-02-06 21:00:00
1770415200000,2053.35,2085.0,2045.1,2073.88,134188.518,2026-02-06 22:00:00
1770418800000,2073.87,2087.4,2048.08,2062.5,186919.977,2026-02-06 23:00:00
1770422400000,2062.49,2063.51,2035.23,2042.91,175217.237,2026-02-07 00:00:00
1770426000000,2042.91,2065.92,2032.0,2060.64,147627.865,2026-02-07 01:00:00
1770429600000,2060.64,2064.4,2047.4,2058.01,100228.69,2026-02-07 02:00:00
1770433200000,2058.01,2085.0,2057.1,2079.26,224861.108,2026-02-07 03:00:00
1770436800000,2079.25,2118.53,2077.25,2086.01,422902.86,2026-02-07 04:00:00
1770440400000,2086.0,2103.26,2076.47,2082.6,165859.397,2026-02-07 05:00:00
1770444000000,2082.55,2092.7,2046.0,2046.65,250435.458,2026-02-07 06:00:00
1770447600000,2046.64,2054.92,1993.55,2026.5,710892.687,2026-02-07 07:00:00
1770451200000,2026.5,2031.86,2014.09,2018.44,215314.712,2026-02-07 08:00:00
1770454800000,2018.45,2029.4,2003.62,2013.81,179143.241,2026-02-07 09:00:00
1770458400000,2013.8,2019.24,1998.86,2009.87,138276.445,2026-02-07 10:00:00
1770462000000,2009.86,2021.31,2005.7,2017.97,103387.119,2026-02-07 11:00:00
1770465600000,2017.97,2075.8,2016.11,2040.64,502093.982,2026-02-07 12:00:00
1770469200000,2040.65,2050.36,2027.24,2040.8,158114.364,2026-02-07 13:00:00
1770472800000,2040.8,2049.3,2007.98,2019.54,218499.033,2026-02-07 14:00:00
1770476400000,2019.54,2063.67,2013.33,2051.49,254975.276,2026-02-07 15:00:00
1770480000000,2051.49,2130.0,2002.94,2049.01,2147040.209,2026-02-07 16:00:00
1770483600000,2049.0,2072.5,2031.0,2060.06,209527.501,2026-02-07 17:00:00
1770487200000,2060.06,2109.28,2057.64,2096.15,256781.542,2026-02-07 18:00:00
1770490800000,2096.14,2100.82,2082.54,2090.26,100559.97,2026-02-07 19:00:00
1770494400000,2090.25,2117.95,2083.4,2104.1,115993.499,2026-02-07 20:00:00
1770498000000,2104.11,2109.92,2096.11,2099.76,79487.352,2026-02-07 21:00:00
1770501600000,2099.75,2106.98,2086.21,2088.0,47792.381,2026-02-07 22:00:00
1770505200000,2087.99,2094.76,2072.0,2086.09,95187.052,2026-02-07 23:00:00
1770508800000,2086.1,2093.67,2075.49,2083.24,67251.371,2026-02-08 00:00:00
1770512400000,2083.24,2097.24,2080.88,2095.07,80409.219,2026-02-08 01:00:00
1770516000000,2095.08,2106.72,2081.3,2088.04,110710.973,2026-02-08 02:00:00
1770519600000,2088.05,2092.73,2075.54,2077.92,96994.892,2026-02-08 03:00:00
1770523200000,2077.92,2089.0,2065.0,2086.61,138793.239,2026-02-08 04:00:00
1770526800000,2086.61,2087.91,2077.25,2083.74,63468.557,2026-02-08 05:00:00
1770530400000,2083.74,2088.0,2075.87,2078.48,71812.994,2026-02-08 06:00:00
1770534000000,2078.48,2084.29,2067.5,2083.8,112642.25,2026-02-08 07:00:00
1770537600000,2083.79,2125.25,2077.02,2115.04,277093.153,2026-02-08 08:00:00
1770541200000,2115.04,2122.0,2093.62,2099.31,233975.754,2026-02-08 09:00:00
1770544800000,2099.3,2113.56,2082.17,2094.88,172637.397,2026-02-08 10:00:00
1770548400000,2094.88,2136.89,2093.0,2130.79,274492.872,2026-02-08 11:00:00
1770552000000,2130.8,2144.89,2124.18,2130.08,214298.353,2026-02-08 12:00:00
1770555600000,2130.07,2140.2,2116.81,2125.52,189404.557,2026-02-08 13:00:00
1770559200000,2125.52,2128.5,2115.15,2127.79,95614.251,2026-02-08 14:00:00
1770562800000,2127.78,2130.0,2096.05,2107.47,215798.926,2026-02-08 15:00:00
1770566400000,2107.48,2115.13,2071.39,2080.07,236998.254,2026-02-08 16:00:00
1770570000000,2080.05,2099.32,2079.12,2091.18,135944.904,2026-02-08 17:00:00
1770573600000,2091.19,2123.22,2089.76,2108.26,159448.917,2026-02-08 18:00:00
1770577200000,2108.25,2129.39,2106.58,2125.97,73145.189,2026-02-08 19:00:00
1770580800000,2125.98,2126.34,2099.01,2103.65,72077.462,2026-02-08 20:00:00
1770584400000,2103.65,2114.3,2088.58,2092.89,79171.794,2026-02-08 21:00:00
1770588000000,2092.9,2112.52,2092.67,2107.61,59149.393,2026-02-08 22:00:00
1770591600000,2107.61,2151.45,2070.0,2088.97,421132.213,2026-02-08 23:00:00
1770595200000,2088.97,2096.84,2075.3,2083.44,151703.523,2026-02-09 00:00:00
1770598800000,2083.43,2100.7,2053.59,2070.13,286110.3,2026-02-09 01:00:00
1770602400000,2070.13,2095.0,2064.81,2080.8,136798.144,2026-02-09 02:00:00
1770606000000,2080.8,2102.57,2080.55,2099.14,116256.233,2026-02-09 03:00:00
1770609600000,2099.15,2101.0,2085.3,2089.28,80108.556,2026-02-09 04:00:00
1770613200000,2089.29,2096.72,2082.55,2094.9,71469.432,2026-02-09 05:00:00
1770616800000,2094.9,2094.9,2071.57,2080.92,112600.062,2026-02-09 06:00:00
1770620400000,2080.92,2087.35,2063.01,2064.93,129594.3,2026-02-09 07:00:00
1770624000000,2064.92,2069.96,2033.59,2049.13,317920.129,2026-02-09 08:00:00
1770627600000,2049.13,2057.0,2033.02,2041.49,156564.805,2026-02-09 09:00:00
1770631200000,2041.5,2046.78,2012.27,2022.03,332500.538,2026-02-09 10:00:00
1770634800000,2022.05,2036.34,2020.0,2027.76,158152.942,2026-02-09 11:00:00
1770638400000,2027.76,2038.58,2026.55,2034.83,121673.764,2026-02-09 12:00:00
1770642000000,2034.83,2049.99,2021.44,2021.76,191988.08,2026-02-09 13:00:00
1770645600000,2021.75,2049.0,2007.59,2042.3,437411.87,2026-02-09 14:00:00
1770649200000,2042.3,2072.59,2031.48,2060.31,473852.638,2026-02-09 15:00:00
1770652800000,2060.31,2108.98,2046.24,2090.37,408156.615,2026-02-09 16:00:00
1770656400000,2090.36,2138.0,2076.97,2126.63,421952.213,2026-02-09 17:00:00
1770660000000,2126.63,2143.0,2108.53,2129.99,246076.786,2026-02-09 18:00:00
1770663600000,2130.0,2137.71,2117.64,2130.22,132342.747,2026-02-09 19:00:00
1770667200000,2130.24,2149.57,2117.27,2123.69,206296.119,2026-02-09 20:00:00
1770670800000,2123.69,2129.46,2086.85,2121.07,180147.222,2026-02-09 21:00:00
1770674400000,2121.07,2125.77,2110.04,2114.2,66389.568,2026-02-09 22:00:00
1770678000000,2114.2,2121.67,2100.18,2104.2,65543.414,2026-02-09 23:00:00
1770681600000,2104.21,2111.92,2095.26,2095.76,75092.37,2026-02-10 00:00:00
1770685200000,2095.77,2124.67,2095.25,2116.38,121838.576,2026-02-10 01:00:00
1770688800000,2116.38,2121.24,2101.44,2107.3,67079.557,2026-02-10 02:00:00
1770692400000,2107.31,2110.06,2051.07,2064.3,324734.004,2026-02-10 03:00:00
1770696000000,2064.29,2074.14,2062.0,2069.99,110054.129,2026-02-10 04:00:00
1770699600000,2070.0,2071.89,2043.79,2052.35,171694.974,2026-02-10 05:00:00
1770703200000,2052.35,2057.47,1997.21,2008.99,487694.807,2026-02-10 06:00:00
1770706800000,2008.98,2019.97,2000.0,2007.3,196164.713,2026-02-10 07:00:00
1770710400000,2007.3,2017.4,1994.16,2014.21,243510.026,2026-02-10 08:00:00
1770714000000,2014.22,2029.87,2009.45,2016.43,171278.117,2026-02-10 09:00:00
1770717600000,2016.43,2021.8,2008.36,2013.3,73754.035,2026-02-10 10:00:00
1770721200000,2013.29,2021.85,2000.22,2002.29,149275.183,2026-02-10 11:00:00
1770724800000,2002.3,2016.81,2001.34,2007.23,114843.148,2026-02-10 12:00:00
1770728400000,2007.23,2028.04,1995.7,2021.45,226701.627,2026-02-10 13:00:00
1770732000000,2021.46,2040.12,1985.47,2008.45,551908.711,2026-02-10 14:00:00
1770735600000,2008.45,2029.29,2002.57,2021.63,326077.191,2026-02-10 15:00:00
1770739200000,2021.63,2037.66,2011.15,2025.19,193484.357,2026-02-10 16:00:00
1770742800000,2025.19,2046.66,2018.58,2039.38,148825.283,2026-02-10 17:00:00
1770746400000,2039.38,2041.74,1994.01,2008.34,248759.275,2026-02-10 18:00:00
1770750000000,2008.33,2025.22,2001.99,2017.18,100606.152,2026-02-10 19:00:00
1770753600000,2017.19,2020.66,2003.25,2010.81,69137.413,2026-02-10 20:00:00
1770757200000,2010.8,2017.3,1995.58,2007.86,78829.888,2026-02-10 21:00:00
1770760800000,2007.86,2019.56,2006.34,2016.71,38945.453,2026-02-10 22:00:00
1770764400000,2016.71,2021.99,2011.59,2021.85,43906.534,2026-02-10 23:00:00
1770768000000,2021.84,2028.89,2018.08,2024.43,62594.092,2026-02-11 00:00:00
1770771600000,2024.44,2030.4,2015.55,2023.73,70404.496,2026-02-11 01:00:00
1770775200000,2023.73,2031.6,2013.08,2016.91,92196.934,2026-02-11 02:00:00
1770778800000,2016.9,2020.65,1996.2,2008.65,172568.339,2026-02-11 03:00:00
1770782400000,2008.64,2010.4,1961.42,1970.87,420669.933,2026-02-11 04:00:00
1770786000000,1970.86,1980.97,1970.62,1973.61,112886.64,2026-02-11 05:00:00
1770789600000,1973.6,1976.77,1937.16,1947.99,462160.488,2026-02-11 06:00:00
1770793200000,1947.99,1957.77,1944.21,1949.98,148965.846,2026-02-11 07:00:00
1770796800000,1949.97,1953.24,1934.29,1949.22,212122.906,2026-02-11 08:00:00
1770800400000,1949.22,1953.65,1942.01,1945.8,86747.198,2026-02-11 09:00:00
1770804000000,1945.79,1945.9,1930.15,1938.3,167934.936,2026-02-11 10:00:00
1770807600000,1938.3,1956.0,1936.13,1952.31,140744.558,2026-02-11 11:00:00
1770811200000,1952.3,1966.63,1947.54,1951.2,193244.555,2026-02-11 12:00:00
1770814800000,1951.19,1968.8,1940.86,1959.42,308948.356,2026-02-11 13:00:00
1770818400000,1959.42,2015.15,1936.24,1942.3,883870.075,2026-02-11 14:00:00
1770822000000,1942.29,1949.35,1901.33,1928.06,688211.738,2026-02-11 15:00:00
1770825600000,1928.06,1955.51,1909.05,1914.49,402303.007,2026-02-11 16:00:00
1770829200000,1914.48,1942.15,1908.01,1928.88,252246.36,2026-02-11 17:00:00
1770832800000,1928.88,1947.86,1914.61,1943.26,185932.244,2026-02-11 18:00:00
1770836400000,1943.27,1958.78,1936.0,1951.29,177324.58,2026-02-11 19:00:00
1770840000000,1951.29,1957.93,1939.19,1953.35,110199.063,2026-02-11 20:00:00
1770843600000,1953.34,1987.26,1949.48,1969.37,180984.436,2026-02-11 21:00:00
1770847200000,1969.37,1972.31,1944.17,1950.3,94249.681,2026-02-11 22:00:00
1770850800000,1950.31,1956.0,1930.0,1940.25,129786.347,2026-02-11 23:00:00
1770854400000,1940.26,1962.62,1940.26,1957.68,95419.199,2026-02-12 00:00:00
1770858000000,1957.68,1977.1,1957.68,1964.54,138565.269,2026-02-12 01:00:00
1770861600000,1964.54,1970.95,1953.79,1957.97,128122.216,2026-02-12 02:00:00
1770865200000,1957.97,1968.37,1955.8,1967.68,65076.792,2026-02-12 03:00:00
1770868800000,1967.68,1974.74,1959.26,1964.78,129353.386,2026-02-12 04:00:00
1770872400000,1964.79,1971.2,1952.13,1969.71,131540.243,2026-02-12 05:00:00
1770876000000,1969.71,1982.5,1964.71,1974.29,135010.678,2026-02-12 06:00:00
1770879600000,1974.28,1977.71,1965.3,1967.2,83886.129,2026-02-12 07:00:00
1770883200000,1967.2,1973.5,1956.34,1964.96,122445.998,2026-02-12 08:00:00
1770886800000,1964.96,1989.4,1962.4,1981.34,189541.006,2026-02-12 09:00:00
1770890400000,1981.35,1994.99,1976.39,1993.22,178587.249,2026-02-12 10:00:00
1770894000000,1993.22,2001.28,1982.95,1987.96,165869.163,2026-02-12 11:00:00
1770897600000,1987.94,1989.99,1973.65,1980.0,137649.479,2026-02-12 12:00:00
1770901200000,1979.99,1995.91,1974.59,1994.25,148568.388,2026-02-12 13:00:00
1770904800000,1994.26,1995.35,1972.03,1977.59,242032.368,2026-02-12 14:00:00
1770908400000,1977.59,1984.0,1944.03,1947.59,486349.377,2026-02-12 15:00:00
1770912000000,1947.6,1949.18,1895.34,1908.2,726761.66,2026-02-12 16:00:00
1770915600000,1908.2,1926.99,1901.33,1909.43,247044.361,2026-02-12 17:00:00
1770919200000,1909.43,1924.44,1900.52,1917.76,200561.464,2026-02-12 18:00:00
1770922800000,1917.76,1940.96,1910.32,1924.59,165625.595,2026-02-12 19:00:00
1770926400000,1924.59,1931.36,1908.08,1914.99,89226.338,2026-02-12 20:00:00
1770930000000,1914.98,1927.0,1913.33,1922.76,51523.026,2026-02-12 21:00:00
1770933600000,1922.76,1945.0,1919.38,1942.01,69432.171,2026-02-12 22:00:00
1770937200000,1942.0,1952.25,1938.06,1946.96,103617.421,2026-02-12 23:00:00
1770940800000,1946.96,1953.86,1926.19,1932.34,128143.203,2026-02-13 00:00:00
1770944400000,1932.34,1949.6,1932.34,1942.94,99233.744,2026-02-13 01:00:00
1770948000000,1942.93,1951.89,1939.81,1947.31,82197.762,2026-02-13 02:00:00
1770951600000,1947.31,1957.86,1943.16,1952.73,100570.585,2026-02-13 03:00:00
1770955200000,1952.73,1954.91,1942.61,1943.89,95630.023,2026-02-13 04:00:00
1770958800000,1943.9,1946.18,1932.25,1933.28,117605.965,2026-02-13 05:00:00
1770962400000,1933.29,1938.7,1923.64,1935.81,148421.851,2026-02-13 06:00:00
1770966000000,1935.81,1947.95,1932.0,1935.03,133752.205,2026-02-13 07:00:00
1770969600000,1935.04,1963.95,1933.01,1958.22,165370.498,2026-02-13 08:00:00
1770973200000,1958.22,1966.81,1952.01,1961.1,125803.982,2026-02-13 09:00:00
1770976800000,1961.11,1969.65,1955.58,1958.43,143882.977,2026-02-13 10:00:00
1770980400000,1958.43,1961.5,1943.0,1959.36,147077.045,2026-02-13 11:00:00
1770984000000,1959.37,1964.42,1951.68,1959.93,84724.258,2026-02-13 12:00:00
1770987600000,1959.93,1981.06,1955.0,1969.69,305756.451,2026-02-13 13:00:00
1770991200000,1969.69,2002.1,1962.07,1990.16,528984.791,2026-02-13 14:00:00
1770994800000,1990.17,2049.93,1986.14,2033.86,787081.533,2026-02-13 15:00:00
1770998400000,2033.85,2072.54,2030.15,2060.58,484314.831,2026-02-13 16:00:00
1771002000000,2060.59,2067.35,2048.12,2058.2,184939.61,2026-02-13 17:00:00
1771005600000,2058.2,2063.74,2049.38,2056.4,124194.633,2026-02-13 18:00:00
1771009200000,2056.4,2060.79,2050.69,2056.79,97285.609,2026-02-13 19:00:00
1771012800000,2056.8,2058.88,2038.21,2044.67,94252.146,2026-02-13 20:00:00
1771016400000,2044.68,2057.96,2044.08,2052.92,51149.49,2026-02-13 21:00:00
1771020000000,2052.92,2058.86,2044.0,2053.49,49566.995,2026-02-13 22:00:00
1771023600000,2053.49,2053.49,2045.62,2047.82,35642.467,2026-02-13 23:00:00
1771027200000,2047.81,2055.08,2041.05,2054.14,58784.399,2026-02-14 00:00:00
1771030800000,2054.14,2056.87,2049.5,2053.33,38683.045,2026-02-14 01:00:00
1771034400000,2053.33,2053.62,2047.08,2049.35,38206.248,2026-02-14 02:00:00
1771038000000,2049.35,2055.28,2047.46,2053.52,34566.572,2026-02-14 03:00:00
1771041600000,2053.53,2057.5,2051.62,2052.5,49479.275,2026-02-14 04:00:00
1771045200000,2052.5,2055.37,2049.7,2050.01,38632.748,2026-02-14 05:00:00
1771048800000,2050.01,2053.59,2047.15,2052.52,41071.566,2026-02-14 06:00:00
1771052400000,2052.52,2059.73,2049.55,2056.01,54837.574,2026-02-14 07:00:00
1771056000000,2056.01,2091.83,2056.0,2081.19,297367.052,2026-02-14 08:00:00
1771059600000,2081.2,2087.8,2074.44,2077.34,109959.416,2026-02-14 09:00:00
1771063200000,2077.34,2077.35,2071.34,2076.3,53397.615,2026-02-14 10:00:00
1771066800000,2076.31,2107.55,2076.3,2098.2,276976.08,2026-02-14 11:00:00
1771070400000,2098.19,2099.1,2066.6,2070.28,257221.5,2026-02-14 12:00:00
1771074000000,2070.29,2075.59,2063.19,2070.91,150822.993,2026-02-14 13:00:00
1771077600000,2070.9,2088.57,2068.23,2084.32,129249.776,2026-02-14 14:00:00
1771081200000,2084.33,2093.89,2079.05,2086.4,120991.976,2026-02-14 15:00:00
1771084800000,2086.4,2087.18,2066.71,2081.97,179187.996,2026-02-14 16:00:00
1771088400000,2081.97,2088.6,2076.29,2079.49,84387.203,2026-02-14 17:00:00
1771092000000,2079.49,2085.95,2078.0,2084.75,47359.081,2026-02-14 18:00:00
1771095600000,2084.76,2090.11,2077.16,2087.67,53618.478,2026-02-14 19:00:00
1771099200000,2087.66,2092.43,2079.69,2088.86,48116.595,2026-02-14 20:00:00
1771102800000,2088.86,2098.87,2077.31,2084.99,97956.423,2026-02-14 21:00:00
1771106400000,2084.99,2094.37,2082.2,2089.52,53233.268,2026-02-14 22:00:00
1771110000000,2089.52,2092.58,2082.22,2085.65,38857.133,2026-02-14 23:00:00
1771113600000,2085.65,2089.64,2071.04,2079.26,85345.932,2026-02-15 00:00:00
1771117200000,2079.25,2084.33,2052.49,2063.01,217768.939,2026-02-15 01:00:00
1771120800000,2063.01,2071.65,2043.49,2058.51,176921.005,2026-02-15 02:00:00
1771124400000,2058.52,2062.49,2035.12,2058.4,274079.438,2026-02-15 03:00:00
1771128000000,2058.4,2086.78,2058.4,2075.68,255129.56,2026-02-15 04:00:00
1771131600000,2075.68,2096.05,2074.1,2087.74,128180.445,2026-02-15 05:00:00
1771135200000,2087.74,2094.3,2081.05,2085.03,80596.9,2026-02-15 06:00:00
1771138800000,2085.04,2102.8,2081.62,2090.92,144298.205,2026-02-15 07:00:00
1771142400000,2090.92,2096.52,2053.95,2068.25,233320.005,2026-02-15 08:00:00
1771146000000,2068.25,2078.6,2065.03,2067.72,93386.919,2026-02-15 09:00:00
1771149600000,2067.72,2069.33,2053.06,2060.84,120084.852,2026-02-15 10:00:00
1771153200000,2060.83,2066.27,2057.16,2061.29,49932.702,2026-02-15 11:00:00
1771156800000,2061.29,2069.0,2009.13,2009.55,347104.349,2026-02-15 12:00:00
1771160400000,2009.54,2027.0,1992.0,2001.53,440742.72,2026-02-15 13:00:00
1771164000000,2001.54,2011.68,1990.62,2009.53,179870.724,2026-02-15 14:00:00
1771167600000,2009.54,2014.6,2001.24,2010.41,103702.618,2026-02-15 15:00:00
1771171200000,2010.42,2010.42,1991.32,2005.46,147739.106,2026-02-15 16:00:00
1771174800000,2005.46,2008.5,1956.0,1970.18,369950.711,2026-02-15 17:00:00
1771178400000,1970.19,1980.51,1951.0,1958.43,275321.274,2026-02-15 18:00:00
1771182000000,1958.44,1961.07,1928.0,1941.03,346082.294,2026-02-15 19:00:00
1771185600000,1941.03,1958.58,1933.01,1949.41,131127.924,2026-02-15 20:00:00
1771189200000,1949.41,1967.3,1948.98,1957.32,94155.193,2026-02-15 21:00:00
1771192800000,1957.32,1975.25,1955.48,1969.64,93338.376,2026-02-15 22:00:00
1771196400000,1969.63,1969.99,1942.44,1965.39,140699.205,2026-02-15 23:00:00
1771200000000,1965.39,1978.51,1962.29,1968.43,112092.968,2026-02-16 00:00:00
1771203600000,1968.43,1980.54,1955.59,1962.04,112209.825,2026-02-16 01:00:00
1771207200000,1962.04,1966.06,1951.29,1956.14,86795.935,2026-02-16 02:00:00
1771210800000,1956.15,1958.92,1946.01,1957.83,88553.177,2026-02-16 03:00:00
1771214400000,1957.84,1972.54,1957.51,1972.01,101024.255,2026-02-16 04:00:00
1771218000000,1972.01,1973.42,1951.3,1957.01,94565.673,2026-02-16 05:00:00
1771221600000,1957.0,1967.2,1955.0,1966.17,57342.8,2026-02-16 06:00:00
1771225200000,1966.17,1977.77,1963.53,1970.34,139870.611,2026-02-16 07:00:00
1771228800000,1970.34,1977.7,1968.91,1976.17,72240.337,2026-02-16 08:00:00
1771232400000,1976.17,1993.77,1975.12,1986.55,191527.145,2026-02-16 09:00:00
1771236000000,1986.54,1987.99,1976.39,1977.81,73518.705,2026-02-16 10:00:00
1771239600000,1977.82,1983.5,1955.78,1975.37,217717.56,2026-02-16 11:00:00
1771243200000,1975.38,2009.33,1971.71,2005.5,267296.596,2026-02-16 12:00:00
1771246800000,2005.5,2024.0,1960.01,1966.9,564274.302,2026-02-16 13:00:00
1771250400000,1966.91,1982.7,1953.31,1972.09,222290.154,2026-02-16 14:00:00
1771254000000,1972.08,1985.74,1935.87,1955.8,376927.14,2026-02-16 15:00:00
1771257600000,1955.8,1979.54,1955.1,1972.69,206006.15,2026-02-16 16:00:00
1771261200000,1972.68,1987.52,1963.1,1977.9,165436.768,2026-02-16 17:00:00
1771264800000,1977.91,1985.52,1966.29,1968.08,80332.848,2026-02-16 18:00:00
1771268400000,1968.08,1979.0,1965.03,1973.29,45748.369,2026-02-16 19:00:00
1771272000000,1973.29,1994.6,1970.04,1992.15,88936.131,2026-02-16 20:00:00
1771275600000,1992.16,2003.55,1984.96,1997.95,80613.556,2026-02-16 21:00:00
1771279200000,1997.95,2001.81,1983.48,1988.96,81567.298,2026-02-16 22:00:00
1771282800000,1988.95,2002.52,1987.62,1997.28,64910.525,2026-02-16 23:00:00
1771286400000,1997.28,2005.59,1992.42,1997.47,67251.806,2026-02-17 00:00:00
1771290000000,1997.47,2007.78,1989.41,1990.4,98133.317,2026-02-17 01:00:00
1771293600000,1990.39,2008.8,1978.03,1997.65,173569.903,2026-02-17 02:00:00
1771297200000,1997.65,1998.34,1983.63,1985.01,80397.064,2026-02-17 03:00:00
1771300800000,1985.0,1998.23,1981.01,1988.54,83315.03,2026-02-17 04:00:00
1771304400000,1988.54,1990.34,1963.41,1974.71,159927.098,2026-02-17 05:00:00
1771308000000,1974.7,1984.0,1974.45,1979.82,66518.467,2026-02-17 06:00:00
1771311600000,1979.82,1987.25,1972.13,1984.66,76345.489,2026-02-17 07:00:00
1771315200000,1984.66,1989.99,1972.43,1975.71,94609.022,2026-02-17 08:00:00
1771318800000,1975.71,1979.0,1968.32,1974.99,75905.376,2026-02-17 09:00:00
1771322400000,1974.99,1976.84,1960.27,1965.99,99299.324,2026-02-17 10:00:00
1771326000000,1966.0,1972.15,1963.01,1967.68,76271.367,2026-02-17 11:00:00
1771329600000,1967.67,1977.0,1966.26,1968.98,81392.692,2026-02-17 12:00:00
1771333200000,1968.98,1999.59,1963.2,1989.59,211023.422,2026-02-17 13:00:00
1771336800000,1989.59,2002.0,1942.68,1947.65,511896.114,2026-02-17 14:00:00
1771340400000,1947.66,1969.2,1940.01,1967.53,341598.263,2026-02-17 15:00:00
1771344000000,1967.53,2009.81,1966.3,1979.39,422216.355,2026-02-17 16:00:00
1771347600000,1979.39,1983.69,1952.47,1965.05,270230.177,2026-02-17 17:00:00
1771351200000,1965.04,2007.36,1960.39,1997.95,241569.544,2026-02-17 18:00:00
1771354800000,1997.95,2014.99,1993.69,1997.35,172188.929,2026-02-17 19:00:00
1771358400000,1997.36,2000.85,1985.63,1993.85,109050.419,2026-02-17 20:00:00
1771362000000,1993.86,2002.22,1991.0,1998.89,45435.435,2026-02-17 21:00:00
1771365600000,1998.89,2003.65,1990.0,1993.0,42966.159,2026-02-17 22:00:00
1771369200000,1993.0,1997.51,1988.65,1990.91,49828.293,2026-02-17 23:00:00
1771372800000,1990.91,1997.2,1979.4,1980.55,100138.281,2026-02-18 00:00:00
1771376400000,1980.54,1983.29,1967.0,1977.06,137661.698,2026-02-18 01:00:00
1771380000000,1977.06,1991.9,1976.4,1986.5,89337.334,2026-02-18 02:00:00
1771383600000,1986.5,1999.55,1985.51,1995.61,79166.699,2026-02-18 03:00:00
1771387200000,1995.62,2001.7,1991.83,1998.18,71311.8,2026-02-18 04:00:00
1771390800000,1998.17,2001.99,1994.62,1995.12,51185.428,2026-02-18 05:00:00
1771394400000,1995.12,2007.62,1994.32,2000.99,80468.506,2026-02-18 06:00:00
1771398000000,2001.0,2023.0,1995.26,2017.0,198021.261,2026-02-18 07:00:00
1771401600000,2017.0,2038.33,2015.73,2019.6,232799.293,2026-02-18 08:00:00
1771405200000,2019.59,2022.0,2014.08,2015.58,66316.099,2026-02-18 09:00:00
1771408800000,2015.59,2017.12,1994.06,1996.28,168653.225,2026-02-18 10:00:00
1771412400000,1996.28,1997.5,1975.6,1980.2,230821.862,2026-02-18 11:00:00
1771416000000,1980.2,1988.52,1970.26,1981.41,160288.697,2026-02-18 12:00:00
1771419600000,1981.41,1991.66,1960.01,1969.71,234275.122,2026-02-18 13:00:00
1771423200000,1969.7,1975.99,1953.0,1973.73,316599.936,2026-02-18 14:00:00
1771426800000,1973.73,2009.46,1972.5,1984.46,409769.615,2026-02-18 15:00:00
1771430400000,1984.45,1984.88,1963.82,1970.8,268622.707,2026-02-18 16:00:00
1771434000000,1970.8,1987.5,1969.91,1973.34,111310.758,2026-02-18 17:00:00
1771437600000,1973.34,1976.78,1946.0,1951.36,295971.843,2026-02-18 18:00:00
1771441200000,1951.36,1960.84,1921.81,1940.16,320076.855,2026-02-18 19:00:00
1771444800000,1940.14,1951.7,1934.19,1938.48,113022.475,2026-02-18 20:00:00
1771448400000,1938.49,1947.43,1934.7,1940.83,53365.003,2026-02-18 21:00:00
1771452000000,1940.83,1949.27,1938.53,1947.5,30884.847,2026-02-18 22:00:00
1771455600000,1947.49,1955.84,1943.33,1955.07,59409.076,2026-02-18 23:00:00
1771459200000,1955.07,1960.35,1949.27,1955.52,48406.909,2026-02-19 00:00:00
1771462800000,1955.51,1973.65,1955.31,1966.0,112674.423,2026-02-19 01:00:00
1771466400000,1966.01,1972.0,1961.54,1967.03,72071.096,2026-02-19 02:00:00
1771470000000,1967.03,1972.61,1962.01,1971.42,59367.343,2026-02-19 03:00:00
1771473600000,1971.42,1979.7,1967.5,1968.24,101636.074,2026-02-19 04:00:00
1771477200000,1968.24,1971.74,1963.0,1969.34,71183.58,2026-02-19 05:00:00
1771480800000,1969.34,1984.33,1968.98,1981.95,97370.974,2026-02-19 06:00:00
1771484400000,1981.94,1986.5,1977.59,1980.71,93406.513,2026-02-19 07:00:00
1771488000000,1980.7,1981.62,1965.21,1969.74,127209.985,2026-02-19 08:00:00
1771491600000,1969.75,1979.72,1960.58,1963.14,109577.849,2026-02-19 09:00:00
1771495200000,1963.14,1967.78,1956.63,1958.84,107315.198,2026-02-19 10:00:00
1771498800000,1958.84,1963.71,1946.57,1948.81,116367.689,2026-02-19 11:00:00
1771502400000,1948.81,1955.38,1944.22,1946.79,126419.395,2026-02-19 12:00:00
1771506000000,1946.79,1947.61,1909.74,1920.57,470960.607,2026-02-19 13:00:00
1771509600000,1920.58,1947.77,1910.58,1936.09,381769.072,2026-02-19 14:00:00
1771513200000,1936.1,1946.86,1911.41,1925.31,396944.93,2026-02-19 15:00:00
1771516800000,1925.31,1929.0,1905.69,1921.17,252106.565,2026-02-19 16:00:00
1771520400000,1921.17,1943.48,1909.18,1919.8,247010.414,2026-02-19 17:00:00
1771524000000,1919.79,1943.8,1915.6,1938.76,165662.852,2026-02-19 18:00:00
1771527600000,1938.76,1947.12,1926.26,1939.97,108161.782,2026-02-19 19:00:00
1771531200000,1939.97,1951.95,1933.47,1949.02,84635.413,2026-02-19 20:00:00
1771534800000,1949.02,1951.98,1944.18,1947.62,47169.738,2026-02-19 21:00:00
1771538400000,1947.62,1947.78,1936.04,1943.2,41877.032,2026-02-19 22:00:00
1771542000000,1943.2,1950.58,1941.22,1948.0,42625.935,2026-02-19 23:00:00
1771545600000,1947.99,1963.79,1946.22,1956.28,107759.682,2026-02-20 00:00:00
1771549200000,1956.29,1960.5,1948.7,1952.84,53833.917,2026-02-20 01:00:00
1771552800000,1952.85,1955.8,1946.69,1948.38,62295.755,2026-02-20 02:00:00
1771556400000,1948.39,1959.79,1948.38,1954.03,64722.23,2026-02-20 03:00:00
1771560000000,1954.04,1955.2,1928.72,1938.42,211817.189,2026-02-20 04:00:00
1771563600000,1938.43,1965.41,1935.23,1954.35,159952.082,2026-02-20 05:00:00
1771567200000,1954.36,1959.9,1947.69,1957.51,81639.576,2026-02-20 06:00:00
1771570800000,1957.52,1968.04,1955.83,1959.59,105751.104,2026-02-20 07:00:00
1771574400000,1959.59,1965.91,1955.41,1958.74,83538.069,2026-02-20 08:00:00
1771578000000,1958.74,1970.99,1958.7,1966.67,106008.052,2026-02-20 09:00:00
1771581600000,1966.68,1973.11,1955.24,1956.6,102332.254,2026-02-20 10:00:00
1771585200000,1956.6,1956.64,1939.43,1943.0,180038.496,2026-02-20 11:00:00
1771588800000,1943.0,1952.32,1941.35,1948.94,82477.809,2026-02-20 12:00:00
1771592400000,1948.95,1948.95,1921.7,1933.21,279356.208,2026-02-20 13:00:00
1771596000000,1933.22,1953.79,1932.11,1942.85,212116.323,2026-02-20 14:00:00
1771599600000,1942.84,1979.99,1933.57,1963.0,605286.679,2026-02-20 15:00:00
1771603200000,1963.0,1973.09,1952.18,1967.66,272863.118,2026-02-20 16:00:00
1771606800000,1967.66,1970.3,1938.02,1965.69,304374.905,2026-02-20 17:00:00
1771610400000,1965.69,1980.96,1958.29,1974.61,232794.592,2026-02-20 18:00:00
1771614000000,1974.61,1977.25,1960.6,1962.7,86072.051,2026-02-20 19:00:00
1771617600000,1962.7,1970.22,1960.6,1969.8,30520.085,2026-02-20 20:00:00
1771621200000,1969.8,1974.18,1965.74,1973.38,43008.627,2026-02-20 21:00:00
1771624800000,1973.38,1973.38,1963.24,1970.16,36814.941,2026-02-20 22:00:00
1771628400000,1970.16,1972.62,1962.3,1967.7,49024.966,2026-02-20 23:00:00
1771632000000,1967.7,1968.3,1960.15,1962.28,41793.833,2026-02-21 00:00:00
1771635600000,1962.29,1968.6,1962.0,1965.43,31781.49,2026-02-21 01:00:00
1771639200000,1965.43,1969.73,1963.74,1964.76,35802.353,2026-02-21 02:00:00
1771642800000,1964.76,1965.2,1954.62,1958.4,69128.391,2026-02-21 03:00:00
1771646400000,1958.4,1962.6,1955.15,1961.51,36263.008,2026-02-21 04:00:00
1771650000000,1961.5,1963.83,1960.3,1961.71,29507.079,2026-02-21 05:00:00
1771653600000,1961.7,1965.36,1959.4,1960.56,41588.201,2026-02-21 06:00:00
1771657200000,1960.56,1964.29,1959.12,1961.99,20634.611,2026-02-21 07:00:00
1771660800000,1962.0,1970.3,1961.22,1967.89,51556.274,2026-02-21 08:00:00
1771664400000,1967.89,1976.98,1966.03,1969.1,117720.381,2026-02-21 09:00:00
1771668000000,1969.1,1974.0,1969.0,1973.2,44094.468,2026-02-21 10:00:00
1771671600000,1973.2,1987.99,1972.66,1976.06,169742.337,2026-02-21 11:00:00
1771675200000,1976.05,1977.4,1967.75,1975.16,80615.899,2026-02-21 12:00:00
1771678800000,1975.16,1980.98,1971.66,1980.34,63171.366,2026-02-21 13:00:00
1771682400000,1980.34,1995.75,1977.68,1986.5,199685.682,2026-02-21 14:00:00
1771686000000,1986.5,1992.6,1982.34,1987.04,77593.357,2026-02-21 15:00:00
1771689600000,1987.04,1989.52,1975.08,1985.51,142819.056,2026-02-21 16:00:00
1771693200000,1985.5,1991.71,1983.09,1987.95,44267.314,2026-02-21 17:00:00
1771696800000,1987.94,1994.7,1986.62,1991.15,54511.22,2026-02-21 18:00:00
1771700400000,1991.16,1993.79,1986.7,1987.56,23429.022,2026-02-21 19:00:00
1771704000000,1987.57,1990.5,1970.36,1973.26,94833.466,2026-02-21 20:00:00
1771707600000,1973.27,1981.88,1966.76,1981.04,76449.595,2026-02-21 21:00:00
1771711200000,1981.04,1981.7,1971.2,1973.59,36602.694,2026-02-21 22:00:00
1771714800000,1973.59,1977.5,1970.21,1972.67,30585.846,2026-02-21 23:00:00
1771718400000,1972.67,1974.63,1966.2,1972.18,63140.939,2026-02-22 00:00:00
1771722000000,1972.19,1979.1,1971.69,1976.61,58755.352,2026-02-22 01:00:00
1771725600000,1976.6,1982.4,1971.0,1971.59,57298.286,2026-02-22 02:00:00
1771729200000,1971.6,1975.57,1966.01,1973.94,71007.374,2026-02-22 03:00:00
1771732800000,1973.94,1975.58,1970.18,1972.99,37189.964,2026-02-22 04:00:00
1771736400000,1972.99,1974.4,1970.08,1974.19,26372.838,2026-02-22 05:00:00
1771740000000,1974.2,1978.57,1973.4,1975.11,43630.001,2026-02-22 06:00:00
1771743600000,1975.11,1977.89,1973.4,1975.14,30726.9,2026-02-22 07:00:00
1771747200000,1975.15,1976.5,1969.19,1972.67,44570.097,2026-02-22 08:00:00
1771750800000,1972.67,1975.5,1970.85,1974.98,28583.899,2026-02-22 09:00:00
1771754400000,1974.98,1979.82,1973.91,1976.42,44580.425,2026-02-22 10:00:00
1771758000000,1976.42,1982.61,1976.42,1979.85,58264.448,2026-02-22 11:00:00
1771761600000,1979.85,1980.59,1960.3,1965.66,199571.152,2026-02-22 12:00:00
1771765200000,1965.67,1968.0,1944.03,1950.28,270849.117,2026-02-22 13:00:00
1771768800000,1950.28,1954.43,1942.29,1949.94,141850.865,2026-02-22 14:00:00
1771772400000,1949.94,1957.97,1945.0,1952.89,103716.428,2026-02-22 15:00:00
1771776000000,1952.89,1954.63,1946.56,1951.66,67321.657,2026-02-22 16:00:00
1771779600000,1951.7,1952.88,1932.5,1939.31,174451.181,2026-02-22 17:00:00
1771783200000,1939.3,1943.39,1937.5,1941.98,37334.849,2026-02-22 18:00:00
1771786800000,1941.97,1945.0,1939.37,1942.99,28551.657,2026-02-22 19:00:00
1771790400000,1943.0,1945.0,1939.0,1940.01,22001.501,2026-02-22 20:00:00
1771794000000,1940.02,1951.39,1940.02,1949.38,39981.264,2026-02-22 21:00:00
1771797600000,1949.38,1960.62,1945.27,1957.12,72375.737,2026-02-22 22:00:00
1771801200000,1957.12,1960.0,1947.52,1956.92,62290.774,2026-02-22 23:00:00
1771804800000,1956.93,1957.56,1926.0,1928.39,155714.858,2026-02-23 00:00:00
1771808400000,1928.39,1928.4,1845.02,1855.2,1135403.389,2026-02-23 01:00:00
1771812000000,1855.19,1867.82,1849.32,1861.91,238104.165,2026-02-23 02:00:00
1771815600000,1861.91,1871.0,1854.67,1861.58,141174.449,2026-02-23 03:00:00
1771819200000,1861.58,1863.66,1850.22,1858.68,119445.407,2026-02-23 04:00:00
1771822800000,1858.68,1869.24,1858.43,1864.6,145019.775,2026-02-23 05:00:00
1771826400000,1864.59,1881.98,1862.12,1877.81,195417.491,2026-02-23 06:00:00
1771830000000,1877.8,1887.74,1875.42,1883.77,146702.87,2026-02-23 07:00:00
1771833600000,1883.78,1888.88,1875.58,1879.14,126962.549,2026-02-23 08:00:00
1771837200000,1879.14,1918.0,1879.13,1916.67,332276.252,2026-02-23 09:00:00
1771840800000,1916.67,1927.29,1911.09,1912.87,224596.115,2026-02-23 10:00:00
1771844400000,1912.88,1919.88,1910.18,1914.54,105465.961,2026-02-23 11:00:00
1771848000000,1914.53,1925.97,1904.19,1919.29,184301.033,2026-02-23 12:00:00
1771851600000,1919.28,1934.99,1917.7,1920.91,216589.837,2026-02-23 13:00:00
1771855200000,1920.91,1924.61,1893.72,1906.09,382214.839,2026-02-23 14:00:00
1771858800000,1906.1,1912.3,1891.82,1894.89,222048.775,2026-02-23 15:00:00
1771862400000,1894.89,1899.62,1879.54,1884.13,275928.696,2026-02-23 16:00:00
1771866000000,1884.14,1887.66,1836.1,1863.04,606942.618,2026-02-23 17:00:00
1771869600000,1863.04,1873.62,1853.47,1856.76,197771.695,2026-02-23 18:00:00
1771873200000,1856.77,1863.67,1845.12,1856.43,138009.718,2026-02-23 19:00:00
1771876800000,1856.43,1861.9,1846.1,1859.92,104257.181,2026-02-23 20:00:00
1771880400000,1859.92,1868.68,1857.42,1862.72,78636.335,2026-02-23 21:00:00
1771884000000,1862.73,1869.82,1858.81,1859.28,55338.184,2026-02-23 22:00:00
1771887600000,1859.27,1866.21,1850.0,1855.63,99024.022,2026-02-23 23:00:00
1771891200000,1855.62,1868.68,1854.62,1866.95,72976.212,2026-02-24 00:00:00
1771894800000,1866.95,1867.05,1810.41,1839.86,606341.965,2026-02-24 01:00:00
1771898400000,1839.87,1853.87,1835.72,1842.5,131597.763,2026-02-24 02:00:00
1771902000000,1842.49,1842.49,1821.35,1830.93,261568.063,2026-02-24 03:00:00
1771905600000,1830.93,1833.0,1812.27,1829.86,254935.405,2026-02-24 04:00:00
1771909200000,1829.86,1839.85,1813.09,1825.16,231708.728,2026-02-24 05:00:00
1771912800000,1825.15,1830.72,1816.79,1820.07,103815.522,2026-02-24 06:00:00
1771916400000,1820.07,1831.25,1814.24,1824.71,151278.638,2026-02-24 07:00:00
1771920000000,1824.71,1835.74,1817.7,1830.51,128586.416,2026-02-24 08:00:00
1771923600000,1830.51,1833.83,1814.06,1826.46,166235.343,2026-02-24 09:00:00
1771927200000,1826.46,1828.99,1819.52,1824.83,80463.004,2026-02-24 10:00:00
1771930800000,1824.83,1826.43,1817.37,1825.71,81550.488,2026-02-24 11:00:00
1771934400000,1825.71,1830.0,1820.02,1823.04,88484.557,2026-02-24 12:00:00
1771938000000,1823.03,1826.6,1794.49,1814.78,400238.35,2026-02-24 13:00:00
1771941600000,1814.78,1847.38,1802.0,1833.64,476832.315,2026-02-24 14:00:00
1771945200000,1833.64,1849.0,1827.25,1846.16,309917.653,2026-02-24 15:00:00
1771948800000,1846.16,1862.13,1836.79,1857.39,384616.874,2026-02-24 16:00:00
1771952400000,1857.4,1864.49,1848.1,1854.18,198826.137,2026-02-24 17:00:00
1771956000000,1854.18,1859.6,1843.39,1854.01,107329.65,2026-02-24 18:00:00
1771959600000,1854.01,1861.77,1845.64,1851.4,81111.643,2026-02-24 19:00:00
1771963200000,1851.4,1861.49,1848.15,1857.51,52539.21,2026-02-24 20:00:00
1771966800000,1857.5,1857.5,1844.15,1852.9,75104.162,2026-02-24 21:00:00
1771970400000,1852.91,1863.89,1851.62,1859.66,70507.106,2026-02-24 22:00:00
1771974000000,1859.67,1859.67,1850.4,1851.12,57073.494,2026-02-24 23:00:00
1771977600000,1851.12,1855.55,1845.36,1850.75,66770.273,2026-02-25 00:00:00
1771981200000,1850.75,1923.99,1849.27,1917.23,715503.519,2026-02-25 01:00:00
1771984800000,1917.24,1945.97,1917.01,1920.07,313081.15,2026-02-25 02:00:00
1771988400000,1920.07,1922.0,1902.75,1905.62,180304.958,2026-02-25 03:00:00
1771992000000,1905.62,1913.96,1893.91,1905.5,176627.051,2026-02-25 04:00:00
1771995600000,1905.5,1907.77,1877.16,1886.92,259484.758,2026-02-25 05:00:00
1771999200000,1886.92,1895.6,1883.6,1884.25,91398.977,2026-02-25 06:00:00
1772002800000,1884.24,1894.56,1881.25,1892.38,90802.568,2026-02-25 07:00:00
1772006400000,1892.37,1913.44,1889.26,1909.5,199858.413,2026-02-25 08:00:00
1772010000000,1909.5,1917.58,1906.6,1914.19,148632.482,2026-02-25 09:00:00
1772013600000,1914.19,1922.93,1909.18,1911.62,117924.56,2026-02-25 10:00:00
1772017200000,1911.62,1928.0,1905.53,1925.4,171108.216,2026-02-25 11:00:00
1772020800000,1925.39,1955.67,1921.19,1952.68,408841.463,2026-02-25 12:00:00
1772024400000,1952.68,1976.3,1951.09,1963.62,454970.121,2026-02-25 13:00:00
1772028000000,1963.63,2002.3,1961.29,1996.69,636600.116,2026-02-25 14:00:00
1772031600000,1996.7,2028.64,1985.6,2013.04,791802.546,2026-02-25 15:00:00
1772035200000,2013.03,2049.0,2012.5,2045.89,540463.64,2026-02-25 16:00:00
1772038800000,2045.89,2087.95,2043.54,2073.34,786293.05,2026-02-25 17:00:00
1772042400000,2073.34,2081.14,2056.0,2073.36,367878.681,2026-02-25 18:00:00
1772046000000,2073.37,2074.3,2058.0,2070.44,165229.188,2026-02-25 19:00:00
1772049600000,2070.44,2084.73,2057.27,2074.02,201464.57,2026-02-25 20:00:00
1772053200000,2074.02,2155.08,2064.08,2100.21,663410.366,2026-02-25 21:00:00
1772056800000,2100.21,2115.0,2072.0,2082.84,253675.833,2026-02-25 22:00:00
1772060400000,2082.83,2086.92,2033.57,2057.06,382037.899,2026-02-25 23:00:00
1772064000000,2057.06,2076.61,2046.67,2061.81,221866.04,2026-02-26 00:00:00
1772067600000,2061.81,2066.99,2048.56,2058.01,133508.165,2026-02-26 01:00:00
1772071200000,2058.01,2058.84,2039.0,2053.01,162809.058,2026-02-26 02:00:00
1772074800000,2053.01,2059.51,2046.38,2054.0,90033.29,2026-02-26 03:00:00
1772078400000,2053.99,2083.0,2051.07,2074.54,210774.451,2026-02-26 04:00:00
1772082000000,2074.54,2074.97,2056.0,2065.77,157482.419,2026-02-26 05:00:00
1772085600000,2065.78,2076.0,2058.75,2062.24,126361.16,2026-02-26 06:00:00
1772089200000,2062.24,2068.0,2051.11,2052.7,94689.927,2026-02-26 07:00:00
1772092800000,2052.71,2059.94,2044.24,2054.01,181931.247,2026-02-26 08:00:00
1772096400000,2054.01,2076.84,2052.06,2074.37,178627.785,2026-02-26 09:00:00
1772100000000,2074.36,2084.0,2061.56,2064.89,165759.373,2026-02-26 10:00:00
1772103600000,2064.9,2067.26,2052.49,2056.86,97522.775,2026-02-26 11:00:00
1772107200000,2056.86,2071.74,2054.48,2069.25,117380.693,2026-02-26 12:00:00
1772110800000,2069.25,2073.0,2060.0,2064.3,125227.609,2026-02-26 13:00:00
1772114400000,2064.31,2077.7,2033.23,2050.32,517664.619,2026-02-26 14:00:00
1772118000000,2050.32,2052.5,2010.49,2032.77,610744.346,2026-02-26 15:00:00
1772121600000,2032.78,2037.09,1977.48,1982.99,654378.87,2026-02-26 16:00:00
1772125200000,1982.99,1998.45,1981.0,1987.3,269353.69,2026-02-26 17:00:00
1772128800000,1987.3,2008.91,1974.24,2003.09,260125.224,2026-02-26 18:00:00
1772132400000,2003.09,2033.54,2002.41,2029.04,275428.114,2026-02-26 19:00:00
1772136000000,2028.98,2040.92,2020.11,2022.52,156678.616,2026-02-26 20:00:00
1772139600000,2022.51,2034.63,2016.16,2029.4,78656.48,2026-02-26 21:00:00
1772143200000,2029.4,2036.91,2026.1,2031.94,47821.056,2026-02-26 22:00:00
1772146800000,2031.93,2032.6,2023.02,2026.65,52202.505,2026-02-26 23:00:00
1772150400000,2026.64,2029.69,2007.01,2013.63,108224.269,2026-02-27 00:00:00
1772154000000,2013.63,2021.8,1998.96,2021.0,200163.254,2026-02-27 01:00:00
1772157600000,2020.99,2034.0,2018.0,2025.24,98100.051,2026-02-27 02:00:00
1772161200000,2025.24,2048.81,2018.01,2044.14,154603.323,2026-02-27 03:00:00
1772164800000,2044.15,2063.26,2037.96,2041.75,261443.204,2026-02-27 04:00:00
1772168400000,2041.74,2048.54,2037.59,2040.65,65598.417,2026-02-27 05:00:00
1772172000000,2040.66,2041.91,2027.28,2035.04,113771.879,2026-02-27 06:00:00
1772175600000,2035.04,2040.59,2021.26,2031.47,132641.608,2026-02-27 07:00:00
1772179200000,2031.47,2045.0,2027.2,2032.8,158278.9,2026-02-27 08:00:00
1772182800000,2032.8,2041.81,2007.09,2009.0,203362.615,2026-02-27 09:00:00
1772186400000,2009.0,2013.0,1977.77,1980.01,408346.041,2026-02-27 10:00:00
1772190000000,1980.01,1983.19,1951.84,1961.16,415950.011,2026-02-27 11:00:00
1772193600000,1961.17,1968.61,1948.06,1959.15,238651.637,2026-02-27 12:00:00
1772197200000,1959.14,1966.99,1937.48,1962.19,365229.397,2026-02-27 13:00:00
1772200800000,1962.19,1963.42,1939.03,1942.21,282365.561,2026-02-27 14:00:00
1772204400000,1942.2,1958.18,1939.5,1947.32,274724.148,2026-02-27 15:00:00
1772208000000,1947.32,1947.89,1923.27,1926.2,392086.609,2026-02-27 16:00:00
1772211600000,1926.19,1933.93,1906.15,1931.18,419291.474,2026-02-27 17:00:00
1772215200000,1931.17,1932.25,1914.1,1917.34,139738.586,2026-02-27 18:00:00
1772218800000,1917.33,1922.75,1911.08,1920.22,89988.596,2026-02-27 19:00:00
1772222400000,1920.23,1926.25,1919.28,1922.37,75901.067,2026-02-27 20:00:00
1772226000000,1922.37,1932.69,1916.25,1920.62,81514.353,2026-02-27 21:00:00
1772229600000,1920.62,1926.6,1885.68,1920.28,214670.771,2026-02-27 22:00:00
1772233200000,1920.28,1932.49,1918.69,1928.55,88848.072,2026-02-27 23:00:00
1772236800000,1928.55,1936.61,1923.02,1931.36,96182.81,2026-02-28 00:00:00
1772240400000,1931.36,1935.3,1917.9,1923.12,86374.61,2026-02-28 01:00:00
1772244000000,1923.12,1931.4,1921.26,1929.17,38796.207,2026-02-28 02:00:00
1772247600000,1929.18,1930.1,1918.84,1923.4,48898.716,2026-02-28 03:00:00
1772251200000,1923.4,1930.71,1913.32,1924.13,86297.034,2026-02-28 04:00:00
1772254800000,1924.12,1927.24,1913.29,1919.23,57258.276,2026-02-28 05:00:00
1772258400000,1919.22,1919.66,1833.21,1841.81,953602.315,2026-02-28 06:00:00
1772262000000,1841.81,1883.7,1834.47,1865.45,537960.127,2026-02-28 07:00:00
1772265600000,1865.45,1868.0,1847.46,1851.91,239736.956,2026-02-28 08:00:00
1772269200000,1851.92,1863.0,1842.78,1854.01,168570.193,2026-02-28 09:00:00
1772272800000,1854.0,1867.9,1847.86,1864.1,159671.132,2026-02-28 10:00:00
1772276400000,1864.09,1879.88,1859.91,1862.57,222396.361,2026-02-28 11:00:00
1772280000000,1862.58,1873.64,1861.06,1867.5,94689.643,2026-02-28 12:00:00
1772283600000,1867.5,1909.64,1863.88,1904.63,442050.778,2026-02-28 13:00:00
1772287200000,1904.63,1915.22,1882.02,1887.0,438383.93,2026-02-28 14:00:00
1772290800000,1887.01,1904.0,1872.15,1897.66,289911.616,2026-02-28 15:00:00
1772294400000,1897.67,1909.51,1890.21,1902.85,151952.826,2026-02-28 16:00:00
1772298000000,1902.85,1911.84,1882.62,1905.86,184621.869,2026-02-28 17:00:00
1772301600000,1905.86,1946.36,1899.6,1934.92,344734.918,2026-02-28 18:00:00
1772305200000,1934.91,1954.63,1919.0,1946.08,247541.523,2026-02-28 19:00:00
1772308800000,1946.07,1972.37,1937.11,1964.88,259487.143,2026-02-28 20:00:00
1772312400000,1964.89,1966.85,1944.07,1956.78,172598.334,2026-02-28 21:00:00
1772316000000,1956.78,1984.58,1954.63,1964.47,173945.203,2026-02-28 22:00:00
1772319600000,1964.46,1968.74,1955.6,1963.27,97496.165,2026-02-28 23:00:00
1772323200000,1963.27,1968.67,1953.39,1961.61,70145.027,2026-03-01 00:00:00
1772326800000,1961.61,2022.81,1941.82,2011.38,437252.181,2026-03-01 01:00:00
1772330400000,2011.39,2054.19,2007.34,2031.85,569646.008,2026-03-01 02:00:00
1772334000000,2031.85,2038.29,2015.53,2022.24,154886.512,2026-03-01 03:00:00
1772337600000,2022.24,2030.0,1996.0,2014.89,233055.763,2026-03-01 04:00:00
1772341200000,2014.9,2022.49,2008.6,2010.36,102236.192,2026-03-01 05:00:00
1772344800000,2010.36,2011.97,1988.0,1997.58,237710.613,2026-03-01 06:00:00
1772348400000,1997.58,2009.69,1991.76,2006.3,110247.787,2026-03-01 07:00:00
1772352000000,2006.3,2009.58,1978.5,1985.0,202659.804,2026-03-01 08:00:00
1772355600000,1985.01,1994.94,1971.88,1979.88,235962.916,2026-03-01 09:00:00
1772359200000,1979.87,1992.16,1970.53,1983.74,166680.811,2026-03-01 10:00:00
1772362800000,1983.74,1988.8,1980.71,1982.43,58023.65,2026-03-01 11:00:00
1772366400000,1982.42,1987.3,1975.02,1977.4,91896.819,2026-03-01 12:00:00
1772370000000,1977.4,2024.71,1967.0,2006.08,395744.056,2026-03-01 13:00:00
1772373600000,2006.09,2028.26,1992.12,1999.56,300055.086,2026-03-01 14:00:00
1772377200000,1999.56,2015.8,1990.28,1992.52,169659.298,2026-03-01 15:00:00
1772380800000,1992.51,2009.63,1958.86,1973.03,428499.824,2026-03-01 16:00:00
1772384400000,1973.04,1974.96,1952.0,1959.94,242190.348,2026-03-01 17:00:00
1772388000000,1959.94,1996.61,1958.58,1974.71,304690.074,2026-03-01 18:00:00
1772391600000,1974.72,1975.56,1945.73,1952.89,157455.848,2026-03-01 19:00:00
1772395200000,1952.89,1954.4,1906.26,1913.01,306613.056,2026-03-01 20:00:00
1772398800000,1913.01,1931.92,1911.49,1928.0,117890.652,2026-03-01 21:00:00
1772402400000,1928.0,1969.67,1912.9,1923.81,237658.026,2026-03-01 22:00:00
1772406000000,1923.8,1947.57,1917.24,1938.49,170702.371,2026-03-01 23:00:00
1772409600000,1938.49,1966.53,1936.02,1959.9,189912.775,2026-03-02 00:00:00
1772413200000,1959.9,1988.8,1957.3,1962.73,227950.096,2026-03-02 01:00:00
1772416800000,1962.73,1965.47,1938.32,1954.4,215373.967,2026-03-02 02:00:00
1772420400000,1954.41,1979.99,1946.6,1971.29,210940.768,2026-03-02 03:00:00
1772424000000,1971.3,1979.66,1967.48,1972.4,92475.231,2026-03-02 04:00:00
1772427600000,1972.4,1983.54,1960.6,1970.3,113816.376,2026-03-02 05:00:00
1772431200000,1970.31,1970.5,1935.57,1942.6,259032.686,2026-03-02 06:00:00
1772434800000,1942.6,1944.19,1924.06,1940.32,208733.419,2026-03-02 07:00:00
1772438400000,1940.33,1950.93,1917.0,1948.14,304627.737,2026-03-02 08:00:00
1772442000000,1948.14,1967.27,1945.7,1946.72,257650.574,2026-03-02 09:00:00
1772445600000,1946.73,1956.1,1942.15,1951.42,116598.465,2026-03-02 10:00:00
1772449200000,1951.41,1955.64,1934.32,1946.71,229894.601,2026-03-02 11:00:00
1772452800000,1946.7,1948.39,1928.81,1937.22,111070.571,2026-03-02 12:00:00
1772456400000,1937.23,1944.81,1921.21,1926.77,199381.282,2026-03-02 13:00:00
1772460000000,1926.76,1984.44,1920.16,1978.55,692876.683,2026-03-02 14:00:00
1772463600000,1978.54,2064.94,1973.06,2046.44,1200479.777,2026-03-02 15:00:00
1772467200000,2046.44,2090.73,2042.02,2063.37,712456.164,2026-03-02 16:00:00
1772470800000,2063.37,2065.18,2024.31,2040.0,369407.988,2026-03-02 17:00:00
1772474400000,2040.0,2040.21,2022.49,2028.33,164547.708,2026-03-02 18:00:00
1772478000000,2028.33,2049.0,2016.3,2042.39,179387.639,2026-03-02 19:00:00
1772481600000,2042.39,2056.8,2024.02,2034.35,199470.587,2026-03-02 20:00:00
1772485200000,2034.35,2047.42,2028.13,2042.24,82966.223,2026-03-02 21:00:00
1772488800000,2042.24,2057.99,2040.35,2052.9,68923.425,2026-03-02 22:00:00
1772492400000,2052.9,2054.44,2023.19,2026.4,131444.377,2026-03-02 23:00:00
1772496000000,2026.39,2038.4,2017.62,2034.63,119856.773,2026-03-03 00:00:00
1772499600000,2034.62,2041.31,2018.31,2019.04,107442.896,2026-03-03 01:00:00
1772503200000,2019.04,2021.88,1996.53,2012.81,261147.804,2026-03-03 02:00:00
1772506800000,2012.8,2014.67,2004.23,2007.89,83373.534,2026-03-03 03:00:00
1772510400000,2007.89,2012.72,1997.52,1998.91,96197.058,2026-03-03 04:00:00
1772514000000,1998.91,2019.03,1985.55,1992.65,247540.65,2026-03-03 05:00:00
1772517600000,1992.66,2001.25,1987.29,1998.52,107951.138,2026-03-03 06:00:00
1772521200000,1998.52,2003.3,1992.16,1995.38,94274.358,2026-03-03 07:00:00
1772524800000,1995.38,1999.84,1946.14,1952.57,518980.123,2026-03-03 08:00:00
1772528400000,1952.57,1967.82,1938.18,1950.41,384411.272,2026-03-03 09:00:00
1772532000000,1950.41,1963.63,1944.01,1956.99,166828.587,2026-03-03 10:00:00
1772535600000,1957.0,1965.88,1950.56,1960.2,129966.088,2026-03-03 11:00:00
1772539200000,1960.19,1989.38,1959.74,1966.6,286481.093,2026-03-03 12:00:00
1772542800000,1966.6,1967.82,1942.46,1951.37,298271.803,2026-03-03 13:00:00
1772546400000,1951.36,1976.82,1927.32,1942.05,682883.264,2026-03-03 14:00:00
1772550000000,1942.05,1972.0,1930.47,1967.98,456633.046,2026-03-03 15:00:00
1772553600000,1967.95,2012.96,1957.4,1982.99,786957.025,2026-03-03 16:00:00
1772557200000,1983.0,1984.75,1958.05,1979.36,269355.384,2026-03-03 17:00:00
1772560800000,1979.36,1999.28,1968.2,1987.14,198639.878,2026-03-03 18:00:00
1772564400000,1987.14,1993.46,1975.46,1985.31,150783.368,2026-03-03 19:00:00
1772568000000,1985.3,1988.81,1968.5,1977.38,97304.815,2026-03-03 20:00:00
1772571600000,1977.38,1977.78,1958.22,1967.27,109698.138,2026-03-03 21:00:00
1772575200000,1967.28,1986.95,1967.02,1982.32,93034.527,2026-03-03 22:00:00
1772578800000,1982.33,2000.99,1980.12,1981.83,105885.277,2026-03-03 23:00:00
1772582400000,1981.84,1986.09,1960.55,1975.89,134280.959,2026-03-04 00:00:00
1772586000000,1975.9,1998.0,1968.87,1980.72,136593.372,2026-03-04 01:00:00
1772589600000,1980.72,1982.0,1966.89,1978.2,111589.667,2026-03-04 02:00:00
1772593200000,1978.2,1979.42,1943.59,1960.0,262001.9,2026-03-04 03:00:00
1772596800000,1959.99,1963.71,1949.29,1959.16,103788.605,2026-03-04 04:00:00
1772600400000,1959.16,1977.0,1954.37,1970.01,147540.349,2026-03-04 05:00:00
1772604000000,1970.01,1985.99,1961.82,1979.22,147195.767,2026-03-04 06:00:00
1772607600000,1979.21,2010.0,1973.6,2005.33,286185.375,2026-03-04 07:00:00
1772611200000,2005.34,2066.54,1998.82,2062.98,680890.595,2026-03-04 08:00:00
1772614800000,2062.98,2088.66,2054.2,2074.43,622101.127,2026-03-04 09:00:00
1772618400000,2074.44,2092.3,2066.16,2071.5,256580.673,2026-03-04 10:00:00
1772622000000,2071.5,2077.82,2045.69,2054.13,266330.2,2026-03-04 11:00:00
1772625600000,2054.13,2058.96,2035.6,2053.51,258107.297,2026-03-04 12:00:00
1772629200000,2053.51,2067.89,2051.9,2063.48,220246.602,2026-03-04 13:00:00
1772632800000,2063.47,2109.86,2062.0,2078.87,783519.899,2026-03-04 14:00:00
1772636400000,2078.9,2160.25,2077.6,2149.66,1016233.106,2026-03-04 15:00:00
1772640000000,2149.65,2167.86,2127.95,2141.32,477980.416,2026-03-04 16:00:00
1772643600000,2141.32,2156.0,2127.36,2144.75,256715.936,2026-03-04 17:00:00
1772647200000,2144.76,2164.52,2136.61,2162.22,164194.582,2026-03-04 18:00:00
1772650800000,2162.23,2201.43,2159.95,2176.69,519118.066,2026-03-04 19:00:00
1772654400000,2176.69,2179.06,2147.95,2149.23,154931.009,2026-03-04 20:00:00
1772658000000,2149.24,2155.24,2141.19,2148.77,100441.619,2026-03-04 21:00:00
1772661600000,2148.78,2163.52,2126.0,2131.23,128666.978,2026-03-04 22:00:00
1772665200000,2131.22,2136.18,2115.59,2126.27,133875.654,2026-03-04 23:00:00
1772668800000,2126.26,2134.99,2120.66,2127.35,115635.247,2026-03-05 00:00:00
1772672400000,2127.35,2141.48,2106.26,2113.08,190367.723,2026-03-05 01:00:00
1772676000000,2113.08,2133.33,2112.13,2121.15,151670.992,2026-03-05 02:00:00
1772679600000,2121.16,2125.58,2106.04,2119.11,111998.394,2026-03-05 03:00:00
1772683200000,2119.1,2143.33,2117.54,2136.31,172144.049,2026-03-05 04:00:00
1772686800000,2136.31,2138.46,2112.22,2118.79,133706.406,2026-03-05 05:00:00
1772690400000,2118.8,2130.59,2109.21,2127.35,115865.683,2026-03-05 06:00:00
1772694000000,2127.34,2132.34,2094.38,2104.09,219952.197,2026-03-05 07:00:00
1772697600000,2104.1,2118.66,2092.06,2116.8,239117.663,2026-03-05 08:00:00
1772701200000,2116.81,2137.76,2115.79,2124.65,208689.333,2026-03-05 09:00:00
1772704800000,2124.65,2163.49,2118.52,2155.19,310516.514,2026-03-05 10:00:00
1772708400000,2155.19,2158.36,2132.51,2136.9,189816.131,2026-03-05 11:00:00
1772712000000,2136.9,2142.48,2121.71,2137.33,193620.812,2026-03-05 12:00:00
1772715600000,2137.34,2139.05,2108.01,2116.59,255328.513,2026-03-05 13:00:00
1772719200000,2116.58,2130.99,2095.01,2118.33,373053.912,2026-03-05 14:00:00
1772722800000,2118.32,2121.08,2066.18,2086.12,526600.888,2026-03-05 15:00:00
1772726400000,2086.12,2086.72,2055.62,2079.17,350205.994,2026-03-05 16:00:00
1772730000000,2079.18,2093.71,2053.0,2059.03,277747.519,2026-03-05 17:00:00
1772733600000,2059.03,2077.97,2056.48,2075.9,141946.192,2026-03-05 18:00:00
1772737200000,2075.9,2092.08,2071.37,2073.58,129577.149,2026-03-05 19:00:00
1772740800000,2073.58,2098.0,2068.58,2091.66,122497.305,2026-03-05 20:00:00
1772744400000,2091.66,2099.0,2075.0,2079.58,82998.998,2026-03-05 21:00:00
1772748000000,2079.57,2084.61,2076.51,2079.01,31392.616,2026-03-05 22:00:00
1772751600000,2079.02,2083.6,2068.39,2071.98,61271.546,2026-03-05 23:00:00
1772755200000,2071.98,2079.7,2066.06,2074.17,54378.382,2026-03-06 00:00:00
1772758800000,2074.17,2090.71,2060.02,2086.57,147420.986,2026-03-06 01:00:00
1772762400000,2086.57,2092.93,2078.93,2082.7,87765.488,2026-03-06 02:00:00
1772766000000,2082.71,2088.0,2073.53,2083.08,78622.333,2026-03-06 03:00:00
1772769600000,2083.07,2085.16,2058.26,2070.0,142318.662,2026-03-06 04:00:00
1772773200000,2070.0,2073.73,2058.25,2068.02,117168.699,2026-03-06 05:00:00
1772776800000,2068.02,2080.12,2062.6,2073.42,102020.178,2026-03-06 06:00:00
1772780400000,2073.46,2086.66,2067.62,2081.75,130550.228,2026-03-06 07:00:00
1772784000000,2081.74,2081.75,2073.28,2074.89,74685.211,2026-03-06 08:00:00
1772787600000,2074.89,2076.35,2044.8,2058.97,289254.066,2026-03-06 09:00:00
1772791200000,2058.97,2069.18,2057.75,2062.36,107008.703,2026-03-06 10:00:00
1772794800000,2062.36,2066.58,2048.65,2050.0,111316.184,2026-03-06 11:00:00
1772798400000,2050.0,2054.5,2036.66,2047.78,256822.039,2026-03-06 12:00:00
1772802000000,2047.78,2063.12,2017.05,2019.16,497033.152,2026-03-06 13:00:00
1772805600000,2019.14,2023.4,1970.49,1980.32,841624.059,2026-03-06 14:00:00
1772809200000,1980.32,1996.67,1964.24,1976.54,426523.808,2026-03-06 15:00:00
1772812800000,1976.53,1983.9,1965.27,1970.29,208449.122,2026-03-06 16:00:00
1772816400000,1970.29,1981.32,1954.0,1965.55,236867.314,2026-03-06 17:00:00
1772820000000,1965.56,1982.44,1965.38,1973.25,121989.882,2026-03-06 18:00:00
1772823600000,1973.25,1992.0,1973.24,1982.78,113788.806,2026-03-06 19:00:00
1772827200000,1982.78,1987.97,1967.77,1978.01,113722.407,2026-03-06 20:00:00
1772830800000,1978.0,1983.93,1970.53,1982.85,50122.205,2026-03-06 21:00:00
1772834400000,1982.85,1990.0,1980.3,1986.6,47013.161,2026-03-06 22:00:00
1772838000000,1986.59,1986.85,1976.0,1977.79,38077.57,2026-03-06 23:00:00
1772841600000,1977.79,1982.27,1975.82,1980.23,32673.756,2026-03-07 00:00:00
1772845200000,1980.22,1982.51,1975.12,1979.55,44866.149,2026-03-07 01:00:00
1772848800000,1979.56,1983.86,1971.24,1982.35,62448.607,2026-03-07 02:00:00
1772852400000,1982.36,1995.0,1978.05,1978.99,119468.244,2026-03-07 03:00:00
1772856000000,1979.0,1979.31,1962.29,1974.27,115863.904,2026-03-07 04:00:00
1772859600000,1974.27,1978.8,1971.09,1977.71,33324.916,2026-03-07 05:00:00
1772863200000,1977.71,1977.71,1967.22,1970.9,46873.243,2026-03-07 06:00:00
1772866800000,1970.91,1983.93,1965.58,1982.25,94494.396,2026-03-07 07:00:00
1772870400000,1982.25,1986.82,1974.16,1976.62,91876.404,2026-03-07 08:00:00
1772874000000,1976.62,1988.75,1973.73,1985.14,77656.065,2026-03-07 09:00:00
1772877600000,1985.14,1987.5,1981.69,1982.91,36690.503,2026-03-07 10:00:00
1772881200000,1982.91,1994.14,1980.69,1987.47,98682.193,2026-03-07 11:00:00
1772884800000,1987.47,1989.9,1977.92,1981.45,52136.691,2026-03-07 12:00:00
1772888400000,1981.46,1983.11,1976.48,1980.8,61684.379,2026-03-07 13:00:00
1772892000000,1980.8,1990.0,1969.0,1986.03,166280.336,2026-03-07 14:00:00
1772895600000,1986.03,1987.01,1975.01,1980.32,78776.008,2026-03-07 15:00:00
1772899200000,1980.33,1980.33,1973.4,1976.53,48939.091,2026-03-07 16:00:00
1772902800000,1976.52,1982.93,1975.42,1976.65,38147.052,2026-03-07 17:00:00
1772906400000,1976.65,1976.66,1964.06,1970.42,100709.105,2026-03-07 18:00:00
1772910000000,1970.41,1970.42,1946.15,1954.18,198884.58,2026-03-07 19:00:00
1772913600000,1954.19,1968.0,1954.0,1965.37,64954.069,2026-03-07 20:00:00
1772917200000,1965.37,1971.0,1962.72,1969.51,38354.293,2026-03-07 21:00:00
1772920800000,1969.51,1970.0,1956.89,1965.55,42670.682,2026-03-07 22:00:00
1772924400000,1965.55,1973.41,1964.33,1968.49,30180.622,2026-03-07 23:00:00
1772928000000,1968.48,1976.49,1965.28,1967.91,61997.578,2026-03-08 00:00:00
1772931600000,1967.91,1970.69,1962.09,1967.75,37451.668,2026-03-08 01:00:00
1772935200000,1967.76,1969.0,1934.21,1941.46,221062.431,2026-03-08 02:00:00
1772938800000,1941.47,1950.56,1940.4,1946.51,85254.931,2026-03-08 03:00:00
1772942400000,1946.51,1952.4,1928.39,1937.26,147567.173,2026-03-08 04:00:00
1772946000000,1937.26,1952.13,1937.24,1947.74,101443.589,2026-03-08 05:00:00
1772949600000,1947.74,1952.0,1941.7,1946.72,48757.495,2026-03-08 06:00:00
1772953200000,1946.73,1959.84,1945.8,1953.84,91290.252,2026-03-08 07:00:00
1772956800000,1953.84,1959.45,1947.4,1958.51,66068.94,2026-03-08 08:00:00
1772960400000,1958.51,1969.2,1955.52,1962.54,122691.091,2026-03-08 09:00:00
1772964000000,1962.55,1979.79,1962.26,1973.26,139649.824,2026-03-08 10:00:00
1772967600000,1973.27,1973.65,1943.0,1950.44,196814.548,2026-03-08 11:00:00
1772971200000,1950.43,1953.97,1924.0,1945.23,289328.556,2026-03-08 12:00:00
1772974800000,1945.22,1946.89,1922.53,1943.35,253192.332,2026-03-08 13:00:00
1772978400000,1943.35,1949.89,1936.09,1944.23,119458.893,2026-03-08 14:00:00
1772982000000,1944.23,1946.8,1936.05,1942.04,71507.731,2026-03-08 15:00:00
1772985600000,1942.05,1943.95,1932.5,1935.8,87563.963,2026-03-08 16:00:00
1772989200000,1935.8,1945.98,1931.46,1934.64,87593.185,2026-03-08 17:00:00
1772992800000,1934.64,1935.68,1926.02,1928.95,67236.806,2026-03-08 18:00:00
1772996400000,1928.96,1968.94,1927.0,1963.45,243446.999,2026-03-08 19:00:00
1773000000000,1963.45,1971.1,1952.13,1957.77,111941.836,2026-03-08 20:00:00
1773003600000,1957.78,1961.99,1942.78,1952.3,88261.266,2026-03-08 21:00:00
1773007200000,1952.3,1952.47,1908.0,1941.76,408430.694,2026-03-08 22:00:00
1773010800000,1941.75,1954.33,1934.02,1935.99,143698.375,2026-03-08 23:00:00
1773014400000,1935.99,1965.38,1928.0,1949.94,236440.267,2026-03-09 00:00:00
1773018000000,1949.95,1962.58,1941.55,1944.73,143261.522,2026-03-09 01:00:00
1773021600000,1944.74,1962.27,1936.75,1958.91,166444.988,2026-03-09 02:00:00
1773025200000,1958.91,2006.35,1958.0,1976.67,508632.575,2026-03-09 03:00:00
1773028800000,1976.67,1988.8,1971.38,1976.28,129264.809,2026-03-09 04:00:00
1773032400000,1976.29,2013.78,1975.23,2009.85,371524.403,2026-03-09 05:00:00
1773036000000,2009.85,2012.0,1982.63,1984.35,188819.258,2026-03-09 06:00:00
1773039600000,1984.35,1984.94,1961.8,1982.89,242780.203,2026-03-09 07:00:00
1773043200000,1982.9,1998.74,1976.8,1995.67,185561.513,2026-03-09 08:00:00
1773046800000,1995.67,2021.98,1985.31,2003.4,303886.829,2026-03-09 09:00:00
1773050400000,2003.39,2006.42,1991.3,1994.27,149418.207,2026-03-09 10:00:00
1773054000000,1994.26,1999.24,1979.0,1991.45,195835.203,2026-03-09 11:00:00
1773057600000,1991.45,2013.04,1991.3,2001.4,178694.041,2026-03-09 12:00:00
1773061200000,2001.39,2028.98,1999.5,2017.08,443012.952,2026-03-09 13:00:00
1773064800000,2017.08,2032.22,2006.6,2021.4,354441.957,2026-03-09 14:00:00
1773068400000,2021.39,2028.55,2013.09,2021.66,184317.61,2026-03-09 15:00:00
1773072000000,2021.67,2037.99,2017.73,2026.21,239597.105,2026-03-09 16:00:00
1773075600000,2026.21,2032.37,2003.33,2015.8,202944.871,2026-03-09 17:00:00
1773079200000,2015.8,2022.73,2005.22,2011.13,123021.661,2026-03-09 18:00:00
1773082800000,2011.14,2053.45,2008.68,2032.86,308364.386,2026-03-09 19:00:00
1773086400000,2032.86,2036.67,2017.77,2024.62,95849.517,2026-03-09 20:00:00
1773090000000,2024.62,2034.46,2020.73,2027.09,55871.435,2026-03-09 21:00:00
1773093600000,2027.09,2030.54,1998.0,2001.75,150701.842,2026-03-09 22:00:00
1773097200000,2001.75,2006.89,1987.51,1992.25,141317.363,2026-03-09 23:00:00
1773100800000,1992.25,2022.51,1990.33,2014.53,174688.339,2026-03-10 00:00:00
1773104400000,2014.53,2024.34,2005.56,2018.2,119803.271,2026-03-10 01:00:00
1773108000000,2018.19,2054.28,2012.73,2041.34,301871.46,2026-03-10 02:00:00
1773111600000,2041.33,2046.99,2021.53,2025.9,154671.648,2026-03-10 03:00:00
1773115200000,2025.91,2046.68,2025.5,2044.54,102832.059,2026-03-10 04:00:00
1773118800000,2044.55,2053.88,2038.52,2043.26,151598.845,2026-03-10 05:00:00
1773122400000,2043.27,2048.6,2035.33,2042.69,85761.967,2026-03-10 06:00:00
1773126000000,2042.69,2059.32,2039.38,2050.3,139182.704,2026-03-10 07:00:00
1773129600000,2050.3,2069.97,2050.3,2056.0,274965.06,2026-03-10 08:00:00
1773133200000,2056.0,2074.74,2054.09,2067.04,154842.967,2026-03-10 09:00:00
1773136800000,2067.03,2068.1,2054.0,2061.79,123644.705,2026-03-10 10:00:00
1773140400000,2061.8,2067.96,2050.84,2060.8,122990.313,2026-03-10 11:00:00
1773144000000,2060.8,2061.18,2046.39,2049.1,150875.108,2026-03-10 12:00:00
1773147600000,2049.1,2059.87,2023.15,2032.66,402178.992,2026-03-10 13:00:00
1773151200000,2032.65,2080.0,2007.76,2074.53,680780.522,2026-03-10 14:00:00
1773154800000,2074.53,2085.48,2058.78,2078.72,474395.287,2026-03-10 15:00:00
1773158400000,2078.72,2087.9,2068.55,2079.91,219034.69,2026-03-10 16:00:00
1773162000000,2079.91,2084.87,2056.9,2070.66,264485.29,2026-03-10 17:00:00
1773165600000,2070.67,2072.4,2034.26,2038.66,337986.665,2026-03-10 18:00:00
1773169200000,2038.65,2043.5,2026.2,2035.87,176912.66,2026-03-10 19:00:00
1773172800000,2035.87,2046.54,2033.92,2041.53,74608.663,2026-03-10 20:00:00
1773176400000,2041.52,2047.45,2018.33,2028.58,102603.687,2026-03-10 21:00:00
1773180000000,2028.58,2032.22,2020.05,2026.62,83207.53,2026-03-10 22:00:00
1773183600000,2026.62,2037.19,2026.45,2035.76,58491.267,2026-03-10 23:00:00
1773187200000,2035.76,2041.43,2027.67,2036.95,89771.276,2026-03-11 00:00:00
1773190800000,2036.95,2040.27,2027.76,2035.5,65910.017,2026-03-11 01:00:00
1773194400000,2035.49,2038.46,2017.11,2025.98,113649.797,2026-03-11 02:00:00
1773198000000,2025.97,2028.6,2017.14,2020.26,61891.796,2026-03-11 03:00:00
1773201600000,2020.26,2040.81,2017.5,2037.99,124431.479,2026-03-11 04:00:00
1773205200000,2037.99,2040.5,2008.33,2013.44,179178.7,2026-03-11 05:00:00
1773208800000,2013.44,2025.26,2013.0,2023.5,86200.488,2026-03-11 06:00:00
1773212400000,2023.5,2025.0,2005.56,2011.63,132788.127,2026-03-11 07:00:00
1773216000000,2011.64,2025.87,2008.59,2023.31,194693.297,2026-03-11 08:00:00
1773219600000,2023.3,2027.93,2013.84,2017.65,91504.182,2026-03-11 09:00:00
1773223200000,2017.65,2031.52,2016.95,2028.66,89517.363,2026-03-11 10:00:00
1773226800000,2028.66,2034.56,2014.31,2017.61,126894.147,2026-03-11 11:00:00
1773230400000,2017.61,2037.34,2012.29,2022.41,214344.28,2026-03-11 12:00:00
1773234000000,2022.41,2082.23,2021.22,2050.21,724982.755,2026-03-11 13:00:00
1773237600000,2050.2,2077.71,2042.63,2062.06,432655.956,2026-03-11 14:00:00
1773241200000,2062.06,2065.02,2028.49,2049.17,386984.229,2026-03-11 15:00:00
1773244800000,2049.17,2072.29,2045.07,2066.24,246551.189,2026-03-11 16:00:00
1773248400000,2066.23,2084.98,2056.59,2067.13,321821.868,2026-03-11 17:00:00
1773252000000,2067.13,2078.85,2063.16,2075.37,117274.579,2026-03-11 18:00:00
1773255600000,2075.37,2076.8,2067.33,2074.98,72636.936,2026-03-11 19:00:00
1773259200000,2074.97,2075.2,2064.0,2067.42,49316.658,2026-03-11 20:00:00
1773262800000,2067.41,2073.93,2061.69,2071.95,40855.752,2026-03-11 21:00:00
1773266400000,2071.95,2084.28,2057.79,2060.7,120701.349,2026-03-11 22:00:00
1773270000000,2060.7,2063.92,2043.79,2051.04,126780.261,2026-03-11 23:00:00
1773273600000,2051.03,2057.34,2046.96,2054.66,67950.87,2026-03-12 00:00:00
1773277200000,2054.66,2055.4,2041.88,2045.38,110266.576,2026-03-12 01:00:00
1773280800000,2045.4,2047.06,2020.6,2023.69,241945.605,2026-03-12 02:00:00
1773284400000,2023.7,2034.8,2016.28,2022.68,141886.337,2026-03-12 03:00:00
1773288000000,2022.68,2028.97,2020.5,2022.3,72733.633,2026-03-12 04:00:00
1773291600000,2022.3,2027.78,2018.6,2026.22,75098.456,2026-03-12 05:00:00
1773295200000,2026.23,2031.67,2023.84,2029.76,79832.202,2026-03-12 06:00:00
1773298800000,2029.78,2041.79,2024.5,2039.89,125811.807,2026-03-12 07:00:00
1773302400000,2039.89,2052.65,2037.37,2046.79,193118.088,2026-03-12 08:00:00
1773306000000,2046.79,2064.99,2037.33,2054.49,226622.212,2026-03-12 09:00:00
1773309600000,2054.49,2074.99,2051.7,2068.98,248270.64,2026-03-12 10:00:00
1773313200000,2068.98,2076.49,2057.0,2061.85,190102.076,2026-03-12 11:00:00
1773316800000,2061.85,2070.33,2057.0,2064.69,139281.923,2026-03-12 12:00:00
1773320400000,2064.7,2079.93,2050.03,2064.53,388381.473,2026-03-12 13:00:00
1773324000000,2064.52,2094.98,2036.0,2044.35,731771.573,2026-03-12 14:00:00
1773327600000,2044.35,2081.81,2038.0,2071.5,364993.714,2026-03-12 15:00:00
1773331200000,2071.5,2077.71,2055.18,2068.98,242519.098,2026-03-12 16:00:00
1773334800000,2068.97,2074.6,2054.03,2057.61,130141.441,2026-03-12 17:00:00
1773338400000,2057.6,2061.5,2045.7,2048.01,146142.305,2026-03-12 18:00:00
1773342000000,2048.0,2072.81,2043.76,2068.47,174335.669,2026-03-12 19:00:00
1773345600000,2068.47,2072.8,2059.26,2061.78,64490.264,2026-03-12 20:00:00
1773349200000,2061.79,2069.37,2056.07,2062.15,55460.114,2026-03-12 21:00:00
1773352800000,2062.14,2067.0,2053.58,2064.67,75468.623,2026-03-12 22:00:00
1773356400000,2064.67,2092.55,2063.87,2072.65,230308.42,2026-03-12 23:00:00
1773360000000,2072.64,2148.61,2068.32,2118.11,835768.294,2026-03-13 00:00:00
1773363600000,2118.11,2129.49,2110.0,2123.79,191118.011,2026-03-13 01:00:00
1773367200000,2123.78,2126.18,2100.59,2104.75,185566.387,2026-03-13 02:00:00
1773370800000,2104.76,2123.07,2101.05,2117.79,144150.746,2026-03-13 03:00:00
1773374400000,2117.79,2119.07,2108.58,2110.55,83410.896,2026-03-13 04:00:00
1773378000000,2110.54,2114.28,2102.2,2109.36,95925.116,2026-03-13 05:00:00
1773381600000,2109.37,2112.34,2088.43,2095.21,223973.146,2026-03-13 06:00:00
1773385200000,2095.21,2103.85,2091.7,2098.74,126123.363,2026-03-13 07:00:00
1773388800000,2098.73,2116.51,2090.57,2099.21,219064.479,2026-03-13 08:00:00
1773392400000,2099.21,2116.67,2095.07,2112.42,149037.875,2026-03-13 09:00:00
1773396000000,2112.41,2132.71,2111.49,2125.66,266902.292,2026-03-13 10:00:00
1773399600000,2125.66,2128.92,2117.0,2119.76,130791.143,2026-03-13 11:00:00
1773403200000,2119.76,2154.52,2119.24,2145.4,376806.685,2026-03-13 12:00:00
1773406800000,2145.41,2200.0,2140.54,2184.32,824215.481,2026-03-13 13:00:00
1773410400000,2184.31,2209.0,2145.0,2150.63,816977.746,2026-03-13 14:00:00
1773414000000,2150.64,2164.9,2124.3,2127.26,503914.399,2026-03-13 15:00:00
1773417600000,2127.26,2143.64,2110.47,2133.13,430358.543,2026-03-13 16:00:00
1773421200000,2133.14,2140.59,2088.84,2101.98,431328.035,2026-03-13 17:00:00
1773424800000,2101.99,2108.0,2090.0,2099.88,174378.641,2026-03-13 18:00:00
1773428400000,2099.88,2105.0,2095.0,2101.65,90718.435,2026-03-13 19:00:00
1773432000000,2101.65,2113.58,2100.02,2110.65,73264.879,2026-03-13 20:00:00
1773435600000,2110.65,2116.21,2100.18,2102.16,65355.971,2026-03-13 21:00:00
1773439200000,2102.16,2104.1,2076.93,2088.2,211761.991,2026-03-13 22:00:00
1773442800000,2088.21,2093.03,2084.6,2091.16,54042.376,2026-03-13 23:00:00
1773446400000,2091.17,2094.25,2081.77,2084.35,76575.856,2026-03-14 00:00:00
1773450000000,2084.36,2094.8,2080.33,2091.5,75651.966,2026-03-14 01:00:00
1773453600000,2091.5,2094.82,2088.55,2091.44,51584.491,2026-03-14 02:00:00
1773457200000,2091.44,2103.77,2091.39,2100.3,84612.029,2026-03-14 03:00:00
1773460800000,2100.3,2104.98,2086.34,2089.5,111933.408,2026-03-14 04:00:00
1773464400000,2089.49,2093.6,2084.48,2091.31,84806.146,2026-03-14 05:00:00
1773468000000,2091.31,2091.31,2067.01,2077.3,208132.034,2026-03-14 06:00:00
1773471600000,2077.29,2079.61,2074.48,2076.5,63548.318,2026-03-14 07:00:00
1773475200000,2076.5,2080.77,2071.53,2073.46,66525.448,2026-03-14 08:00:00
1773478800000,2073.46,2077.33,2062.32,2066.42,120094.417,2026-03-14 09:00:00
1773482400000,2066.43,2068.35,2060.41,2065.26,80119.695,2026-03-14 10:00:00
1773486000000,2065.25,2076.3,2065.02,2072.85,90298.524,2026-03-14 11:00:00
1773489600000,2072.84,2077.17,2068.51,2074.59,83611.567,2026-03-14 12:00:00
1773493200000,2074.59,2080.0,2071.55,2077.23,75151.92,2026-03-14 13:00:00
1773496800000,2077.23,2079.37,2068.3,2070.01,72558.42,2026-03-14 14:00:00
1773500400000,2070.01,2076.95,2068.72,2073.51,48774.487,2026-03-14 15:00:00
1773504000000,2073.51,2077.9,2066.86,2076.59,53108.08,2026-03-14 16:00:00
1773507600000,2076.59,2077.23,2072.33,2074.27,33458.025,2026-03-14 17:00:00
1773511200000,2074.26,2077.58,2071.52,2075.92,21435.691,2026-03-14 18:00:00
1773514800000,2075.92,2078.65,2073.88,2076.07,22480.74,2026-03-14 19:00:00
1773518400000,2076.08,2087.5,2074.89,2084.9,57881.941,2026-03-14 20:00:00
1773522000000,2084.9,2087.51,2080.62,2085.9,27704.628,2026-03-14 21:00:00
1773525600000,2085.89,2087.27,2081.0,2083.37,22670.016,2026-03-14 22:00:00
1773529200000,2083.38,2098.66,2082.78,2095.33,111559.533,2026-03-14 23:00:00
1773532800000,2095.33,2095.95,2085.45,2086.72,52355.821,2026-03-15 00:00:00
1773536400000,2086.71,2090.74,2082.26,2087.17,47367.005,2026-03-15 01:00:00
1773540000000,2087.17,2108.19,2087.16,2101.12,150320.432,2026-03-15 02:00:00
1773543600000,2101.12,2104.3,2092.65,2095.42,82281.045,2026-03-15 03:00:00
1773547200000,2095.41,2103.54,2095.36,2103.41,75268.354,2026-03-15 04:00:00
1773550800000,2103.42,2115.56,2101.0,2106.75,159287.997,2026-03-15 05:00:00
1773554400000,2106.76,2110.69,2101.46,2106.97,66049.801,2026-03-15 06:00:00
1773558000000,2106.96,2112.77,2102.53,2104.99,69817.898,2026-03-15 07:00:00
1773561600000,2104.99,2112.85,2104.99,2111.74,58059.027,2026-03-15 08:00:00
1773565200000,2111.73,2123.13,2111.59,2116.16,142950.394,2026-03-15 09:00:00
1773568800000,2116.17,2120.59,2113.08,2118.06,61089.31,2026-03-15 10:00:00
1773572400000,2118.05,2120.44,2114.0,2118.87,71054.354,2026-03-15 11:00:00
1773576000000,2118.87,2119.0,2106.9,2108.55,96916.174,2026-03-15 12:00:00
1773579600000,2108.55,2111.67,2085.02,2096.31,318027.447,2026-03-15 13:00:00
1773583200000,2096.31,2098.88,2085.58,2096.28,102614.798,2026-03-15 14:00:00
1773586800000,2096.29,2096.49,2089.04,2092.96,49227.124,2026-03-15 15:00:00
1773590400000,2092.96,2098.41,2087.63,2090.7,79572.786,2026-03-15 16:00:00
1773594000000,2090.69,2117.96,2090.25,2110.01,159153.335,2026-03-15 17:00:00
1773597600000,2110.0,2112.7,2093.36,2098.16,113952.781,2026-03-15 18:00:00
1773601200000,2098.15,2113.79,2095.17,2112.5,83503.96,2026-03-15 19:00:00
1773604800000,2112.5,2138.1,2108.92,2128.0,200567.088,2026-03-15 20:00:00
1773608400000,2128.01,2144.13,2122.32,2138.33,122187.837,2026-03-15 21:00:00
1773612000000,2138.33,2192.11,2124.43,2183.89,482650.944,2026-03-15 22:00:00
1773615600000,2183.9,2203.0,2165.0,2177.31,403564.793,2026-03-15 23:00:00
1773619200000,2177.31,2186.66,2164.05,2170.38,166339.543,2026-03-16 00:00:00
1773622800000,2170.39,2189.67,2164.09,2185.0,175061.323,2026-03-16 01:00:00
1773626400000,2184.99,2188.37,2169.13,2179.48,137857.91,2026-03-16 02:00:00
1773630000000,2179.48,2252.88,2176.23,2234.89,814048.729,2026-03-16 03:00:00
1773633600000,2234.89,2278.0,2234.88,2262.08,630309.057,2026-03-16 04:00:00
1773637200000,2262.08,2288.0,2255.55,2279.42,431470.093,2026-03-16 05:00:00
1773640800000,2279.41,2280.2,2259.35,2260.54,203256.259,2026-03-16 06:00:00
1773644400000,2260.54,2268.16,2244.4,2248.0,212831.2,2026-03-16 07:00:00
1773648000000,2248.0,2257.77,2233.36,2242.53,239548.676,2026-03-16 08:00:00
1773651600000,2242.53,2265.88,2239.1,2259.35,186307.608,2026-03-16 09:00:00
1773655200000,2259.36,2277.9,2254.56,2276.86,251375.066,2026-03-16 10:00:00
1773658800000,2276.86,2279.33,2264.44,2268.54,181036.037,2026-03-16 11:00:00
1773662400000,2268.54,2303.0,2268.24,2277.97,624678.826,2026-03-16 12:00:00
1773666000000,2277.96,2307.76,2270.32,2287.53,518985.64,2026-03-16 13:00:00
1773669600000,2287.52,2302.92,2252.48,2287.18,660095.546,2026-03-16 14:00:00
1773673200000,2287.17,2298.48,2268.56,2272.38,326531.93,2026-03-16 15:00:00
1773676800000,2272.38,2299.73,2268.25,2295.66,270549.422,2026-03-16 16:00:00
1773680400000,2295.66,2324.44,2292.2,2313.42,381203.571,2026-03-16 17:00:00
1773684000000,2313.43,2346.5,2312.81,2320.77,502118.234,2026-03-16 18:00:00
1773687600000,2320.77,2347.61,2317.45,2329.84,284136.081,2026-03-16 19:00:00
1773691200000,2329.85,2346.72,2322.46,2344.17,143951.808,2026-03-16 20:00:00
1773694800000,2344.17,2377.0,2342.5,2360.0,362755.966,2026-03-16 21:00:00
1773698400000,2360.01,2386.76,2353.82,2356.65,263103.324,2026-03-16 22:00:00
1773702000000,2356.65,2361.0,2328.99,2351.83,260920.639,2026-03-16 23:00:00
1773705600000,2351.83,2377.92,2338.94,2356.5,428360.07,2026-03-17 00:00:00
1773709200000,2356.49,2374.96,2345.65,2359.72,245997.207,2026-03-17 01:00:00
1773712800000,2359.71,2360.72,2343.27,2350.16,160962.327,2026-03-17 02:00:00
1773716400000,2350.16,2354.92,2306.35,2319.37,407232.029,2026-03-17 03:00:00
1773720000000,2319.37,2330.0,2295.0,2310.35,380167.143,2026-03-17 04:00:00
1773723600000,2310.35,2317.78,2297.01,2306.39,188677.817,2026-03-17 05:00:00
1773727200000,2306.4,2323.96,2297.58,2314.5,222754.683,2026-03-17 06:00:00
1773730800000,2314.51,2337.89,2314.5,2327.1,197778.393,2026-03-17 07:00:00
1773734400000,2327.1,2334.7,2314.5,2319.77,174690.768,2026-03-17 08:00:00
1773738000000,2319.76,2328.6,2305.1,2314.88,236299.117,2026-03-17 09:00:00
1773741600000,2314.87,2316.69,2303.0,2312.29,152637.358,2026-03-17 10:00:00
1773745200000,2312.28,2332.55,2310.84,2325.73,185647.252,2026-03-17 11:00:00
1773748800000,2325.72,2334.34,2311.0,2314.73,182142.754,2026-03-17 12:00:00
1773752400000,2314.72,2345.6,2312.5,2327.89,395299.264,2026-03-17 13:00:00
1773756000000,2327.9,2347.93,2318.09,2342.45,308002.216,2026-03-17 14:00:00
1773759600000,2342.44,2357.67,2303.25,2315.12,537936.51,2026-03-17 15:00:00
1773763200000,2315.12,2335.94,2311.41,2326.07,237386.468,2026-03-17 16:00:00
1773766800000,2326.06,2341.76,2319.14,2338.83,161162.775,2026-03-17 17:00:00
1773770400000,2338.83,2341.54,2326.35,2331.81,102653.16,2026-03-17 18:00:00
1773774000000,2331.81,2338.63,2315.34,2318.96,120316.081,2026-03-17 19:00:00
1773777600000,2318.97,2329.27,2316.44,2326.61,51818.499,2026-03-17 20:00:00
1773781200000,2326.61,2345.0,2326.49,2337.0,92405.957,2026-03-17 21:00:00
1773784800000,2337.01,2341.0,2317.0,2328.42,81585.447,2026-03-17 22:00:00
1773788400000,2328.43,2331.9,2315.07,2316.18,82455.224,2026-03-17 23:00:00
1773792000000,2316.18,2324.55,2306.0,2323.14,143745.056,2026-03-18 00:00:00
1773795600000,2323.14,2335.0,2322.0,2323.93,122855.568,2026-03-18 01:00:00
1773799200000,2323.94,2340.0,2323.34,2330.13,98126.561,2026-03-18 02:00:00
1773802800000,2330.12,2349.0,2327.27,2339.33,162583.364,2026-03-18 03:00:00
1773806400000,2339.34,2340.75,2325.03,2326.25,87289.738,2026-03-18 04:00:00
1773810000000,2326.25,2329.99,2312.84,2317.71,141555.398,2026-03-18 05:00:00
1773813600000,2317.71,2331.05,2317.35,2321.67,114506.885,2026-03-18 06:00:00
1773817200000,2321.67,2322.21,2310.61,2316.7,137526.435,2026-03-18 07:00:00
1773820800000,2316.69,2324.6,2316.2,2321.59,96464.616,2026-03-18 08:00:00
1773824400000,2321.59,2332.52,2320.53,2327.85,99789.098,2026-03-18 09:00:00
1773828000000,2327.85,2330.48,2306.0,2311.69,206396.115,2026-03-18 10:00:00
1773831600000,2311.69,2318.83,2261.79,2268.2,768315.969,2026-03-18 11:00:00
1773835200000,2268.21,2269.93,2233.44,2236.91,606221.463,2026-03-18 12:00:00
1773838800000,2236.91,2243.98,2222.0,2234.89,451209.904,2026-03-18 13:00:00
1773842400000,2234.89,2236.33,2186.0,2189.44,647434.886,2026-03-18 14:00:00
1773846000000,2189.44,2196.0,2168.25,2186.42,587565.981,2026-03-18 15:00:00
1773849600000,2186.43,2190.41,2164.0,2180.23,339935.522,2026-03-18 16:00:00
1773853200000,2180.23,2211.33,2175.91,2203.33,326117.759,2026-03-18 17:00:00
1773856800000,2203.32,2219.62,2175.0,2180.05,522894.618,2026-03-18 18:00:00
1773860400000,2180.06,2196.53,2175.63,2184.8,187296.774,2026-03-18 19:00:00
1773864000000,2184.81,2194.19,2151.68,2186.51,342755.006,2026-03-18 20:00:00
1773867600000,2186.5,2206.49,2184.39,2201.51,116067.691,2026-03-18 21:00:00
1773871200000,2201.51,2202.67,2185.0,2193.29,77533.243,2026-03-18 22:00:00
1773874800000,2193.3,2205.95,2187.68,2201.93,87733.318,2026-03-18 23:00:00
1773878400000,2201.93,2207.49,2188.8,2191.99,105610.41,2026-03-19 00:00:00
1773882000000,2192.0,2200.89,2186.0,2195.51,81161.185,2026-03-19 01:00:00
1773885600000,2195.51,2203.99,2187.7,2195.48,85189.583,2026-03-19 02:00:00
1773889200000,2195.48,2233.09,2195.48,2210.84,357698.639,2026-03-19 03:00:00
1773892800000,2210.85,2212.0,2189.0,2192.56,172368.184,2026-03-19 04:00:00
1773896400000,2192.58,2197.96,2185.01,2188.23,103260.378,2026-03-19 05:00:00
1773900000000,2188.23,2194.86,2176.46,2179.59,181301.491,2026-03-19 06:00:00
1773903600000,2179.58,2181.0,2141.35,2165.2,596821.809,2026-03-19 07:00:00
1773907200000,2165.21,2169.88,2156.67,2159.57,159681.083,2026-03-19 08:00:00
1773910800000,2159.57,2189.74,2159.0,2188.13,281513.557,2026-03-19 09:00:00
1773914400000,2188.14,2192.0,2171.0,2171.39,142535.854,2026-03-19 10:00:00
1773918000000,2171.39,2177.02,2164.41,2165.79,128059.179,2026-03-19 11:00:00
1773921600000,2165.79,2166.66,2128.71,2131.42,408395.874,2026-03-19 12:00:00
1773925200000,2131.42,2142.8,2110.32,2136.9,641306.125,2026-03-19 13:00:00
1773928800000,2136.91,2146.98,2101.32,2120.72,479619.931,2026-03-19 14:00:00
1773932400000,2120.73,2136.3,2095.58,2117.93,412628.991,2026-03-19 15:00:00
1773936000000,2117.93,2121.63,2105.79,2114.46,278197.304,2026-03-19 16:00:00
1773939600000,2114.46,2131.39,2104.09,2126.2,201875.91,2026-03-19 17:00:00
1773943200000,2126.2,2129.0,2113.33,2124.39,87217.601,2026-03-19 18:00:00
1773946800000,2124.39,2156.1,2124.01,2140.05,311366.155,2026-03-19 19:00:00
1773950400000,2140.07,2152.05,2137.64,2145.07,76907.969,2026-03-19 20:00:00
1773954000000,2145.07,2154.73,2143.43,2148.74,78795.834,2026-03-19 21:00:00
1773957600000,2148.74,2151.11,2130.3,2139.08,97068.156,2026-03-19 22:00:00
1773961200000,2139.08,2146.25,2128.93,2136.55,83844.267,2026-03-19 23:00:00
1773964800000,2136.54,2148.0,2133.54,2144.55,82019.729,2026-03-20 00:00:00
1773968400000,2144.55,2159.6,2143.57,2149.81,131951.367,2026-03-20 01:00:00
1773972000000,2149.8,2150.58,2131.0,2143.4,143984.518,2026-03-20 02:00:00
1773975600000,2143.4,2156.5,2142.5,2150.16,102086.55,2026-03-20 03:00:00
1773979200000,2150.16,2158.65,2138.17,2147.15,126903.389,2026-03-20 04:00:00
1773982800000,2147.16,2151.38,2136.28,2139.31,105141.329,2026-03-20 05:00:00
1773986400000,2139.31,2141.1,2131.09,2135.78,96919.815,2026-03-20 06:00:00
1773990000000,2135.78,2152.32,2120.27,2149.2,243362.003,2026-03-20 07:00:00
1773993600000,2149.2,2176.06,2145.01,2162.73,296887.894,2026-03-20 08:00:00
1773997200000,2162.73,2162.84,2133.42,2140.29,240358.943,2026-03-20 09:00:00
1774000800000,2140.28,2150.65,2130.4,2147.16,174355.37,2026-03-20 10:00:00
1774004400000,2147.16,2157.65,2133.35,2140.71,161216.416,2026-03-20 11:00:00
1774008000000,2140.71,2151.9,2133.93,2140.17,134723.393,2026-03-20 12:00:00
1774011600000,2140.17,2152.42,2121.02,2126.5,353164.345,2026-03-20 13:00:00
1774015200000,2126.49,2146.83,2115.0,2128.2,435619.58,2026-03-20 14:00:00
1774018800000,2128.2,2138.0,2119.02,2132.99,189258.585,2026-03-20 15:00:00
1774022400000,2133.0,2143.89,2129.38,2136.35,144236.507,2026-03-20 16:00:00
1774026000000,2136.35,2140.18,2118.5,2135.67,154575.947,2026-03-20 17:00:00
1774029600000,2135.67,2136.6,2116.16,2122.5,149709.888,2026-03-20 18:00:00
1774033200000,2122.51,2133.91,2116.47,2132.19,125065.991,2026-03-20 19:00:00
1774036800000,2132.19,2135.9,2122.73,2132.24,76939.151,2026-03-20 20:00:00
1774040400000,2132.23,2157.0,2129.53,2146.47,119790.989,2026-03-20 21:00:00
1774044000000,2146.47,2167.72,2146.47,2153.57,107243.888,2026-03-20 22:00:00
1774047600000,2153.56,2154.53,2141.78,2145.0,57103.892,2026-03-20 23:00:00
1774051200000,2145.01,2156.21,2143.0,2152.44,63544.094,2026-03-21 00:00:00
1774054800000,2152.44,2158.75,2146.26,2146.71,62569.873,2026-03-21 01:00:00
1774058400000,2146.71,2155.42,2145.22,2153.89,44677.872,2026-03-21 02:00:00
1774062000000,2153.89,2154.95,2149.92,2152.43,28928.704,2026-03-21 03:00:00
1774065600000,2152.42,2157.4,2148.63,2150.57,58621.937,2026-03-21 04:00:00
1774069200000,2150.58,2156.66,2150.57,2152.13,37735.244,2026-03-21 05:00:00
1774072800000,2152.12,2155.3,2151.16,2154.62,23246.55,2026-03-21 06:00:00
1774076400000,2154.61,2160.99,2151.81,2154.29,68227.523,2026-03-21 07:00:00
1774080000000,2154.29,2156.33,2148.42,2152.87,55941.812,2026-03-21 08:00:00
1774083600000,2152.86,2158.0,2152.59,2157.39,43711.591,2026-03-21 09:00:00
1774087200000,2157.4,2158.43,2152.0,2153.38,31924.054,2026-03-21 10:00:00
1774090800000,2153.38,2157.65,2151.91,2156.45,28432.389,2026-03-21 11:00:00
1774094400000,2156.44,2159.9,2155.62,2156.8,34464.873,2026-03-21 12:00:00
1774098000000,2156.8,2158.86,2153.94,2155.0,27560.967,2026-03-21 13:00:00
1774101600000,2155.0,2168.0,2149.0,2151.31,154378.16,2026-03-21 14:00:00
1774105200000,2151.3,2156.71,2145.19,2154.17,95382.819,2026-03-21 15:00:00
1774108800000,2154.17,2154.56,2142.85,2145.61,76801.228,2026-03-21 16:00:00
1774112400000,2145.6,2149.8,2141.0,2147.25,53009.76,2026-03-21 17:00:00
1774116000000,2147.25,2154.99,2146.32,2150.06,49887.595,2026-03-21 18:00:00
1774119600000,2150.07,2152.26,2148.0,2151.07,19917.66,2026-03-21 19:00:00
1774123200000,2151.07,2156.26,2148.2,2154.61,35509.192,2026-03-21 20:00:00
1774126800000,2154.62,2155.96,2150.94,2152.45,20393.41,2026-03-21 21:00:00
1774130400000,2152.44,2152.75,2148.25,2148.71,20590.161,2026-03-21 22:00:00
1774134000000,2148.72,2148.99,2068.14,2083.41,484627.414,2026-03-21 23:00:00
1774137600000,2083.42,2094.73,2046.64,2086.19,563263.69,2026-03-22 00:00:00
1774141200000,2086.18,2093.0,2080.2,2089.94,125679.345,2026-03-22 01:00:00
1774144800000,2089.94,2108.51,2086.49,2101.0,166617.567,2026-03-22 02:00:00
1774148400000,2100.99,2127.07,2096.75,2112.83,206722.668,2026-03-22 03:00:00
1774152000000,2112.83,2122.0,2103.85,2118.07,157621.397,2026-03-22 04:00:00
1774155600000,2118.06,2119.88,2111.11,2111.7,73875.475,2026-03-22 05:00:00
1774159200000,2111.71,2112.72,2106.36,2107.62,72222.018,2026-03-22 06:00:00
1774162800000,2107.62,2111.0,2091.39,2092.75,149348.53,2026-03-22 07:00:00
1774166400000,2092.75,2095.05,2072.44,2085.49,318713.818,2026-03-22 08:00:00
1774170000000,2085.49,2096.25,2078.0,2083.7,169579.587,2026-03-22 09:00:00
1774173600000,2083.71,2085.91,2076.09,2080.0,62943.346,2026-03-22 10:00:00
1774177200000,2080.01,2082.7,2063.2,2068.72,178121.991,2026-03-22 11:00:00
1774180800000,2068.73,2087.69,2067.01,2081.27,141619.617,2026-03-22 12:00:00
1774184400000,2081.28,2091.99,2071.29,2077.5,145713.95,2026-03-22 13:00:00
1774188000000,2077.5,2084.56,2070.5,2076.91,92327.634,2026-03-22 14:00:00
1774191600000,2076.9,2083.75,2074.43,2082.0,77233.512,2026-03-22 15:00:00
1774195200000,2082.01,2083.5,2076.72,2081.06,54056.715,2026-03-22 16:00:00
1774198800000,2081.05,2083.54,2076.31,2078.58,44794.235,2026-03-22 17:00:00
1774202400000,2078.59,2079.47,2055.31,2071.01,154035.16,2026-03-22 18:00:00
1774206000000,2071.01,2071.8,2052.4,2061.85,142468.801,2026-03-22 19:00:00
1774209600000,2061.85,2071.5,2055.08,2057.49,83283.704,2026-03-22 20:00:00
1774213200000,2057.48,2059.59,2024.0,2044.67,365296.548,2026-03-22 21:00:00
1774216800000,2044.67,2064.6,2031.1,2061.49,198027.86,2026-03-22 22:00:00
1774220400000,2061.5,2074.85,2050.1,2052.78,118679.749,2026-03-22 23:00:00
1774224000000,2052.78,2062.71,2034.08,2042.62,174227.186,2026-03-23 00:00:00
1774227600000,2042.62,2062.21,2038.17,2046.83,140675.489,2026-03-23 01:00:00
1774231200000,2046.83,2069.61,2045.61,2062.41,164491.542,2026-03-23 02:00:00
1774234800000,2062.42,2071.99,2051.0,2051.76,102585.677,2026-03-23 03:00:00
1774238400000,2051.76,2066.0,2049.18,2064.6,78076.535,2026-03-23 04:00:00
1774242000000,2064.6,2071.4,2059.59,2068.08,127511.132,2026-03-23 05:00:00
1774245600000,2068.07,2068.08,2027.15,2036.36,342792.342,2026-03-23 06:00:00
1774249200000,2036.36,2048.96,2022.0,2043.44,281726.598,2026-03-23 07:00:00
1774252800000,2043.44,2057.93,2041.98,2046.66,153898.131,2026-03-23 08:00:00
1774256400000,2046.66,2047.97,2027.79,2042.51,170570.132,2026-03-23 09:00:00
1774260000000,2042.51,2053.0,2039.0,2047.9,109709.037,2026-03-23 10:00:00
1774263600000,2047.9,2198.0,2047.9,2133.85,1855237.922,2026-03-23 11:00:00
1774267200000,2133.86,2147.25,2107.11,2143.46,569168.224,2026-03-23 12:00:00
1774270800000,2143.47,2187.91,2139.2,2184.56,512672.961,2026-03-23 13:00:00
1774274400000,2184.56,2191.83,2167.49,2180.03,376197.645,2026-03-23 14:00:00
1774278000000,2180.03,2187.2,2123.45,2127.7,482007.832,2026-03-23 15:00:00
1774281600000,2127.7,2142.79,2117.0,2135.0,383043.015,2026-03-23 16:00:00
1774285200000,2135.0,2158.81,2123.43,2151.75,235375.224,2026-03-23 17:00:00
1774288800000,2151.74,2171.5,2144.33,2167.6,191431.175,2026-03-23 18:00:00
1774292400000,2167.59,2178.07,2148.01,2153.18,193649.273,2026-03-23 19:00:00
1774296000000,2153.18,2165.83,2149.24,2160.42,49123.839,2026-03-23 20:00:00
1774299600000,2160.42,2162.45,2153.4,2156.9,32937.913,2026-03-23 21:00:00
1774303200000,2156.89,2158.51,2142.57,2151.65,63285.488,2026-03-23 22:00:00
1774306800000,2151.64,2154.85,2138.04,2150.98,73927.378,2026-03-23 23:00:00
1774310400000,2150.99,2155.93,2129.06,2142.04,144431.066,2026-03-24 00:00:00
1774314000000,2142.04,2148.89,2123.24,2136.45,148376.944,2026-03-24 01:00:00
1774317600000,2136.45,2144.85,2131.35,2134.93,88481.895,2026-03-24 02:00:00
1774321200000,2134.93,2142.9,2129.58,2140.74,83738.384,2026-03-24 03:00:00
1774324800000,2140.75,2151.83,2130.66,2135.45,121264.062,2026-03-24 04:00:00
1774328400000,2135.45,2138.24,2128.0,2132.85,88551.277,2026-03-24 05:00:00
1774332000000,2132.84,2145.99,2130.75,2144.28,90805.037,2026-03-24 06:00:00
1774335600000,2144.28,2169.92,2143.18,2164.51,306330.713,2026-03-24 07:00:00
1774339200000,2164.52,2166.59,2151.0,2154.01,159337.247,2026-03-24 08:00:00
1774342800000,2154.01,2166.3,2145.69,2163.64,130452.392,2026-03-24 09:00:00
1774346400000,2163.63,2163.75,2154.13,2160.3,68808.534,2026-03-24 10:00:00
1774350000000,2160.29,2174.63,2151.0,2164.58,202479.106,2026-03-24 11:00:00
1774353600000,2164.57,2169.5,2157.65,2161.64,95283.745,2026-03-24 12:00:00
1774357200000,2161.65,2165.0,2129.03,2137.78,389219.796,2026-03-24 13:00:00
1774360800000,2137.78,2147.94,2118.0,2133.38,450083.85,2026-03-24 14:00:00
1774364400000,2133.38,2146.8,2130.31,2134.28,231353.188,2026-03-24 15:00:00
1774368000000,2134.28,2139.94,2118.7,2126.38,188290.26,2026-03-24 16:00:00
1774371600000,2126.38,2127.99,2101.3,2108.27,306943.177,2026-03-24 17:00:00
1774375200000,2108.27,2127.1,2103.96,2118.02,153623.186,2026-03-24 18:00:00
1774378800000,2118.03,2127.57,2113.15,2115.9,66035.34,2026-03-24 19:00:00
1774382400000,2115.9,2154.17,2114.36,2147.78,236197.37,2026-03-24 20:00:00
1774386000000,2147.78,2151.54,2139.32,2147.71,60127.749,2026-03-24 21:00:00
1774389600000,2147.72,2154.98,2139.1,2144.39,86007.615,2026-03-24 22:00:00
1774393200000,2144.39,2162.87,2142.17,2155.16,117483.405,2026-03-24 23:00:00
1774396800000,2155.16,2167.89,2143.73,2160.43,158464.145,2026-03-25 00:00:00
1774400400000,2160.43,2166.0,2155.11,2155.45,85878.084,2026-03-25 01:00:00
1774404000000,2155.45,2160.5,2152.24,2154.52,80650.858,2026-03-25 02:00:00
1774407600000,2154.52,2159.5,2145.0,2157.34,103619.249,2026-03-25 03:00:00
1774411200000,2157.33,2166.84,2155.35,2165.09,86483.535,2026-03-25 04:00:00
1774414800000,2165.09,2179.6,2163.0,2167.75,206770.981,2026-03-25 05:00:00
1774418400000,2167.74,2172.0,2161.0,2162.62,118790.237,2026-03-25 06:00:00
1774422000000,2162.63,2177.0,2158.0,2163.71,149127.678,2026-03-25 07:00:00
1774425600000,2163.71,2189.69,2163.18,2175.24,296909.35,2026-03-25 08:00:00
1774429200000,2175.23,2188.0,2173.62,2185.14,136986.051,2026-03-25 09:00:00
1774432800000,2185.15,2187.34,2179.57,2183.81,101106.359,2026-03-25 10:00:00
1774436400000,2183.8,2199.0,2177.98,2184.92,278797.407,2026-03-25 11:00:00
1774440000000,2184.93,2194.39,2163.66,2182.45,381929.871,2026-03-25 12:00:00
1774443600000,2182.44,2197.46,2178.5,2183.33,220723.665,2026-03-25 13:00:00
1774447200000,2183.32,2187.0,2172.0,2173.3,178684.312,2026-03-25 14:00:00
1774450800000,2173.31,2176.06,2146.46,2161.69,351344.658,2026-03-25 15:00:00
1774454400000,2161.7,2187.0,2155.08,2173.06,251038.055,2026-03-25 16:00:00
1774458000000,2173.05,2175.4,2158.58,2163.25,123256.091,2026-03-25 17:00:00
1774461600000,2163.24,2172.98,2156.56,2161.35,87790.972,2026-03-25 18:00:00
1774465200000,2161.34,2175.92,2158.5,2171.75,83884.518,2026-03-25 19:00:00
1774468800000,2171.75,2172.22,2158.04,2165.61,48416.294,2026-03-25 20:00:00
1774472400000,2165.61,2168.68,2160.77,2162.98,27159.106,2026-03-25 21:00:00
1774476000000,2162.99,2183.6,2160.53,2173.71,115789.941,2026-03-25 22:00:00
1774479600000,2173.71,2176.56,2163.42,2168.29,57716.389,2026-03-25 23:00:00
1774483200000,2168.29,2171.55,2161.33,2165.57,57975.993,2026-03-26 00:00:00
1774486800000,2165.56,2168.83,2158.6,2164.0,64616.302,2026-03-26 01:00:00
1774490400000,2164.01,2165.2,2142.47,2149.22,166558.557,2026-03-26 02:00:00
1774494000000,2149.22,2155.28,2143.8,2152.4,81775.186,2026-03-26 03:00:00
1774497600000,2152.4,2153.62,2146.81,2148.67,56435.116,2026-03-26 04:00:00
1774501200000,2148.67,2150.06,2112.24,2119.08,378743.971,2026-03-26 05:00:00
1774504800000,2119.08,2124.37,2111.09,2121.02,169656.255,2026-03-26 06:00:00
1774508400000,2121.03,2124.26,2111.33,2122.57,114971.771,2026-03-26 07:00:00
1774512000000,2122.58,2126.46,2113.04,2118.98,112077.349,2026-03-26 08:00:00
1774515600000,2118.99,2121.7,2073.47,2081.55,509079.138,2026-03-26 09:00:00
1774519200000,2081.55,2082.96,2071.43,2077.71,163411.0,2026-03-26 10:00:00
1774522800000,2077.71,2081.0,2059.94,2067.38,210447.514,2026-03-26 11:00:00
1774526400000,2067.38,2074.56,2064.67,2072.58,115480.566,2026-03-26 12:00:00
1774530000000,2072.58,2093.0,2068.42,2080.07,327695.146,2026-03-26 13:00:00
1774533600000,2080.08,2084.8,2065.5,2074.9,192925.398,2026-03-26 14:00:00
1774537200000,2074.91,2075.71,2050.01,2069.22,311395.538,2026-03-26 15:00:00
1774540800000,2069.23,2070.09,2058.39,2059.99,105497.922,2026-03-26 16:00:00
1774544400000,2060.0,2070.0,2041.85,2048.49,180523.336,2026-03-26 17:00:00
1774548000000,2048.49,2054.89,2032.92,2045.98,242111.616,2026-03-26 18:00:00
1774551600000,2045.97,2053.15,2038.2,2047.7,92183.562,2026-03-26 19:00:00
1774555200000,2047.71,2079.68,2045.2,2063.66,276505.105,2026-03-26 20:00:00
1774558800000,2063.66,2076.79,2058.59,2067.25,71037.597,2026-03-26 21:00:00
1774562400000,2067.26,2072.63,2052.47,2064.79,75549.733,2026-03-26 22:00:00
1774566000000,2064.8,2068.88,2055.01,2059.36,64291.441,2026-03-26 23:00:00
1774569600000,2059.36,2066.8,2055.57,2064.19,73099.787,2026-03-27 00:00:00
1774573200000,2064.18,2074.31,2062.35,2073.31,73781.386,2026-03-27 01:00:00
1774576800000,2073.3,2076.29,2065.72,2067.1,67903.834,2026-03-27 02:00:00
1774580400000,2067.11,2068.0,2058.02,2060.51,81076.135,2026-03-27 03:00:00
1774584000000,2060.51,2061.11,2042.0,2052.13,193382.592,2026-03-27 04:00:00
1774587600000,2052.14,2066.52,2050.98,2060.16,114734.222,2026-03-27 05:00:00
1774591200000,2060.16,2067.89,2057.54,2061.56,64884.582,2026-03-27 06:00:00
1774594800000,2061.56,2072.99,2058.28,2064.77,138569.101,2026-03-27 07:00:00
1774598400000,2064.77,2068.74,2032.71,2046.45,318508.16,2026-03-27 08:00:00
1774602000000,2046.46,2050.8,2035.0,2040.05,143954.176,2026-03-27 09:00:00
1774605600000,2040.06,2044.13,1977.02,1989.73,693286.449,2026-03-27 10:00:00
1774609200000,1989.73,1997.0,1980.5,1990.22,241823.572,2026-03-27 11:00:00
1774612800000,1990.22,1992.18,1980.11,1988.01,164842.064,2026-03-27 12:00:00
1774616400000,1988.01,1995.97,1962.54,1977.79,400361.891,2026-03-27 13:00:00
1774620000000,1977.8,1989.22,1970.54,1988.05,283907.004,2026-03-27 14:00:00
1774623600000,1988.04,2009.75,1982.0,1990.0,391022.778,2026-03-27 15:00:00
1774627200000,1990.0,1992.42,1978.84,1985.64,174425.439,2026-03-27 16:00:00
1774630800000,1985.64,1997.04,1973.66,1976.32,150337.987,2026-03-27 17:00:00
1774634400000,1976.31,1985.8,1973.09,1983.3,86179.653,2026-03-27 18:00:00
1774638000000,1983.3,1997.0,1977.56,1990.3,114796.545,2026-03-27 19:00:00
1774641600000,1990.31,1995.0,1976.49,1985.0,72494.604,2026-03-27 20:00:00
1774645200000,1985.0,1990.62,1983.08,1984.68,27698.082,2026-03-27 21:00:00
1774648800000,1984.69,1986.16,1980.3,1984.31,25295.394,2026-03-27 22:00:00
1774652400000,1984.3,1993.25,1979.24,1991.71,47244.688,2026-03-27 23:00:00
1774656000000,1991.71,1994.5,1988.51,1991.4,43383.438,2026-03-28 00:00:00
1774659600000,1991.4,1991.71,1983.25,1989.39,42984.235,2026-03-28 01:00:00
1774663200000,1989.39,1992.67,1981.28,1986.05,51353.993,2026-03-28 02:00:00
1774666800000,1986.06,1990.21,1985.82,1988.12,31657.344,2026-03-28 03:00:00
1774670400000,1988.12,1991.64,1985.99,1989.53,32403.482,2026-03-28 04:00:00
1774674000000,1989.52,1993.99,1986.97,1992.99,45230.981,2026-03-28 05:00:00
1774677600000,1992.99,2006.59,1991.83,1999.6,152802.906,2026-03-28 06:00:00
1774681200000,1999.6,2007.46,1999.36,2005.91,58435.929,2026-03-28 07:00:00
1774684800000,2005.91,2007.37,1997.03,1998.11,76967.074,2026-03-28 08:00:00
1774688400000,1998.1,1998.74,1994.04,1998.32,53333.323,2026-03-28 09:00:00
1774692000000,1998.32,2003.59,1991.2,1995.71,75749.48,2026-03-28 10:00:00
1774695600000,1995.71,1999.99,1994.49,1996.47,39864.506,2026-03-28 11:00:00
1774699200000,1996.47,2003.5,1990.41,1998.56,79494.535,2026-03-28 12:00:00
1774702800000,1998.57,2054.01,1998.09,2025.55,402091.003,2026-03-28 13:00:00
1774706400000,2025.54,2028.26,2013.02,2019.91,144623.929,2026-03-28 14:00:00
1774710000000,2019.9,2041.45,2017.5,2026.0,190202.435,2026-03-28 15:00:00
1774713600000,2026.0,2029.38,2020.01,2023.45,62896.166,2026-03-28 16:00:00
1774717200000,2023.45,2026.0,2015.3,2019.98,60630.563,2026-03-28 17:00:00
1774720800000,2019.98,2024.0,2019.45,2020.67,21270.46,2026-03-28 18:00:00
1774724400000,2020.67,2021.94,2016.39,2019.69,20754.651,2026-03-28 19:00:00
1774728000000,2019.69,2025.93,2019.59,2023.54,29326.644,2026-03-28 20:00:00
1774731600000,2023.55,2024.8,2004.0,2008.67,74474.008,2026-03-28 21:00:00
1774735200000,2008.67,2012.3,2004.2,2010.76,49148.77,2026-03-28 22:00:00
1774738800000,2010.75,2010.76,1987.14,1993.46,147822.379,2026-03-28 23:00:00
1774742400000,1993.47,1998.88,1990.18,1997.89,69166.521,2026-03-29 00:00:00
1774746000000,1997.89,2008.09,1996.69,2004.03,78307.96,2026-03-29 01:00:00
1774749600000,2004.04,2009.99,2001.44,2008.0,53074.551,2026-03-29 02:00:00
1774753200000,2008.0,2018.93,2005.85,2010.17,84381.93,2026-03-29 03:00:00
1774756800000,2010.17,2011.99,2003.05,2005.04,55269.937,2026-03-29 04:00:00
1774760400000,2005.04,2006.76,1996.25,2004.41,73400.593,2026-03-29 05:00:00
1774764000000,2004.4,2007.77,1998.83,2003.86,43987.905,2026-03-29 06:00:00
1774767600000,2003.85,2008.94,1999.0,2005.09,45769.864,2026-03-29 07:00:00
1774771200000,2005.1,2006.5,2001.39,2003.31,29683.314,2026-03-29 08:00:00
1774774800000,2003.3,2004.56,1992.37,1998.19,74044.459,2026-03-29 09:00:00
1774778400000,1998.19,1998.19,1990.3,1995.01,88355.988,2026-03-29 10:00:00
1774782000000,1995.01,2007.5,1994.4,2002.66,88552.042,2026-03-29 11:00:00
1774785600000,2002.67,2004.0,1996.61,2000.9,48475.539,2026-03-29 12:00:00
1774789200000,2000.9,2001.32,1982.06,1986.37,178623.524,2026-03-29 13:00:00
1774792800000,1986.38,2001.98,1983.0,1993.22,134974.728,2026-03-29 14:00:00
1774796400000,1993.21,1999.54,1985.14,1992.02,170198.077,2026-03-29 15:00:00
1774800000000,1992.02,2003.97,1990.78,1996.78,115854.372,2026-03-29 16:00:00
1774803600000,1996.78,1999.31,1986.68,1994.42,83321.069,2026-03-29 17:00:00
1774807200000,1994.43,2001.75,1990.5,1996.51,64484.762,2026-03-29 18:00:00
1774810800000,1996.5,1999.55,1993.14,1994.93,24521.209,2026-03-29 19:00:00
1774814400000,1994.93,2008.94,1994.8,2001.65,57619.251,2026-03-29 20:00:00
1774818000000,2001.64,2006.5,2000.38,2005.34,27291.872,2026-03-29 21:00:00
1774821600000,2005.34,2005.46,1936.0,1972.52,518054.737,2026-03-29 22:00:00
1774825200000,1972.51,1993.96,1971.0,1983.26,336665.227,2026-03-29 23:00:00
1774828800000,1983.27,2024.48,1978.6,1996.17,318141.264,2026-03-30 00:00:00
1774832400000,1996.18,2015.7,1995.74,2009.57,145484.176,2026-03-30 01:00:00
1774836000000,2009.57,2043.0,2006.1,2029.07,316252.711,2026-03-30 02:00:00
1774839600000,2029.07,2041.79,2026.51,2035.24,131337.044,2026-03-30 03:00:00
1774843200000,2035.24,2053.59,2035.04,2047.5,186295.106,2026-03-30 04:00:00
1774846800000,2047.5,2058.79,2042.66,2046.82,192489.203,2026-03-30 05:00:00
1774850400000,2046.82,2051.29,2040.0,2041.48,116060.098,2026-03-30 06:00:00
1774854000000,2041.49,2069.43,2040.48,2058.62,196885.061,2026-03-30 07:00:00
1774857600000,2058.62,2075.89,2057.06,2061.13,218276.903,2026-03-30 08:00:00
1774861200000,2061.13,2062.0,2052.69,2054.2,110133.227,2026-03-30 09:00:00
1774864800000,2054.2,2057.59,2046.63,2057.2,93310.678,2026-03-30 10:00:00
1774868400000,2057.2,2081.92,2056.73,2070.48,271694.496,2026-03-30 11:00:00
1774872000000,2070.48,2077.77,2068.0,2073.55,123076.408,2026-03-30 12:00:00
1774875600000,2073.54,2084.81,2056.95,2059.8,284232.861,2026-03-30 13:00:00
1774879200000,2059.79,2075.31,2043.0,2070.63,392679.903,2026-03-30 14:00:00
1774882800000,2070.62,2079.32,2060.5,2073.3,224175.944,2026-03-30 15:00:00
1774886400000,2073.3,2074.0,2057.7,2065.26,131822.375,2026-03-30 16:00:00
1774890000000,2065.26,2071.92,2030.67,2040.96,290125.445,2026-03-30 17:00:00
1774893600000,2040.96,2043.85,2026.49,2031.8,160600.732,2026-03-30 18:00:00
1774897200000,2031.79,2032.01,2012.0,2022.93,193592.189,2026-03-30 19:00:00
1774900800000,2022.92,2027.38,2020.19,2022.55,62140.566,2026-03-30 20:00:00
1774904400000,2022.55,2048.25,2020.26,2035.13,127691.675,2026-03-30 21:00:00
1774908000000,2035.12,2043.24,2027.75,2032.2,52496.756,2026-03-30 22:00:00
1774911600000,2032.21,2032.21,2012.58,2025.71,124506.197,2026-03-30 23:00:00
1774915200000,2025.7,2041.01,2015.22,2036.08,168137.515,2026-03-31 00:00:00
1774918800000,2036.08,2091.88,2031.3,2072.03,438538.35,2026-03-31 01:00:00
1774922400000,2072.02,2082.8,2065.8,2072.02,107704.076,2026-03-31 02:00:00
1774926000000,2072.02,2075.86,2060.41,2065.99,123824.608,2026-03-31 03:00:00
1774929600000,2066.0,2071.83,2056.09,2059.94,118693.644,2026-03-31 04:00:00
1774933200000,2059.94,2068.5,2054.1,2063.42,90040.703,2026-03-31 05:00:00
1774936800000,2063.42,2064.0,2054.03,2061.46,69350.59,2026-03-31 06:00:00
1774940400000,2061.5,2062.24,2040.87,2054.99,173472.727,2026-03-31 07:00:00
1774944000000,2054.99,2058.19,2034.48,2039.01,163019.037,2026-03-31 08:00:00
1774947600000,2039.0,2043.65,2010.79,2017.5,307719.416,2026-03-31 09:00:00
1774951200000,2017.49,2029.5,2016.0,2025.45,127819.116,2026-03-31 10:00:00
1774954800000,2025.45,2043.6,2021.6,2040.1,231538.837,2026-03-31 11:00:00
1774958400000,2040.09,2057.46,2033.88,2046.61,263697.735,2026-03-31 12:00:00
1774962000000,2046.61,2078.96,2046.6,2074.02,332271.71,2026-03-31 13:00:00
1774965600000,2074.01,2091.29,2036.03,2045.01,654218.165,2026-03-31 14:00:00
1774969200000,2045.01,2077.66,2044.5,2054.0,427281.915,2026-03-31 15:00:00
1774972800000,2054.0,2109.0,2053.38,2090.91,590164.535,2026-03-31 16:00:00
1774976400000,2090.9,2124.44,2087.9,2092.78,536393.816,2026-03-31 17:00:00
1774980000000,2092.77,2114.5,2092.69,2098.99,165703.432,2026-03-31 18:00:00
1774983600000,2098.98,2103.56,2091.05,2095.74,80589.233,2026-03-31 19:00:00
1774987200000,2095.74,2109.98,2095.34,2106.81,69562.976,2026-03-31 20:00:00
1774990800000,2106.8,2108.49,2092.22,2101.53,64783.513,2026-03-31 21:00:00
1774994400000,2101.54,2103.31,2085.74,2095.57,90943.382,2026-03-31 22:00:00
1774998000000,2095.58,2107.99,2091.86,2104.51,83171.976,2026-03-31 23:00:00
1775001600000,2104.51,2117.47,2095.58,2113.68,144464.451,2026-04-01 00:00:00
1775005200000,2113.68,2114.96,2090.01,2092.01,123672.822,2026-04-01 01:00:00
1775008800000,2092.0,2095.89,2079.05,2087.7,151413.62,2026-04-01 02:00:00
1775012400000,2087.7,2106.35,2087.7,2101.53,130486.903,2026-04-01 03:00:00
1775016000000,2101.54,2115.84,2098.76,2110.14,133123.018,2026-04-01 04:00:00
1775019600000,2110.15,2136.0,2105.0,2121.65,318454.149,2026-04-01 05:00:00
1775023200000,2121.65,2155.59,2121.64,2150.02,426445.409,2026-04-01 06:00:00
1775026800000,2150.02,2157.1,2129.02,2130.19,252057.39,2026-04-01 07:00:00
1775030400000,2130.19,2142.38,2124.09,2135.99,209217.411,2026-04-01 08:00:00
1775034000000,2136.0,2139.38,2127.0,2135.44,116146.233,2026-04-01 09:00:00
1775037600000,2135.44,2137.0,2125.21,2131.57,84163.607,2026-04-01 10:00:00
1775041200000,2131.56,2139.62,2129.7,2134.19,67537.885,2026-04-01 11:00:00
1775044800000,2134.2,2150.68,2120.88,2129.99,240933.896,2026-04-01 12:00:00
1775048400000,2130.0,2134.44,2107.04,2118.63,389099.091,2026-04-01 13:00:00
1775052000000,2118.63,2129.99,2113.0,2125.91,188806.095,2026-04-01 14:00:00
1775055600000,2125.91,2137.58,2121.33,2133.88,161037.433,2026-04-01 15:00:00
1775059200000,2133.9,2152.18,2123.78,2144.99,249273.086,2026-04-01 16:00:00
1775062800000,2145.0,2167.42,2132.13,2135.76,336015.434,2026-04-01 17:00:00
1775066400000,2135.76,2136.66,2122.27,2128.19,147120.866,2026-04-01 18:00:00
1775070000000,2128.19,2144.45,2126.67,2140.34,98207.803,2026-04-01 19:00:00
1775073600000,2140.34,2146.4,2129.01,2142.4,79364.137,2026-04-01 20:00:00
1775077200000,2142.39,2164.8,2141.75,2155.52,138814.346,2026-04-01 21:00:00
1775080800000,2155.5,2157.5,2136.43,2138.75,112878.632,2026-04-01 22:00:00
1775084400000,2138.75,2145.12,2133.75,2138.86,64577.121,2026-04-01 23:00:00
1775088000000,2138.85,2158.9,2134.62,2154.57,136298.799,2026-04-02 00:00:00
1775091600000,2154.57,2154.71,2087.56,2098.8,655783.485,2026-04-02 01:00:00
1775095200000,2098.8,2098.8,2062.34,2073.21,385314.892,2026-04-02 02:00:00
1775098800000,2073.21,2076.22,2045.0,2055.41,286706.517,2026-04-02 03:00:00
1775102400000,2055.4,2057.82,2040.5,2044.01,182359.565,2026-04-02 04:00:00
1775106000000,2044.01,2050.91,2036.34,2049.17,156142.722,2026-04-02 05:00:00
1775109600000,2049.18,2052.99,2043.87,2049.01,100582.063,2026-04-02 06:00:00
1775113200000,2049.0,2056.0,2043.08,2054.85,94634.783,2026-04-02 07:00:00
1775116800000,2054.85,2054.85,2044.3,2045.33,80846.331,2026-04-02 08:00:00
1775120400000,2045.33,2047.5,2037.54,2043.21,105522.869,2026-04-02 09:00:00
1775124000000,2043.21,2044.25,2030.8,2038.0,142773.014,2026-04-02 10:00:00
1775127600000,2038.0,2039.65,2021.69,2032.11,164173.357,2026-04-02 11:00:00
1775131200000,2032.1,2032.54,2023.28,2026.28,151751.166,2026-04-02 12:00:00
1775134800000,2026.28,2041.81,2015.41,2038.01,342149.791,2026-04-02 13:00:00
1775138400000,2038.0,2071.09,2031.74,2062.19,563747.561,2026-04-02 14:00:00
1775142000000,2062.18,2066.65,2046.73,2058.44,254242.657,2026-04-02 15:00:00
1775145600000,2058.44,2075.66,2050.82,2061.94,175543.385,2026-04-02 16:00:00
1775149200000,2061.93,2071.0,2043.26,2046.06,195191.053,2026-04-02 17:00:00
1775152800000,2046.06,2062.8,2042.06,2057.43,108993.061,2026-04-02 18:00:00
1775156400000,2057.43,2065.75,2053.5,2064.4,76021.335,2026-04-02 19:00:00
1775160000000,2064.4,2073.0,2059.84,2067.22,95361.806,2026-04-02 20:00:00
1775163600000,2067.23,2069.56,2054.42,2062.29,56853.776,2026-04-02 21:00:00
1775167200000,2062.3,2064.0,2052.11,2058.94,47657.723,2026-04-02 22:00:00
1775170800000,2058.95,2061.3,2052.65,2056.03,50459.679,2026-04-02 23:00:00
1775174400000,2056.03,2058.66,2048.06,2052.0,54248.698,2026-04-03 00:00:00
1775178000000,2052.0,2061.7,2044.0,2049.38,99923.935,2026-04-03 01:00:00
1775181600000,2049.38,2058.75,2039.12,2051.25,148965.311,2026-04-03 02:00:00
1775185200000,2051.26,2056.23,2048.85,2052.95,72708.937,2026-04-03 03:00:00
1775188800000,2052.94,2057.32,2047.07,2053.5,52588.187,2026-04-03 04:00:00
1775192400000,2053.5,2064.28,2046.09,2056.1,95218.758,2026-04-03 05:00:00
1775196000000,2056.09,2065.95,2053.67,2062.61,71465.863,2026-04-03 06:00:00
1775199600000,2062.61,2074.88,2060.66,2065.19,122614.262,2026-04-03 07:00:00
1775203200000,2065.18,2071.2,2057.47,2059.74,96991.433,2026-04-03 08:00:00
1775206800000,2059.74,2063.14,2056.0,2060.18,53948.02,2026-04-03 09:00:00
1775210400000,2060.17,2060.18,2052.19,2058.81,63054.277,2026-04-03 10:00:00
1775214000000,2058.81,2064.56,2056.81,2062.07,48984.613,2026-04-03 11:00:00
1775217600000,2062.08,2082.0,2044.0,2049.17,290807.704,2026-04-03 12:00:00
1775221200000,2049.16,2050.5,2040.5,2047.24,157814.746,2026-04-03 13:00:00
1775224800000,2047.24,2056.66,2044.47,2053.54,107468.143,2026-04-03 14:00:00
1775228400000,2053.55,2056.91,2048.09,2050.39,55342.096,2026-04-03 15:00:00
1775232000000,2050.38,2055.97,2048.75,2053.88,67150.497,2026-04-03 16:00:00
1775235600000,2053.87,2054.52,2042.68,2049.29,61572.244,2026-04-03 17:00:00
1775239200000,2049.29,2052.53,2047.0,2048.44,32743.887,2026-04-03 18:00:00
1775242800000,2048.43,2053.78,2044.21,2051.7,33778.489,2026-04-03 19:00:00
1775246400000,2051.71,2054.09,2050.78,2051.69,24319.866,2026-04-03 20:00:00
1775250000000,2051.69,2061.63,2051.52,2057.59,45597.18,2026-04-03 21:00:00
1775253600000,2057.58,2059.0,2048.37,2051.17,25098.337,2026-04-03 22:00:00
1775257200000,2051.17,2053.47,2048.43,2052.95,21843.661,2026-04-03 23:00:00
1775260800000,2052.95,2053.07,2050.5,2051.37,17817.821,2026-04-04 00:00:00
1775264400000,2051.37,2053.21,2048.75,2050.74,21251.359,2026-04-04 01:00:00
1775268000000,2050.73,2052.98,2046.87,2049.34,37068.739,2026-04-04 02:00:00
1775271600000,2049.35,2051.4,2048.7,2049.4,20232.579,2026-04-04 03:00:00
1775275200000,2049.4,2051.01,2047.64,2050.28,19758.113,2026-04-04 04:00:00
1775278800000,2050.27,2054.16,2049.02,2052.86,29120.438,2026-04-04 05:00:00
1775282400000,2052.86,2057.0,2051.61,2055.28,40553.149,2026-04-04 06:00:00
1775286000000,2055.28,2056.0,2050.3,2052.8,30445.34,2026-04-04 07:00:00
1775289600000,2052.8,2054.29,2048.01,2049.63,29741.07,2026-04-04 08:00:00
1775293200000,2049.63,2051.08,2048.13,2049.57,24346.78,2026-04-04 09:00:00
1775296800000,2049.56,2054.46,2046.59,2053.36,57124.856,2026-04-04 10:00:00
1775300400000,2053.35,2054.3,2050.36,2051.0,27177.728,2026-04-04 11:00:00
1775304000000,2051.0,2052.65,2047.26,2049.3,33290.165,2026-04-04 12:00:00
1775307600000,2049.29,2054.0,2048.46,2052.3,40430.135,2026-04-04 13:00:00
1775311200000,2052.31,2053.73,2043.0,2052.01,60233.941,2026-04-04 14:00:00
1775314800000,2052.01,2061.71,2051.19,2055.21,115688.927,2026-04-04 15:00:00
1775318400000,2055.22,2061.26,2052.24,2054.69,66261.765,2026-04-04 16:00:00
1775322000000,2054.7,2057.28,2051.6,2055.92,35698.365,2026-04-04 17:00:00
1775325600000,2055.92,2057.63,2053.92,2054.44,15511.888,2026-04-04 18:00:00
1775329200000,2054.44,2083.36,2054.25,2063.96,212599.171,2026-04-04 19:00:00
1775332800000,2063.96,2064.24,2058.26,2061.99,34372.985,2026-04-04 20:00:00
1775336400000,2061.99,2071.0,2061.75,2067.74,37600.388,2026-04-04 21:00:00
1775340000000,2067.74,2071.46,2067.2,2067.92,25535.048,2026-04-04 22:00:00
1775343600000,2067.92,2068.2,2061.48,2064.66,36178.203,2026-04-04 23:00:00
1775347200000,2064.66,2065.08,2059.0,2061.33,29747.499,2026-04-05 00:00:00
1775350800000,2061.33,2061.53,2056.0,2056.39,48695.489,2026-04-05 01:00:00
1775354400000,2056.39,2058.95,2052.3,2058.82,45845.775,2026-04-05 02:00:00
1775358000000,2058.83,2059.65,2054.01,2055.67,24684.802,2026-04-05 03:00:00
1775361600000,2055.67,2057.3,2053.0,2054.37,32583.789,2026-04-05 04:00:00
1775365200000,2054.37,2056.11,2046.12,2047.88,73078.11,2026-04-05 05:00:00
1775368800000,2047.88,2048.28,2026.01,2037.21,262635.853,2026-04-05 06:00:00
1775372400000,2037.21,2041.7,2033.0,2036.02,69768.043,2026-04-05 07:00:00
1775376000000,2036.01,2038.87,2034.6,2038.01,29304.942,2026-04-05 08:00:00
1775379600000,2038.01,2044.87,2037.69,2043.09,57324.622,2026-04-05 09:00:00
1775383200000,2043.1,2051.99,2041.02,2043.58,70285.958,2026-04-05 10:00:00
1775386800000,2043.57,2044.82,2039.08,2041.0,38425.838,2026-04-05 11:00:00
1775390400000,2041.0,2041.0,2020.01,2027.36,202043.583,2026-04-05 12:00:00
1775394000000,2027.36,2036.92,2024.24,2035.39,113050.549,2026-04-05 13:00:00
1775397600000,2035.38,2042.55,2034.0,2037.55,92082.378,2026-04-05 14:00:00
1775401200000,2037.55,2069.63,2033.21,2053.0,316804.309,2026-04-05 15:00:00
1775404800000,2052.99,2058.42,2048.85,2051.04,76701.412,2026-04-05 16:00:00
1775408400000,2051.04,2061.83,2047.0,2061.41,69863.773,2026-04-05 17:00:00
1775412000000,2061.41,2066.74,2055.4,2061.94,71750.627,2026-04-05 18:00:00
1775415600000,2061.95,2068.95,2056.63,2060.97,46341.391,2026-04-05 19:00:00
1775419200000,2060.97,2074.73,2060.62,2067.87,68039.773,2026-04-05 20:00:00
1775422800000,2067.88,2068.17,2055.35,2059.09,56201.943,2026-04-05 21:00:00
1775426400000,2059.08,2087.33,2048.6,2084.69,215912.254,2026-04-05 22:00:00
1775430000000,2084.69,2123.0,2080.89,2109.32,394818.09,2026-04-05 23:00:00
1775433600000,2109.33,2134.57,2109.33,2120.99,272464.396,2026-04-06 00:00:00
1775437200000,2121.0,2123.79,2111.4,2114.14,139047.666,2026-04-06 01:00:00
1775440800000,2114.15,2146.55,2113.39,2132.62,245663.641,2026-04-06 02:00:00
1775444400000,2132.62,2136.43,2125.0,2128.52,101423.26,2026-04-06 03:00:00
1775448000000,2128.53,2134.0,2124.0,2130.0,92206.579,2026-04-06 04:00:00
1775451600000,2130.0,2133.76,2127.46,2130.26,37707.79,2026-04-06 05:00:00
1775455200000,2130.27,2138.0,2118.35,2126.45,176257.052,2026-04-06 06:00:00
1775458800000,2126.46,2141.3,2121.62,2134.06,130744.963,2026-04-06 07:00:00
1775462400000,2134.06,2147.3,2132.4,2137.34,145317.787,2026-04-06 08:00:00
1775466000000,2137.33,2174.07,2137.13,2149.91,516638.841,2026-04-06 09:00:00
1775469600000,2149.91,2156.8,2147.97,2152.45,93843.317,2026-04-06 10:00:00
1775473200000,2152.44,2153.0,2145.2,2150.74,71520.277,2026-04-06 11:00:00
1775476800000,2150.74,2153.79,2140.35,2142.1,135472.246,2026-04-06 12:00:00
1775480400000,2142.1,2148.64,2135.39,2144.72,184336.926,2026-04-06 13:00:00
1775484000000,2144.73,2164.78,2136.17,2155.2,450883.446,2026-04-06 14:00:00
1775487600000,2155.21,2169.0,2153.79,2163.51,273257.298,2026-04-06 15:00:00
1775491200000,2163.51,2167.54,2138.4,2138.89,239623.027,2026-04-06 16:00:00
1775494800000,2138.89,2139.61,2122.15,2133.87,304965.159,2026-04-06 17:00:00
1775498400000,2133.87,2147.93,2130.38,2143.69,119483.286,2026-04-06 18:00:00
1775502000000,2143.7,2145.15,2134.44,2143.28,69940.29,2026-04-06 19:00:00
1775505600000,2143.28,2154.44,2139.26,2147.6,64645.347,2026-04-06 20:00:00
1775509200000,2147.59,2147.6,2136.25,2138.46,34986.631,2026-04-06 21:00:00
1775512800000,2138.45,2139.8,2103.5,2104.02,201916.069,2026-04-06 22:00:00
1775516400000,2104.02,2109.67,2086.0,2106.27,330095.215,2026-04-06 23:00:00
1775520000000,2106.27,2119.71,2104.46,2111.59,151843.385,2026-04-07 00:00:00
1775523600000,2111.59,2118.95,2096.0,2098.29,182590.982,2026-04-07 01:00:00
1775527200000,2098.29,2111.42,2091.67,2105.56,115530.747,2026-04-07 02:00:00
1775530800000,2105.55,2108.9,2102.52,2107.36,54093.868,2026-04-07 03:00:00
1775534400000,2107.35,2118.14,2102.31,2112.96,97611.623,2026-04-07 04:00:00
1775538000000,2112.95,2113.48,2102.5,2104.51,66746.355,2026-04-07 05:00:00
1775541600000,2104.51,2105.7,2095.37,2103.11,116996.807,2026-04-07 06:00:00
1775545200000,2103.11,2105.6,2098.0,2103.01,55812.938,2026-04-07 07:00:00
1775548800000,2103.01,2116.0,2102.41,2113.88,134354.482,2026-04-07 08:00:00
1775552400000,2113.87,2132.94,2112.72,2127.44,243994.958,2026-04-07 09:00:00
1775556000000,2127.45,2130.65,2084.09,2088.5,429147.51,2026-04-07 10:00:00
1775559600000,2088.49,2093.65,2080.63,2088.68,204940.645,2026-04-07 11:00:00
1775563200000,2088.69,2092.85,2072.64,2085.81,321783.313,2026-04-07 12:00:00
1775566800000,2085.82,2092.44,2073.34,2074.09,186517.291,2026-04-07 13:00:00
1775570400000,2074.08,2081.04,2057.0,2068.54,380209.708,2026-04-07 14:00:00
1775574000000,2068.55,2083.19,2063.58,2079.41,206057.574,2026-04-07 15:00:00
1775577600000,2079.42,2089.93,2076.22,2082.8,167276.192,2026-04-07 16:00:00
1775581200000,2082.8,2114.75,2078.52,2098.41,288671.203,2026-04-07 17:00:00
1775584800000,2098.41,2100.7,2080.0,2085.54,119437.448,2026-04-07 18:00:00
1775588400000,2085.54,2117.34,2083.45,2112.59,224862.355,2026-04-07 19:00:00
1775592000000,2112.59,2124.72,2109.37,2114.5,152510.29,2026-04-07 20:00:00
1775595600000,2114.5,2153.33,2114.42,2144.21,282603.577,2026-04-07 21:00:00
1775599200000,2144.22,2219.12,2144.22,2219.1,731170.66,2026-04-07 22:00:00
1775602800000,2219.1,2273.53,2214.61,2239.25,904420.804,2026-04-07 23:00:00
1775606400000,2239.25,2251.0,2226.31,2235.3,272394.123,2026-04-08 00:00:00
1775610000000,2235.3,2242.07,2228.98,2233.44,120534.793,2026-04-08 01:00:00
1775613600000,2233.44,2248.19,2230.0,2236.55,161445.684,2026-04-08 02:00:00
1775617200000,2236.55,2239.15,2231.45,2234.0,71091.166,2026-04-08 03:00:00
1775620800000,2234.0,2252.68,2233.99,2239.99,179643.724,2026-04-08 04:00:00
1775624400000,2240.0,2244.85,2236.63,2239.84,74457.749,2026-04-08 05:00:00
1775628000000,2239.85,2252.9,2234.57,2244.79,145792.072,2026-04-08 06:00:00
1775631600000,2244.78,2259.99,2243.32,2252.66,148225.534,2026-04-08 07:00:00
1775635200000,2252.65,2258.0,2248.65,2254.93,109517.02,2026-04-08 08:00:00
1775638800000,2254.94,2263.4,2245.04,2248.6,127018.589,2026-04-08 09:00:00
1775642400000,2248.59,2253.04,2240.0,2241.78,85191.289,2026-04-08 10:00:00
1775646000000,2241.79,2254.73,2235.91,2246.5,140248.987,2026-04-08 11:00:00
1775649600000,2246.5,2259.64,2241.8,2254.59,144005.495,2026-04-08 12:00:00
1775653200000,2254.6,2269.8,2230.26,2235.05,508968.142,2026-04-08 13:00:00
1775656800000,2235.06,2240.55,2186.17,2194.79,663725.471,2026-04-08 14:00:00
1775660400000,2194.78,2217.97,2192.37,2214.67,303081.02,2026-04-08 15:00:00
1775664000000,2214.68,2224.71,2210.2,2219.93,160715.107,2026-04-08 16:00:00
1775667600000,2219.93,2238.89,2212.12,2230.98,201584.82,2026-04-08 17:00:00
1775671200000,2230.98,2231.74,2197.0,2200.84,213991.928,2026-04-08 18:00:00
1775674800000,2200.84,2211.58,2196.97,2210.43,107699.925,2026-04-08 19:00:00
1775678400000,2210.42,2216.45,2204.51,2209.12,60921.738,2026-04-08 20:00:00
1775682000000,2209.12,2222.99,2207.11,2214.29,59362.042,2026-04-08 21:00:00
1775685600000,2214.3,2214.79,2185.0,2188.98,154191.914,2026-04-08 22:00:00
1775689200000,2188.99,2193.4,2178.1,2189.14,134977.855,2026-04-08 23:00:00
1775692800000,2189.14,2193.25,2178.11,2182.17,104319.067,2026-04-09 00:00:00
1775696400000,2182.17,2184.83,2160.0,2177.87,231734.831,2026-04-09 01:00:00
1775700000000,2177.87,2184.5,2173.11,2180.52,104377.491,2026-04-09 02:00:00
1775703600000,2180.52,2182.97,2174.34,2181.42,74662.283,2026-04-09 03:00:00
1775707200000,2181.43,2181.43,2175.33,2176.79,41529.881,2026-04-09 04:00:00
1775710800000,2176.79,2188.0,2174.42,2181.28,117575.472,2026-04-09 05:00:00
1775714400000,2181.27,2185.1,2174.58,2180.53,76412.256,2026-04-09 06:00:00
1775718000000,2180.53,2184.88,2178.56,2179.89,71848.609,2026-04-09 07:00:00
1775721600000,2179.9,2191.19,2175.3,2185.02,131640.99,2026-04-09 08:00:00
1775725200000,2185.02,2196.96,2178.3,2192.93,145122.722,2026-04-09 09:00:00
1775728800000,2192.93,2195.99,2187.0,2189.75,106998.67,2026-04-09 10:00:00
1775732400000,2189.75,2192.6,2177.49,2179.29,136148.96,2026-04-09 11:00:00
1775736000000,2179.3,2187.57,2172.47,2182.85,129160.422,2026-04-09 12:00:00
1775739600000,2182.85,2185.96,2158.01,2164.72,328873.449,2026-04-09 13:00:00
1775743200000,2164.72,2182.1,2156.02,2177.05,285112.614,2026-04-09 14:00:00
1775746800000,2177.06,2224.44,2168.64,2217.13,662306.197,2026-04-09 15:00:00
1775750400000,2217.13,2230.0,2192.04,2207.59,418197.863,2026-04-09 16:00:00
1775754000000,2207.59,2224.79,2205.49,2222.0,315184.345,2026-04-09 17:00:00
1775757600000,2221.99,2222.99,2199.66,2206.25,167886.369,2026-04-09 18:00:00
1775761200000,2206.24,2224.25,2203.64,2215.53,138922.159,2026-04-09 19:00:00
1775764800000,2215.53,2221.59,2210.0,2212.32,52206.304,2026-04-09 20:00:00
1775768400000,2212.33,2226.77,2207.03,2209.97,81626.885,2026-04-09 21:00:00
1775772000000,2209.97,2246.04,2196.23,2196.9,255945.75,2026-04-09 22:00:00
1775775600000,2196.9,2200.78,2181.94,2189.02,179955.057,2026-04-09 23:00:00
1775779200000,2189.02,2196.56,2181.01,2194.39,115438.865,2026-04-10 00:00:00
1775782800000,2194.39,2203.3,2174.77,2193.73,203558.864,2026-04-10 01:00:00
1775786400000,2193.73,2197.87,2186.02,2188.33,83175.742,2026-04-10 02:00:00
1775790000000,2188.33,2191.66,2181.72,2185.63,62553.168,2026-04-10 03:00:00
1775793600000,2185.63,2198.97,2185.27,2194.99,74098.621,2026-04-10 04:00:00
1775797200000,2194.99,2202.45,2191.52,2196.15,84070.242,2026-04-10 05:00:00
1775800800000,2196.14,2197.6,2183.05,2185.74,95327.293,2026-04-10 06:00:00
1775804400000,2185.74,2187.91,2175.57,2179.04,112841.065,2026-04-10 07:00:00
1775808000000,2179.04,2189.95,2176.13,2185.18,111962.222,2026-04-10 08:00:00
1775811600000,2185.19,2196.86,2184.85,2195.14,130833.956,2026-04-10 09:00:00
1775815200000,2195.14,2197.68,2189.43,2196.52,86286.559,2026-04-10 10:00:00
1775818800000,2196.53,2223.35,2196.4,2214.5,296018.119,2026-04-10 11:00:00
1775822400000,2214.5,2227.99,2206.45,2217.99,294848.527,2026-04-10 12:00:00
1775826000000,2217.98,2224.76,2207.08,2221.73,194898.324,2026-04-10 13:00:00
1775829600000,2221.73,2252.76,2218.49,2241.3,524854.3,2026-04-10 14:00:00
1775833200000,2241.3,2258.0,2218.01,2223.43,340895.833,2026-04-10 15:00:00
1775836800000,2223.43,2247.53,2220.12,2244.21,216369.638,2026-04-10 16:00:00
1775840400000,2244.22,2248.44,2237.62,2247.23,103241.298,2026-04-10 17:00:00
1775844000000,2247.22,2251.99,2237.7,2248.0,90643.392,2026-04-10 18:00:00
1775847600000,2248.01,2254.85,2242.23,2251.81,90572.435,2026-04-10 19:00:00
1775851200000,2251.8,2256.93,2241.71,2254.23,80961.788,2026-04-10 20:00:00
1775854800000,2254.23,2254.88,2241.18,2253.66,63822.733,2026-04-10 21:00:00
1775858400000,2253.67,2254.26,2233.44,2241.22,77074.977,2026-04-10 22:00:00
1775862000000,2241.22,2244.8,2238.0,2244.04,32805.45,2026-04-10 23:00:00
1775865600000,2244.04,2244.04,2234.51,2237.71,42968.342,2026-04-11 00:00:00
1775869200000,2237.71,2245.99,2233.75,2243.5,51141.763,2026-04-11 01:00:00
1775872800000,2243.49,2251.17,2241.03,2246.99,59220.962,2026-04-11 02:00:00
1775876400000,2247.0,2249.5,2234.68,2236.33,69638.989,2026-04-11 03:00:00
1775880000000,2236.34,2242.08,2234.33,2240.23,50995.556,2026-04-11 04:00:00
1775883600000,2240.23,2241.17,2228.06,2231.92,105752.992,2026-04-11 05:00:00
1775887200000,2231.91,2236.11,2228.8,2234.99,54486.386,2026-04-11 06:00:00
1775890800000,2234.99,2235.98,2230.01,2231.98,35116.042,2026-04-11 07:00:00
1775894400000,2231.99,2234.98,2231.0,2232.01,37635.151,2026-04-11 08:00:00
1775898000000,2232.01,2248.64,2231.3,2242.59,136711.989,2026-04-11 09:00:00
1775901600000,2242.6,2244.18,2236.3,2239.33,50734.866,2026-04-11 10:00:00
1775905200000,2239.32,2246.0,2237.64,2244.89,47660.326,2026-04-11 11:00:00
1775908800000,2244.9,2245.87,2239.92,2244.41,43816.506,2026-04-11 12:00:00
1775912400000,2244.41,2244.41,2232.12,2238.42,94315.912,2026-04-11 13:00:00
1775916000000,2238.43,2243.0,2237.06,2240.81,38975.546,2026-04-11 14:00:00
1775919600000,2240.82,2255.5,2240.06,2248.26,105411.817,2026-04-11 15:00:00
1775923200000,2248.26,2274.7,2245.02,2257.57,228581.015,2026-04-11 16:00:00
1775926800000,2257.56,2264.88,2252.19,2258.73,95919.941,2026-04-11 17:00:00
1775930400000,2258.73,2314.66,2256.0,2304.1,439736.705,2026-04-11 18:00:00
1775934000000,2304.09,2329.85,2304.09,2315.23,315511.518,2026-04-11 19:00:00
1775937600000,2315.23,2316.39,2287.53,2297.58,166307.406,2026-04-11 20:00:00
1775941200000,2297.58,2304.35,2291.21,2298.57,59661.986,2026-04-11 21:00:00
1775944800000,2298.57,2307.88,2288.34,2295.87,94784.265,2026-04-11 22:00:00
1775948400000,2295.86,2295.87,2275.21,2283.73,104455.279,2026-04-11 23:00:00
1775952000000,2283.73,2287.99,2275.56,2284.69,97589.645,2026-04-12 00:00:00
1775955600000,2284.7,2287.8,2208.02,2218.07,595951.599,2026-04-12 01:00:00
1775959200000,2218.06,2233.86,2205.93,2222.61,291863.907,2026-04-12 02:00:00
1775962800000,2222.6,2226.34,2211.88,2213.14,130972.432,2026-04-12 03:00:00
1775966400000,2213.13,2215.88,2208.0,2211.58,80945.359,2026-04-12 04:00:00
1775970000000,2211.58,2219.66,2207.01,2216.07,91662.66,2026-04-12 05:00:00
1775973600000,2216.07,2219.98,2213.67,2214.92,63557.866,2026-04-12 06:00:00
1775977200000,2214.92,2219.49,2211.51,2216.87,59925.614,2026-04-12 07:00:00
1775980800000,2216.87,2218.18,2210.41,2213.01,54084.65,2026-04-12 08:00:00
1775984400000,2213.0,2215.34,2210.18,2213.27,46376.24,2026-04-12 09:00:00
1775988000000,2213.26,2216.62,2190.6,2200.94,183218.537,2026-04-12 10:00:00
1775991600000,2200.94,2206.82,2195.75,2203.53,87034.592,2026-04-12 11:00:00
1775995200000,2203.52,2207.61,2186.0,2193.37,155931.749,2026-04-12 12:00:00
1775998800000,2193.38,2198.22,2182.92,2185.89,193446.572,2026-04-12 13:00:00
1776002400000,2185.89,2192.57,2175.2,2179.85,174279.035,2026-04-12 14:00:00
1776006000000,2179.84,2188.13,2173.0,2185.5,124771.364,2026-04-12 15:00:00
1776009600000,2185.5,2189.59,2181.5,2186.29,75764.246,2026-04-12 16:00:00
1776013200000,2186.29,2204.79,2186.28,2202.21,137620.75,2026-04-12 17:00:00
1776016800000,2202.22,2206.73,2198.23,2199.24,72753.909,2026-04-12 18:00:00
1776020400000,2199.24,2204.26,2196.26,2197.24,35321.722,2026-04-12 19:00:00
1776024000000,2197.23,2218.0,2192.15,2212.35,113474.782,2026-04-12 20:00:00
1776027600000,2212.35,2217.33,2203.75,2210.04,57228.153,2026-04-12 21:00:00
1776031200000,2210.03,2210.32,2181.88,2198.24,201727.212,2026-04-12 22:00:00
1776034800000,2198.25,2198.25,2185.0,2190.46,72156.747,2026-04-12 23:00:00
1776038400000,2190.46,2207.31,2186.0,2204.06,103398.068,2026-04-13 00:00:00
1776042000000,2204.06,2208.31,2199.14,2202.51,68196.07,2026-04-13 01:00:00
1776045600000,2202.51,2204.78,2191.1,2193.18,82341.714,2026-04-13 02:00:00
1776049200000,2193.18,2195.33,2189.16,2193.25,45548.331,2026-04-13 03:00:00
1776052800000,2193.25,2198.52,2186.35,2189.33,63411.018,2026-04-13 04:00:00
1776056400000,2189.33,2190.8,2180.24,2190.3,102450.176,2026-04-13 05:00:00
1776060000000,2190.3,2200.85,2189.8,2197.49,94428.587,2026-04-13 06:00:00
1776063600000,2197.5,2198.81,2181.93,2185.81,108329.812,2026-04-13 07:00:00
1776067200000,2185.81,2188.69,2177.01,2184.32,103167.049,2026-04-13 08:00:00
1776070800000,2184.32,2194.95,2184.31,2187.16,83188.202,2026-04-13 09:00:00
1776074400000,2187.16,2188.24,2177.9,2182.97,76597.525,2026-04-13 10:00:00
1776078000000,2182.98,2190.4,2181.7,2186.56,69005.661,2026-04-13 11:00:00
1776081600000,2186.56,2198.0,2173.16,2191.53,189977.159,2026-04-13 12:00:00
1776085200000,2191.55,2215.0,2180.05,2214.0,362970.014,2026-04-13 13:00:00
1776088800000,2213.99,2233.77,2201.76,2232.73,413104.012,2026-04-13 14:00:00
1776092400000,2232.73,2235.99,2197.78,2208.51,306614.617,2026-04-13 15:00:00
1776096000000,2208.51,2233.7,2198.61,2224.81,322245.086,2026-04-13 16:00:00
1776099600000,2224.8,2242.38,2221.3,2223.96,212049.653,2026-04-13 17:00:00
1776103200000,2223.97,2233.57,2217.35,2231.27,117555.438,2026-04-13 18:00:00
1776106800000,2231.27,2268.25,2226.81,2261.11,379609.393,2026-04-13 19:00:00
1776110400000,2261.11,2262.62,2246.6,2251.6,132666.478,2026-04-13 20:00:00
1776114000000,2251.6,2265.83,2248.84,2258.77,69662.552,2026-04-13 21:00:00
1776117600000,2258.77,2365.0,2258.6,2352.12,855155.043,2026-04-13 22:00:00
1776121200000,2352.13,2396.0,2340.26,2368.29,599657.289,2026-04-13 23:00:00
1776124800000,2368.28,2374.11,2358.02,2359.91,169506.789,2026-04-14 00:00:00
1776128400000,2359.92,2372.44,2352.53,2367.24,157524.47,2026-04-14 01:00:00
1776132000000,2367.25,2377.86,2364.67,2366.17,117309.509,2026-04-14 02:00:00
1776135600000,2366.17,2369.34,2360.36,2364.48,69731.027,2026-04-14 03:00:00
1776139200000,2364.47,2367.4,2360.87,2363.21,47832.35,2026-04-14 04:00:00
1776142800000,2363.2,2369.0,2353.7,2354.8,98438.998,2026-04-14 05:00:00
1776146400000,2354.8,2376.08,2354.8,2371.76,110128.346,2026-04-14 06:00:00
1776150000000,2371.77,2390.0,2369.16,2376.79,236173.789,2026-04-14 07:00:00
1776153600000,2376.8,2396.6,2372.99,2386.87,236041.04,2026-04-14 08:00:00
1776157200000,2386.87,2394.0,2382.23,2386.2,168513.006,2026-04-14 09:00:00
1776160800000,2386.21,2386.93,2372.12,2374.18,103814.15,2026-04-14 10:00:00
1776164400000,2374.17,2377.48,2366.66,2373.41,115470.946,2026-04-14 11:00:00
1776168000000,2373.41,2377.68,2367.84,2373.21,99196.491,2026-04-14 12:00:00
1776171600000,2373.22,2394.6,2371.57,2389.99,344340.952,2026-04-14 13:00:00
1776175200000,2390.0,2416.4,2350.66,2351.8,750911.246,2026-04-14 14:00:00
1776178800000,2351.79,2371.54,2330.8,2363.23,617382.034,2026-04-14 15:00:00
1776182400000,2363.23,2370.5,2327.78,2332.63,266421.649,2026-04-14 16:00:00
1776186000000,2332.62,2344.61,2322.02,2337.4,215882.697,2026-04-14 17:00:00
1776189600000,2337.4,2343.29,2307.72,2312.83,228648.251,2026-04-14 18:00:00
1776193200000,2312.82,2321.76,2301.38,2312.5,145226.824,2026-04-14 19:00:00
1776196800000,2312.5,2322.64,2307.57,2314.05,72287.829,2026-04-14 20:00:00
1776200400000,2314.05,2326.06,2313.6,2322.31,64844.385,2026-04-14 21:00:00
1776204000000,2322.31,2332.0,2310.37,2313.78,109487.064,2026-04-14 22:00:00
1776207600000,2313.78,2325.76,2313.05,2321.26,74924.348,2026-04-14 23:00:00
1776211200000,2321.25,2342.63,2320.5,2332.51,137685.11,2026-04-15 00:00:00
1776214800000,2332.5,2341.63,2330.12,2334.58,85473.686,2026-04-15 01:00:00
1776218400000,2334.57,2336.99,2316.56,2323.95,101380.355,2026-04-15 02:00:00
1776222000000,2323.95,2328.6,2319.5,2327.89,59697.5,2026-04-15 03:00:00
1776225600000,2327.88,2333.77,2326.56,2332.17,56131.555,2026-04-15 04:00:00
1776229200000,2332.17,2337.64,2312.55,2318.6,146526.887,2026-04-15 05:00:00
1776232800000,2318.6,2320.49,2314.33,2316.22,58762.289,2026-04-15 06:00:00
1776236400000,2316.23,2322.86,2306.42,2315.47,144001.806,2026-04-15 07:00:00
1776240000000,2315.48,2332.0,2312.73,2326.61,126317.959,2026-04-15 08:00:00
1776243600000,2326.6,2329.15,2317.09,2319.03,61785.151,2026-04-15 09:00:00
1776247200000,2319.02,2327.74,2311.0,2315.91,123316.869,2026-04-15 10:00:00
1776250800000,2315.92,2338.94,2315.6,2336.28,146568.519,2026-04-15 11:00:00
1776254400000,2336.28,2338.79,2328.13,2331.2,112954.531,2026-04-15 12:00:00
1776258000000,2331.2,2333.75,2316.2,2325.72,201446.647,2026-04-15 13:00:00
1776261600000,2325.72,2344.01,2320.76,2337.38,262719.144,2026-04-15 14:00:00
1776265200000,2337.38,2349.0,2319.27,2330.62,278422.442,2026-04-15 15:00:00
1776268800000,2330.61,2348.66,2328.06,2340.3,175138.143,2026-04-15 16:00:00
1776272400000,2340.3,2357.42,2338.59,2347.44,180552.08,2026-04-15 17:00:00
1776276000000,2347.44,2358.64,2345.03,2357.12,97506.99,2026-04-15 18:00:00
1776279600000,2357.11,2385.11,2355.92,2373.58,250542.852,2026-04-15 19:00:00
1776283200000,2373.59,2374.89,2352.35,2361.71,108039.292,2026-04-15 20:00:00
1776286800000,2361.7,2363.0,2346.48,2360.1,73313.115,2026-04-15 21:00:00
1776290400000,2360.1,2379.99,2359.0,2362.58,143315.219,2026-04-15 22:00:00
1776294000000,2362.58,2362.59,2348.0,2358.89,125186.141,2026-04-15 23:00:00
1776297600000,2358.89,2363.83,2348.29,2359.26,80071.964,2026-04-16 00:00:00
1776301200000,2359.26,2359.32,2342.05,2350.86,85151.57,2026-04-16 01:00:00
1776304800000,2350.86,2368.66,2348.55,2355.58,130145.805,2026-04-16 02:00:00
1776308400000,2355.58,2364.57,2354.69,2356.48,58348.57,2026-04-16 03:00:00
1776312000000,2356.48,2362.86,2346.34,2353.0,80072.859,2026-04-16 04:00:00
1776315600000,2353.0,2360.58,2349.0,2355.79,63862.972,2026-04-16 05:00:00
1776319200000,2355.8,2359.38,2348.5,2354.92,55428.623,2026-04-16 06:00:00
1776322800000,2354.93,2356.0,2333.67,2340.55,150386.923,2026-04-16 07:00:00
1776326400000,2340.55,2345.0,2333.03,2338.0,134023.915,2026-04-16 08:00:00
1776330000000,2338.0,2347.12,2336.58,2336.99,81187.841,2026-04-16 09:00:00
1776333600000,2336.99,2339.36,2327.01,2331.12,147937.686,2026-04-16 10:00:00
1776337200000,2331.13,2335.36,2328.46,2334.69,67479.804,2026-04-16 11:00:00
1776340800000,2334.69,2348.76,2333.39,2339.27,127564.728,2026-04-16 12:00:00
1776344400000,2339.27,2351.99,2288.0,2306.92,515188.829,2026-04-16 13:00:00
1776348000000,2306.92,2315.15,2281.85,2308.4,502326.416,2026-04-16 14:00:00
1776351600000,2308.39,2348.88,2306.82,2337.53,398383.673,2026-04-16 15:00:00
1776355200000,2337.53,2347.73,2308.21,2315.52,284883.049,2026-04-16 16:00:00
1776358800000,2315.52,2328.6,2308.5,2324.62,161817.475,2026-04-16 17:00:00
1776362400000,2324.62,2345.82,2318.71,2342.22,148694.482,2026-04-16 18:00:00
1776366000000,2342.23,2362.0,2333.09,2358.65,215282.671,2026-04-16 19:00:00
1776369600000,2358.65,2363.94,2340.04,2348.81,125548.601,2026-04-16 20:00:00
1776373200000,2348.82,2355.67,2335.0,2340.35,79487.067,2026-04-16 21:00:00
1776376800000,2340.35,2349.92,2337.75,2341.33,62578.073,2026-04-16 22:00:00
1776380400000,2341.34,2353.8,2340.24,2346.91,71810.682,2026-04-16 23:00:00
1776384000000,2346.9,2349.61,2339.63,2343.26,61533.058,2026-04-17 00:00:00
1776387600000,2343.25,2348.0,2325.36,2334.08,179760.66,2026-04-17 01:00:00
1776391200000,2334.08,2337.95,2323.19,2330.88,70090.767,2026-04-17 02:00:00
1776394800000,2330.89,2331.0,2322.06,2324.6,56610.088,2026-04-17 03:00:00
1776398400000,2324.59,2333.0,2322.93,2328.0,48380.998,2026-04-17 04:00:00
1776402000000,2328.0,2328.38,2315.7,2318.28,95202.371,2026-04-17 05:00:00
1776405600000,2318.28,2331.84,2316.68,2330.02,72864.543,2026-04-17 06:00:00
1776409200000,2330.01,2341.25,2329.08,2333.41,143736.158,2026-04-17 07:00:00
1776412800000,2333.41,2358.0,2332.0,2353.59,234568.404,2026-04-17 08:00:00
1776416400000,2353.59,2377.53,2346.6,2357.49,353373.005,2026-04-17 09:00:00
1776420000000,2357.49,2359.6,2334.09,2342.54,192769.495,2026-04-17 10:00:00
1776423600000,2342.54,2355.68,2341.59,2353.38,99106.219,2026-04-17 11:00:00
1776427200000,2353.38,2381.79,2347.91,2370.53,311122.921,2026-04-17 12:00:00
1776430800000,2370.53,2439.84,2365.0,2435.82,1228545.771,2026-04-17 13:00:00
1776434400000,2435.82,2457.0,2423.14,2445.66,553653.177,2026-04-17 14:00:00
1776438000000,2445.66,2448.43,2431.58,2440.65,266771.62,2026-04-17 15:00:00
1776441600000,2440.65,2464.99,2439.66,2450.46,300580.095,2026-04-17 16:00:00
1776445200000,2450.47,2451.83,2420.41,2439.01,327532.776,2026-04-17 17:00:00
1776448800000,2439.0,2441.34,2414.2,2419.07,210777.923,2026-04-17 18:00:00
1776452400000,2419.07,2432.0,2416.25,2426.45,97502.39,2026-04-17 19:00:00
1776456000000,2426.45,2434.29,2415.69,2425.35,75056.041,2026-04-17 20:00:00
1776459600000,2425.35,2432.26,2418.16,2428.33,43736.858,2026-04-17 21:00:00
1776463200000,2428.33,2441.55,2421.8,2431.66,92316.765,2026-04-17 22:00:00
1776466800000,2431.66,2432.16,2413.9,2417.61,76496.146,2026-04-17 23:00:00
1776470400000,2417.61,2422.5,2407.01,2420.29,99574.724,2026-04-18 00:00:00
1776474000000,2420.29,2426.58,2416.0,2420.03,54443.285,2026-04-18 01:00:00
1776477600000,2420.03,2423.76,2415.6,2418.41,35432.596,2026-04-18 02:00:00
1776481200000,2418.41,2419.3,2397.6,2404.4,113886.331,2026-04-18 03:00:00
1776484800000,2404.4,2409.4,2398.35,2406.57,102844.631,2026-04-18 04:00:00
1776488400000,2406.56,2412.75,2404.47,2407.97,45586.833,2026-04-18 05:00:00
1776492000000,2407.97,2410.77,2404.05,2408.47,35483.927,2026-04-18 06:00:00
1776495600000,2408.47,2410.0,2400.74,2402.65,45080.346,2026-04-18 07:00:00
1776499200000,2402.65,2404.17,2366.01,2379.9,438185.286,2026-04-18 08:00:00
1776502800000,2379.9,2380.38,2369.03,2375.35,128769.67,2026-04-18 09:00:00
1776506400000,2375.34,2375.35,2353.25,2358.59,241654.324,2026-04-18 10:00:00
1776510000000,2358.59,2359.78,2342.51,2352.12,200672.946,2026-04-18 11:00:00
1776513600000,2352.13,2362.81,2350.91,2357.15,112531.107,2026-04-18 12:00:00
1776517200000,2357.15,2359.96,2344.74,2354.54,106352.837,2026-04-18 13:00:00
1776520800000,2354.53,2364.59,2348.55,2364.06,104249.804,2026-04-18 14:00:00
1776524400000,2364.05,2369.87,2356.56,2362.25,92857.465,2026-04-18 15:00:00
1776528000000,2362.24,2374.45,2352.8,2359.18,158962.476,2026-04-18 16:00:00
1776531600000,2359.18,2363.33,2350.0,2359.98,95130.258,2026-04-18 17:00:00
1776535200000,2359.97,2361.95,2335.72,2345.88,172580.503,2026-04-18 18:00:00
1776538800000,2345.89,2354.22,2344.81,2347.01,44255.033,2026-04-18 19:00:00
1776542400000,2347.01,2353.4,2343.18,2350.88,39630.563,2026-04-18 20:00:00
1776546000000,2350.87,2354.39,2345.45,2354.03,27158.378,2026-04-18 21:00:00
1776549600000,2354.03,2358.0,2347.06,2355.1,43420.306,2026-04-18 22:00:00
1776553200000,2355.1,2359.6,2348.19,2349.25,28675.415,2026-04-18 23:00:00
1776556800000,2349.26,2354.18,2342.84,2347.68,51044.451,2026-04-19 00:00:00
1776560400000,2347.68,2351.71,2340.01,2346.4,52413.932,2026-04-19 01:00:00
1776564000000,2346.41,2348.0,2331.41,2336.87,121655.641,2026-04-19 02:00:00
1776567600000,2336.88,2342.97,2330.27,2338.45,67968.384,2026-04-19 03:00:00
1776571200000,2338.45,2344.96,2320.0,2332.0,149883.489,2026-04-19 04:00:00
1776574800000,2332.0,2337.56,2327.58,2331.61,59282.277,2026-04-19 05:00:00
1776578400000,2331.6,2332.2,2320.02,2326.24,114316.988,2026-04-19 06:00:00
1776582000000,2326.24,2326.27,2295.17,2314.52,340662.779,2026-04-19 07:00:00
1776585600000,2314.52,2319.53,2309.28,2317.21,80750.606,2026-04-19 08:00:00
1776589200000,2317.21,2318.0,2304.36,2308.99,84766.968,2026-04-19 09:00:00
1776592800000,2308.99,2318.85,2305.27,2316.8,92980.504,2026-04-19 10:00:00
1776596400000,2316.81,2330.97,2316.0,2327.73,144381.889,2026-04-19 11:00:00
1776600000000,2327.74,2335.99,2322.61,2329.37,150316.446,2026-04-19 12:00:00
1776603600000,2329.37,2348.82,2328.46,2337.19,214727.071,2026-04-19 13:00:00
1776607200000,2337.2,2341.95,2325.5,2336.57,128268.695,2026-04-19 14:00:00
1776610800000,2336.58,2340.43,2313.41,2329.5,153547.76,2026-04-19 15:00:00
1776614400000,2329.49,2330.32,2303.02,2310.44,182313.087,2026-04-19 16:00:00
1776618000000,2310.45,2316.4,2291.87,2295.36,239669.62,2026-04-19 17:00:00
1776621600000,2295.37,2301.19,2286.76,2295.03,170548.276,2026-04-19 18:00:00
1776625200000,2295.03,2304.44,2293.51,2299.01,91049.804,2026-04-19 19:00:00
1776628800000,2299.01,2299.84,2271.33,2279.41,172531.13,2026-04-19 20:00:00
1776632400000,2279.41,2289.36,2273.35,2275.01,89782.161,2026-04-19 21:00:00
1776636000000,2275.0,2275.0,2251.05,2268.45,326130.3,2026-04-19 22:00:00
1776639600000,2268.46,2269.98,2255.54,2262.48,114621.21,2026-04-19 23:00:00
1776643200000,2262.49,2282.13,2258.51,2278.5,139559.403,2026-04-20 00:00:00
1776646800000,2278.49,2293.32,2276.52,2284.85,126143.831,2026-04-20 01:00:00
1776650400000,2284.84,2285.93,2270.48,2276.3,97957.568,2026-04-20 02:00:00
1776654000000,2276.3,2287.67,2274.72,2285.03,61703.05,2026-04-20 03:00:00
1776657600000,2285.04,2285.04,2277.21,2282.0,46933.131,2026-04-20 04:00:00
1776661200000,2282.01,2282.01,2261.68,2269.16,130589.221,2026-04-20 05:00:00
1776664800000,2269.17,2288.31,2267.37,2284.97,125032.033,2026-04-20 06:00:00
1776668400000,2284.96,2333.49,2281.58,2296.99,528952.678,2026-04-20 07:00:00
1776672000000,2296.99,2306.99,2288.22,2292.83,130871.947,2026-04-20 08:00:00
1776675600000,2292.84,2312.8,2292.17,2307.69,145419.936,2026-04-20 09:00:00
1776679200000,2307.7,2318.82,2301.56,2302.02,116490.782,2026-04-20 10:00:00
1776682800000,2302.02,2311.41,2298.25,2307.14,76868.04,2026-04-20 11:00:00
1776686400000,2307.14,2322.55,2303.14,2317.55,131801.676,2026-04-20 12:00:00
1776690000000,2317.54,2325.94,2300.15,2309.73,255064.974,2026-04-20 13:00:00
1776693600000,2309.73,2321.29,2280.89,2289.71,399278.566,2026-04-20 14:00:00
1776697200000,2289.7,2317.88,2277.23,2312.56,348974.364,2026-04-20 15:00:00
1776700800000,2312.56,2313.47,2296.79,2298.69,110681.076,2026-04-20 16:00:00
1776704400000,2298.68,2321.76,2296.5,2315.99,153467.054,2026-04-20 17:00:00
1776708000000,2316.0,2343.68,2316.0,2332.98,291099.952,2026-04-20 18:00:00
1776711600000,2332.98,2334.98,2325.5,2330.49,71749.979,2026-04-20 19:00:00
1776715200000,2330.49,2339.73,2322.54,2335.95,78423.895,2026-04-20 20:00:00
1776718800000,2335.95,2345.42,2313.0,2320.14,146077.815,2026-04-20 21:00:00
1776722400000,2320.13,2327.54,2315.11,2318.0,51886.747,2026-04-20 22:00:00
1776726000000,2317.99,2317.99,2305.0,2312.4,76117.041,2026-04-20 23:00:00
1776729600000,2312.4,2324.04,2310.31,2320.85,70706.371,2026-04-21 00:00:00
1776733200000,2320.85,2326.81,2311.24,2313.92,68896.659,2026-04-21 01:00:00
1776736800000,2313.92,2314.52,2305.04,2307.37,66742.94,2026-04-21 02:00:00
1776740400000,2307.36,2311.69,2297.0,2310.35,96393.931,2026-04-21 03:00:00
1776744000000,2310.35,2314.97,2303.26,2313.32,59332.141,2026-04-21 04:00:00
1776747600000,2313.31,2319.88,2311.34,2312.92,69392.238,2026-04-21 05:00:00
1776751200000,2312.91,2326.97,2306.67,2316.0,105143.993,2026-04-21 06:00:00
1776754800000,2316.0,2323.37,2310.03,2316.87,107903.559,2026-04-21 07:00:00
1776758400000,2316.88,2338.0,2312.5,2322.09,152385.616,2026-04-21 08:00:00
1776762000000,2322.09,2326.36,2316.42,2324.28,82943.893,2026-04-21 09:00:00
1776765600000,2324.27,2335.78,2323.52,2329.65,108958.09,2026-04-21 10:00:00
1776769200000,2329.65,2329.98,2314.01,2319.01,164372.481,2026-04-21 11:00:00
1776772800000,2319.01,2323.15,2292.0,2306.8,291574.087,2026-04-21 12:00:00
1776776400000,2306.79,2316.79,2299.05,2311.65,156359.434,2026-04-21 13:00:00
1776780000000,2311.66,2326.67,2293.96,2298.01,265109.772,2026-04-21 14:00:00
1776783600000,2298.0,2309.9,2288.22,2309.21,272785.589,2026-04-21 15:00:00
1776787200000,2309.21,2323.99,2305.0,2306.26,182665.894,2026-04-21 16:00:00
1776790800000,2306.25,2318.88,2282.0,2305.07,295905.747,2026-04-21 17:00:00
1776794400000,2305.07,2312.33,2298.95,2311.67,104793.802,2026-04-21 18:00:00
1776798000000,2311.66,2331.31,2286.07,2297.5,313780.755,2026-04-21 19:00:00
1776801600000,2297.5,2324.68,2294.55,2313.34,234644.02,2026-04-21 20:00:00
1776805200000,2313.34,2316.97,2308.22,2311.06,32294.063,2026-04-21 21:00:00
1776808800000,2311.06,2315.89,2300.0,2310.21,66385.128,2026-04-21 22:00:00
1776812400000,2310.21,2329.14,2309.7,2326.2,98362.216,2026-04-21 23:00:00
1776816000000,2326.2,2329.68,2321.05,2324.36,62080.732,2026-04-22 00:00:00
1776819600000,2324.36,2327.55,2311.9,2321.5,98449.515,2026-04-22 01:00:00
1776823200000,2321.49,2375.0,2319.0,2369.53,533377.381,2026-04-22 02:00:00
1776826800000,2369.53,2378.78,2357.15,2362.65,236112.805,2026-04-22 03:00:00
1776830400000,2362.65,2368.86,2357.17,2363.0,111115.394,2026-04-22 04:00:00
1776834000000,2363.0,2413.48,2360.77,2395.41,635163.555,2026-04-22 05:00:00
1776837600000,2395.41,2395.84,2388.12,2392.08,117212.672,2026-04-22 06:00:00
1776841200000,2392.07,2396.47,2382.77,2388.9,132999.919,2026-04-22 07:00:00
1776844800000,2388.89,2392.64,2382.0,2387.03,88324.081,2026-04-22 08:00:00
1776848400000,2387.03,2392.97,2383.6,2386.63,68982.972,2026-04-22 09:00:00
1776852000000,2386.62,2392.49,2383.8,2389.09,37900.657,2026-04-22 10:00:00
1776855600000,2389.08,2399.6,2385.3,2397.39,95508.98,2026-04-22 11:00:00
1776859200000,2397.4,2406.14,2394.76,2403.62,160677.134,2026-04-22 12:00:00
1776862800000,2403.63,2422.45,2399.14,2415.95,341722.008,2026-04-22 13:00:00
1776866400000,2415.95,2422.79,2390.5,2401.8,332732.536,2026-04-22 14:00:00
1776870000000,2401.8,2412.75,2388.88,2402.76,241852.624,2026-04-22 15:00:00
1776873600000,2402.76,2412.73,2383.14,2385.47,207735.959,2026-04-22 16:00:00
1776877200000,2385.48,2401.65,2385.47,2398.02,128913.548,2026-04-22 17:00:00
1776880800000,2398.01,2403.6,2394.0,2396.07,68531.273,2026-04-22 18:00:00
1776884400000,2396.08,2406.0,2387.68,2396.53,111880.881,2026-04-22 19:00:00
1776888000000,2396.53,2401.45,2389.66,2390.79,65220.791,2026-04-22 20:00:00
1776891600000,2390.78,2405.0,2390.58,2401.12,37660.895,2026-04-22 21:00:00
1776895200000,2401.13,2404.13,2393.0,2398.61,41933.544,2026-04-22 22:00:00
1776898800000,2398.62,2399.35,2372.03,2372.93,171160.487,2026-04-22 23:00:00
1776902400000,2372.94,2382.19,2342.5,2371.92,351672.871,2026-04-23 00:00:00
1776906000000,2371.93,2372.0,2359.16,2365.93,98071.057,2026-04-23 01:00:00
1776909600000,2365.94,2366.45,2343.0,2351.16,243959.777,2026-04-23 02:00:00
1776913200000,2351.15,2352.23,2330.13,2339.83,249994.14,2026-04-23 03:00:00
1776916800000,2339.83,2347.5,2336.25,2346.56,91995.663,2026-04-23 04:00:00
1776920400000,2346.57,2351.68,2339.2,2347.78,103888.177,2026-04-23 05:00:00
1776924000000,2347.77,2358.0,2347.77,2353.22,113354.989,2026-04-23 06:00:00
1776927600000,2353.22,2355.51,2339.53,2343.17,104426.827,2026-04-23 07:00:00
1776931200000,2343.16,2343.97,2334.0,2339.1,128509.125,2026-04-23 08:00:00
1776934800000,2339.1,2339.1,2312.0,2315.43,300387.61,2026-04-23 09:00:00
1776938400000,2315.43,2318.54,2303.01,2313.35,198025.51,2026-04-23 10:00:00
1776942000000,2313.35,2331.46,2313.35,2327.94,147277.711,2026-04-23 11:00:00
1776945600000,2327.93,2334.57,2318.74,2327.48,135289.452,2026-04-23 12:00:00
1776949200000,2327.49,2331.25,2314.08,2318.6,139849.465,2026-04-23 13:00:00
1776952800000,2318.6,2334.11,2314.81,2332.77,154274.225,2026-04-23 14:00:00
1776956400000,2332.77,2343.0,2322.52,2332.0,206653.126,2026-04-23 15:00:00
1776960000000,2331.99,2334.27,2321.43,2324.96,86639.126,2026-04-23 16:00:00
1776963600000,2324.96,2328.28,2283.59,2308.95,503514.215,2026-04-23 17:00:00
1776967200000,2308.94,2318.15,2303.01,2303.93,166833.263,2026-04-23 18:00:00
1776970800000,2303.94,2317.86,2298.34,2311.89,92341.894,2026-04-23 19:00:00
1776974400000,2311.88,2328.84,2311.57,2324.22,97029.207,2026-04-23 20:00:00
1776978000000,2324.22,2327.51,2319.61,2320.16,42700.729,2026-04-23 21:00:00
1776981600000,2320.16,2338.81,2320.15,2330.55,90993.775,2026-04-23 22:00:00
1776985200000,2330.55,2332.2,2322.3,2328.97,46768.291,2026-04-23 23:00:00
1776988800000,2328.98,2336.4,2325.48,2331.27,60783.445,2026-04-24 00:00:00
1776992400000,2331.27,2333.62,2317.04,2331.59,100048.38,2026-04-24 01:00:00
1776996000000,2331.59,2334.46,2313.72,2318.61,94737.967,2026-04-24 02:00:00
1776999600000,2318.6,2321.17,2298.53,2307.19,179268.617,2026-04-24 03:00:00
1777003200000,2307.2,2310.81,2298.2,2305.11,83554.612,2026-04-24 04:00:00
1777006800000,2305.1,2316.4,2298.82,2313.76,98176.455,2026-04-24 05:00:00
1777010400000,2313.77,2315.9,2307.14,2308.11,67443.485,2026-04-24 06:00:00
1777014000000,2308.11,2315.41,2307.22,2310.64,78760.252,2026-04-24 07:00:00
1777017600000,2310.64,2322.45,2306.25,2313.76,114064.412,2026-04-24 08:00:00
1777021200000,2313.77,2314.43,2302.12,2308.74,99239.516,2026-04-24 09:00:00
1777024800000,2308.74,2317.95,2304.7,2314.59,75477.856,2026-04-24 10:00:00
1777028400000,2314.6,2331.2,2314.53,2326.61,214633.564,2026-04-24 11:00:00
1777032000000,2326.61,2330.84,2316.27,2324.01,123255.437,2026-04-24 12:00:00
1777035600000,2324.01,2330.96,2309.03,2316.2,185376.079,2026-04-24 13:00:00
1777039200000,2316.19,2317.36,2303.0,2312.63,202466.925,2026-04-24 14:00:00
1777042800000,2312.63,2329.45,2300.01,2323.0,206890.089,2026-04-24 15:00:00
1777046400000,2323.0,2323.28,2309.0,2315.76,87859.838,2026-04-24 16:00:00
1777050000000,2315.77,2321.6,2307.6,2318.93,72533.469,2026-04-24 17:00:00
1777053600000,2318.93,2320.31,2309.0,2318.84,54315.815,2026-04-24 18:00:00
1777057200000,2318.84,2324.5,2318.0,2320.48,38547.96,2026-04-24 19:00:00
1777060800000,2320.48,2328.0,2313.5,2325.74,72414.531,2026-04-24 20:00:00
1777064400000,2325.73,2326.67,2311.11,2314.32,56221.466,2026-04-24 21:00:00
1777068000000,2314.32,2315.15,2305.78,2311.08,46032.439,2026-04-24 22:00:00
1777071600000,2311.08,2315.38,2311.08,2314.05,20055.114,2026-04-24 23:00:00
1777075200000,2314.05,2315.23,2310.36,2315.0,20571.441,2026-04-25 00:00:00
1777078800000,2315.0,2320.32,2314.55,2316.78,34146.498,2026-04-25 01:00:00
1777082400000,2316.77,2318.28,2313.1,2316.35,29714.556,2026-04-25 02:00:00
1777086000000,2316.35,2319.8,2314.54,2317.54,21877.992,2026-04-25 03:00:00
1777089600000,2317.54,2318.08,2315.0,2315.5,16299.695,2026-04-25 04:00:00
1777093200000,2315.51,2315.51,2312.1,2315.16,26491.675,2026-04-25 05:00:00
1777096800000,2315.15,2316.62,2313.78,2315.06,16312.32,2026-04-25 06:00:00
1777100400000,2315.07,2317.82,2313.2,2315.46,20660.789,2026-04-25 07:00:00
1777104000000,2315.45,2319.88,2314.9,2318.1,33751.044,2026-04-25 08:00:00
1777107600000,2318.11,2321.86,2315.48,2317.8,47556.692,2026-04-25 09:00:00
1777111200000,2317.8,2321.49,2317.32,2319.0,31398.15,2026-04-25 10:00:00
1777114800000,2319.0,2319.0,2310.05,2312.97,67386.046,2026-04-25 11:00:00
1777118400000,2312.97,2316.92,2310.32,2312.35,44970.125,2026-04-25 12:00:00
1777122000000,2312.36,2316.89,2312.36,2315.13,26880.0,2026-04-25 13:00:00
1777125600000,2315.13,2318.0,2314.0,2314.68,33701.184,2026-04-25 14:00:00
1777129200000,2314.68,2317.42,2301.0,2306.93,99155.198,2026-04-25 15:00:00
1777132800000,2306.93,2310.63,2298.64,2308.83,112160.942,2026-04-25 16:00:00
1777136400000,2308.83,2313.0,2306.38,2308.42,40933.166,2026-04-25 17:00:00
1777140000000,2308.42,2313.6,2307.55,2310.82,27066.565,2026-04-25 18:00:00
1777143600000,2310.83,2311.53,2306.25,2309.19,26844.85,2026-04-25 19:00:00
1777147200000,2309.2,2312.43,2308.17,2312.07,18342.877,2026-04-25 20:00:00
1777150800000,2312.07,2316.8,2311.85,2314.97,33137.979,2026-04-25 21:00:00
1777154400000,2314.97,2319.67,2314.11,2317.02,32292.367,2026-04-25 22:00:00
1777158000000,2317.02,2318.89,2315.47,2318.42,24910.404,2026-04-25 23:00:00
1777161600000,2318.43,2318.75,2310.05,2314.19,35907.196,2026-04-26 00:00:00
1777165200000,2314.19,2317.17,2312.33,2312.97,31276.384,2026-04-26 01:00:00
1777168800000,2312.97,2317.6,2312.55,2314.26,24503.385,2026-04-26 02:00:00
1777172400000,2314.26,2315.63,2305.63,2309.23,50431.166,2026-04-26 03:00:00
1777176000000,2309.24,2318.76,2308.11,2316.43,53399.523,2026-04-26 04:00:00
1777179600000,2316.4,2337.75,2316.28,2326.7,243961.708,2026-04-26 05:00:00
1777183200000,2326.7,2332.2,2326.04,2328.96,54059.101,2026-04-26 06:00:00
1777186800000,2328.97,2331.13,2327.03,2330.05,34840.674,2026-04-26 07:00:00
1777190400000,2330.05,2336.76,2329.01,2331.29,69331.034,2026-04-26 08:00:00
1777194000000,2331.29,2334.26,2328.21,2333.36,43138.965,2026-04-26 09:00:00
1777197600000,2333.35,2335.5,2330.1,2331.64,37526.199,2026-04-26 10:00:00
1777201200000,2331.63,2336.42,2331.19,2334.74,46016.903,2026-04-26 11:00:00
1777204800000,2334.74,2335.13,2323.0,2327.88,90030.101,2026-04-26 12:00:00
1777208400000,2327.89,2334.73,2326.83,2333.99,52487.717,2026-04-26 13:00:00
1777212000000,2333.98,2354.0,2332.3,2345.4,255546.044,2026-04-26 14:00:00
1777215600000,2345.39,2348.09,2343.04,2347.55,66210.992,2026-04-26 15:00:00
1777219200000,2347.56,2349.18,2341.68,2341.89,69040.453,2026-04-26 16:00:00
1777222800000,2341.89,2350.22,2339.04,2348.41,54572.594,2026-04-26 17:00:00
1777226400000,2348.4,2367.89,2346.54,2360.58,198103.038,2026-04-26 18:00:00
1777230000000,2360.58,2375.75,2358.34,2366.48,155872.905,2026-04-26 19:00:00
1777233600000,2366.48,2371.95,2361.08,2361.24,60527.699,2026-04-26 20:00:00
1777237200000,2361.25,2369.87,2345.01,2363.09,141687.01,2026-04-26 21:00:00
1777240800000,2363.09,2379.99,2351.62,2360.26,178176.054,2026-04-26 22:00:00
1777244400000,2360.25,2378.68,2355.5,2368.22,128276.389,2026-04-26 23:00:00
1777248000000,2368.23,2392.0,2356.32,2389.0,217948.65,2026-04-27 00:00:00
1777251600000,2389.0,2404.0,2376.25,2393.62,292596.161,2026-04-27 01:00:00
1777255200000,2393.62,2395.77,2385.56,2390.88,83771.85,2026-04-27 02:00:00
1777258800000,2390.88,2399.99,2389.22,2393.56,101841.872,2026-04-27 03:00:00
1777262400000,2393.57,2394.92,2379.59,2382.05,120731.518,2026-04-27 04:00:00
1777266000000,2382.06,2382.71,2316.84,2321.94,785518.15,2026-04-27 05:00:00
1777269600000,2321.93,2327.78,2310.57,2319.45,206290.079,2026-04-27 06:00:00
1777273200000,2319.45,2322.28,2313.48,2314.58,91207.052,2026-04-27 07:00:00
1777276800000,2314.57,2318.58,2307.47,2318.57,143188.529,2026-04-27 08:00:00
1777280400000,2318.58,2324.43,2314.0,2320.73,86719.302,2026-04-27 09:00:00
1777284000000,2320.73,2322.92,2316.83,2318.51,40677.424,2026-04-27 10:00:00
1777287600000,2318.5,2321.3,2315.35,2318.76,34225.354,2026-04-27 11:00:00
1777291200000,2318.75,2319.64,2311.28,2313.08,70856.428,2026-04-27 12:00:00
1777294800000,2313.08,2319.9,2301.32,2311.22,198811.033,2026-04-27 13:00:00
1777298400000,2311.22,2329.0,2307.45,2313.94,239956.273,2026-04-27 14:00:00
1777302000000,2313.94,2314.14,2263.25,2273.75,733858.019,2026-04-27 15:00:00
1777305600000,2273.75,2279.42,2268.88,2276.56,129695.908,2026-04-27 16:00:00
1777309200000,2276.57,2291.28,2276.56,2285.53,125113.93,2026-04-27 17:00:00
1777312800000,2285.52,2290.63,2283.15,2287.24,44889.025,2026-04-27 18:00:00
1777316400000,2287.23,2289.94,2273.03,2287.86,83949.908,2026-04-27 19:00:00
1777320000000,2287.86,2295.6,2287.79,2290.23,53609.455,2026-04-27 20:00:00
1777323600000,2290.23,2291.0,2285.6,2286.09,23257.538,2026-04-27 21:00:00
1777327200000,2286.09,2294.94,2283.23,2293.08,43804.776,2026-04-27 22:00:00
1777330800000,2293.08,2307.57,2289.73,2302.7,115771.092,2026-04-27 23:00:00
1777334400000,2302.7,2309.99,2298.01,2305.41,83919.15,2026-04-28 00:00:00
1777338000000,2305.4,2307.6,2296.2,2297.47,68687.967,2026-04-28 01:00:00
1777341600000,2297.47,2299.7,2278.63,2287.6,151082.184,2026-04-28 02:00:00
1777345200000,2287.59,2289.75,2280.94,2289.64,59528.824,2026-04-28 03:00:00
1777348800000,2289.64,2293.46,2281.8,2287.37,78836.34,2026-04-28 04:00:00
1777352400000,2287.37,2296.24,2285.2,2286.75,71190.068,2026-04-28 05:00:00
1777356000000,2286.76,2289.75,2267.25,2276.4,171030.283,2026-04-28 06:00:00
1777359600000,2276.4,2288.0,2268.88,2286.6,136153.977,2026-04-28 07:00:00
1777363200000,2286.61,2290.98,2282.31,2286.11,77535.753,2026-04-28 08:00:00
1777366800000,2286.1,2287.51,2275.35,2281.4,60091.223,2026-04-28 09:00:00
1777370400000,2281.4,2286.35,2279.61,2283.23,48318.815,2026-04-28 10:00:00
1777374000000,2283.24,2284.23,2269.0,2274.58,132431.958,2026-04-28 11:00:00
1777377600000,2274.58,2280.25,2270.45,2277.28,100654.632,2026-04-28 12:00:00
1777381200000,2277.27,2285.7,2256.3,2275.07,404178.529,2026-04-28 13:00:00
1777384800000,2275.08,2275.68,2258.65,2272.25,187187.225,2026-04-28 14:00:00
1777388400000,2272.24,2279.68,2268.0,2278.27,125284.049,2026-04-28 15:00:00
1777392000000,2278.27,2287.42,2273.0,2284.76,120986.009,2026-04-28 16:00:00
1777395600000,2284.76,2292.2,2277.53,2289.17,108238.429,2026-04-28 17:00:00
1777399200000,2289.17,2297.66,2286.33,2295.84,152404.85,2026-04-28 18:00:00
1777402800000,2295.85,2304.85,2289.01,2300.87,116638.174,2026-04-28 19:00:00
1777406400000,2300.87,2304.8,2294.34,2294.34,57869.079,2026-04-28 20:00:00
1777410000000,2294.34,2296.33,2283.5,2289.31,65285.326,2026-04-28 21:00:00
1777413600000,2289.3,2293.62,2284.03,2285.28,38067.766,2026-04-28 22:00:00
1777417200000,2285.28,2289.41,2282.15,2288.27,35540.717,2026-04-28 23:00:00
1777420800000,2288.26,2293.96,2284.32,2291.5,50830.949,2026-04-29 00:00:00
1777424400000,2291.5,2296.37,2278.01,2291.56,158012.162,2026-04-29 01:00:00
1777428000000,2291.57,2294.8,2283.55,2287.99,64483.744,2026-04-29 02:00:00
1777431600000,2288.0,2316.65,2287.0,2310.76,284873.728,2026-04-29 03:00:00
1777435200000,2310.76,2341.88,2308.39,2326.01,384574.072,2026-04-29 04:00:00
1777438800000,2326.0,2331.65,2321.11,2327.99,130385.408,2026-04-29 05:00:00
1777442400000,2327.99,2336.0,2319.0,2323.68,149073.251,2026-04-29 06:00:00
1777446000000,2323.69,2329.8,2320.79,2322.79,81114.642,2026-04-29 07:00:00
1777449600000,2322.79,2328.0,2320.07,2324.42,68569.34,2026-04-29 08:00:00
1777453200000,2324.41,2346.27,2322.0,2338.51,217098.717,2026-04-29 09:00:00
1777456800000,2338.51,2346.0,2328.23,2332.18,197311.922,2026-04-29 10:00:00
1777460400000,2332.17,2334.86,2327.22,2330.46,82883.629,2026-04-29 11:00:00
1777464000000,2330.46,2330.8,2306.4,2315.24,297358.052,2026-04-29 12:00:00
1777467600000,2315.23,2317.45,2288.55,2302.01,328716.536,2026-04-29 13:00:00
1777471200000,2302.0,2307.78,2292.53,2298.4,145163.015,2026-04-29 14:00:00
1777474800000,2298.41,2300.42,2261.45,2271.58,439048.339,2026-04-29 15:00:00
1777478400000,2271.58,2278.58,2261.54,2266.59,200072.289,2026-04-29 16:00:00
1777482000000,2266.6,2282.97,2265.12,2282.8,134958.471,2026-04-29 17:00:00
1777485600000,2282.8,2285.8,2218.82,2237.82,882336.469,2026-04-29 18:00:00
1777489200000,2237.83,2241.39,2223.48,2232.33,135456.874,2026-04-29 19:00:00
1777492800000,2232.34,2247.6,2229.33,2239.25,120926.787,2026-04-29 20:00:00
1777496400000,2239.25,2265.0,2237.25,2251.85,112776.549,2026-04-29 21:00:00
1777500000000,2251.86,2258.0,2248.68,2256.52,58944.417,2026-04-29 22:00:00
1777503600000,2256.52,2259.75,2249.01,2251.92,63547.024,2026-04-29 23:00:00
1777507200000,2251.92,2275.0,2248.01,2271.24,161426.573,2026-04-30 00:00:00
1777510800000,2271.24,2278.51,2265.77,2268.25,124366.586,2026-04-30 01:00:00
1777514400000,2268.26,2272.5,2234.59,2243.89,230243.705,2026-04-30 02:00:00
1777518000000,2243.88,2256.0,2242.72,2252.07,84411.276,2026-04-30 03:00:00
1777521600000,2252.06,2253.22,2235.6,2238.23,110822.527,2026-04-30 04:00:00
1777525200000,2238.24,2247.78,2230.38,2241.72,108292.225,2026-04-30 05:00:00
1777528800000,2241.72,2251.8,2240.7,2246.9,70574.582,2026-04-30 06:00:00
1777532400000,2246.89,2261.31,2242.42,2259.0,122194.189,2026-04-30 07:00:00
1777536000000,2259.0,2261.0,2253.65,2255.07,82831.6,2026-04-30 08:00:00
1777539600000,2255.07,2270.0,2254.51,2260.5,122000.255,2026-04-30 09:00:00
1777543200000,2260.5,2264.5,2255.32,2260.31,71490.091,2026-04-30 10:00:00
1777546800000,2260.32,2273.83,2251.0,2257.33,180615.862,2026-04-30 11:00:00
1777550400000,2257.32,2270.0,2256.7,2264.31,94896.153,2026-04-30 12:00:00
1777554000000,2264.31,2271.47,2253.35,2262.8,174085.007,2026-04-30 13:00:00
1777557600000,2262.8,2269.8,2245.29,2261.08,249634.689,2026-04-30 14:00:00
1777561200000,2261.09,2275.0,2256.19,2264.47,132382.395,2026-04-30 15:00:00
1777564800000,2264.46,2266.0,2254.15,2255.87,71271.182,2026-04-30 16:00:00
1777568400000,2255.87,2259.74,2250.01,2257.21,89744.208,2026-04-30 17:00:00
1777572000000,2257.21,2264.36,2253.3,2258.51,62875.574,2026-04-30 18:00:00
1777575600000,2258.5,2265.92,2256.63,2260.64,37487.68,2026-04-30 19:00:00
1777579200000,2260.64,2266.28,2259.28,2263.02,23045.449,2026-04-30 20:00:00
1777582800000,2263.02,2263.53,2252.45,2255.16,30937.826,2026-04-30 21:00:00
1777586400000,2255.15,2260.3,2251.2,2253.35,30808.011,2026-04-30 22:00:00
1777590000000,2253.35,2258.05,2252.76,2256.74,30720.103,2026-04-30 23:00:00
1777593600000,2256.75,2265.0,2256.26,2258.92,50962.77,2026-05-01 00:00:00
1777597200000,2258.92,2269.47,2258.63,2266.26,69902.043,2026-05-01 01:00:00
1777600800000,2266.27,2269.12,2263.63,2265.82,39134.507,2026-05-01 02:00:00
1777604400000,2265.82,2294.71,2264.79,2281.89,277273.423,2026-05-01 03:00:00
1777608000000,2281.88,2285.0,2276.28,2279.13,93900.796,2026-05-01 04:00:00
1777611600000,2279.13,2285.61,2277.42,2282.38,51142.248,2026-05-01 05:00:00
1777615200000,2282.39,2285.51,2270.94,2276.01,93248.146,2026-05-01 06:00:00
1777618800000,2276.01,2279.96,2272.0,2278.39,58519.91,2026-05-01 07:00:00
1777622400000,2278.4,2287.9,2276.04,2285.4,85320.408,2026-05-01 08:00:00
1777626000000,2285.41,2285.73,2278.28,2280.59,44255.667,2026-05-01 09:00:00
1777629600000,2280.59,2284.8,2275.65,2281.34,57753.689,2026-05-01 10:00:00
1777633200000,2281.34,2292.19,2280.51,2285.16,86606.359,2026-05-01 11:00:00
1777636800000,2285.16,2312.27,2282.52,2300.02,407597.129,2026-05-01 12:00:00
1777640400000,2300.01,2324.2,2300.01,2316.99,322902.171,2026-05-01 13:00:00
1777644000000,2316.98,2325.0,2300.2,2306.77,266952.084,2026-05-01 14:00:00
1777647600000,2306.77,2316.0,2296.63,2306.88,176639.821,2026-05-01 15:00:00
1777651200000,2306.87,2313.34,2297.27,2300.79,148102.82,2026-05-01 16:00:00
1777654800000,2300.78,2312.93,2297.69,2310.86,114329.016,2026-05-01 17:00:00
1777658400000,2310.87,2311.67,2302.6,2303.6,93731.017,2026-05-01 18:00:00
1777662000000,2303.61,2307.14,2301.4,2304.01,47913.684,2026-05-01 19:00:00
1777665600000,2304.01,2305.3,2277.41,2283.81,211304.506,2026-05-01 20:00:00
1777669200000,2283.8,2294.29,2282.26,2291.35,74790.713,2026-05-01 21:00:00
1777672800000,2291.35,2298.35,2289.19,2292.06,47563.485,2026-05-01 22:00:00
1777676400000,2292.07,2295.21,2287.5,2294.37,35181.072,2026-05-01 23:00:00
1777680000000,2294.37,2298.38,2291.12,2296.43,35258.11,2026-05-02 00:00:00
1777683600000,2296.44,2299.78,2294.41,2297.63,34704.479,2026-05-02 01:00:00
1777687200000,2297.64,2307.88,2294.24,2302.37,69132.242,2026-05-02 02:00:00
1777690800000,2302.37,2307.44,2299.88,2303.25,50553.675,2026-05-02 03:00:00
1777694400000,2303.26,2304.08,2298.1,2300.27,37658.165,2026-05-02 04:00:00
1777698000000,2300.27,2300.64,2295.26,2298.29,38100.508,2026-05-02 05:00:00
1777701600000,2298.28,2305.38,2296.04,2304.06,41235.741,2026-05-02 06:00:00
1777705200000,2304.06,2305.12,2299.62,2299.91,30348.785,2026-05-02 07:00:00
1777708800000,2299.92,2303.52,2297.64,2302.03,27115.394,2026-05-02 08:00:00
1777712400000,2302.03,2306.74,2302.03,2304.0,28799.522,2026-05-02 09:00:00
1777716000000,2304.0,2304.8,2300.64,2302.11,25318.051,2026-05-02 10:00:00
1777719600000,2302.11,2304.0,2298.9,2301.14,28955.418,2026-05-02 11:00:00
1777723200000,2301.13,2304.54,2300.01,2302.45,24154.353,2026-05-02 12:00:00
1777726800000,2302.45,2311.99,2302.44,2307.0,70222.414,2026-05-02 13:00:00
1777730400000,2307.0,2307.58,2304.03,2305.25,29684.761,2026-05-02 14:00:00
1777734000000,2305.24,2308.6,2303.87,2307.64,27435.539,2026-05-02 15:00:00
1777737600000,2307.64,2312.88,2306.42,2307.99,49162.266,2026-05-02 16:00:00
1777741200000,2308.0,2309.15,2304.2,2304.95,28488.216,2026-05-02 17:00:00
1777744800000,2304.95,2310.6,2302.08,2308.68,32545.913,2026-05-02 18:00:00
1777748400000,2308.68,2311.77,2307.82,2310.34,17241.299,2026-05-02 19:00:00
1777752000000,2310.34,2310.83,2308.2,2310.4,15317.151,2026-05-02 20:00:00
1777755600000,2310.4,2343.56,2309.93,2324.61,184541.61,2026-05-02 21:00:00
1777759200000,2324.61,2327.4,2317.0,2326.01,78711.788,2026-05-02 22:00:00
1777762800000,2326.0,2326.01,2312.04,2316.25,62226.683,2026-05-02 23:00:00
1777766400000,2316.24,2316.93,2307.51,2313.04,75523.289,2026-05-03 00:00:00
1777770000000,2313.05,2313.5,2302.0,2302.79,88222.683,2026-05-03 01:00:00
1777773600000,2302.8,2305.81,2297.24,2302.32,82027.872,2026-05-03 02:00:00
1777777200000,2302.32,2303.02,2298.53,2301.0,39627.565,2026-05-03 03:00:00
1777780800000,2301.0,2303.71,2296.36,2300.4,48206.17,2026-05-03 04:00:00
1777784400000,2300.39,2304.03,2300.29,2303.14,21539.267,2026-05-03 05:00:00
1777788000000,2303.14,2305.65,2298.5,2303.27,33062.778,2026-05-03 06:00:00
1777791600000,2303.27,2313.55,2303.27,2308.47,85055.227,2026-05-03 07:00:00
1777795200000,2308.46,2311.88,2306.26,2307.19,23371.725,2026-05-03 08:00:00
1777798800000,2307.2,2321.69,2306.5,2315.4,91502.869,2026-05-03 09:00:00
1777802400000,2315.39,2315.7,2310.24,2310.54,34332.598,2026-05-03 10:00:00
1777806000000,2310.53,2327.0,2309.16,2318.65,107080.514,2026-05-03 11:00:00
1777809600000,2318.65,2332.17,2318.65,2324.33,101560.637,2026-05-03 12:00:00
1777813200000,2324.32,2327.5,2319.13,2321.0,57651.475,2026-05-03 13:00:00
1777816800000,2321.0,2328.72,2320.3,2327.12,48342.707,2026-05-03 14:00:00
1777820400000,2327.11,2332.96,2323.28,2327.5,90351.665,2026-05-03 15:00:00
1777824000000,2327.49,2334.99,2320.67,2327.36,80945.995,2026-05-03 16:00:00
1777827600000,2327.36,2334.71,2323.0,2330.75,54146.245,2026-05-03 17:00:00
1777831200000,2330.75,2332.58,2326.91,2329.9,21913.003,2026-05-03 18:00:00
1777834800000,2329.91,2337.74,2327.28,2334.31,41919.114,2026-05-03 19:00:00
1777838400000,2334.31,2343.7,2327.1,2328.6,102626.433,2026-05-03 20:00:00
1777842000000,2328.6,2334.23,2313.02,2322.95,105154.278,2026-05-03 21:00:00
1777845600000,2322.96,2356.01,2322.96,2342.95,239225.505,2026-05-03 22:00:00
1777849200000,2342.95,2346.69,2318.53,2321.95,135442.042,2026-05-03 23:00:00
1777852800000,2321.95,2321.95,2308.01,2317.98,166656.109,2026-05-04 00:00:00
1777856400000,2317.98,2353.66,2311.67,2349.98,274951.139,2026-05-04 01:00:00
1777860000000,2349.98,2388.0,2344.1,2374.2,586821.181,2026-05-04 02:00:00
1777863600000,2374.2,2392.0,2370.78,2384.21,214946.646,2026-05-04 03:00:00
1777867200000,2384.21,2399.87,2383.27,2389.23,184399.45,2026-05-04 04:00:00
1777870800000,2389.24,2390.26,2374.29,2375.5,137408.477,2026-05-04 05:00:00
1777874400000,2375.5,2378.27,2353.0,2367.59,207776.843,2026-05-04 06:00:00
1777878000000,2367.58,2372.86,2361.51,2362.0,72827.58,2026-05-04 07:00:00
1777881600000,2362.01,2364.41,2357.0,2359.34,83753.54,2026-05-04 08:00:00
1777885200000,2359.34,2370.16,2357.1,2367.56,83119.685,2026-05-04 09:00:00
1777888800000,2367.55,2368.99,2313.0,2337.02,699492.752,2026-05-04 10:00:00
1777892400000,2337.01,2342.38,2331.35,2336.16,93392.611,2026-05-04 11:00:00
1777896000000,2336.15,2342.58,2331.25,2333.86,72175.434,2026-05-04 12:00:00
1777899600000,2333.85,2343.83,2324.25,2335.35,159268.412,2026-05-04 13:00:00
1777903200000,2335.34,2382.06,2326.18,2370.37,487050.617,2026-05-04 14:00:00
1777906800000,2370.37,2373.33,2334.76,2348.99,460615.376,2026-05-04 15:00:00
1777910400000,2349.0,2364.81,2335.39,2354.18,257299.443,2026-05-04 16:00:00
1777914000000,2354.18,2379.6,2352.83,2369.39,175187.266,2026-05-04 17:00:00
1777917600000,2369.4,2374.36,2355.27,2360.52,105613.895,2026-05-04 18:00:00
1777921200000,2360.52,2363.48,2352.51,2355.35,75272.793,2026-05-04 19:00:00
1777924800000,2355.36,2358.52,2346.13,2349.01,49654.339,2026-05-04 20:00:00
1777928400000,2349.0,2363.66,2348.1,2359.58,41429.862,2026-05-04 21:00:00
1777932000000,2359.58,2364.99,2352.72,2353.11,44534.178,2026-05-04 22:00:00
1777935600000,2353.11,2353.11,2343.42,2346.0,53914.422,2026-05-04 23:00:00
1777939200000,2346.0,2358.15,2343.72,2357.59,45614.027,2026-05-05 00:00:00
1777942800000,2357.59,2363.32,2353.81,2360.69,55078.643,2026-05-05 01:00:00
1777946400000,2360.69,2376.98,2357.84,2366.61,171158.084,2026-05-05 02:00:00
1777950000000,2366.61,2388.3,2363.14,2381.13,168147.335,2026-05-05 03:00:00
1777953600000,2381.12,2384.65,2374.07,2379.76,93485.729,2026-05-05 04:00:00
1777957200000,2379.76,2389.63,2375.75,2378.87,132688.418,2026-05-05 05:00:00
1777960800000,2378.87,2380.43,2366.02,2378.14,103696.376,2026-05-05 06:00:00
1777964400000,2378.14,2387.9,2375.0,2379.24,108157.898,2026-05-05 07:00:00
1777968000000,2379.24,2383.29,2371.5,2375.63,69834.744,2026-05-05 08:00:00
1777971600000,2375.63,2375.9,2365.9,2369.25,88485.398,2026-05-05 09:00:00
1777975200000,2369.25,2379.0,2366.56,2377.58,83795.718,2026-05-05 10:00:00
1777978800000,2377.58,2382.87,2371.8,2378.67,78358.649,2026-05-05 11:00:00
1777982400000,2378.68,2388.88,2374.97,2387.05,158271.453,2026-05-05 12:00:00
1777986000000,2387.06,2399.0,2381.55,2387.28,334746.3,2026-05-05 13:00:00
1777989600000,2387.28,2391.6,2367.05,2377.69,315457.139,2026-05-05 14:00:00
1777993200000,2377.7,2387.5,2374.3,2380.25,115394.116,2026-05-05 15:00:00
1777996800000,2380.24,2382.57,2360.0,2365.13,195153.548,2026-05-05 16:00:00
1778000400000,2365.12,2369.64,2358.8,2362.35,93441.901,2026-05-05 17:00:00
1778004000000,2362.36,2374.11,2362.27,2371.22,67440.918,2026-05-05 18:00:00
1778007600000,2371.21,2375.55,2368.3,2370.82,49742.712,2026-05-05 19:00:00
1778011200000,2370.82,2386.5,2370.31,2381.51,109168.244,2026-05-05 20:00:00
1778014800000,2381.51,2387.7,2367.11,2374.42,82124.921,2026-05-05 21:00:00
1778018400000,2374.42,2380.93,2352.0,2366.33,167724.304,2026-05-05 22:00:00
1778022000000,2366.32,2368.86,2353.4,2359.7,96398.817,2026-05-05 23:00:00
1778025600000,2359.7,2367.0,2353.0,2363.44,89689.066,2026-05-06 00:00:00
1778029200000,2363.44,2376.0,2361.5,2372.13,103918.017,2026-05-06 01:00:00
1778032800000,2372.13,2372.99,2359.0,2368.54,88901.0,2026-05-06 02:00:00
1778036400000,2368.53,2379.85,2366.63,2375.49,100468.585,2026-05-06 03:00:00
1778040000000,2375.49,2378.0,2359.2,2365.03,100111.092,2026-05-06 04:00:00
1778043600000,2365.02,2366.0,2353.61,2364.28,107462.284,2026-05-06 05:00:00
1778047200000,2364.28,2370.72,2360.0,2369.6,79090.884,2026-05-06 06:00:00
1778050800000,2369.59,2374.14,2367.71,2370.3,70963.827,2026-05-06 07:00:00
1778054400000,2370.3,2395.68,2368.01,2393.48,278289.66,2026-05-06 08:00:00
1778058000000,2393.47,2417.96,2383.47,2411.88,497802.801,2026-05-06 09:00:00
1778061600000,2411.87,2414.55,2404.12,2409.03,172782.261,2026-05-06 10:00:00
1778065200000,2409.02,2423.77,2407.05,2409.78,266001.867,2026-05-06 11:00:00
1778068800000,2409.77,2412.98,2397.19,2403.89,209268.119,2026-05-06 12:00:00
1778072400000,2403.9,2403.9,2363.59,2367.6,533504.083,2026-05-06 13:00:00
1778076000000,2367.6,2372.28,2344.0,2358.6,521234.092,2026-05-06 14:00:00
1778079600000,2358.6,2365.28,2353.24,2357.91,158384.741,2026-05-06 15:00:00
1778083200000,2357.92,2368.44,2349.2,2357.06,173822.614,2026-05-06 16:00:00
1778086800000,2357.05,2360.0,2346.25,2349.19,93663.124,2026-05-06 17:00:00
1778090400000,2349.19,2351.57,2335.31,2344.11,182631.933,2026-05-06 18:00:00
1778094000000,2344.1,2349.34,2341.33,2348.05,54048.037,2026-05-06 19:00:00
1778097600000,2348.05,2356.4,2343.99,2350.18,89911.787,2026-05-06 20:00:00
1778101200000,2350.18,2356.94,2344.7,2353.62,41389.362,2026-05-06 21:00:00
1778104800000,2353.62,2354.35,2343.83,2346.38,42779.365,2026-05-06 22:00:00
1778108400000,2346.38,2350.94,2337.29,2350.15,74333.82,2026-05-06 23:00:00
1778112000000,2350.15,2351.81,2327.59,2328.18,159659.774,2026-05-07 00:00:00
1778115600000,2328.18,2334.1,2311.44,2326.21,263212.202,2026-05-07 01:00:00
1778119200000,2326.2,2326.9,2312.54,2321.17,164592.66,2026-05-07 02:00:00
1778122800000,2321.16,2324.88,2314.3,2321.29,67805.453,2026-05-07 03:00:00
1778126400000,2321.3,2326.68,2316.58,2326.5,69607.744,2026-05-07 04:00:00
1778130000000,2326.49,2333.2,2326.0,2330.2,62991.188,2026-05-07 05:00:00
1778133600000,2330.2,2337.54,2319.0,2336.24,144367.929,2026-05-07 06:00:00
1778137200000,2336.24,2345.89,2335.6,2343.37,149966.105,2026-05-07 07:00:00
1778140800000,2343.38,2345.58,2330.66,2332.78,106450.161,2026-05-07 08:00:00
1778144400000,2332.79,2336.19,2325.35,2327.9,99101.297,2026-05-07 09:00:00
1778148000000,2327.91,2330.99,2316.34,2326.0,124691.444,2026-05-07 10:00:00
1778151600000,2326.01,2331.09,2324.36,2329.38,63992.386,2026-05-07 11:00:00
1778155200000,2329.38,2336.83,2328.07,2331.85,67014.759,2026-05-07 12:00:00
1778158800000,2331.84,2331.84,2303.1,2313.54,296073.039,2026-05-07 13:00:00
1778162400000,2313.55,2318.0,2287.63,2298.25,432600.753,2026-05-07 14:00:00
1778166000000,2298.25,2303.99,2284.28,2293.85,216528.488,2026-05-07 15:00:00
1778169600000,2293.86,2297.92,2284.47,2290.91,133321.829,2026-05-07 16:00:00
1778173200000,2290.9,2301.23,2278.13,2299.07,185886.259,2026-05-07 17:00:00
1778176800000,2299.07,2303.76,2290.62,2295.51,92524.001,2026-05-07 18:00:00
1778180400000,2295.51,2296.5,2287.1,2295.5,75287.585,2026-05-07 19:00:00
1778184000000,2295.5,2302.31,2287.39,2288.64,88456.723,2026-05-07 20:00:00
1778187600000,2288.63,2293.84,2281.0,2287.23,73915.316,2026-05-07 21:00:00
1778191200000,2287.22,2289.68,2279.79,2286.5,138298.174,2026-05-07 22:00:00
1778194800000,2286.5,2292.95,2285.66,2290.61,44628.327,2026-05-07 23:00:00
1778198400000,2290.62,2294.0,2283.13,2286.63,64120.935,2026-05-08 00:00:00
1778202000000,2286.63,2288.85,2279.22,2284.73,53686.366,2026-05-08 01:00:00
1778205600000,2284.73,2285.24,2266.51,2278.03,215702.286,2026-05-08 02:00:00
1778209200000,2278.03,2280.87,2262.45,2278.0,151794.395,2026-05-08 03:00:00
1778212800000,2278.0,2283.69,2275.38,2280.66,50311.859,2026-05-08 04:00:00
1778216400000,2280.67,2283.21,2275.13,2275.23,38345.923,2026-05-08 05:00:00
1778220000000,2275.23,2277.99,2267.65,2274.41,83187.159,2026-05-08 06:00:00
1778223600000,2274.41,2281.43,2266.08,2280.28,107557.569,2026-05-08 07:00:00
1778227200000,2280.28,2288.4,2278.63,2282.27,93475.426,2026-05-08 08:00:00
1778230800000,2282.27,2291.64,2278.58,2283.24,150979.309,2026-05-08 09:00:00
1778234400000,2283.23,2289.97,2280.01,2286.9,71614.716,2026-05-08 10:00:00
1778238000000,2286.9,2299.08,2286.9,2294.5,108097.457,2026-05-08 11:00:00
1778241600000,2294.5,2304.08,2281.2,2283.75,180300.131,2026-05-08 12:00:00
1778245200000,2283.75,2286.15,2268.37,2275.42,211442.329,2026-05-08 13:00:00
1778248800000,2275.42,2292.18,2272.12,2284.92,190201.224,2026-05-08 14:00:00
1778252400000,2284.92,2293.69,2273.66,2292.48,134895.525,2026-05-08 15:00:00
1778256000000,2292.48,2293.59,2285.14,2288.95,73786.474,2026-05-08 16:00:00
1778259600000,2288.96,2314.88,2288.25,2304.28,285086.859,2026-05-08 17:00:00
1778263200000,2304.28,2320.59,2304.27,2312.81,185858.496,2026-05-08 18:00:00
1778266800000,2312.82,2319.68,2311.43,2315.4,72936.426,2026-05-08 19:00:00
1778270400000,2315.4,2316.2,2304.42,2306.22,54924.06,2026-05-08 20:00:00
1778274000000,2306.22,2314.69,2303.63,2314.13,35628.427,2026-05-08 21:00:00
1778277600000,2314.13,2318.47,2309.78,2310.01,41142.795,2026-05-08 22:00:00
1778281200000,2310.0,2310.39,2302.19,2306.34,46114.717,2026-05-08 23:00:00
1778284800000,2306.34,2311.47,2303.52,2308.02,37275.023,2026-05-09 00:00:00
1778288400000,2308.02,2317.3,2307.66,2313.29,48907.81,2026-05-09 01:00:00
1778292000000,2313.28,2319.63,2313.0,2315.99,43596.724,2026-05-09 02:00:00
1778295600000,2316.0,2320.96,2311.53,2314.28,48219.339,2026-05-09 03:00:00
1778299200000,2314.27,2324.54,2310.5,2311.72,100915.802,2026-05-09 04:00:00
1778302800000,2311.72,2317.6,2310.02,2313.83,42791.309,2026-05-09 05:00:00
1778306400000,2313.84,2318.11,2311.71,2313.5,46782.819,2026-05-09 06:00:00
1778310000000,2313.5,2317.6,2310.09,2313.82,37256.07,2026-05-09 07:00:00
1778313600000,2313.81,2319.45,2313.24,2316.4,59074.955,2026-05-09 08:00:00
1778317200000,2316.4,2316.67,2310.42,2312.56,44452.743,2026-05-09 09:00:00
1778320800000,2312.56,2314.5,2309.3,2311.91,36214.909,2026-05-09 10:00:00
1778324400000,2311.91,2315.31,2311.67,2313.85,24390.363,2026-05-09 11:00:00
1778328000000,2313.85,2317.8,2312.5,2315.71,35970.803,2026-05-09 12:00:00
1778331600000,2315.7,2315.79,2310.7,2313.77,24843.495,2026-05-09 13:00:00
1778335200000,2313.77,2314.72,2304.26,2307.31,88717.37,2026-05-09 14:00:00
1778338800000,2307.3,2316.59,2297.57,2316.37,149395.037,2026-05-09 15:00:00
1778342400000,2316.38,2324.48,2313.87,2318.99,143060.311,2026-05-09 16:00:00
1778346000000,2319.02,2332.87,2319.0,2328.72,195574.4,2026-05-09 17:00:00
1778349600000,2328.73,2337.74,2327.96,2329.12,85080.832,2026-05-09 18:00:00
1778353200000,2329.12,2332.31,2325.61,2331.16,34490.981,2026-05-09 19:00:00
1778356800000,2331.17,2331.88,2326.14,2328.23,22379.982,2026-05-09 20:00:00
1778360400000,2328.24,2330.9,2327.77,2330.14,15617.81,2026-05-09 21:00:00
1778364000000,2330.14,2332.81,2326.31,2329.01,18218.81,2026-05-09 22:00:00
1778367600000,2329.01,2330.8,2323.62,2325.42,32238.167,2026-05-09 23:00:00
1778371200000,2325.42,2329.0,2320.33,2322.97,42282.877,2026-05-10 00:00:00
1778374800000,2322.96,2324.32,2317.39,2323.07,57405.462,2026-05-10 01:00:00
1778378400000,2323.07,2327.5,2319.39,2327.19,37284.801,2026-05-10 02:00:00
1778382000000,2327.19,2333.81,2323.0,2327.0,60342.409,2026-05-10 03:00:00
1778385600000,2327.01,2330.39,2325.25,2327.6,32188.234,2026-05-10 04:00:00
1778389200000,2327.6,2329.63,2325.6,2326.22,20038.738,2026-05-10 05:00:00
1778392800000,2326.23,2329.91,2325.83,2328.62,24968.897,2026-05-10 06:00:00
1778396400000,2328.62,2331.45,2326.35,2326.5,21859.903,2026-05-10 07:00:00
1778400000000,2326.5,2330.95,2325.12,2328.99,31935.484,2026-05-10 08:00:00
1778403600000,2329.0,2332.58,2326.15,2327.58,38961.045,2026-05-10 09:00:00
1778407200000,2327.58,2328.0,2322.34,2324.66,64528.247,2026-05-10 10:00:00
1778410800000,2324.67,2327.0,2317.55,2321.61,70824.857,2026-05-10 11:00:00
1778414400000,2321.61,2324.61,2319.82,2323.26,43639.066,2026-05-10 12:00:00
1778418000000,2323.26,2331.25,2322.61,2329.1,76740.925,2026-05-10 13:00:00
1778421600000,2329.1,2334.4,2326.14,2329.99,59901.675,2026-05-10 14:00:00
1778425200000,2330.0,2351.17,2329.99,2346.75,222231.911,2026-05-10 15:00:00
1778428800000,2346.74,2350.0,2339.0,2348.7,142913.297,2026-05-10 16:00:00
1778432400000,2348.7,2367.49,2344.3,2363.22,276250.362,2026-05-10 17:00:00
1778436000000,2363.23,2365.95,2355.44,2357.38,79354.248,2026-05-10 18:00:00
1778439600000,2357.39,2365.77,2350.01,2364.47,76324.082,2026-05-10 19:00:00
1778443200000,2364.47,2368.88,2310.0,2327.45,387753.97,2026-05-10 20:00:00
1778446800000,2327.44,2335.95,2322.85,2329.57,126346.839,2026-05-10 21:00:00
1778450400000,2329.56,2377.48,2326.26,2373.45,461500.455,2026-05-10 22:00:00
1778454000000,2373.46,2383.11,2367.12,2370.61,242586.815,2026-05-10 23:00:00
1778457600000,2370.62,2374.6,2343.67,2352.0,250423.177,2026-05-11 00:00:00
1778461200000,2351.99,2365.39,2344.6,2358.13,126904.033,2026-05-11 01:00:00
1778464800000,2358.13,2360.2,2342.19,2344.99,105482.046,2026-05-11 02:00:00
1778468400000,2344.99,2345.0,2318.98,2329.82,308266.14,2026-05-11 03:00:00
1778472000000,2329.81,2335.39,2325.72,2331.9,69960.749,2026-05-11 04:00:00
1778475600000,2331.9,2339.85,2331.02,2334.16,60498.064,2026-05-11 05:00:00
1778479200000,2334.15,2343.14,2329.1,2332.61,82749.67,2026-05-11 06:00:00
1778482800000,2332.61,2332.84,2327.12,2329.57,42945.568,2026-05-11 07:00:00
1778486400000,2329.58,2333.96,2325.44,2329.51,49531.819,2026-05-11 08:00:00
1778490000000,2329.5,2337.8,2329.24,2335.1,34513.908,2026-05-11 09:00:00
1778493600000,2335.1,2338.95,2328.45,2328.94,61695.587,2026-05-11 10:00:00
1778497200000,2328.94,2335.29,2326.54,2334.99,38687.661,2026-05-11 11:00:00
1778500800000,2335.0,2338.45,2327.38,2328.7,85555.84,2026-05-11 12:00:00
1778504400000,2328.7,2332.08,2313.13,2321.01,234231.667,2026-05-11 13:00:00
1778508000000,2321.01,2327.88,2302.1,2315.32,277766.165,2026-05-11 14:00:00
1778511600000,2315.33,2334.99,2312.33,2332.36,181222.113,2026-05-11 15:00:00
1778515200000,2332.36,2340.49,2325.59,2328.7,185296.75,2026-05-11 16:00:00
1778518800000,2328.71,2343.51,2322.3,2335.63,103928.824,2026-05-11 17:00:00
1778522400000,2335.63,2343.57,2333.18,2334.38,69712.539,2026-05-11 18:00:00
1778526000000,2334.38,2343.26,2330.76,2339.43,57265.136,2026-05-11 19:00:00
1778529600000,2339.43,2345.13,2335.01,2336.98,70439.845,2026-05-11 20:00:00
1778533200000,2336.97,2341.69,2335.06,2339.92,42950.214,2026-05-11 21:00:00
1778536800000,2339.9,2344.88,2335.7,2340.2,38040.36,2026-05-11 22:00:00
1778540400000,2340.2,2341.06,2333.32,2338.84,36303.404,2026-05-11 23:00:00
1778544000000,2338.85,2339.86,2331.0,2332.49,52175.828,2026-05-12 00:00:00
1778547600000,2332.49,2334.73,2293.91,2310.5,344370.353,2026-05-12 01:00:00
1778551200000,2310.51,2316.3,2306.05,2314.8,81035.939,2026-05-12 02:00:00
1778554800000,2314.8,2316.21,2306.4,2308.55,51582.345,2026-05-12 03:00:00
1778558400000,2308.56,2313.5,2304.39,2310.01,55789.289,2026-05-12 04:00:00
1778562000000,2310.0,2313.3,2308.82,2309.37,28202.634,2026-05-12 05:00:00
1778565600000,2309.37,2313.0,2301.81,2303.04,72325.475,2026-05-12 06:00:00
1778569200000,2303.03,2303.99,2288.0,2293.81,264638.765,2026-05-12 07:00:00
1778572800000,2293.81,2295.1,2276.34,2287.12,247635.332,2026-05-12 08:00:00
1778576400000,2287.11,2294.36,2280.3,2291.51,114740.205,2026-05-12 09:00:00
1778580000000,2291.5,2292.89,2280.0,2285.48,82181.825,2026-05-12 10:00:00
1778583600000,2285.48,2286.35,2277.0,2285.97,90324.996,2026-05-12 11:00:00
1778587200000,2285.97,2294.0,2280.03,2287.82,165434.789,2026-05-12 12:00:00
1778590800000,2287.81,2291.44,2267.01,2270.88,241865.916,2026-05-12 13:00:00
1778594400000,2270.89,2280.84,2260.01,2268.01,289281.474,2026-05-12 14:00:00
1778598000000,2268.01,2273.33,2255.54,2261.18,232697.006,2026-05-12 15:00:00
1778601600000,2261.19,2270.27,2255.01,2263.1,152952.832,2026-05-12 16:00:00
1778605200000,2263.11,2277.33,2263.11,2275.87,119516.079,2026-05-12 17:00:00
1778608800000,2275.86,2284.0,2273.55,2278.62,79588.273,2026-05-12 18:00:00
1778612400000,2278.62,2286.59,2278.36,2284.32,55049.926,2026-05-12 19:00:00
1778616000000,2284.33,2286.63,2280.34,2284.01,40842.138,2026-05-12 20:00:00
1778619600000,2284.0,2286.78,2281.82,2284.38,34049.573,2026-05-12 21:00:00
1778623200000,2284.39,2290.99,2281.1,2281.36,52819.287,2026-05-12 22:00:00
1778626800000,2281.35,2283.0,2272.18,2274.05,57660.423,2026-05-12 23:00:00
1778630400000,2274.05,2285.8,2272.19,2280.55,59784.886,2026-05-13 00:00:00
1778634000000,2280.56,2294.98,2280.01,2289.08,113368.627,2026-05-13 01:00:00
1778637600000,2289.09,2299.23,2286.3,2293.0,97059.295,2026-05-13 02:00:00
1778641200000,2292.99,2302.99,2291.12,2300.77,103749.942,2026-05-13 03:00:00
1778644800000,2300.78,2308.91,2297.32,2305.92,112019.448,2026-05-13 04:00:00
1778648400000,2305.92,2306.8,2294.0,2296.89,84200.343,2026-05-13 05:00:00
1778652000000,2296.9,2304.3,2296.37,2300.82,57055.61,2026-05-13 06:00:00
1778655600000,2300.83,2302.01,2295.78,2300.38,46942.039,2026-05-13 07:00:00
1778659200000,2300.37,2316.31,2299.75,2316.0,203028.102,2026-05-13 08:00:00
1778662800000,2315.99,2322.73,2313.56,2320.08,175910.365,2026-05-13 09:00:00
1778666400000,2320.08,2320.79,2303.44,2307.59,154119.666,2026-05-13 10:00:00
1778670000000,2307.58,2308.2,2298.01,2301.07,146331.609,2026-05-13 11:00:00
1778673600000,2301.07,2306.88,2269.37,2283.49,394345.315,2026-05-13 12:00:00
1778677200000,2283.5,2287.93,2257.48,2261.51,356576.032,2026-05-13 13:00:00
1778680800000,2261.52,2269.81,2248.0,2266.4,286258.294,2026-05-13 14:00:00
1778684400000,2266.4,2269.18,2233.01,2235.75,358662.589,2026-05-13 15:00:00
1778688000000,2235.75,2252.8,2234.02,2249.96,211955.079,2026-05-13 16:00:00
1778691600000,2249.95,2261.0,2249.95,2257.4,92047.048,2026-05-13 17:00:00
1778695200000,2257.41,2268.0,2257.41,2258.49,96047.613,2026-05-13 18:00:00
1778698800000,2258.49,2259.73,2248.34,2255.76,63642.528,2026-05-13 19:00:00
1778702400000,2255.75,2263.6,2255.66,2262.84,37265.825,2026-05-13 20:00:00
1778706000000,2262.84,2263.14,2252.63,2255.03,35967.058,2026-05-13 21:00:00
1778709600000,2255.04,2259.75,2249.6,2258.33,41911.233,2026-05-13 22:00:00
1778713200000,2258.32,2260.93,2253.46,2257.66,38115.937,2026-05-13 23:00:00
1778716800000,2257.65,2268.59,2257.13,2265.48,80838.057,2026-05-14 00:00:00
1778720400000,2265.48,2268.54,2258.22,2263.91,59295.331,2026-05-14 01:00:00
1778724000000,2263.91,2265.98,2246.04,2250.5,108675.682,2026-05-14 02:00:00
1778727600000,2250.5,2254.24,2237.26,2241.0,188699.741,2026-05-14 03:00:00
1778731200000,2241.01,2257.65,2238.29,2255.5,91323.649,2026-05-14 04:00:00
1778734800000,2255.49,2272.75,2253.87,2267.1,165086.694,2026-05-14 05:00:00
1778738400000,2267.1,2274.54,2265.32,2266.53,148004.725,2026-05-14 06:00:00
1778742000000,2266.54,2270.02,2262.33,2264.24,82998.034,2026-05-14 07:00:00
1778745600000,2264.24,2270.1,2260.5,2265.53,69400.959,2026-05-14 08:00:00
1778749200000,2265.53,2267.0,2251.42,2256.77,116521.845,2026-05-14 09:00:00
1778752800000,2256.77,2264.79,2254.56,2261.29,93968.999,2026-05-14 10:00:00
1778756400000,2261.3,2263.25,2251.55,2252.85,84053.949,2026-05-14 11:00:00
1778760000000,2252.86,2262.9,2247.13,2260.67,148407.068,2026-05-14 12:00:00
1778763600000,2260.67,2264.75,2247.64,2248.48,175355.789,2026-05-14 13:00:00
1778767200000,2248.48,2288.0,2245.04,2285.8,401102.793,2026-05-14 14:00:00
1778770800000,2285.81,2298.58,2279.08,2297.35,356517.761,2026-05-14 15:00:00
1778774400000,2297.36,2317.88,2292.5,2315.04,438643.061,2026-05-14 16:00:00
1778778000000,2315.04,2318.55,2295.22,2307.14,264069.88,2026-05-14 17:00:00
1778781600000,2307.14,2315.88,2302.0,2308.35,129629.558,2026-05-14 18:00:00
1778785200000,2308.36,2311.24,2296.5,2297.62,83563.75,2026-05-14 19:00:00
1778788800000,2297.62,2300.54,2287.52,2297.49,101485.173,2026-05-14 20:00:00
1778792400000,2297.49,2299.57,2288.71,2296.16,51425.608,2026-05-14 21:00:00
1778796000000,2296.17,2301.53,2294.17,2296.95,35971.636,2026-05-14 22:00:00
1778799600000,2296.95,2296.95,2279.63,2282.32,106440.044,2026-05-14 23:00:00
1778803200000,2282.33,2299.46,2280.6,2290.24,116066.433,2026-05-15 00:00:00
1778806800000,2290.23,2294.0,2272.16,2274.88,135042.696,2026-05-15 01:00:00
1778810400000,2274.89,2278.99,2259.44,2275.87,254914.592,2026-05-15 02:00:00
1778814000000,2275.87,2278.73,2267.0,2272.42,82949.195,2026-05-15 03:00:00
1778817600000,2272.43,2273.0,2261.55,2262.21,77410.773,2026-05-15 04:00:00
1778821200000,2262.21,2266.41,2236.33,2244.19,378616.949,2026-05-15 05:00:00
1778824800000,2244.2,2255.8,2242.6,2254.14,127433.848,2026-05-15 06:00:00
1778828400000,2254.14,2271.99,2252.5,2263.99,175825.364,2026-05-15 07:00:00
1778832000000,2264.0,2264.33,2248.13,2256.51,132475.81,2026-05-15 08:00:00
1778835600000,2256.51,2259.0,2249.57,2253.36,78803.877,2026-05-15 09:00:00
1778839200000,2253.36,2263.61,2251.24,2261.49,83461.856,2026-05-15 10:00:00
1778842800000,2261.5,2263.04,2256.48,2256.56,48283.222,2026-05-15 11:00:00
1778846400000,2256.56,2259.98,2250.17,2253.32,82426.036,2026-05-15 12:00:00
1778850000000,2253.33,2253.33,2208.78,2212.76,716464.79,2026-05-15 13:00:00
1778853600000,2212.76,2223.05,2203.25,2212.35,457676.948,2026-05-15 14:00:00
1778857200000,2212.35,2223.05,2208.58,2221.67,140863.836,2026-05-15 15:00:00
1778860800000,2221.66,2230.0,2217.6,2223.49,142186.031,2026-05-15 16:00:00
1778864400000,2223.5,2233.09,2222.92,2228.23,88088.3,2026-05-15 17:00:00
1778868000000,2228.23,2231.8,2223.47,2226.91,62248.923,2026-05-15 18:00:00
1778871600000,2226.9,2227.36,2221.06,2222.15,42268.563,2026-05-15 19:00:00
1778875200000,2222.15,2225.0,2215.5,2219.0,67011.613,2026-05-15 20:00:00
1778878800000,2219.01,2224.3,2213.02,2216.05,44703.421,2026-05-15 21:00:00
1778882400000,2216.04,2224.02,2216.0,2222.84,25056.631,2026-05-15 22:00:00
1778886000000,2222.83,2225.6,2221.66,2223.68,23356.003,2026-05-15 23:00:00
1778889600000,2223.68,2230.6,2222.6,2225.88,44640.246,2026-05-16 00:00:00
1778893200000,2225.89,2229.83,2222.5,2228.51,40796.62,2026-05-16 01:00:00
1778896800000,2228.5,2230.36,2225.61,2228.62,31100.401,2026-05-16 02:00:00
1778900400000,2228.63,2229.49,2225.92,2226.75,21818.94,2026-05-16 03:00:00
1778904000000,2226.74,2227.75,2216.96,2224.94,60045.997,2026-05-16 04:00:00
1778907600000,2224.94,2226.27,2221.7,2224.57,25154.661,2026-05-16 05:00:00
1778911200000,2224.57,2225.95,2208.39,2214.62,121199.651,2026-05-16 06:00:00
1778914800000,2214.62,2215.74,2180.3,2193.36,510545.509,2026-05-16 07:00:00
1778918400000,2193.35,2196.0,2191.0,2192.21,56476.425,2026-05-16 08:00:00
1778922000000,2192.2,2192.9,2160.01,2172.42,400066.369,2026-05-16 09:00:00
1778925600000,2172.42,2174.32,2161.05,2173.41,173012.419,2026-05-16 10:00:00
1778929200000,2173.41,2180.54,2173.41,2175.4,82982.986,2026-05-16 11:00:00
1778932800000,2175.4,2178.6,2172.25,2175.5,54281.963,2026-05-16 12:00:00
1778936400000,2175.51,2179.89,2171.21,2176.28,67896.423,2026-05-16 13:00:00
1778940000000,2176.29,2187.99,2172.6,2179.08,106275.043,2026-05-16 14:00:00
1778943600000,2179.09,2183.28,2176.0,2179.24,58952.779,2026-05-16 15:00:00
1778947200000,2179.24,2182.79,2169.09,2173.45,89394.401,2026-05-16 16:00:00
1778950800000,2173.45,2180.23,2173.3,2177.93,35707.562,2026-05-16 17:00:00
1778954400000,2177.93,2184.32,2175.14,2180.47,35042.97,2026-05-16 18:00:00
1778958000000,2180.47,2181.95,2178.07,2178.79,19170.558,2026-05-16 19:00:00
1778961600000,2178.79,2182.47,2178.79,2180.39,18887.971,2026-05-16 20:00:00
1778965200000,2180.39,2182.7,2179.84,2181.67,16571.282,2026-05-16 21:00:00
1778968800000,2181.67,2182.53,2178.79,2179.21,19987.042,2026-05-16 22:00:00
1778972400000,2179.21,2181.99,2178.14,2179.7,20664.104,2026-05-16 23:00:00
1778976000000,2179.69,2184.95,2172.12,2176.67,55533.801,2026-05-17 00:00:00
1778979600000,2176.66,2182.65,2167.02,2168.42,134549.138,2026-05-17 01:00:00
1778983200000,2168.43,2175.33,2168.25,2173.5,53531.021,2026-05-17 02:00:00
1778986800000,2173.51,2183.71,2173.13,2180.67,70495.847,2026-05-17 03:00:00
1778990400000,2180.67,2189.5,2180.07,2186.3,94379.276,2026-05-17 04:00:00
1778994000000,2186.3,2194.99,2184.17,2184.56,83300.694,2026-05-17 05:00:00
1778997600000,2184.56,2186.9,2180.16,2184.11,41607.626,2026-05-17 06:00:00
1779001200000,2184.11,2187.46,2181.3,2185.52,44796.938,2026-05-17 07:00:00
1779004800000,2185.51,2186.45,2182.13,2185.15,23448.813,2026-05-17 08:00:00
1779008400000,2185.14,2190.5,2184.88,2189.0,42209.011,2026-05-17 09:00:00
1779012000000,2189.01,2197.77,2189.0,2193.4,128943.419,2026-05-17 10:00:00
1779015600000,2193.4,2193.75,2187.0,2191.1,50024.736,2026-05-17 11:00:00
1779019200000,2191.09,2197.15,2190.35,2193.4,49856.136,2026-05-17 12:00:00
1779022800000,2193.39,2194.14,2186.2,2191.09,68060.18,2026-05-17 13:00:00
1779026400000,2191.1,2191.49,2177.0,2185.68,144293.054,2026-05-17 14:00:00
1779030000000,2185.67,2187.79,2180.0,2185.34,45700.323,2026-05-17 15:00:00
1779033600000,2185.35,2188.14,2181.33,2181.66,44835.696,2026-05-17 16:00:00
1779037200000,2181.66,2184.0,2175.17,2182.81,86623.088,2026-05-17 17:00:00
1779040800000,2182.82,2187.72,2178.0,2187.4,47776.759,2026-05-17 18:00:00
1779044400000,2187.41,2193.0,2186.24,2191.26,40046.5,2026-05-17 19:00:00
1779048000000,2191.26,2192.96,2185.69,2188.26,21651.578,2026-05-17 20:00:00
1779051600000,2188.26,2194.15,2186.04,2190.75,24938.925,2026-05-17 21:00:00
1779055200000,2190.75,2190.75,2172.02,2178.84,108269.769,2026-05-17 22:00:00
1779058800000,2178.85,2179.0,2081.14,2129.6,894147.002,2026-05-17 23:00:00
1779062400000,2129.6,2130.63,2102.42,2114.57,333159.108,2026-05-18 00:00:00
1779066000000,2114.57,2120.55,2105.25,2116.59,181466.274,2026-05-18 01:00:00
1779069600000,2116.59,2123.33,2111.46,2115.4,117359.741,2026-05-18 02:00:00
1779073200000,2115.41,2122.8,2114.7,2117.38,89122.976,2026-05-18 03:00:00
1779076800000,2117.37,2124.77,2113.22,2123.74,86206.649,2026-05-18 04:00:00
1779080400000,2123.74,2124.7,2116.0,2117.52,73118.513,2026-05-18 05:00:00
1779084000000,2117.52,2120.3,2108.01,2117.93,169246.572,2026-05-18 06:00:00
1779087600000,2117.94,2123.0,2110.7,2119.52,107564.034,2026-05-18 07:00:00
1779091200000,2119.53,2122.86,2116.33,2120.16,59438.567,2026-05-18 08:00:00
1779094800000,2120.15,2120.52,2114.67,2115.89,46178.016,2026-05-18 09:00:00
1779098400000,2115.88,2116.66,2111.5,2113.5,80730.338,2026-05-18 10:00:00
1779102000000,2113.51,2139.76,2109.19,2133.11,262237.586,2026-05-18 11:00:00
1779105600000,2133.11,2156.71,2133.11,2150.0,347676.305,2026-05-18 12:00:00
1779109200000,2150.0,2150.64,2119.06,2130.06,375679.659,2026-05-18 13:00:00
1779112800000,2130.05,2130.2,2096.17,2109.41,441713.6,2026-05-18 14:00:00
1779116400000,2109.41,2110.66,2091.78,2106.72,337701.637,2026-05-18 15:00:00
1779120000000,2106.72,2110.93,2088.9,2096.87,221054.884,2026-05-18 16:00:00
1779123600000,2096.86,2109.61,2094.19,2107.3,98214.074,2026-05-18 17:00:00
1779127200000,2107.3,2108.34,2076.01,2080.17,306764.31,2026-05-18 18:00:00
1779130800000,2080.17,2127.94,2078.1,2124.4,391199.96,2026-05-18 19:00:00
1779134400000,2124.41,2130.6,2113.69,2116.61,118889.206,2026-05-18 20:00:00
1779138000000,2116.6,2142.0,2113.32,2136.12,127960.109,2026-05-18 21:00:00
1779141600000,2136.13,2142.0,2128.49,2134.5,91622.623,2026-05-18 22:00:00
1779145200000,2134.51,2137.95,2126.22,2129.03,61009.656,2026-05-18 23:00:00
1779148800000,2129.03,2146.61,2127.16,2134.98,111819.75,2026-05-19 00:00:00
1779152400000,2134.97,2137.28,2122.22,2123.92,124230.402,2026-05-19 01:00:00
1779156000000,2123.91,2135.0,2118.21,2122.3,132483.972,2026-05-19 02:00:00
1779159600000,2122.29,2133.84,2121.13,2130.62,70396.565,2026-05-19 03:00:00
1779163200000,2130.62,2136.0,2126.81,2132.64,76459.73,2026-05-19 04:00:00
1779166800000,2132.63,2136.49,2122.42,2134.02,106245.735,2026-05-19 05:00:00
1779170400000,2134.03,2139.38,2131.2,2136.33,69482.53,2026-05-19 06:00:00
1779174000000,2136.33,2144.0,2134.11,2139.85,89486.735,2026-05-19 07:00:00
1779177600000,2139.86,2140.58,2129.61,2132.27,100280.415,2026-05-19 08:00:00
1779181200000,2132.27,2133.26,2110.3,2113.65,237864.371,2026-05-19 09:00:00
1779184800000,2113.66,2121.49,2105.6,2117.74,204707.078,2026-05-19 10:00:00
1779188400000,2117.74,2119.63,2108.28,2109.97,85586.759,2026-05-19 11:00:00
1779192000000,2109.97,2118.8,2107.76,2117.51,66166.984,2026-05-19 12:00:00
1779195600000,2117.5,2126.82,2106.61,2118.04,304161.828,2026-05-19 13:00:00
1779199200000,2118.04,2122.73,2092.4,2105.69,406783.002,2026-05-19 14:00:00
1779202800000,2105.68,2112.99,2102.59,2109.28,129063.571,2026-05-19 15:00:00
1779206400000,2109.28,2121.36,2106.02,2119.99,130170.459,2026-05-19 16:00:00
1779210000000,2120.0,2124.34,2111.68,2114.86,107147.644,2026-05-19 17:00:00
1779213600000,2114.86,2118.8,2109.72,2114.05,57388.824,2026-05-19 18:00:00
1779217200000,2114.06,2122.21,2109.32,2112.39,67747.268,2026-05-19 19:00:00
1779220800000,2112.38,2118.0,2111.5,2117.39,21708.64,2026-05-19 20:00:00
1779224400000,2117.4,2119.8,2115.85,2116.23,20981.527,2026-05-19 21:00:00
1779228000000,2116.23,2116.23,2101.5,2105.27,84760.189,2026-05-19 22:00:00
1779231600000,2105.28,2117.83,2103.63,2110.93,76574.289,2026-05-19 23:00:00
1779235200000,2110.93,2115.86,2102.37,2110.56,91656.677,2026-05-20 00:00:00
1779238800000,2110.55,2118.26,2102.21,2114.2,106878.155,2026-05-20 01:00:00
1779242400000,2114.2,2116.29,2105.3,2108.54,59121.192,2026-05-20 02:00:00
1779246000000,2108.53,2115.36,2105.13,2110.73,52813.938,2026-05-20 03:00:00
1779249600000,2110.74,2113.9,2106.2,2112.38,39283.277,2026-05-20 04:00:00
1779253200000,2112.39,2129.66,2112.38,2124.66,190272.287,2026-05-20 05:00:00
1779256800000,2124.65,2133.36,2124.39,2132.91,100560.615,2026-05-20 06:00:00
1779260400000,2132.91,2135.53,2127.01,2128.6,102178.553,2026-05-20 07:00:00
1779264000000,2128.59,2137.14,2126.7,2130.46,119701.242,2026-05-20 08:00:00
1779267600000,2130.45,2132.0,2126.5,2128.38,57586.078,2026-05-20 09:00:00
1779271200000,2128.38,2135.95,2128.37,2129.55,66121.127,2026-05-20 10:00:00
1779274800000,2129.55,2131.0,2123.13,2127.32,78672.649,2026-05-20 11:00:00
1779278400000,2127.31,2139.63,2125.88,2133.0,94468.58,2026-05-20 12:00:00
1779282000000,2133.0,2134.53,2113.85,2119.96,247189.556,2026-05-20 13:00:00
1779285600000,2119.96,2139.0,2112.35,2134.01,300536.198,2026-05-20 14:00:00
1779289200000,2134.0,2148.57,2128.0,2135.88,265986.613,2026-05-20 15:00:00
1779292800000,2135.87,2139.83,2123.0,2134.36,148228.423,2026-05-20 16:00:00
1779296400000,2134.35,2148.0,2131.04,2139.34,151373.424,2026-05-20 17:00:00
1779300000000,2139.34,2140.33,2130.01,2131.24,87653.399,2026-05-20 18:00:00
1779303600000,2131.23,2141.29,2128.06,2138.42,75668.8,2026-05-20 19:00:00
1779307200000,2138.41,2140.0,2128.28,2135.01,69592.665,2026-05-20 20:00:00
1779310800000,2135.01,2137.81,2129.6,2129.94,25183.252,2026-05-20 21:00:00
1779314400000,2129.93,2129.93,2117.31,2127.19,97612.457,2026-05-20 22:00:00
1779318000000,2127.2,2129.64,2121.57,2128.66,40617.415,2026-05-20 23:00:00
1779321600000,2128.67,2144.3,2127.61,2142.01,96343.165,2026-05-21 00:00:00
1779325200000,2142.0,2158.07,2138.19,2140.17,210801.128,2026-05-21 01:00:00
1779328800000,2140.18,2147.32,2138.64,2140.93,61545.055,2026-05-21 02:00:00
1779332400000,2140.94,2146.18,2139.85,2144.9,37427.402,2026-05-21 03:00:00
1779336000000,2144.9,2148.34,2141.64,2143.91,40917.471,2026-05-21 04:00:00
1779339600000,2143.91,2147.22,2131.67,2135.64,89250.257,2026-05-21 05:00:00
1779343200000,2135.64,2137.84,2126.7,2127.85,119179.852,2026-05-21 06:00:00
1779346800000,2127.85,2136.31,2123.03,2134.05,130607.773,2026-05-21 07:00:00
1779350400000,2134.04,2147.73,2134.0,2137.01,170642.662,2026-05-21 08:00:00
1779354000000,2137.0,2139.9,2126.78,2127.12,99020.21,2026-05-21 09:00:00
1779357600000,2127.12,2129.45,2108.62,2113.49,326160.423,2026-05-21 10:00:00
1779361200000,2113.49,2119.14,2110.85,2114.2,89819.351,2026-05-21 11:00:00
1779364800000,2114.2,2118.87,2111.23,2116.32,95616.875,2026-05-21 12:00:00
1779368400000,2116.32,2124.22,2103.18,2119.51,255376.736,2026-05-21 13:00:00
1779372000000,2119.5,2124.91,2109.19,2121.14,189042.236,2026-05-21 14:00:00
1779375600000,2121.14,2137.5,2118.13,2131.36,248394.345,2026-05-21 15:00:00
1779379200000,2131.35,2135.45,2121.56,2126.95,111910.223,2026-05-21 16:00:00
1779382800000,2126.95,2153.0,2124.95,2145.76,349344.989,2026-05-21 17:00:00
1779386400000,2145.77,2147.2,2120.0,2126.19,212485.554,2026-05-21 18:00:00
1779390000000,2126.18,2145.2,2125.58,2142.09,115159.667,2026-05-21 19:00:00
1779393600000,2142.1,2142.72,2136.14,2137.87,47596.96,2026-05-21 20:00:00
1779397200000,2137.87,2140.26,2133.17,2134.63,30204.509,2026-05-21 21:00:00
1779400800000,2134.63,2136.13,2129.63,2130.7,38804.666,2026-05-21 22:00:00
1779404400000,2130.69,2136.28,2126.06,2132.91,50031.367,2026-05-21 23:00:00
1779408000000,2132.9,2134.35,2128.12,2128.32,46753.311,2026-05-22 00:00:00
1779411600000,2128.33,2136.44,2124.59,2134.98,60864.809,2026-05-22 01:00:00
1779415200000,2134.99,2139.2,2132.86,2136.95,53276.478,2026-05-22 02:00:00
1779418800000,2136.95,2140.61,2134.09,2137.08,33036.959,2026-05-22 03:00:00
1779422400000,2137.09,2140.58,2131.56,2132.83,53683.388,2026-05-22 04:00:00
1779426000000,2132.83,2135.28,2126.43,2128.57,61963.233,2026-05-22 05:00:00
1779429600000,2128.57,2130.33,2123.04,2124.98,83589.574,2026-05-22 06:00:00
1779433200000,2124.97,2132.0,2121.22,2127.6,81780.254,2026-05-22 07:00:00
1779436800000,2127.61,2132.8,2119.0,2121.65,115733.176,2026-05-22 08:00:00
1779440400000,2121.65,2124.74,2118.26,2123.18,79252.678,2026-05-22 09:00:00
1779444000000,2123.17,2124.86,2120.26,2122.43,29733.04,2026-05-22 10:00:00
1779447600000,2122.43,2129.99,2119.2,2129.71,67971.211,2026-05-22 11:00:00
1779451200000,2129.71,2137.42,2128.12,2133.91,110465.319,2026-05-22 12:00:00
1779454800000,2133.91,2134.5,2122.65,2129.04,126479.241,2026-05-22 13:00:00
1779458400000,2129.04,2129.04,2111.2,2116.0,210517.572,2026-05-22 14:00:00
1779462000000,2116.0,2124.99,2111.11,2118.72,150812.546,2026-05-22 15:00:00
1779465600000,2118.72,2123.22,2117.31,2122.13,55850.335,2026-05-22 16:00:00
1779469200000,2122.13,2129.59,2118.32,2118.8,124042.098,2026-05-22 17:00:00
1779472800000,2118.8,2120.89,2083.0,2099.21,394422.145,2026-05-22 18:00:00
1779476400000,2099.22,2102.42,2055.58,2064.72,574984.513,2026-05-22 19:00:00
1779480000000,2064.72,2078.0,2063.52,2072.36,168533.511,2026-05-22 20:00:00
1779483600000,2072.36,2078.8,2070.63,2077.2,60691.78,2026-05-22 21:00:00
1779487200000,2077.2,2078.79,2065.0,2071.89,81678.358,2026-05-22 22:00:00
1779490800000,2071.9,2076.46,2055.8,2065.14,125254.1,2026-05-22 23:00:00
1779494400000,2065.15,2069.8,2050.34,2064.01,180152.074,2026-05-23 00:00:00
1779498000000,2064.01,2069.63,2062.0,2068.11,64650.678,2026-05-23 01:00:00
1779501600000,2068.12,2069.82,2063.8,2067.43,39203.486,2026-05-23 02:00:00
1779505200000,2067.42,2071.33,2067.24,2070.02,38104.624,2026-05-23 03:00:00
1779508800000,2070.02,2070.21,2064.5,2066.2,42402.567,2026-05-23 04:00:00
1779512400000,2066.2,2067.05,2061.0,2064.16,45134.695,2026-05-23 05:00:00
1779516000000,2064.16,2064.94,2059.63,2061.0,42812.611,2026-05-23 06:00:00
1779519600000,2060.99,2062.41,2006.47,2027.74,729174.183,2026-05-23 07:00:00
1779523200000,2027.74,2031.45,2020.2,2029.51,212296.714,2026-05-23 08:00:00
1779526800000,2029.5,2030.31,2026.17,2026.5,62206.078,2026-05-23 09:00:00
1779530400000,2026.5,2032.78,2026.04,2030.5,46277.532,2026-05-23 10:00:00
1779534000000,2030.49,2034.67,2029.41,2030.29,56680.037,2026-05-23 11:00:00
1779537600000,2030.3,2031.08,2026.14,2030.1,40681.299,2026-05-23 12:00:00
1779541200000,2030.1,2045.29,2030.01,2043.64,221656.012,2026-05-23 13:00:00
1779544800000,2043.64,2064.81,2039.55,2060.39,249453.97,2026-05-23 14:00:00
1779548400000,2060.39,2067.81,2054.67,2059.46,213487.819,2026-05-23 15:00:00
1779552000000,2059.47,2064.24,2056.14,2060.61,84431.513,2026-05-23 16:00:00
1779555600000,2060.61,2064.5,2058.3,2063.02,48125.197,2026-05-23 17:00:00
1779559200000,2063.02,2082.69,2062.47,2073.32,228779.779,2026-05-23 18:00:00
1779562800000,2073.32,2080.0,2068.63,2076.55,74849.343,2026-05-23 19:00:00
1779566400000,2076.56,2146.45,2073.5,2145.22,648725.326,2026-05-23 20:00:00
1779570000000,2145.22,2149.37,2102.04,2115.99,343213.868,2026-05-23 21:00:00
1779573600000,2116.0,2119.35,2102.24,2115.57,111989.446,2026-05-23 22:00:00
1779577200000,2115.56,2120.75,2113.24,2116.72,56958.236,2026-05-23 23:00:00
1779580800000,2116.72,2120.54,2111.35,2118.37,52021.438,2026-05-24 00:00:00
1779584400000,2118.38,2124.53,2117.11,2121.44,62591.765,2026-05-24 01:00:00
1779588000000,2121.43,2124.5,2117.12,2121.54,46851.167,2026-05-24 02:00:00
1779591600000,2121.54,2126.58,2115.36,2118.16,59600.298,2026-05-24 03:00:00
1779595200000,2118.16,2122.71,2118.16,2119.11,26094.577,2026-05-24 04:00:00
1779598800000,2119.1,2120.59,2112.63,2119.03,60908.106,2026-05-24 05:00:00
1779602400000,2119.03,2129.39,2116.26,2127.14,74241.244,2026-05-24 06:00:00
1779606000000,2127.15,2128.99,2118.57,2120.26,52296.664,2026-05-24 07:00:00
1779609600000,2120.26,2122.72,2118.24,2119.6,39116.235,2026-05-24 08:00:00
1779613200000,2119.59,2123.64,2118.27,2122.58,43493.536,2026-05-24 09:00:00
1779616800000,2122.58,2131.46,2118.42,2121.49,89638.939,2026-05-24 10:00:00
1779620400000,2121.49,2126.67,2121.34,2124.99,49081.56,2026-05-24 11:00:00
1779624000000,2125.0,2125.74,2116.02,2119.16,73714.093,2026-05-24 12:00:00
1779627600000,2119.17,2120.25,2105.04,2109.46,138016.329,2026-05-24 13:00:00
1779631200000,2109.47,2111.86,2077.63,2097.4,445879.279,2026-05-24 14:00:00
1779634800000,2097.39,2099.34,2093.0,2095.07,63611.543,2026-05-24 15:00:00
1779638400000,2095.06,2108.58,2094.2,2102.81,135322.159,2026-05-24 16:00:00
1779642000000,2102.82,2105.79,2100.37,2102.01,37113.416,2026-05-24 17:00:00
1779645600000,2102.0,2104.0,2096.63,2099.01,35033.06,2026-05-24 18:00:00
1779649200000,2099.01,2101.88,2095.23,2099.87,34494.416,2026-05-24 19:00:00
1779652800000,2099.88,2101.26,2090.53,2092.21,57231.236,2026-05-24 20:00:00
1779656400000,2092.21,2098.19,2060.59,2069.76,240429.144,2026-05-24 21:00:00
1779660000000,2069.77,2098.68,2069.35,2091.47,187776.335,2026-05-24 22:00:00
1779663600000,2091.47,2106.63,2090.39,2099.01,100616.581,2026-05-24 23:00:00
1779667200000,2099.0,2108.88,2098.8,2104.31,74046.775,2026-05-25 00:00:00
1779670800000,2104.32,2107.28,2091.82,2093.5,74564.195,2026-05-25 01:00:00
1779674400000,2093.5,2112.93,2093.5,2097.43,120289.837,2026-05-25 02:00:00
1779678000000,2097.44,2099.3,2091.13,2094.71,52261.695,2026-05-25 03:00:00
1779681600000,2094.71,2107.42,2091.38,2105.11,91439.133,2026-05-25 04:00:00
1779685200000,2105.1,2110.86,2103.35,2107.18,83248.955,2026-05-25 05:00:00
1779688800000,2107.18,2110.48,2098.19,2108.0,103460.682,2026-05-25 06:00:00
1779692400000,2108.0,2118.08,2104.57,2115.29,149465.032,2026-05-25 07:00:00
1779696000000,2115.29,2116.9,2110.53,2115.82,50741.998,2026-05-25 08:00:00
1779699600000,2115.81,2123.54,2114.8,2115.58,107392.627,2026-05-25 09:00:00
1779703200000,2115.59,2120.21,2113.6,2115.84,51225.034,2026-05-25 10:00:00
1779706800000,2115.83,2119.48,2112.55,2113.84,59577.226,2026-05-25 11:00:00
1779710400000,2113.85,2118.56,2110.96,2116.12,70038.453,2026-05-25 12:00:00
1779714000000,2116.12,2118.96,2113.29,2115.34,39469.909,2026-05-25 13:00:00
1779717600000,2115.34,2129.79,2114.79,2127.53,175539.506,2026-05-25 14:00:00
1779721200000,2127.54,2137.99,2121.68,2126.12,194640.597,2026-05-25 15:00:00
1779724800000,2126.12,2141.42,2123.67,2135.53,128436.776,2026-05-25 16:00:00
1779728400000,2135.53,2139.97,2127.28,2127.89,95010.757,2026-05-25 17:00:00
1779732000000,2127.89,2133.2,2125.27,2125.9,50995.711,2026-05-25 18:00:00
1779735600000,2125.91,2126.25,2115.31,2120.36,88575.339,2026-05-25 19:00:00
1779739200000,2120.35,2122.28,2106.12,2107.75,100094.582,2026-05-25 20:00:00
1779742800000,2107.74,2112.2,2106.73,2110.0,47478.987,2026-05-25 21:00:00
1779746400000,2110.0,2114.78,2101.3,2102.69,92805.169,2026-05-25 22:00:00
1779750000000,2102.68,2113.0,2101.4,2111.81,52761.934,2026-05-25 23:00:00
1779753600000,2111.81,2113.09,2083.68,2096.6,200629.144,2026-05-26 00:00:00
1779757200000,2096.6,2099.68,2087.0,2093.27,119593.327,2026-05-26 01:00:00
1779760800000,2093.28,2094.92,2083.36,2088.05,92594.398,2026-05-26 02:00:00
1779764400000,2088.06,2093.3,2083.51,2092.49,77831.13,2026-05-26 03:00:00
1779768000000,2092.49,2095.5,2087.71,2092.67,60849.451,2026-05-26 04:00:00
1779771600000,2092.68,2102.68,2090.8,2099.81,84216.438,2026-05-26 05:00:00
1779775200000,2099.81,2103.81,2094.0,2100.98,56820.586,2026-05-26 06:00:00
1779778800000,2100.97,2101.67,2089.28,2094.31,101392.625,2026-05-26 07:00:00
1779782400000,2094.32,2099.0,2094.0,2096.33,31833.9,2026-05-26 08:00:00
1779786000000,2096.32,2098.78,2093.0,2095.59,35395.167,2026-05-26 09:00:00
1779789600000,2095.59,2136.6,2093.3,2126.71,446541.667,2026-05-26 10:00:00
1779793200000,2126.7,2130.88,2117.19,2119.83,173330.953,2026-05-26 11:00:00
1779796800000,2119.83,2126.1,2110.12,2125.65,176429.505,2026-05-26 12:00:00
1779800400000,2125.65,2130.94,2108.24,2124.27,270201.234,2026-05-26 13:00:00
1779804000000,2124.28,2139.62,2104.07,2108.32,469558.484,2026-05-26 14:00:00
1779807600000,2108.32,2111.22,2077.0,2086.31,460443.037,2026-05-26 15:00:00
1779811200000,2086.31,2089.3,2072.09,2078.7,253941.726,2026-05-26 16:00:00
1779814800000,2078.71,2083.25,2054.0,2069.67,369613.148,2026-05-26 17:00:00
1779818400000,2069.67,2080.7,2065.37,2068.08,144863.313,2026-05-26 18:00:00
1779822000000,2068.08,2076.27,2064.62,2073.74,59412.368,2026-05-26 19:00:00
1779825600000,2073.75,2077.74,2072.91,2077.55,38498.735,2026-05-26 20:00:00
1779829200000,2077.55,2077.93,2068.3,2072.1,40572.493,2026-05-26 21:00:00
1779832800000,2072.1,2075.7,2064.82,2067.99,64187.531,2026-05-26 22:00:00
1779836400000,2068.0,2076.16,2067.99,2072.99,40710.275,2026-05-26 23:00:00
1779840000000,2073.0,2083.93,2072.68,2082.53,81870.355,2026-05-27 00:00:00
1779843600000,2082.53,2083.12,2070.52,2073.57,81730.255,2026-05-27 01:00:00
1779847200000,2073.57,2075.3,2067.81,2075.29,64222.828,2026-05-27 02:00:00
1779850800000,2075.3,2079.59,2067.77,2069.0,82867.162,2026-05-27 03:00:00
1779854400000,2069.01,2072.49,2055.31,2071.24,173711.906,2026-05-27 04:00:00
1779858000000,2071.24,2078.8,2070.54,2076.18,86616.17,2026-05-27 05:00:00
1779861600000,2076.19,2080.4,2073.74,2078.69,83955.771,2026-05-27 06:00:00
1779865200000,2078.69,2083.46,2074.39,2082.71,90098.078,2026-05-27 07:00:00
1779868800000,2082.72,2095.93,2082.49,2084.0,241406.085,2026-05-27 08:00:00
1779872400000,2084.0,2087.2,2077.44,2082.55,119247.879,2026-05-27 09:00:00
1779876000000,2082.55,2087.24,2078.3,2078.7,62538.202,2026-05-27 10:00:00
1779879600000,2078.7,2084.42,2077.34,2079.74,70232.8,2026-05-27 11:00:00
1779883200000,2079.73,2096.78,2073.27,2077.8,229907.186,2026-05-27 12:00:00
1779886800000,2077.81,2080.0,2051.0,2063.85,369920.672,2026-05-27 13:00:00
1779890400000,2063.86,2071.18,2053.9,2061.89,236254.142,2026-05-27 14:00:00
1779894000000,2061.88,2079.18,2060.4,2070.82,200436.076,2026-05-27 15:00:00
1779897600000,2070.82,2073.84,2058.79,2069.34,114730.03,2026-05-27 16:00:00
1779901200000,2069.33,2069.56,2042.9,2051.5,239810.78,2026-05-27 17:00:00
1779904800000,2051.5,2056.3,2042.44,2055.89,125663.569,2026-05-27 18:00:00
1779908400000,2055.89,2060.58,2053.49,2056.88,62985.633,2026-05-27 19:00:00
1779912000000,2056.89,2065.8,2056.52,2062.31,52753.431,2026-05-27 20:00:00
1779915600000,2062.3,2062.3,2014.34,2020.44,289294.672,2026-05-27 21:00:00
1779919200000,2020.45,2034.4,2015.0,2024.63,193527.654,2026-05-27 22:00:00
1779922800000,2024.63,2029.53,2017.2,2024.02,128356.776,2026-05-27 23:00:00
1779926400000,2024.02,2028.65,2020.0,2027.62,79586.702,2026-05-28 00:00:00
1779930000000,2027.62,2028.5,2011.23,2019.73,170209.25,2026-05-28 01:00:00
1779933600000,2019.72,2021.26,2013.76,2016.91,78771.564,2026-05-28 02:00:00
1779937200000,2016.9,2020.27,1965.28,1980.87,781860.233,2026-05-28 03:00:00
1779940800000,1980.86,1985.74,1966.05,1981.31,293065.802,2026-05-28 04:00:00
1779944400000,1981.31,1982.44,1974.6,1978.0,104716.87,2026-05-28 05:00:00
1779948000000,1977.99,1984.04,1970.8,1983.25,125377.406,2026-05-28 06:00:00
1779951600000,1983.25,1996.0,1981.51,1994.3,158647.584,2026-05-28 07:00:00
1779955200000,1994.31,1995.23,1983.76,1987.2,108565.68,2026-05-28 08:00:00
1779958800000,1987.2,1994.4,1983.02,1992.99,86322.143,2026-05-28 09:00:00
1779962400000,1993.0,1997.76,1987.05,1989.27,102463.242,2026-05-28 10:00:00
1779966000000,1989.28,1991.96,1985.31,1989.0,78171.87,2026-05-28 11:00:00
1779969600000,1989.0,1993.9,1980.07,1991.19,124095.219,2026-05-28 12:00:00
1779973200000,1991.19,1994.5,1974.1,1980.67,269312.663,2026-05-28 13:00:00
1779976800000,1980.67,2001.76,1966.01,1992.34,529452.799,2026-05-28 14:00:00
1779980400000,1992.34,1998.4,1982.7,1989.57,158895.965,2026-05-28 15:00:00
1779984000000,1989.56,2014.89,1984.0,2012.48,292041.153,2026-05-28 16:00:00
1779987600000,2012.48,2026.4,2008.02,2018.27,220509.504,2026-05-28 17:00:00
1779991200000,2018.28,2029.49,2017.0,2023.9,126418.838,2026-05-28 18:00:00
1779994800000,2023.9,2024.0,2013.09,2013.86,98187.051,2026-05-28 19:00:00
1779998400000,2013.86,2019.43,2005.65,2013.41,146193.6,2026-05-28 20:00:00
1780002000000,2013.41,2023.82,2012.63,2019.02,47383.692,2026-05-28 21:00:00
1780005600000,2019.01,2022.06,2004.02,2004.76,74990.04,2026-05-28 22:00:00
1780009200000,2004.76,2011.91,2004.75,2009.05,55671.226,2026-05-28 23:00:00
1780012800000,2009.05,2016.5,2009.05,2011.65,62152.08,2026-05-29 00:00:00
1780016400000,2011.65,2015.59,2005.1,2007.36,67144.729,2026-05-29 01:00:00
1780020000000,2007.36,2009.84,1995.89,1998.31,122202.353,2026-05-29 02:00:00
1780023600000,1998.32,2007.0,1998.32,2001.88,49447.503,2026-05-29 03:00:00
1780027200000,2001.87,2007.73,1997.4,2007.48,68464.897,2026-05-29 04:00:00
1780030800000,2007.48,2015.0,2007.02,2013.41,105330.588,2026-05-29 05:00:00
1780034400000,2013.41,2020.71,2011.07,2017.14,113969.807,2026-05-29 06:00:00
1780038000000,2017.15,2019.0,2002.51,2006.77,162266.883,2026-05-29 07:00:00
1780041600000,2006.77,2013.0,2004.65,2005.64,98288.088,2026-05-29 08:00:00
1780045200000,2005.64,2015.2,2005.3,2013.74,80896.075,2026-05-29 09:00:00
1780048800000,2013.74,2013.91,2008.45,2010.1,50377.292,2026-05-29 10:00:00
1780052400000,2010.11,2013.58,2001.2,2006.42,81535.569,2026-05-29 11:00:00
1780056000000,2006.43,2006.43,1994.01,1998.8,157354.944,2026-05-29 12:00:00
1780059600000,1998.8,2005.36,1986.68,1998.69,226781.863,2026-05-29 13:00:00
1780063200000,1998.7,2003.3,1975.35,2000.79,409336.783,2026-05-29 14:00:00
1780066800000,2000.8,2045.55,1998.25,2030.87,833691.954,2026-05-29 15:00:00
1780070400000,2030.88,2042.58,2021.21,2039.53,313227.643,2026-05-29 16:00:00
1780074000000,2039.53,2043.34,2025.11,2027.4,172206.026,2026-05-29 17:00:00
1780077600000,2027.4,2030.88,2005.0,2010.56,233888.085,2026-05-29 18:00:00
1780081200000,2010.55,2021.55,2003.56,2016.02,138456.868,2026-05-29 19:00:00
1780084800000,2016.02,2023.0,2013.64,2017.48,70099.704,2026-05-29 20:00:00
1780088400000,2017.47,2023.36,2007.0,2008.75,62261.93,2026-05-29 21:00:00
1780092000000,2008.75,2016.87,2006.8,2012.84,52665.43,2026-05-29 22:00:00
1780095600000,2012.84,2014.91,2005.43,2013.44,75095.119,2026-05-29 23:00:00
1780099200000,2013.44,2015.5,2009.66,2013.95,40126.146,2026-05-30 00:00:00
1780102800000,2013.94,2020.8,2012.6,2018.65,57344.938,2026-05-30 01:00:00
1780106400000,2018.64,2020.47,2016.1,2020.47,29276.38,2026-05-30 02:00:00
1780110000000,2020.47,2022.7,2014.0,2015.77,55852.095,2026-05-30 03:00:00
1780113600000,2015.78,2017.65,2000.78,2010.18,152314.453,2026-05-30 04:00:00
1780117200000,2010.17,2018.19,2007.16,2014.92,84542.184,2026-05-30 05:00:00
1780120800000,2014.91,2019.99,2011.67,2016.01,51289.148,2026-05-30 06:00:00
1780124400000,2016.01,2016.9,2012.52,2015.31,28661.345,2026-05-30 07:00:00
1780128000000,2015.32,2015.32,2012.77,2013.42,14974.868,2026-05-30 08:00:00
1780131600000,2013.43,2016.44,2012.88,2015.75,27206.363,2026-05-30 09:00:00
1780135200000,2015.74,2021.8,2015.4,2017.1,63535.434,2026-05-30 10:00:00
1780138800000,2017.1,2018.44,2014.22,2016.6,27479.722,2026-05-30 11:00:00
1780142400000,2016.6,2019.42,2016.09,2019.01,23992.846,2026-05-30 12:00:00
1780146000000,2019.01,2021.99,2016.33,2019.92,53090.519,2026-05-30 13:00:00
1780149600000,2019.92,2029.99,2019.47,2025.74,127695.983,2026-05-30 14:00:00
1780153200000,2025.74,2031.51,2023.16,2025.69,69181.796,2026-05-30 15:00:00
1780156800000,2025.69,2027.44,2023.58,2026.14,36517.873,2026-05-30 16:00:00
1780160400000,2026.13,2028.0,2018.58,2026.21,74218.61,2026-05-30 17:00:00
1780164000000,2026.2,2029.29,2023.62,2026.58,32629.805,2026-05-30 18:00:00
1780167600000,2026.58,2028.14,2023.89,2027.72,30254.011,2026-05-30 19:00:00
1780171200000,2027.71,2028.6,2024.79,2026.03,15889.234,2026-05-30 20:00:00
1780174800000,2026.04,2030.5,2026.03,2027.57,23060.192,2026-05-30 21:00:00
1780178400000,2027.58,2027.58,2019.74,2022.51,39304.863,2026-05-30 22:00:00
1780182000000,2022.5,2025.3,2019.2,2021.41,35843.532,2026-05-30 23:00:00
1780185600000,2021.41,2027.0,2019.75,2026.03,34731.109,2026-05-31 00:00:00
1780189200000,2026.03,2033.44,2025.66,2028.27,76421.84,2026-05-31 01:00:00
1780192800000,2028.28,2037.4,2026.89,2033.36,108186.724,2026-05-31 02:00:00
1780196400000,2033.36,2036.0,2031.05,2032.44,37589.195,2026-05-31 03:00:00
1780200000000,2032.45,2034.2,2030.36,2032.78,22227.177,2026-05-31 04:00:00
1780203600000,2032.78,2032.99,2028.44,2029.41,21778.401,2026-05-31 05:00:00
1780207200000,2029.4,2030.18,2027.68,2029.0,23478.651,2026-05-31 06:00:00
1780210800000,2029.0,2029.0,2021.66,2023.12,64527.696,2026-05-31 07:00:00
1780214400000,2023.12,2028.51,2022.0,2026.8,60907.029,2026-05-31 08:00:00
1780218000000,2026.8,2027.39,2017.5,2020.35,65855.629,2026-05-31 09:00:00
1780221600000,2020.35,2020.99,2014.01,2020.29,111333.314,2026-05-31 10:00:00
1780225200000,2020.29,2023.62,2020.06,2022.32,37575.764,2026-05-31 11:00:00
1780228800000,2022.33,2024.31,2018.22,2021.41,43857.818,2026-05-31 12:00:00
1780232400000,2021.41,2025.58,2018.56,2019.39,42031.596,2026-05-31 13:00:00
1780236000000,2019.39,2020.46,2004.5,2007.05,237627.189,2026-05-31 14:00:00
1780239600000,2007.05,2014.25,2006.29,2009.36,97494.542,2026-05-31 15:00:00
1780243200000,2009.35,2011.6,1997.02,2001.54,158686.158,2026-05-31 16:00:00
1780246800000,2001.54,2007.31,1995.89,2005.14,92836.857,2026-05-31 17:00:00
1780250400000,2005.13,2005.47,1998.28,1999.86,51928.161,2026-05-31 18:00:00
1780254000000,1999.86,2002.03,1992.27,1999.0,62983.098,2026-05-31 19:00:00
1780257600000,1999.01,2008.93,1998.96,2006.57,60970.745,2026-05-31 20:00:00
1780261200000,2006.57,2013.9,2004.35,2011.49,85947.59,2026-05-31 21:00:00
1780264800000,2011.49,2013.67,2003.16,2011.76,65375.08,2026-05-31 22:00:00
1780268400000,2011.76,2022.4,1999.12,2006.39,118615.369,2026-05-31 23:00:00
1780272000000,2006.4,2020.83,2005.33,2014.71,122505.68,2026-06-01 00:00:00
1780275600000,2014.7,2016.16,1993.5,1994.19,141544.355,2026-06-01 01:00:00
1780279200000,1994.19,2017.21,1990.03,2010.63,169563.093,2026-06-01 02:00:00
1780282800000,2010.62,2017.61,2007.62,2008.19,94776.624,2026-06-01 03:00:00
1780286400000,2008.19,2011.17,1992.98,1999.08,149980.277,2026-06-01 04:00:00
1780290000000,1999.09,2000.7,1990.62,1993.86,90111.167,2026-06-01 05:00:00
1780293600000,1993.86,1994.58,1978.9,1987.06,245111.873,2026-06-01 06:00:00
1780297200000,1987.07,1989.99,1970.12,1975.53,205205.855,2026-06-01 07:00:00
1780300800000,1975.52,1984.66,1971.17,1983.21,139287.01,2026-06-01 08:00:00
1780304400000,1983.22,1989.58,1982.89,1986.81,97918.485,2026-06-01 09:00:00
1780308000000,1986.81,1988.08,1979.61,1983.76,87259.951,2026-06-01 10:00:00
1780311600000,1983.77,1986.03,1975.36,1980.6,68322.929,2026-06-01 11:00:00
1780315200000,1980.6,1993.83,1966.0,1988.49,301308.385,2026-06-01 12:00:00
1780318800000,1988.5,1989.42,1955.0,1970.59,491476.362,2026-06-01 13:00:00
1780322400000,1970.63,1976.7,1963.5,1968.0,184575.845,2026-06-01 14:00:00
1780326000000,1967.99,1979.79,1958.87,1967.73,228833.955,2026-06-01 15:00:00
1780329600000,1967.73,1978.35,1957.01,1977.49,203173.376,2026-06-01 16:00:00
1780333200000,1977.48,1995.93,1977.02,1989.68,246110.659,2026-06-01 17:00:00
1780336800000,1989.68,1994.96,1982.54,1991.65,102337.421,2026-06-01 18:00:00
1780340400000,1991.64,2008.0,1991.0,2003.92,122192.595,2026-06-01 19:00:00
1780344000000,2003.91,2007.72,2000.0,2004.74,55435.36,2026-06-01 20:00:00
1780347600000,2004.74,2008.53,1991.33,1993.63,96112.652,2026-06-01 21:00:00
1780351200000,1993.62,2005.42,1983.53,2003.49,141570.378,2026-06-01 22:00:00
1780354800000,2003.5,2007.99,1996.7,2005.83,100034.156,2026-06-01 23:00:00
1780358400000,2005.84,2006.0,1994.23,1995.52,75020.58,2026-06-02 00:00:00
1780362000000,1995.52,1998.49,1978.41,1979.55,137772.738,2026-06-02 01:00:00
1780365600000,1979.54,1996.81,1961.89,1996.2,350800.742,2026-06-02 02:00:00
1780369200000,1996.19,2004.25,1994.25,2003.09,138330.07,2026-06-02 03:00:00
1780372800000,2003.08,2005.85,1994.58,1996.01,107043.287,2026-06-02 04:00:00
1780376400000,1996.0,2000.5,1983.55,1984.21,137444.039,2026-06-02 05:00:00
1780380000000,1984.22,1988.41,1977.09,1981.75,149248.964,2026-06-02 06:00:00
1780383600000,1981.76,1989.31,1973.1,1981.08,174887.075,2026-06-02 07:00:00
1780387200000,1981.08,1988.85,1975.75,1978.68,121703.536,2026-06-02 08:00:00
1780390800000,1978.68,1979.24,1965.89,1974.55,211981.99,2026-06-02 09:00:00
1780394400000,1974.55,1983.19,1970.7,1982.66,103014.624,2026-06-02 10:00:00
1780398000000,1982.66,1983.08,1974.74,1977.65,64699.733,2026-06-02 11:00:00
1780401600000,1977.65,1981.93,1971.18,1975.4,134079.228,2026-06-02 12:00:00
1780405200000,1975.4,1980.99,1970.02,1973.62,217871.947,2026-06-02 13:00:00
1780408800000,1973.63,1974.54,1923.56,1940.85,946493.692,2026-06-02 14:00:00
1780412400000,1940.84,1941.13,1888.0,1914.12,950258.496,2026-06-02 15:00:00
1780416000000,1914.12,1944.21,1908.78,1919.97,422353.835,2026-06-02 16:00:00
1780419600000,1919.97,1930.97,1918.47,1923.61,115514.528,2026-06-02 17:00:00
1780423200000,1923.62,1927.46,1901.3,1912.51,203952.767,2026-06-02 18:00:00
1780426800000,1912.53,1917.52,1878.32,1911.48,364457.904,2026-06-02 19:00:00
1780430400000,1911.49,1917.99,1894.52,1905.86,159554.73,2026-06-02 20:00:00
1780434000000,1905.87,1910.86,1896.2,1899.68,88035.88,2026-06-02 21:00:00
1780437600000,1899.68,1908.8,1860.41,1867.65,476535.657,2026-06-02 22:00:00
1780441200000,1867.65,1872.64,1836.93,1858.82,484688.774,2026-06-02 23:00:00
1780444800000,1858.79,1874.23,1853.01,1866.23,206699.175,2026-06-03 00:00:00
1780448400000,1866.23,1869.24,1848.16,1863.54,204431.113,2026-06-03 01:00:00
1780452000000,1863.54,1864.0,1850.4,1853.61,116879.75,2026-06-03 02:00:00
1780455600000,1853.61,1856.25,1815.08,1827.22,501628.132,2026-06-03 03:00:00
1780459200000,1827.23,1851.52,1826.76,1849.92,232990.632,2026-06-03 04:00:00
1780462800000,1849.93,1875.77,1848.65,1872.28,326169.46,2026-06-03 05:00:00
1780466400000,1872.27,1883.4,1869.11,1870.92,211926.061,2026-06-03 06:00:00
1780470000000,1870.92,1879.57,1866.8,1877.45,120852.047,2026-06-03 07:00:00
1780473600000,1877.44,1882.81,1872.3,1879.07,105050.603,2026-06-03 08:00:00
1780477200000,1879.06,1886.94,1868.53,1875.59,165056.642,2026-06-03 09:00:00
1780480800000,1875.58,1892.79,1874.07,1883.91,170759.761,2026-06-03 10:00:00
1780484400000,1883.92,1887.94,1875.44,1877.49,96504.526,2026-06-03 11:00:00
1780488000000,1877.5,1879.51,1867.06,1875.81,146129.245,2026-06-03 12:00:00
1780491600000,1875.81,1878.95,1860.55,1866.75,219287.62,2026-06-03 13:00:00
1780495200000,1866.75,1868.0,1851.79,1857.79,223838.839,2026-06-03 14:00:00
1780498800000,1857.8,1859.18,1835.18,1836.33,311045.97,2026-06-03 15:00:00
1780502400000,1836.32,1843.22,1810.36,1831.78,582498.218,2026-06-03 16:00:00
1780506000000,1831.79,1838.69,1817.13,1827.3,222676.045,2026-06-03 17:00:00
1780509600000,1827.3,1833.77,1820.56,1831.58,115651.647,2026-06-03 18:00:00
1780513200000,1831.58,1833.06,1793.7,1802.59,350088.621,2026-06-03 19:00:00
1780516800000,1802.6,1812.62,1766.0,1780.4,460564.464,2026-06-03 20:00:00
1780520400000,1780.4,1849.55,1776.6,1849.49,443204.568,2026-06-03 21:00:00
1780524000000,1849.48,1852.47,1821.61,1828.29,264237.984,2026-06-03 22:00:00
1780527600000,1828.29,1830.24,1811.05,1812.56,194412.19,2026-06-03 23:00:00
1780531200000,1812.57,1820.0,1781.35,1793.25,437735.723,2026-06-04 00:00:00
1780534800000,1793.25,1800.57,1754.3,1759.36,516932.217,2026-06-04 01:00:00
1780538400000,1759.35,1777.8,1714.94,1765.99,888481.082,2026-06-04 02:00:00
1780542000000,1766.0,1813.67,1765.54,1808.35,439063.232,2026-06-04 03:00:00
1780545600000,1808.36,1817.64,1801.47,1804.44,210279.818,2026-06-04 04:00:00
1780549200000,1804.44,1804.49,1779.0,1783.11,324324.997,2026-06-04 05:00:00
1780552800000,1783.11,1801.8,1781.17,1789.25,208864.671,2026-06-04 06:00:00
1780556400000,1789.25,1790.19,1772.35,1776.48,226744.907,2026-06-04 07:00:00
1780560000000,1776.49,1783.02,1763.0,1772.81,276215.257,2026-06-04 08:00:00
1780563600000,1772.8,1773.5,1743.79,1765.89,432059.092,2026-06-04 09:00:00
1780567200000,1765.89,1766.43,1728.94,1736.07,449754.043,2026-06-04 10:00:00
1780570800000,1736.08,1754.37,1731.8,1750.77,274665.98,2026-06-04 11:00:00
1780574400000,1750.77,1782.0,1743.59,1777.3,389947.512,2026-06-04 12:00:00
1780578000000,1777.3,1789.75,1754.45,1784.68,442144.791,2026-06-04 13:00:00
1780581600000,1784.69,1794.06,1765.35,1773.69,285354.805,2026-06-04 14:00:00
1780585200000,1773.69,1790.88,1769.21,1776.01,210680.26,2026-06-04 15:00:00
1780588800000,1776.0,1780.65,1765.0,1771.35,147472.905,2026-06-04 16:00:00
1780592400000,1771.35,1775.35,1752.27,1767.06,223725.059,2026-06-04 17:00:00
1780596000000,1767.07,1783.48,1759.02,1775.26,166537.019,2026-06-04 18:00:00
1780599600000,1775.25,1786.77,1770.07,1776.13,119345.661,2026-06-04 19:00:00
1780603200000,1776.13,1776.68,1763.0,1773.9,90746.346,2026-06-04 20:00:00
1780606800000,1773.89,1782.54,1755.62,1760.27,115191.013,2026-06-04 21:00:00
1780610400000,1760.27,1769.91,1751.47,1767.91,182576.949,2026-06-04 22:00:00
1780614000000,1767.92,1776.37,1756.5,1770.01,117316.93,2026-06-04 23:00:00
1780617600000,1770.0,1774.0,1757.6,1758.74,116389.987,2026-06-05 00:00:00
1780621200000,1758.74,1763.56,1745.3,1752.67,199562.121,2026-06-05 01:00:00
1780624800000,1752.67,1754.32,1726.54,1729.6,298409.152,2026-06-05 02:00:00
1780628400000,1729.59,1739.0,1721.31,1729.2,267892.184,2026-06-05 03:00:00
1780632000000,1729.21,1745.55,1717.0,1743.72,416794.655,2026-06-05 04:00:00
1780635600000,1743.72,1747.0,1680.08,1683.41,841642.916,2026-06-05 05:00:00
1780639200000,1683.4,1688.25,1620.06,1655.5,1336326.968,2026-06-05 06:00:00
1780642800000,1655.51,1679.35,1632.12,1678.34,536659.567,2026-06-05 07:00:00
1780646400000,1678.35,1678.79,1658.0,1662.97,243451.58,2026-06-05 08:00:00
1780650000000,1662.98,1689.42,1661.76,1681.95,297614.745,2026-06-05 09:00:00
1780653600000,1681.95,1684.35,1671.17,1675.87,143707.83,2026-06-05 10:00:00
1780657200000,1675.86,1680.89,1661.87,1662.4,176254.519,2026-06-05 11:00:00
1780660800000,1662.41,1670.93,1645.03,1656.31,426880.636,2026-06-05 12:00:00
1780664400000,1656.31,1677.0,1611.08,1613.51,756001.728,2026-06-05 13:00:00
1780668000000,1613.51,1623.34,1588.0,1599.47,1165843.424,2026-06-05 14:00:00
1780671600000,1599.47,1603.65,1570.16,1582.0,917742.065,2026-06-05 15:00:00
1780675200000,1582.0,1611.3,1545.78,1607.36,1262342.345,2026-06-05 16:00:00
1780678800000,1607.35,1611.83,1586.53,1593.19,329455.88,2026-06-05 17:00:00
1780682400000,1593.2,1597.76,1543.8,1551.95,606895.981,2026-06-05 18:00:00
1780686000000,1551.96,1579.52,1538.33,1572.85,567156.594,2026-06-05 19:00:00
1780689600000,1572.85,1607.71,1555.7,1602.51,463453.317,2026-06-05 20:00:00
1780693200000,1602.5,1618.96,1601.3,1608.88,238658.509,2026-06-05 21:00:00
1780696800000,1608.87,1609.64,1588.52,1596.61,246887.032,2026-06-05 22:00:00
1780700400000,1596.62,1603.46,1559.12,1582.49,255991.742,2026-06-05 23:00:00
1780704000000,1582.5,1600.89,1581.84,1592.14,134541.382,2026-06-06 00:00:00
1780707600000,1592.13,1595.98,1576.7,1582.15,125276.675,2026-06-06 01:00:00
1780711200000,1582.16,1584.99,1565.44,1575.2,159264.384,2026-06-06 02:00:00
1780714800000,1575.17,1575.53,1553.25,1562.28,192002.626,2026-06-06 03:00:00
1780718400000,1562.29,1569.04,1507.82,1521.28,689124.049,2026-06-06 04:00:00
1780722000000,1521.29,1568.0,1503.6,1565.74,689237.642,2026-06-06 05:00:00
1780725600000,1565.74,1580.71,1553.63,1559.23,342381.907,2026-06-06 06:00:00
1780729200000,1559.23,1579.99,1555.1,1574.25,178627.116,2026-06-06 07:00:00
1780732800000,1574.24,1592.72,1568.7,1581.65,217371.34,2026-06-06 08:00:00
1780736400000,1581.65,1587.94,1564.31,1569.84,200022.636,2026-06-06 09:00:00
1780740000000,1569.84,1569.85,1534.4,1547.36,419792.256,2026-06-06 10:00:00
1780743600000,1547.37,1566.8,1546.34,1557.93,215310.56,2026-06-06 11:00:00
1780747200000,1557.94,1576.26,1550.16,1570.51,202043.36,2026-06-06 12:00:00
1780750800000,1570.51,1572.8,1553.39,1556.54,170021.559,2026-06-06 13:00:00
1780754400000,1556.53,1566.0,1555.39,1557.13,109535.104,2026-06-06 14:00:00
1780758000000,1557.13,1565.0,1543.1,1559.65,229948.426,2026-06-06 15:00:00
1780761600000,1559.64,1565.0,1551.68,1562.84,127212.559,2026-06-06 16:00:00
1780765200000,1562.84,1565.7,1545.7,1552.31,146265.748,2026-06-06 17:00:00
1780768800000,1552.3,1565.29,1548.87,1555.84,118342.033,2026-06-06 18:00:00
1780772400000,1555.84,1562.73,1552.6,1553.62,53279.54,2026-06-06 19:00:00
1780776000000,1553.62,1559.32,1550.0,1556.68,81109.49,2026-06-06 20:00:00
1780779600000,1556.68,1564.2,1556.54,1556.95,61598.926,2026-06-06 21:00:00
1780783200000,1556.94,1561.0,1550.56,1557.25,75991.295,2026-06-06 22:00:00
1780786800000,1557.25,1569.48,1555.75,1568.62,90087.449,2026-06-06 23:00:00
1780790400000,1568.62,1571.92,1563.03,1564.01,90903.913,2026-06-07 00:00:00
1780794000000,1564.01,1595.94,1563.26,1589.12,317765.496,2026-06-07 01:00:00
1780797600000,1589.12,1594.74,1581.26,1591.43,135106.675,2026-06-07 02:00:00
1780801200000,1591.43,1600.0,1588.33,1593.75,143141.625,2026-06-07 03:00:00
1780804800000,1593.75,1598.24,1583.66,1595.79,129588.092,2026-06-07 04:00:00
1780808400000,1595.79,1609.83,1592.14,1602.84,263948.62,2026-06-07 05:00:00
1780812000000,1602.84,1622.73,1597.19,1610.67,360178.836,2026-06-07 06:00:00
1780815600000,1610.68,1616.75,1606.49,1614.48,131472.868,2026-06-07 07:00:00
1780819200000,1614.48,1642.0,1607.5,1640.63,423957.703,2026-06-07 08:00:00
1780822800000,1640.63,1647.65,1627.05,1632.37,295625.805,2026-06-07 09:00:00
1780826400000,1632.37,1634.86,1623.42,1625.0,151038.906,2026-06-07 10:00:00
1780830000000,1625.0,1633.38,1621.25,1629.16,132040.564,2026-06-07 11:00:00
1780833600000,1629.16,1630.4,1605.13,1619.05,401940.298,2026-06-07 12:00:00
1780837200000,1619.04,1621.95,1612.2,1616.28,116467.125,2026-06-07 13:00:00
1780840800000,1616.27,1639.64,1615.63,1627.03,299920.295,2026-06-07 14:00:00
1780844400000,1627.04,1635.44,1620.0,1629.19,161819.534,2026-06-07 15:00:00
1780848000000,1629.19,1632.91,1622.3,1627.63,104826.605,2026-06-07 16:00:00
1780851600000,1627.64,1636.9,1626.57,1630.26,97103.118,2026-06-07 17:00:00
1780855200000,1630.27,1635.71,1627.6,1629.32,75161.165,2026-06-07 18:00:00
1780858800000,1629.33,1629.54,1602.0,1611.89,299470.293,2026-06-07 19:00:00
1780862400000,1611.88,1630.87,1608.11,1626.95,132469.179,2026-06-07 20:00:00
1780866000000,1626.96,1633.9,1622.6,1633.83,50837.116,2026-06-07 21:00:00
1780869600000,1633.83,1723.22,1628.06,1671.76,772092.12,2026-06-07 22:00:00
1780873200000,1671.77,1692.0,1669.86,1689.63,165294.027,2026-06-07 23:00:00
1780876800000,1689.62,1711.31,1682.3,1696.72,263601.349,2026-06-08 00:00:00
1780880400000,1696.71,1699.5,1670.31,1686.24,238291.807,2026-06-08 01:00:00
1780884000000,1686.25,1688.58,1675.91,1682.87,105215.9,2026-06-08 02:00:00
1780887600000,1682.88,1692.3,1676.01,1678.88,120624.651,2026-06-08 03:00:00
1780891200000,1678.89,1680.0,1654.72,1656.08,256801.38,2026-06-08 04:00:00
1780894800000,1656.01,1659.0,1643.54,1652.86,236419.976,2026-06-08 05:00:00
1780898400000,1652.86,1669.1,1651.69,1665.64,208307.272,2026-06-08 06:00:00
1780902000000,1665.64,1678.53,1660.61,1672.59,195654.817,2026-06-08 07:00:00
1780905600000,1672.58,1672.58,1656.18,1660.26,155543.656,2026-06-08 08:00:00
1780909200000,1660.26,1671.56,1656.24,1669.92,176343.24,2026-06-08 09:00:00
1780912800000,1669.93,1676.58,1660.58,1671.49,152703.684,2026-06-08 10:00:00
1780916400000,1671.48,1696.28,1666.56,1682.78,350245.285,2026-06-08 11:00:00
1780920000000,1682.77,1697.74,1665.0,1694.31,396991.602,2026-06-08 12:00:00
1780923600000,1694.31,1695.96,1677.39,1680.78,257450.356,2026-06-08 13:00:00
1780927200000,1680.77,1693.64,1675.8,1690.41,168728.924,2026-06-08 14:00:00
1780930800000,1690.42,1705.68,1687.5,1690.66,299722.092,2026-06-08 15:00:00
1780934400000,1690.66,1702.88,1681.45,1681.5,197719.575,2026-06-08 16:00:00
1780938000000,1681.5,1686.99,1673.99,1685.53,186045.457,2026-06-08 17:00:00
1780941600000,1685.53,1691.64,1677.6,1683.45,104533.216,2026-06-08 18:00:00
1780945200000,1683.45,1689.83,1680.2,1683.65,102031.195,2026-06-08 19:00:00
1780948800000,1683.66,1688.59,1677.04,1688.58,78031.318,2026-06-08 20:00:00
1780952400000,1688.59,1713.59,1688.59,1702.44,176039.647,2026-06-08 21:00:00
1780956000000,1702.44,1703.27,1687.21,1702.21,125299.928,2026-06-08 22:00:00
1780959600000,1702.2,1713.69,1685.28,1689.19,164434.826,2026-06-08 23:00:00
1780963200000,1689.18,1695.89,1657.6,1662.16,386728.817,2026-06-09 00:00:00
1780966800000,1662.15,1673.18,1657.64,1667.96,144289.569,2026-06-09 01:00:00
1780970400000,1667.95,1671.61,1653.6,1667.17,143467.591,2026-06-09 02:00:00
1780974000000,1667.16,1670.87,1662.9,1668.47,101625.369,2026-06-09 03:00:00
1780977600000,1668.46,1695.62,1663.27,1685.4,305701.894,2026-06-09 04:00:00
1780981200000,1685.4,1694.48,1680.5,1687.42,130079.625,2026-06-09 05:00:00
1780984800000,1687.42,1694.93,1682.66,1684.99,116883.507,2026-06-09 06:00:00
1780988400000,1684.99,1690.79,1673.22,1679.15,146552.89,2026-06-09 07:00:00
1780992000000,1679.16,1679.83,1667.34,1674.26,159503.714,2026-06-09 08:00:00
1780995600000,1674.25,1679.29,1664.0,1669.62,124651.65,2026-06-09 09:00:00
1780999200000,1669.61,1675.9,1666.01,1673.58,80571.007,2026-06-09 10:00:00
1781002800000,1673.58,1674.61,1665.01,1670.78,81183.505,2026-06-09 11:00:00
1781006400000,1670.77,1684.15,1670.14,1675.78,172402.701,2026-06-09 12:00:00
1781010000000,1675.79,1679.66,1662.56,1665.83,229066.949,2026-06-09 13:00:00
1781013600000,1665.82,1670.14,1631.88,1645.08,644414.526,2026-06-09 14:00:00
1781017200000,1645.08,1653.57,1633.9,1635.64,332230.095,2026-06-09 15:00:00
1781020800000,1635.63,1638.72,1612.68,1631.33,553066.351,2026-06-09 16:00:00
1781024400000,1631.33,1648.89,1631.33,1642.0,271127.71,2026-06-09 17:00:00
1781028000000,1642.0,1655.3,1638.96,1651.41,143183.766,2026-06-09 18:00:00
1781031600000,1651.42,1657.82,1646.72,1656.53,112190.016,2026-06-09 19:00:00
1781035200000,1656.53,1662.8,1654.47,1659.98,97751.059,2026-06-09 20:00:00
1781038800000,1659.97,1660.97,1646.35,1649.58,67550.486,2026-06-09 21:00:00
1781042400000,1649.59,1654.26,1638.05,1639.01,84953.595,2026-06-09 22:00:00
1781046000000,1639.01,1642.0,1629.0,1638.8,115981.538,2026-06-09 23:00:00
1781049600000,1638.81,1646.31,1628.3,1644.86,132318.332,2026-06-10 00:00:00
1781053200000,1644.86,1646.29,1632.46,1638.3,103135.393,2026-06-10 01:00:00
1781056800000,1638.3,1641.79,1620.5,1623.3,174973.852,2026-06-10 02:00:00
1781060400000,1623.3,1635.89,1622.61,1629.84,107096.118,2026-06-10 03:00:00
1781064000000,1629.83,1632.21,1621.2,1625.27,94906.806,2026-06-10 04:00:00
1781067600000,1625.28,1629.36,1615.23,1627.31,151931.643,2026-06-10 05:00:00
1781071200000,1627.32,1633.64,1621.75,1631.07,105030.722,2026-06-10 06:00:00
1781074800000,1631.07,1643.68,1629.87,1639.41,135624.067,2026-06-10 07:00:00
1781078400000,1639.42,1640.0,1617.19,1620.56,201634.017,2026-06-10 08:00:00
1781082000000,1620.56,1626.52,1605.0,1622.94,302761.37,2026-06-10 09:00:00
1781085600000,1622.93,1629.37,1617.12,1627.39,101167.934,2026-06-10 10:00:00
1781089200000,1627.4,1629.26,1610.41,1619.07,245657.867,2026-06-10 11:00:00
1781092800000,1619.08,1645.0,1614.7,1634.31,401068.03,2026-06-10 12:00:00
1781096400000,1634.3,1667.6,1630.64,1650.96,456367.554,2026-06-10 13:00:00
1781100000000,1650.96,1654.9,1636.33,1645.84,326232.463,2026-06-10 14:00:00
1781103600000,1645.85,1664.88,1635.17,1657.12,372039.803,2026-06-10 15:00:00
1781107200000,1657.11,1658.13,1631.34,1641.43,248652.345,2026-06-10 16:00:00
1781110800000,1641.43,1646.8,1621.68,1631.52,295889.723,2026-06-10 17:00:00
1781114400000,1631.52,1636.82,1621.65,1630.18,138078.059,2026-06-10 18:00:00
1781118000000,1630.19,1632.86,1622.19,1629.4,92679.526,2026-06-10 19:00:00
1781121600000,1629.4,1635.5,1622.47,1629.55,88577.502,2026-06-10 20:00:00
1781125200000,1629.56,1629.69,1601.29,1610.31,212686.389,2026-06-10 21:00:00
1781128800000,1610.31,1621.3,1603.28,1615.57,133424.955,2026-06-10 22:00:00
1781132400000,1615.58,1624.72,1608.14,1620.59,111111.863,2026-06-10 23:00:00
1781136000000,1620.6,1633.75,1620.6,1627.59,124721.526,2026-06-11 00:00:00
1781139600000,1627.58,1646.97,1627.49,1641.99,155872.842,2026-06-11 01:00:00
1781143200000,1642.0,1645.18,1629.52,1639.99,134828.842,2026-06-11 02:00:00
1781146800000,1639.99,1662.0,1634.88,1652.99,229265.058,2026-06-11 03:00:00
1781150400000,1652.99,1658.7,1648.7,1655.91,105999.661,2026-06-11 04:00:00
1781154000000,1655.91,1656.0,1646.35,1647.02,79822.841,2026-06-11 05:00:00
1781157600000,1647.04,1662.42,1645.12,1653.84,173496.523,2026-06-11 06:00:00
1781161200000,1653.84,1657.58,1650.6,1653.39,75178.857,2026-06-11 07:00:00
1781164800000,1653.38,1663.64,1653.38,1658.92,112979.683,2026-06-11 08:00:00
1781168400000,1658.92,1661.2,1655.32,1658.06,69636.612,2026-06-11 09:00:00
1781172000000,1658.05,1660.71,1652.89,1657.73,92910.985,2026-06-11 10:00:00
1781175600000,1657.72,1673.64,1654.7,1665.84,221997.474,2026-06-11 11:00:00
1781179200000,1665.83,1665.99,1641.67,1650.77,330281.033,2026-06-11 12:00:00
1781182800000,1650.77,1658.99,1643.16,1652.64,202915.227,2026-06-11 13:00:00
1781186400000,1652.64,1654.64,1638.0,1642.03,275765.995,2026-06-11 14:00:00
1781190000000,1642.03,1650.0,1635.22,1644.72,176725.275,2026-06-11 15:00:00
1781193600000,1644.72,1648.8,1637.2,1638.88,138874.3,2026-06-11 16:00:00
1781197200000,1638.88,1692.8,1631.29,1687.74,744128.461,2026-06-11 17:00:00
1781200800000,1687.75,1691.0,1676.08,1683.0,238478.97,2026-06-11 18:00:00
1781204400000,1683.0,1694.32,1675.15,1680.32,197888.915,2026-06-11 19:00:00
1781208000000,1680.32,1682.22,1666.41,1671.52,138846.624,2026-06-11 20:00:00
1781211600000,1671.52,1682.59,1671.36,1676.26,69477.67,2026-06-11 21:00:00
1781215200000,1676.26,1682.36,1674.12,1675.01,54908.965,2026-06-11 22:00:00
1781218800000,1675.01,1678.52,1669.2,1672.67,64028.536,2026-06-11 23:00:00
1781222400000,1672.67,1677.14,1668.84,1671.78,65290.213,2026-06-12 00:00:00
1781226000000,1671.78,1671.96,1658.5,1666.35,110850.417,2026-06-12 01:00:00
1781229600000,1666.35,1677.75,1666.02,1674.84,87376.577,2026-06-12 02:00:00
1781233200000,1674.84,1675.8,1667.56,1672.36,53063.037,2026-06-12 03:00:00
1781236800000,1672.36,1680.91,1668.12,1676.4,81859.957,2026-06-12 04:00:00
1781240400000,1676.4,1677.0,1661.03,1663.4,133092.538,2026-06-12 05:00:00
1781244000000,1663.39,1666.09,1651.02,1656.55,179435.552,2026-06-12 06:00:00
1781247600000,1656.54,1663.98,1655.24,1661.08,91698.582,2026-06-12 07:00:00
1781251200000,1661.08,1677.78,1661.04,1672.35,187016.036,2026-06-12 08:00:00
1781254800000,1672.32,1684.76,1670.23,1679.02,156324.484,2026-06-12 09:00:00
1781258400000,1679.03,1682.5,1670.6,1673.9,104844.526,2026-06-12 10:00:00
1781262000000,1673.9,1677.73,1671.1,1672.76,56052.117,2026-06-12 11:00:00
1781265600000,1672.77,1672.77,1662.07,1665.71,131863.246,2026-06-12 12:00:00
1781269200000,1665.71,1668.0,1652.52,1656.65,247241.271,2026-06-12 13:00:00
1781272800000,1656.66,1685.31,1655.14,1684.79,357591.725,2026-06-12 14:00:00
1781276400000,1684.79,1690.63,1657.47,1659.39,470768.778,2026-06-12 15:00:00
1781280000000,1659.39,1675.37,1656.47,1672.19,226954.484,2026-06-12 16:00:00
1781283600000,1672.19,1677.45,1666.54,1668.17,96562.258,2026-06-12 17:00:00
1781287200000,1668.17,1672.88,1662.64,1666.02,105178.492,2026-06-12 18:00:00
1781290800000,1666.02,1671.66,1663.87,1665.12,78008.232,2026-06-12 19:00:00
1781294400000,1665.13,1667.21,1661.12,1664.13,46232.468,2026-06-12 20:00:00
1781298000000,1664.14,1667.19,1662.28,1663.27,30396.676,2026-06-12 21:00:00
1781301600000,1663.26,1666.6,1660.53,1661.65,36232.746,2026-06-12 22:00:00
1781305200000,1661.65,1665.83,1657.77,1665.58,40643.185,2026-06-12 23:00:00
1781308800000,1665.58,1668.42,1664.35,1666.58,48223.686,2026-06-13 00:00:00
1781312400000,1666.59,1675.8,1665.78,1673.19,72352.098,2026-06-13 01:00:00
1781316000000,1673.2,1673.68,1664.17,1667.23,60133.358,2026-06-13 02:00:00
1781319600000,1667.22,1668.88,1662.04,1664.36,43336.217,2026-06-13 03:00:00
1781323200000,1664.35,1667.5,1662.6,1663.65,44814.848,2026-06-13 04:00:00
1781326800000,1663.65,1664.95,1661.3,1664.49,31817.959,2026-06-13 05:00:00
1781330400000,1664.49,1669.39,1663.0,1668.86,33256.605,2026-06-13 06:00:00
1781334000000,1668.86,1676.96,1667.44,1675.34,108509.651,2026-06-13 07:00:00
1781337600000,1675.34,1679.5,1672.26,1673.46,114557.882,2026-06-13 08:00:00
1781341200000,1673.45,1675.45,1671.6,1672.69,35150.489,2026-06-13 09:00:00
1781344800000,1672.7,1675.72,1671.9,1673.2,32953.693,2026-06-13 10:00:00
1781348400000,1673.23,1677.76,1672.36,1677.39,50399.021,2026-06-13 11:00:00
1781352000000,1677.38,1683.0,1676.0,1679.69,72410.405,2026-06-13 12:00:00
1781355600000,1679.7,1680.64,1675.66,1677.13,65243.246,2026-06-13 13:00:00
1781359200000,1677.13,1680.77,1676.57,1679.05,38658.772,2026-06-13 14:00:00
1781362800000,1679.06,1686.74,1677.57,1681.32,111192.459,2026-06-13 15:00:00
1781366400000,1681.32,1682.08,1670.39,1676.03,167343.365,2026-06-13 16:00:00
1781370000000,1676.03,1677.79,1672.36,1673.51,47173.951,2026-06-13 17:00:00
1781373600000,1673.5,1681.85,1673.3,1677.61,51174.21,2026-06-13 18:00:00
1781377200000,1677.6,1679.52,1674.83,1677.44,22895.35,2026-06-13 19:00:00
1781380800000,1677.45,1677.56,1674.18,1675.77,22907.353,2026-06-13 20:00:00
1781384400000,1675.77,1697.4,1673.83,1685.69,112056.878,2026-06-13 21:00:00
1781388000000,1685.68,1685.94,1680.46,1680.61,39718.889,2026-06-13 22:00:00
1781391600000,1680.61,1683.63,1677.0,1680.35,38033.786,2026-06-13 23:00:00
1781395200000,1680.36,1682.75,1677.88,1681.36,34717.651,2026-06-14 00:00:00
1781398800000,1681.35,1690.81,1679.35,1683.02,63595.512,2026-06-14 01:00:00
1781402400000,1683.03,1685.0,1680.59,1681.51,37525.834,2026-06-14 02:00:00
1781406000000,1681.51,1682.48,1679.0,1680.86,38827.184,2026-06-14 03:00:00
1781409600000,1680.85,1681.86,1675.01,1677.11,53614.132,2026-06-14 04:00:00
1781413200000,1677.11,1678.35,1672.62,1677.32,53351.714,2026-06-14 05:00:00
1781416800000,1677.33,1681.56,1674.56,1675.68,73552.445,2026-06-14 06:00:00
1781420400000,1675.68,1677.0,1673.0,1675.11,47066.576,2026-06-14 07:00:00
1781424000000,1675.11,1677.98,1673.68,1674.8,38771.079,2026-06-14 08:00:00
1781427600000,1674.8,1678.27,1667.45,1677.44,148717.599,2026-06-14 09:00:00
1781431200000,1677.44,1677.86,1672.32,1672.38,38285.261,2026-06-14 10:00:00
1781434800000,1672.37,1676.52,1671.61,1672.93,31441.849,2026-06-14 11:00:00
1781438400000,1672.94,1673.86,1664.14,1666.23,112834.396,2026-06-14 12:00:00
1781442000000,1666.22,1668.99,1663.12,1665.82,73965.249,2026-06-14 13:00:00
1781445600000,1665.82,1669.45,1653.61,1658.8,200943.249,2026-06-14 14:00:00
1781449200000,1658.79,1664.0,1658.68,1662.09,83748.051,2026-06-14 15:00:00
1781452800000,1662.09,1667.73,1658.56,1660.64,85368.472,2026-06-14 16:00:00
1781456400000,1660.63,1666.0,1660.01,1661.53,68208.026,2026-06-14 17:00:00
1781460000000,1661.54,1662.88,1658.06,1661.27,38147.715,2026-06-14 18:00:00
1781463600000,1661.26,1667.43,1660.28,1664.71,30811.044,2026-06-14 19:00:00
1781467200000,1664.71,1673.42,1661.78,1669.45,63972.155,2026-06-14 20:00:00
1781470800000,1669.44,1731.8,1668.89,1717.88,579254.655,2026-06-14 21:00:00
1781474400000,1717.89,1728.35,1710.75,1721.66,230818.411,2026-06-14 22:00:00
1781478000000,1721.66,1725.4,1715.54,1724.6,131059.898,2026-06-14 23:00:00
1781481600000,1724.6,1733.0,1718.81,1720.05,146276.79,2026-06-15 00:00:00
1781485200000,1720.05,1721.68,1708.54,1715.08,161504.996,2026-06-15 01:00:00
1781488800000,1715.08,1726.22,1713.35,1716.0,83420.713,2026-06-15 02:00:00
1781492400000,1716.0,1723.55,1714.74,1720.03,73865.01,2026-06-15 03:00:00
1781496000000,1720.04,1723.34,1715.15,1716.37,91791.217,2026-06-15 04:00:00
1781499600000,1716.37,1722.0,1715.25,1719.79,62656.997,2026-06-15 05:00:00
1781503200000,1719.8,1722.78,1717.49,1719.05,62909.035,2026-06-15 06:00:00
1781506800000,1719.06,1723.0,1715.56,1715.57,91913.262,2026-06-15 07:00:00
1781510400000,1715.58,1721.22,1714.8,1719.49,54294.847,2026-06-15 08:00:00
1781514000000,1719.49,1726.59,1711.34,1717.79,147894.279,2026-06-15 09:00:00
1781517600000,1717.8,1749.75,1717.28,1736.49,346621.881,2026-06-15 10:00:00
1781521200000,1736.5,1771.13,1733.18,1763.63,558332.054,2026-06-15 11:00:00
1781524800000,1763.63,1776.88,1759.27,1776.39,309601.029,2026-06-15 12:00:00
1781528400000,1776.4,1826.82,1773.33,1813.16,991022.612,2026-06-15 13:00:00
1781532000000,1813.17,1817.68,1803.44,1813.69,269353.309,2026-06-15 14:00:00
1781535600000,1813.69,1848.65,1812.25,1844.62,526394.897,2026-06-15 15:00:00
1781539200000,1844.61,1846.49,1836.56,1841.84,259687.968,2026-06-15 16:00:00
1781542800000,1841.84,1841.85,1822.59,1828.3,319503.965,2026-06-15 17:00:00
1781546400000,1828.29,1834.96,1824.75,1827.2,120870.234,2026-06-15 18:00:00
1781550000000,1827.21,1833.63,1810.3,1820.85,287671.018,2026-06-15 19:00:00
1781553600000,1820.83,1826.12,1814.3,1816.25,98496.744,2026-06-15 20:00:00
1781557200000,1816.25,1822.1,1808.58,1810.6,88370.325,2026-06-15 21:00:00
1781560800000,1810.6,1812.69,1786.0,1788.62,272108.119,2026-06-15 22:00:00
1781564400000,1788.62,1797.0,1781.59,1795.01,158296.063,2026-06-15 23:00:00
1781568000000,1795.01,1802.73,1787.29,1788.59,154478.487,2026-06-16 00:00:00
1781571600000,1788.59,1796.58,1788.13,1791.25,95604.286,2026-06-16 01:00:00
1781575200000,1791.25,1793.23,1766.15,1769.33,318220.342,2026-06-16 02:00:00
1781578800000,1769.32,1779.83,1763.65,1778.16,194930.216,2026-06-16 03:00:00
1781582400000,1778.16,1782.81,1757.2,1759.81,256370.256,2026-06-16 04:00:00
1781586000000,1759.8,1765.4,1759.5,1761.3,110918.078,2026-06-16 05:00:00
1781589600000,1761.29,1773.5,1761.29,1770.47,153222.776,2026-06-16 06:00:00
1781593200000,1770.48,1775.77,1768.0,1773.18,102441.061,2026-06-16 07:00:00
1781596800000,1773.18,1807.46,1772.09,1802.23,403313.537,2026-06-16 08:00:00
1781600400000,1802.23,1805.0,1786.14,1788.7,256291.204,2026-06-16 09:00:00
1781604000000,1788.71,1799.94,1787.67,1793.16,147580.743,2026-06-16 10:00:00
1781607600000,1793.17,1799.69,1790.21,1798.88,99441.122,2026-06-16 11:00:00
1781611200000,1798.88,1838.88,1795.75,1813.92,623194.28,2026-06-16 12:00:00
1781614800000,1813.93,1816.43,1790.17,1797.09,364334.991,2026-06-16 13:00:00
1781618400000,1797.1,1804.93,1762.53,1779.66,570808.955,2026-06-16 14:00:00
1781622000000,1779.66,1787.67,1773.76,1781.5,244433.65,2026-06-16 15:00:00
1781625600000,1781.5,1784.86,1772.01,1776.99,126418.318,2026-06-16 16:00:00
1781629200000,1777.0,1798.95,1776.5,1794.34,173367.65,2026-06-16 17:00:00
1781632800000,1794.35,1808.0,1791.64,1798.58,211499.681,2026-06-16 18:00:00
1781636400000,1798.57,1800.71,1789.01,1794.46,120694.86,2026-06-16 19:00:00
1781640000000,1794.46,1797.98,1788.12,1796.98,70450.6,2026-06-16 20:00:00
1781643600000,1796.97,1799.81,1789.3,1795.5,61585.452,2026-06-16 21:00:00
1781647200000,1795.49,1798.88,1790.22,1795.49,56547.606,2026-06-16 22:00:00
1781650800000,1795.49,1798.29,1790.28,1792.41,43509.795,2026-06-16 23:00:00
1781654400000,1792.41,1798.29,1791.21,1793.38,68271.156,2026-06-17 00:00:00
1781658000000,1793.38,1798.0,1778.03,1796.87,219000.805,2026-06-17 01:00:00
1781661600000,1796.88,1809.78,1787.5,1794.87,215078.059,2026-06-17 02:00:00
1781665200000,1794.87,1796.44,1786.3,1792.8,81467.456,2026-06-17 03:00:00
1781668800000,1792.8,1802.86,1791.33,1793.49,82433.466,2026-06-17 04:00:00
1781672400000,1793.5,1798.55,1788.07,1793.15,67128.818,2026-06-17 05:00:00
1781676000000,1793.16,1796.27,1785.36,1789.67,93892.446,2026-06-17 06:00:00
1781679600000,1789.66,1791.77,1778.1,1784.23,138336.838,2026-06-17 07:00:00
1781683200000,1784.23,1785.57,1759.08,1764.73,314018.404,2026-06-17 08:00:00
1781686800000,1764.74,1777.5,1764.21,1772.21,158430.976,2026-06-17 09:00:00
1781690400000,1772.21,1775.2,1765.09,1767.52,86251.606,2026-06-17 10:00:00
1781694000000,1767.52,1770.0,1758.32,1763.33,175317.357,2026-06-17 11:00:00
1781697600000,1763.34,1765.33,1742.02,1758.45,402481.167,2026-06-17 12:00:00
1781701200000,1758.45,1771.35,1753.7,1760.01,302421.206,2026-06-17 13:00:00
1781704800000,1760.0,1764.81,1739.5,1754.02,360674.913,2026-06-17 14:00:00
1781708400000,1754.02,1777.11,1750.0,1772.25,290844.429,2026-06-17 15:00:00
1781712000000,1772.24,1791.17,1768.19,1771.05,335595.456,2026-06-17 16:00:00
1781715600000,1771.05,1795.52,1766.33,1788.32,195175.515,2026-06-17 17:00:00
1781719200000,1788.31,1788.65,1745.03,1769.42,757988.378,2026-06-17 18:00:00
1781722800000,1769.41,1775.03,1728.0,1734.05,557353.893,2026-06-17 19:00:00
1781726400000,1734.06,1747.2,1732.31,1746.49,154518.455,2026-06-17 20:00:00
1781730000000,1746.49,1747.2,1735.47,1738.1,61851.711,2026-06-17 21:00:00
1781733600000,1738.1,1745.83,1724.83,1739.5,140125.935,2026-06-17 22:00:00
1781737200000,1739.51,1752.0,1739.14,1749.66,71836.413,2026-06-17 23:00:00
1781740800000,1749.67,1758.98,1749.23,1752.22,102379.392,2026-06-18 00:00:00
1781744400000,1752.22,1762.41,1751.95,1754.27,101427.336,2026-06-18 01:00:00
1781748000000,1754.27,1758.42,1749.4,1755.0,91770.481,2026-06-18 02:00:00
1781751600000,1755.0,1755.42,1740.31,1743.38,120125.589,2026-06-18 03:00:00
1781755200000,1743.38,1745.09,1728.69,1729.66,213277.773,2026-06-18 04:00:00
1781758800000,1729.67,1732.6,1721.21,1730.23,196305.497,2026-06-18 05:00:00
1781762400000,1730.23,1735.99,1724.69,1734.77,126894.015,2026-06-18 06:00:00
1781766000000,1734.78,1752.5,1732.03,1748.69,201920.13,2026-06-18 07:00:00
1781769600000,1748.69,1753.67,1745.12,1747.11,146904.713,2026-06-18 08:00:00
1781773200000,1747.11,1751.24,1741.46,1745.25,120850.84,2026-06-18 09:00:00
1781776800000,1745.26,1752.35,1738.48,1746.27,152094.266,2026-06-18 10:00:00
1781780400000,1746.26,1748.74,1738.1,1742.31,111613.885,2026-06-18 11:00:00
1781784000000,1742.31,1752.39,1740.7,1749.24,103988.826,2026-06-18 12:00:00
1781787600000,1749.24,1751.49,1727.7,1735.97,273201.231,2026-06-18 13:00:00
1781791200000,1735.97,1744.99,1728.68,1738.77,233497.711,2026-06-18 14:00:00
1781794800000,1738.77,1739.4,1677.01,1681.39,947335.091,2026-06-18 15:00:00
1781798400000,1681.39,1692.52,1679.43,1686.08,314849.544,2026-06-18 16:00:00
1781802000000,1686.08,1686.81,1670.38,1678.56,283025.157,2026-06-18 17:00:00
1781805600000,1678.55,1688.51,1675.42,1684.4,139056.945,2026-06-18 18:00:00
1781809200000,1684.41,1707.0,1681.76,1704.67,196090.391,2026-06-18 19:00:00
1781812800000,1704.67,1717.0,1704.67,1709.75,181346.849,2026-06-18 20:00:00
1781816400000,1709.76,1711.15,1700.71,1707.47,84748.692,2026-06-18 21:00:00
1781820000000,1707.46,1707.92,1698.0,1705.91,60799.317,2026-06-18 22:00:00
1781823600000,1705.9,1711.7,1702.0,1710.14,69729.418,2026-06-18 23:00:00
1781827200000,1710.15,1715.36,1707.72,1712.88,78751.801,2026-06-19 00:00:00
1781830800000,1712.88,1718.61,1705.04,1712.6,89763.776,2026-06-19 01:00:00
1781834400000,1712.6,1714.46,1700.04,1706.11,100032.477,2026-06-19 02:00:00
1781838000000,1706.11,1707.3,1681.1,1696.57,301135.399,2026-06-19 03:00:00
1781841600000,1696.56,1702.28,1685.0,1688.72,145134.794,2026-06-19 04:00:00
1781845200000,1688.73,1696.86,1688.5,1696.5,80495.483,2026-06-19 05:00:00
1781848800000,1696.5,1702.99,1695.13,1699.37,92570.855,2026-06-19 06:00:00
1781852400000,1699.36,1700.25,1689.11,1695.0,119587.756,2026-06-19 07:00:00
1781856000000,1695.0,1698.5,1692.56,1697.27,60779.945,2026-06-19 08:00:00
1781859600000,1697.28,1699.25,1687.66,1688.47,100436.359,2026-06-19 09:00:00
1781863200000,1688.48,1693.88,1685.77,1691.74,89066.563,2026-06-19 10:00:00
1781866800000,1691.73,1693.68,1688.0,1691.03,55975.376,2026-06-19 11:00:00
1781870400000,1691.04,1695.45,1678.24,1694.6,229075.472,2026-06-19 12:00:00
1781874000000,1694.61,1710.99,1686.79,1702.49,301569.238,2026-06-19 13:00:00
1781877600000,1702.49,1709.14,1695.5,1705.96,159869.425,2026-06-19 14:00:00
1781881200000,1705.96,1711.81,1697.14,1706.7,150381.814,2026-06-19 15:00:00
1781884800000,1706.68,1711.0,1693.84,1695.84,129103.961,2026-06-19 16:00:00
1781888400000,1695.84,1705.97,1692.57,1703.74,129409.166,2026-06-19 17:00:00
1781892000000,1703.74,1704.6,1697.38,1701.88,43335.182,2026-06-19 18:00:00
1781895600000,1701.88,1703.75,1697.2,1700.33,31856.756,2026-06-19 19:00:00
1781899200000,1700.33,1708.72,1697.73,1707.99,45707.462,2026-06-19 20:00:00
1781902800000,1707.99,1708.0,1700.39,1700.99,33714.424,2026-06-19 21:00:00
1781906400000,1700.99,1710.2,1699.2,1706.77,47037.06,2026-06-19 22:00:00
1781910000000,1706.78,1714.88,1704.01,1710.09,54829.05,2026-06-19 23:00:00
1781913600000,1710.09,1718.0,1707.44,1707.84,101453.011,2026-06-20 00:00:00
1781917200000,1707.84,1712.67,1705.41,1708.94,53973.377,2026-06-20 01:00:00
1781920800000,1708.94,1709.67,1703.0,1703.86,51186.523,2026-06-20 02:00:00
1781924400000,1703.86,1708.5,1703.6,1707.43,22883.216,2026-06-20 03:00:00
1781928000000,1707.44,1715.0,1705.72,1712.69,76788.106,2026-06-20 04:00:00
1781931600000,1712.69,1734.46,1711.43,1725.24,278299.333,2026-06-20 05:00:00
1781935200000,1725.25,1728.97,1723.0,1726.66,68900.343,2026-06-20 06:00:00
1781938800000,1726.66,1728.79,1722.01,1724.94,61277.921,2026-06-20 07:00:00
1781942400000,1724.93,1726.05,1720.33,1722.12,69309.101,2026-06-20 08:00:00
1781946000000,1722.12,1729.53,1722.12,1727.58,68418.871,2026-06-20 09:00:00
1781949600000,1727.59,1728.75,1724.56,1726.79,38794.213,2026-06-20 10:00:00
1781953200000,1726.8,1731.61,1724.77,1726.21,51950.432,2026-06-20 11:00:00
1781956800000,1726.2,1729.5,1722.59,1726.08,61515.961,2026-06-20 12:00:00
1781960400000,1726.08,1726.46,1711.67,1716.44,182257.749,2026-06-20 13:00:00
1781964000000,1716.44,1746.77,1707.01,1732.89,388779.489,2026-06-20 14:00:00
1781967600000,1732.89,1749.99,1728.72,1739.99,284447.709,2026-06-20 15:00:00
1781971200000,1739.99,1740.32,1730.08,1733.18,96008.979,2026-06-20 16:00:00
1781974800000,1733.18,1733.25,1720.17,1725.94,113062.471,2026-06-20 17:00:00
1781978400000,1725.94,1731.29,1725.06,1725.76,48867.424,2026-06-20 18:00:00
1781982000000,1725.76,1729.26,1724.06,1728.29,53530.504,2026-06-20 19:00:00
1781985600000,1728.29,1730.46,1725.5,1729.95,24376.762,2026-06-20 20:00:00
1781989200000,1729.95,1738.25,1729.36,1734.67,61282.988,2026-06-20 21:00:00
1781992800000,1734.67,1745.64,1732.23,1742.42,109940.105,2026-06-20 22:00:00
1781996400000,1742.43,1742.97,1739.5,1739.91,52588.507,2026-06-20 23:00:00
1782000000000,1739.9,1740.06,1735.03,1736.87,48890.265,2026-06-21 00:00:00
1782003600000,1736.88,1739.27,1733.29,1735.95,41223.603,2026-06-21 01:00:00
1782007200000,1735.95,1737.35,1734.61,1735.18,26819.554,2026-06-21 02:00:00
1782010800000,1735.18,1741.42,1731.68,1737.02,64728.308,2026-06-21 03:00:00
1782014400000,1737.01,1740.97,1730.43,1732.2,69789.594,2026-06-21 04:00:00
1782018000000,1732.21,1736.8,1727.31,1732.61,77452.022,2026-06-21 05:00:00
1782021600000,1732.61,1737.99,1731.54,1735.33,37279.606,2026-06-21 06:00:00
1782025200000,1735.34,1735.49,1731.05,1731.54,37894.836,2026-06-21 07:00:00
1782028800000,1731.54,1732.52,1722.51,1728.46,110917.026,2026-06-21 08:00:00
1782032400000,1728.46,1733.77,1725.03,1732.02,72700.209,2026-06-21 09:00:00
1782036000000,1732.02,1736.16,1729.87,1730.57,64016.272,2026-06-21 10:00:00
1782039600000,1730.57,1734.15,1717.3,1724.48,145542.719,2026-06-21 11:00:00
1782043200000,1724.48,1726.37,1715.18,1725.08,146323.621,2026-06-21 12:00:00
1782046800000,1725.07,1727.81,1721.16,1724.08,76834.276,2026-06-21 13:00:00
1782050400000,1724.08,1727.82,1720.59,1727.77,53419.113,2026-06-21 14:00:00
1782054000000,1727.77,1732.06,1726.14,1729.7,83675.402,2026-06-21 15:00:00
1782057600000,1729.69,1729.69,1721.05,1727.0,75628.611,2026-06-21 16:00:00
1782061200000,1726.99,1730.62,1725.03,1726.38,44913.347,2026-06-21 17:00:00
1782064800000,1726.37,1737.27,1720.66,1734.36,104518.913,2026-06-21 18:00:00
1782068400000,1734.35,1738.73,1732.44,1733.29,41805.323,2026-06-21 19:00:00
1782072000000,1733.3,1734.45,1716.01,1720.43,103791.807,2026-06-21 20:00:00
1782075600000,1720.43,1723.46,1700.02,1717.48,221266.49,2026-06-21 21:00:00
1782079200000,1717.47,1720.63,1707.41,1716.75,110163.654,2026-06-21 22:00:00
1782082800000,1716.75,1716.86,1703.18,1706.12,114027.05,2026-06-21 23:00:00
1782086400000,1706.13,1731.56,1705.97,1726.16,197074.706,2026-06-22 00:00:00
1782090000000,1726.17,1759.11,1723.63,1743.05,483607.098,2026-06-22 01:00:00
1782093600000,1743.06,1744.65,1736.4,1736.4,116471.777,2026-06-22 02:00:00
1782097200000,1736.4,1740.4,1725.6,1729.51,195640.111,2026-06-22 03:00:00
1782100800000,1729.5,1735.38,1727.0,1734.59,84864.452,2026-06-22 04:00:00
1782104400000,1734.58,1739.0,1733.4,1736.21,66734.626,2026-06-22 05:00:00
1782108000000,1736.21,1739.5,1732.35,1734.17,90022.322,2026-06-22 06:00:00
1782111600000,1734.17,1750.7,1733.7,1745.57,197622.458,2026-06-22 07:00:00
1782115200000,1745.58,1751.58,1742.64,1746.82,120645.707,2026-06-22 08:00:00
1782118800000,1746.82,1749.78,1742.47,1745.31,72147.576,2026-06-22 09:00:00
1782122400000,1745.32,1750.69,1744.17,1747.99,84078.876,2026-06-22 10:00:00
1782126000000,1747.99,1774.2,1746.5,1766.64,375374.981,2026-06-22 11:00:00
1782129600000,1766.65,1771.74,1760.05,1763.16,178056.648,2026-06-22 12:00:00
1782133200000,1763.16,1779.41,1761.0,1776.69,275122.712,2026-06-22 13:00:00
1782136800000,1776.69,1777.21,1748.41,1753.83,357652.185,2026-06-22 14:00:00
1782140400000,1753.83,1757.21,1741.24,1744.15,210778.578,2026-06-22 15:00:00
1782144000000,1744.15,1745.69,1732.4,1739.53,261641.493,2026-06-22 16:00:00
1782147600000,1739.54,1742.79,1730.6,1740.39,141106.198,2026-06-22 17:00:00
1782151200000,1740.4,1747.17,1728.31,1732.72,193336.008,2026-06-22 18:00:00
1782154800000,1732.69,1736.34,1728.37,1733.93,121316.526,2026-06-22 19:00:00
1782158400000,1733.93,1739.9,1730.35,1734.0,66509.117,2026-06-22 20:00:00
1782162000000,1733.99,1736.95,1726.0,1732.2,59742.364,2026-06-22 21:00:00
1782165600000,1732.2,1735.15,1715.58,1723.5,170499.03,2026-06-22 22:00:00
1782169200000,1723.49,1729.69,1720.38,1727.4,90767.981,2026-06-22 23:00:00
1782172800000,1727.39,1731.0,1718.85,1730.35,104900.531,2026-06-23 00:00:00
1782176400000,1730.36,1735.7,1720.2,1729.66,137784.206,2026-06-23 01:00:00
1782180000000,1729.66,1734.25,1725.21,1731.88,64074.199,2026-06-23 02:00:00
1782183600000,1731.87,1732.28,1724.64,1729.17,57465.583,2026-06-23 03:00:00
1782187200000,1729.17,1730.7,1717.12,1718.36,101263.212,2026-06-23 04:00:00
1782190800000,1718.36,1720.92,1708.59,1712.76,202132.73,2026-06-23 05:00:00
1782194400000,1712.75,1713.01,1679.49,1691.31,572620.523,2026-06-23 06:00:00
1782198000000,1691.31,1695.41,1680.85,1681.96,168222.348,2026-06-23 07:00:00
1782201600000,1681.96,1683.95,1633.34,1647.18,931578.153,2026-06-23 08:00:00
1782205200000,1647.18,1653.33,1646.76,1649.81,135897.838,2026-06-23 09:00:00
1782208800000,1649.8,1657.87,1648.01,1651.51,133848.715,2026-06-23 10:00:00
1782212400000,1651.51,1662.97,1651.51,1659.99,161714.934,2026-06-23 11:00:00
1782216000000,1659.99,1661.63,1652.15,1653.76,109595.912,2026-06-23 12:00:00
1782219600000,1653.75,1663.37,1644.01,1661.99,379952.669,2026-06-23 13:00:00
1782223200000,1661.93,1671.23,1657.02,1661.2,314514.678,2026-06-23 14:00:00
1782226800000,1661.21,1662.6,1650.26,1659.07,179910.768,2026-06-23 15:00:00
1782230400000,1659.07,1673.77,1656.88,1658.5,239309.985,2026-06-23 16:00:00
1782234000000,1658.5,1664.26,1653.6,1655.99,95078.25,2026-06-23 17:00:00
1782237600000,1656.0,1659.92,1648.5,1654.57,117907.044,2026-06-23 18:00:00
1782241200000,1654.56,1663.4,1654.48,1661.91,92536.377,2026-06-23 19:00:00
1782244800000,1661.91,1666.86,1660.53,1663.27,67307.324,2026-06-23 20:00:00
1782248400000,1663.27,1667.56,1662.8,1665.99,40670.915,2026-06-23 21:00:00
1782252000000,1665.99,1672.0,1662.03,1663.88,62168.727,2026-06-23 22:00:00
1782255600000,1663.88,1668.62,1659.31,1666.38,66489.253,2026-06-23 23:00:00
1782259200000,1666.37,1674.22,1665.94,1670.68,99270.418,2026-06-24 00:00:00
1782262800000,1670.68,1679.77,1665.07,1672.07,151002.825,2026-06-24 01:00:00
1782266400000,1672.07,1672.93,1662.58,1662.96,107099.224,2026-06-24 02:00:00
1782270000000,1662.99,1669.35,1656.81,1665.93,114179.163,2026-06-24 03:00:00
1782273600000,1665.94,1670.4,1657.3,1668.03,103817.586,2026-06-24 04:00:00
1782277200000,1668.04,1678.88,1666.99,1673.71,125063.23,2026-06-24 05:00:00
1782280800000,1673.71,1676.18,1669.34,1673.99,59160.224,2026-06-24 06:00:00
1782284400000,1673.99,1677.91,1670.01,1672.39,83190.435,2026-06-24 07:00:00
1782288000000,1672.39,1674.62,1668.3,1672.48,59750.776,2026-06-24 08:00:00
1782291600000,1672.48,1672.49,1664.22,1666.33,78553.679,2026-06-24 09:00:00
1782295200000,1666.32,1667.22,1661.69,1662.85,88871.7,2026-06-24 10:00:00
1782298800000,1662.85,1693.0,1654.52,1678.52,386111.596,2026-06-24 11:00:00
1782302400000,1678.51,1680.6,1669.6,1670.67,152497.139,2026-06-24 12:00:00
1782306000000,1670.66,1671.49,1640.1,1644.64,664143.628,2026-06-24 13:00:00
1782309600000,1644.64,1656.46,1637.19,1646.74,380046.579,2026-06-24 14:00:00
1782313200000,1646.77,1651.0,1615.74,1617.46,537181.206,2026-06-24 15:00:00
1782316800000,1617.45,1635.45,1583.8,1589.17,878569.013,2026-06-24 16:00:00
1782320400000,1589.17,1597.0,1551.23,1559.49,876144.005,2026-06-24 17:00:00
1782324000000,1559.5,1584.0,1555.44,1571.53,410839.979,2026-06-24 18:00:00
1782327600000,1571.54,1584.74,1566.1,1583.72,193454.765,2026-06-24 19:00:00
1782331200000,1583.72,1621.69,1579.01,1613.1,425536.3,2026-06-24 20:00:00
1782334800000,1613.1,1621.02,1605.12,1620.36,110416.621,2026-06-24 21:00:00
1782338400000,1620.37,1629.67,1612.71,1614.63,113551.768,2026-06-24 22:00:00
1782342000000,1614.64,1623.5,1612.81,1621.55,72927.314,2026-06-24 23:00:00
1782345600000,1621.56,1625.84,1615.44,1618.35,107029.215,2026-06-25 00:00:00
1782349200000,1618.35,1623.36,1613.49,1619.94,87193.424,2026-06-25 01:00:00
1782352800000,1619.95,1620.77,1614.0,1620.2,62729.504,2026-06-25 02:00:00
1782356400000,1620.21,1623.47,1615.22,1618.95,64277.252,2026-06-25 03:00:00
1782360000000,1618.96,1635.95,1616.39,1634.06,186670.233,2026-06-25 04:00:00
1782363600000,1634.05,1651.94,1632.64,1644.79,405112.506,2026-06-25 05:00:00
1782367200000,1644.79,1660.63,1643.32,1653.0,189393.801,2026-06-25 06:00:00
1782370800000,1653.0,1658.88,1650.02,1656.35,124480.497,2026-06-25 07:00:00
1782374400000,1656.35,1658.18,1650.05,1651.86,90083.89,2026-06-25 08:00:00
1782378000000,1651.87,1654.44,1646.0,1647.89,109482.192,2026-06-25 09:00:00
1782381600000,1647.88,1648.87,1632.11,1635.84,196596.216,2026-06-25 10:00:00
1782385200000,1635.83,1638.38,1626.86,1632.42,241613.438,2026-06-25 11:00:00
1782388800000,1632.42,1650.72,1623.0,1634.8,343076.612,2026-06-25 12:00:00
1782392400000,1634.8,1639.81,1530.01,1537.21,1283704.938,2026-06-25 13:00:00
1782396000000,1537.21,1592.59,1536.95,1567.47,1195613.743,2026-06-25 14:00:00
1782399600000,1567.48,1572.99,1543.29,1569.33,528729.034,2026-06-25 15:00:00
1782403200000,1569.32,1587.03,1557.14,1561.18,415666.12,2026-06-25 16:00:00
1782406800000,1561.18,1574.64,1556.2,1574.05,230686.696,2026-06-25 17:00:00
1782410400000,1574.04,1576.94,1559.41,1566.98,188581.213,2026-06-25 18:00:00
1782414000000,1566.98,1567.16,1553.6,1558.89,129885.96,2026-06-25 19:00:00
1782417600000,1558.88,1570.18,1556.0,1559.61,116978.053,2026-06-25 20:00:00
1782421200000,1559.61,1582.5,1559.44,1579.93,98665.083,2026-06-25 21:00:00
1782424800000,1579.92,1582.8,1565.51,1569.3,120164.416,2026-06-25 22:00:00
1782428400000,1569.3,1578.96,1563.4,1567.09,122866.085,2026-06-25 23:00:00
1782432000000,1567.09,1570.98,1562.55,1563.73,74557.468,2026-06-26 00:00:00
1782435600000,1563.73,1567.73,1554.16,1559.18,129551.647,2026-06-26 01:00:00
1782439200000,1559.18,1560.1,1518.23,1523.71,650313.862,2026-06-26 02:00:00
1782442800000,1523.71,1563.33,1511.0,1557.1,593273.066,2026-06-26 03:00:00
1782446400000,1557.1,1559.88,1546.5,1549.03,187477.664,2026-06-26 04:00:00
1782450000000,1549.03,1558.69,1547.68,1554.86,128410.332,2026-06-26 05:00:00
1782453600000,1554.86,1573.6,1542.33,1570.23,380082.325,2026-06-26 06:00:00
1782457200000,1570.23,1585.74,1570.0,1579.79,275872.33,2026-06-26 07:00:00
1782460800000,1579.79,1581.23,1562.34,1565.75,224093.028,2026-06-26 08:00:00
1782464400000,1565.75,1566.4,1548.22,1552.0,244120.707,2026-06-26 09:00:00
1782468000000,1552.01,1555.62,1543.52,1547.53,193462.664,2026-06-26 10:00:00
1782471600000,1547.53,1554.64,1540.1,1544.42,196774.207,2026-06-26 11:00:00
1782475200000,1544.41,1560.26,1526.02,1535.5,532905.442,2026-06-26 12:00:00
1782478800000,1535.51,1570.89,1520.31,1568.56,667596.343,2026-06-26 13:00:00
1782482400000,1568.56,1574.66,1552.68,1559.2,487633.348,2026-06-26 14:00:00
1782486000000,1559.2,1587.98,1558.6,1579.27,469352.699,2026-06-26 15:00:00
1782489600000,1579.26,1594.95,1571.12,1576.94,323298.813,2026-06-26 16:00:00
1782493200000,1576.93,1588.59,1575.51,1581.1,145911.002,2026-06-26 17:00:00
1782496800000,1581.11,1584.79,1568.89,1572.45,109032.597,2026-06-26 18:00:00
1782500400000,1572.47,1583.5,1569.6,1573.92,142814.067,2026-06-26 19:00:00
1782504000000,1573.92,1582.72,1566.74,1570.06,126112.921,2026-06-26 20:00:00
1782507600000,1570.06,1578.96,1567.62,1574.29,48581.014,2026-06-26 21:00:00
1782511200000,1574.29,1578.62,1568.5,1577.0,51365.217,2026-06-26 22:00:00
1782514800000,1577.01,1580.33,1573.4,1577.89,50342.869,2026-06-26 23:00:00
1782518400000,1577.89,1581.51,1570.53,1576.05,77830.652,2026-06-27 00:00:00
1782522000000,1576.05,1576.96,1573.08,1575.05,28155.957,2026-06-27 01:00:00
1782525600000,1575.04,1586.44,1573.68,1582.22,126593.862,2026-06-27 02:00:00
1782529200000,1582.22,1584.2,1577.46,1579.7,83572.638,2026-06-27 03:00:00
1782532800000,1579.7,1584.8,1578.16,1578.89,55550.191,2026-06-27 04:00:00
1782536400000,1578.9,1580.64,1576.1,1577.82,51347.04,2026-06-27 05:00:00
1782540000000,1577.82,1583.96,1574.44,1581.96,75791.905,2026-06-27 06:00:00
1782543600000,1581.96,1585.47,1579.69,1584.71,64840.153,2026-06-27 07:00:00
1782547200000,1584.7,1585.0,1580.89,1583.32,49565.933,2026-06-27 08:00:00
1782550800000,1583.32,1584.27,1578.17,1581.98,46003.895,2026-06-27 09:00:00
1782554400000,1581.98,1584.1,1581.14,1583.4,31838.783,2026-06-27 10:00:00
1782558000000,1583.4,1584.4,1578.05,1583.09,59797.715,2026-06-27 11:00:00
1782561600000,1583.1,1585.59,1580.37,1585.02,55908.975,2026-06-27 12:00:00
1782565200000,1585.02,1592.37,1584.0,1591.22,131736.73,2026-06-27 13:00:00
1782568800000,1591.23,1597.9,1588.33,1593.69,157816.384,2026-06-27 14:00:00
1782572400000,1593.69,1610.57,1592.91,1604.97,314470.566,2026-06-27 15:00:00
1782576000000,1604.96,1607.52,1600.68,1606.38,75207.319,2026-06-27 16:00:00
1782579600000,1606.37,1606.37,1587.0,1590.52,260382.843,2026-06-27 17:00:00
1782583200000,1590.52,1594.0,1588.16,1593.19,58925.561,2026-06-27 18:00:00
1782586800000,1593.2,1594.52,1572.22,1577.59,230851.933,2026-06-27 19:00:00
1782590400000,1577.59,1582.42,1577.58,1580.74,48029.634,2026-06-27 20:00:00
1782594000000,1580.75,1584.85,1573.32,1574.51,96191.623,2026-06-27 21:00:00
1782597600000,1574.51,1578.94,1561.49,1578.28,187476.205,2026-06-27 22:00:00
1782601200000,1578.28,1580.96,1569.8,1573.19,93138.872,2026-06-27 23:00:00
1782604800000,1573.19,1577.36,1571.85,1574.1,49696.597,2026-06-28 00:00:00
1782608400000,1574.1,1576.29,1569.18,1574.47,61486.646,2026-06-28 01:00:00
1782612000000,1574.48,1579.44,1568.2,1571.25,105250.137,2026-06-28 02:00:00
1782615600000,1571.26,1575.6,1571.25,1574.26,35259.961,2026-06-28 03:00:00
1782619200000,1574.26,1576.79,1569.51,1573.45,43701.832,2026-06-28 04:00:00
1782622800000,1573.46,1573.76,1563.42,1568.24,154221.694,2026-06-28 05:00:00
1782626400000,1568.24,1569.77,1561.55,1567.03,83155.205,2026-06-28 06:00:00
1782630000000,1567.02,1576.64,1567.0,1574.97,86524.472,2026-06-28 07:00:00
1782633600000,1574.97,1584.48,1572.55,1580.37,171460.024,2026-06-28 08:00:00
1782637200000,1580.37,1585.69,1577.55,1578.12,85948.687,2026-06-28 09:00:00
1782640800000,1578.13,1580.66,1571.12,1576.53,97778.51,2026-06-28 10:00:00
1782644400000,1576.54,1583.3,1574.99,1582.07,78287.112,2026-06-28 11:00:00
1782648000000,1582.08,1588.59,1577.4,1582.72,88118.874,2026-06-28 12:00:00
1782651600000,1582.72,1582.83,1573.89,1578.85,107285.211,2026-06-28 13:00:00
1782655200000,1578.84,1585.85,1577.02,1580.77,92922.19,2026-06-28 14:00:00
1782658800000,1580.76,1584.77,1576.45,1580.1,97608.121,2026-06-28 15:00:00
1782662400000,1580.09,1581.13,1565.55,1572.0,197058.632,2026-06-28 16:00:00
1782666000000,1572.0,1576.8,1562.5,1571.39,161737.892,2026-06-28 17:00:00
1782669600000,1571.38,1574.45,1568.32,1570.9,58348.733,2026-06-28 18:00:00
1782673200000,1570.89,1573.79,1555.53,1563.8,145889.195,2026-06-28 19:00:00
1782676800000,1563.8,1575.88,1563.5,1572.54,83123.656,2026-06-28 20:00:00
1782680400000,1572.54,1573.26,1558.15,1562.91,82591.575,2026-06-28 21:00:00
1782684000000,1562.91,1581.74,1546.69,1556.01,335526.681,2026-06-28 22:00:00
1782687600000,1556.0,1579.43,1554.19,1571.25,196311.646,2026-06-28 23:00:00
1782691200000,1571.26,1574.17,1551.11,1572.48,295616.849,2026-06-29 00:00:00
1782694800000,1572.48,1573.59,1559.1,1567.81,138041.731,2026-06-29 01:00:00
1782698400000,1567.8,1578.3,1549.24,1575.69,310372.95,2026-06-29 02:00:00
1782702000000,1575.69,1589.46,1575.69,1583.94,209373.57,2026-06-29 03:00:00
1782705600000,1583.94,1584.32,1573.63,1574.72,95641.647,2026-06-29 04:00:00
1782709200000,1574.73,1582.67,1561.28,1582.49,232162.657,2026-06-29 05:00:00
1782712800000,1582.5,1588.6,1578.83,1582.15,137497.771,2026-06-29 06:00:00
1782716400000,1582.16,1584.22,1576.72,1579.32,64276.256,2026-06-29 07:00:00
1782720000000,1579.32,1581.52,1569.28,1572.3,124972.451,2026-06-29 08:00:00
1782723600000,1572.31,1579.8,1569.59,1575.51,117784.007,2026-06-29 09:00:00
1782727200000,1575.51,1586.24,1575.51,1577.73,126556.372,2026-06-29 10:00:00
1782730800000,1577.72,1581.79,1569.43,1574.21,159532.975,2026-06-29 11:00:00
1782734400000,1574.21,1596.3,1565.47,1575.41,584552.74,2026-06-29 12:00:00
1782738000000,1575.42,1588.56,1563.78,1572.11,413474.91,2026-06-29 13:00:00
1782741600000,1572.11,1578.81,1556.16,1572.22,408215.676,2026-06-29 14:00:00
1782745200000,1572.22,1584.94,1560.38,1579.31,312160.911,2026-06-29 15:00:00
1782748800000,1579.31,1587.44,1573.04,1584.41,178398.976,2026-06-29 16:00:00
1782752400000,1584.42,1637.54,1584.41,1627.21,726896.162,2026-06-29 17:00:00
1782756000000,1627.21,1627.93,1617.1,1620.43,154236.144,2026-06-29 18:00:00
1782759600000,1620.43,1626.63,1615.0,1624.78,128064.365,2026-06-29 19:00:00
1782763200000,1624.78,1625.99,1616.61,1617.0,63590.975,2026-06-29 20:00:00
1782766800000,1617.0,1622.56,1611.12,1619.44,85124.478,2026-06-29 21:00:00
1782770400000,1619.44,1621.29,1611.72,1612.37,61069.511,2026-06-29 22:00:00
1782774000000,1612.37,1613.55,1607.0,1612.26,95818.833,2026-06-29 23:00:00
1782777600000,1612.27,1614.27,1591.7,1593.8,265151.184,2026-06-30 00:00:00
1782781200000,1593.8,1599.38,1588.25,1593.21,167673.836,2026-06-30 01:00:00
1782784800000,1593.2,1593.3,1585.61,1590.1,109908.897,2026-06-30 02:00:00
1782788400000,1590.1,1595.6,1585.72,1586.45,94884.763,2026-06-30 03:00:00
1782792000000,1586.45,1590.4,1578.5,1587.11,178145.173,2026-06-30 04:00:00
1782795600000,1587.1,1591.54,1584.38,1590.65,104747.287,2026-06-30 05:00:00
1782799200000,1590.66,1594.01,1587.88,1592.77,95446.786,2026-06-30 06:00:00
1782802800000,1592.76,1595.29,1589.19,1591.54,83913.37,2026-06-30 07:00:00
1782806400000,1591.55,1593.5,1578.22,1583.41,240660.082,2026-06-30 08:00:00
1782810000000,1583.4,1586.7,1580.88,1584.87,85809.742,2026-06-30 09:00:00
1782813600000,1584.87,1586.3,1581.41,1583.8,80943.893,2026-06-30 10:00:00
1782817200000,1583.81,1585.63,1575.06,1577.9,179153.436,2026-06-30 11:00:00
1782820800000,1577.89,1577.92,1550.0,1551.95,421162.399,2026-06-30 12:00:00
1782824400000,1551.95,1567.38,1549.03,1566.69,480995.437,2026-06-30 13:00:00
1782828000000,1566.69,1577.6,1560.26,1562.76,412473.461,2026-06-30 14:00:00
1782831600000,1562.75,1576.31,1556.28,1564.55,270263.92,2026-06-30 15:00:00
1782835200000,1564.56,1574.31,1561.12,1571.75,143656.279,2026-06-30 16:00:00
1782838800000,1571.74,1576.48,1567.68,1570.34,103816.351,2026-06-30 17:00:00
1782842400000,1570.34,1581.9,1568.81,1578.34,109862.294,2026-06-30 18:00:00
1782846000000,1578.34,1581.26,1575.0,1580.03,93790.603,2026-06-30 19:00:00
1782849600000,1580.03,1582.72,1571.8,1575.38,85391.06,2026-06-30 20:00:00
1782853200000,1575.38,1576.6,1568.35,1571.11,50409.088,2026-06-30 21:00:00
1782856800000,1571.11,1574.65,1566.05,1566.94,60560.603,2026-06-30 22:00:00
1782860400000,1566.93,1571.99,1565.01,1571.35,53768.456,2026-06-30 23:00:00
1782864000000,1571.36,1576.32,1565.42,1574.19,77603.611,2026-07-01 00:00:00
1782867600000,1574.19,1586.0,1551.6,1577.13,397150.651,2026-07-01 01:00:00
1782871200000,1577.14,1588.85,1573.33,1585.53,200786.952,2026-07-01 02:00:00
1782874800000,1585.53,1598.71,1581.58,1593.92,250996.604,2026-07-01 03:00:00
1782878400000,1593.93,1604.21,1589.93,1598.48,172675.865,2026-07-01 04:00:00
1782882000000,1598.48,1600.0,1590.0,1591.94,138579.757,2026-07-01 05:00:00
1782885600000,1591.95,1592.3,1570.34,1575.54,330074.73,2026-07-01 06:00:00
1782889200000,1575.55,1580.63,1571.5,1577.75,125518.502,2026-07-01 07:00:00
1782892800000,1577.74,1581.9,1567.02,1581.9,170698.631,2026-07-01 08:00:00
1782896400000,1581.9,1584.8,1577.89,1580.5,110597.204,2026-07-01 09:00:00
1782900000000,1580.5,1581.0,1571.32,1572.72,105893.884,2026-07-01 10:00:00
1782903600000,1572.73,1575.28,1565.86,1569.25,107945.545,2026-07-01 11:00:00
1782907200000,1569.25,1571.95,1564.4,1569.46,155305.284,2026-07-01 12:00:00
1782910800000,1569.47,1597.41,1568.71,1596.48,451133.792,2026-07-01 13:00:00
1782914400000,1596.48,1616.55,1590.1,1600.31,647277.033,2026-07-01 14:00:00
1782918000000,1600.31,1630.58,1599.88,1619.28,495218.863,2026-07-01 15:00:00
1782921600000,1619.27,1628.94,1611.6,1613.82,194657.299,2026-07-01 16:00:00
1782925200000,1613.83,1624.31,1606.25,1622.16,205136.331,2026-07-01 17:00:00
1782928800000,1622.16,1623.9,1611.15,1615.93,130123.17,2026-07-01 18:00:00
1782932400000,1615.92,1623.32,1613.55,1617.18,117265.425,2026-07-01 19:00:00
1782936000000,1617.19,1619.89,1609.37,1617.08,147412.614,2026-07-01 20:00:00
1782939600000,1617.08,1638.47,1616.72,1631.2,181728.315,2026-07-01 21:00:00
1782943200000,1631.19,1645.87,1619.44,1621.0,262146.747,2026-07-01 22:00:00
1782946800000,1621.01,1621.01,1606.86,1608.82,152306.901,2026-07-01 23:00:00
1782950400000,1608.82,1608.99,1596.32,1602.82,219235.517,2026-07-02 00:00:00
1782954000000,1602.82,1624.66,1601.8,1619.87,214547.444,2026-07-02 01:00:00
1782957600000,1619.87,1623.88,1613.92,1620.19,110482.561,2026-07-02 02:00:00
1782961200000,1620.18,1641.98,1617.41,1638.69,314862.503,2026-07-02 03:00:00
1782964800000,1638.69,1639.15,1628.8,1631.87,121562.41,2026-07-02 04:00:00
1782968400000,1631.87,1634.36,1624.3,1625.94,116895.64,2026-07-02 05:00:00
1782972000000,1625.94,1629.21,1616.66,1618.31,146987.814,2026-07-02 06:00:00
1782975600000,1618.3,1619.43,1613.92,1615.46,128671.915,2026-07-02 07:00:00
1782979200000,1615.45,1625.88,1614.66,1624.36,145608.451,2026-07-02 08:00:00
1782982800000,1624.35,1652.1,1619.38,1642.33,450175.458,2026-07-02 09:00:00
1782986400000,1642.34,1649.33,1640.31,1645.58,151251.219,2026-07-02 10:00:00
1782990000000,1645.57,1654.65,1643.75,1649.4,193215.334,2026-07-02 11:00:00
1782993600000,1649.39,1670.53,1646.87,1661.7,498461.247,2026-07-02 12:00:00
1782997200000,1661.7,1713.63,1660.0,1709.99,1051568.522,2026-07-02 13:00:00
1783000800000,1710.0,1725.4,1692.22,1700.88,717132.285,2026-07-02 14:00:00
1783004400000,1700.87,1702.94,1687.81,1696.19,233262.396,2026-07-02 15:00:00
1783008000000,1696.19,1703.73,1686.05,1698.99,254029.197,2026-07-02 16:00:00
1783011600000,1698.99,1705.5,1693.42,1695.08,147316.508,2026-07-02 17:00:00
1783015200000,1695.09,1706.51,1694.5,1701.3,88584.975,2026-07-02 18:00:00
1783018800000,1701.3,1704.54,1693.79,1699.27,99453.655,2026-07-02 19:00:00
1783022400000,1699.27,1706.36,1695.4,1704.98,89542.4,2026-07-02 20:00:00
1783026000000,1704.98,1705.25,1696.29,1699.37,48404.681,2026-07-02 21:00:00
1783029600000,1699.36,1700.34,1693.23,1696.01,51570.922,2026-07-02 22:00:00
1783033200000,1696.01,1700.98,1691.05,1700.0,75441.652,2026-07-02 23:00:00
1783036800000,1700.0,1702.47,1694.0,1696.03,77397.164,2026-07-03 00:00:00
1783040400000,1696.03,1718.69,1694.66,1711.7,238129.407,2026-07-03 01:00:00
1783044000000,1711.71,1714.69,1695.47,1704.11,152725.147,2026-07-03 02:00:00
1783047600000,1704.11,1711.64,1698.61,1705.82,90494.501,2026-07-03 03:00:00
1783051200000,1705.82,1707.99,1701.62,1702.51,59495.27,2026-07-03 04:00:00
1783054800000,1702.51,1721.52,1701.66,1714.16,157537.164,2026-07-03 05:00:00
1783058400000,1714.16,1720.96,1712.14,1715.28,113182.968,2026-07-03 06:00:00
1783062000000,1715.28,1721.84,1713.29,1717.05,87022.78,2026-07-03 07:00:00
1783065600000,1717.05,1734.99,1715.2,1719.04,297549.843,2026-07-03 08:00:00
1783069200000,1719.04,1730.84,1716.16,1725.55,173307.226,2026-07-03 09:00:00
1783072800000,1725.55,1748.5,1725.55,1741.44,443226.487,2026-07-03 10:00:00
1783076400000,1741.43,1747.54,1736.47,1741.66,202495.365,2026-07-03 11:00:00
1783080000000,1741.66,1744.4,1730.73,1735.85,163004.425,2026-07-03 12:00:00
1783083600000,1735.85,1753.5,1735.4,1747.46,237886.892,2026-07-03 13:00:00
1783087200000,1747.46,1747.46,1728.08,1736.49,262474.457,2026-07-03 14:00:00
1783090800000,1736.49,1745.93,1729.03,1730.47,229729.255,2026-07-03 15:00:00
1783094400000,1730.47,1735.03,1727.0,1732.92,118014.479,2026-07-03 16:00:00
1783098000000,1732.92,1741.0,1731.63,1737.58,103522.512,2026-07-03 17:00:00
1783101600000,1737.59,1740.47,1735.38,1737.96,47337.874,2026-07-03 18:00:00
1783105200000,1737.95,1752.94,1736.5,1744.65,171882.794,2026-07-03 19:00:00
1783108800000,1744.65,1773.64,1742.67,1765.54,373727.793,2026-07-03 20:00:00
1783112400000,1765.54,1776.0,1756.06,1762.69,171767.014,2026-07-03 21:00:00
1783116000000,1762.7,1763.7,1755.09,1756.8,83170.792,2026-07-03 22:00:00
1783119600000,1756.8,1761.45,1754.47,1757.25,78699.573,2026-07-03 23:00:00
1783123200000,1757.26,1763.38,1755.52,1757.73,102979.774,2026-07-04 00:00:00
1783126800000,1757.73,1757.73,1745.1,1747.32,150017.981,2026-07-04 01:00:00
1783130400000,1747.31,1750.33,1743.13,1748.69,65346.229,2026-07-04 02:00:00
1783134000000,1748.69,1755.99,1746.5,1753.0,64018.854,2026-07-04 03:00:00
1783137600000,1753.0,1763.99,1751.13,1760.92,114100.657,2026-07-04 04:00:00
1783141200000,1760.93,1761.06,1752.23,1755.42,94042.654,2026-07-04 05:00:00
1783144800000,1755.42,1760.83,1750.74,1754.08,80083.314,2026-07-04 06:00:00
1783148400000,1754.07,1758.91,1752.11,1757.48,73706.704,2026-07-04 07:00:00
1783152000000,1757.48,1764.74,1756.43,1761.35,91335.74,2026-07-04 08:00:00
1783155600000,1761.35,1762.29,1754.0,1757.36,61874.287,2026-07-04 09:00:00
1783159200000,1757.35,1760.3,1756.23,1758.35,36303.33,2026-07-04 10:00:00
1783162800000,1758.35,1759.44,1755.37,1757.27,39903.96,2026-07-04 11:00:00
1783166400000,1757.28,1765.72,1757.28,1763.42,73307.423,2026-07-04 12:00:00
1783170000000,1763.43,1778.7,1760.73,1763.16,203483.682,2026-07-04 13:00:00
1783173600000,1763.16,1774.31,1763.04,1771.36,127856.379,2026-07-04 14:00:00
1783177200000,1771.36,1803.33,1771.35,1790.57,592128.383,2026-07-04 15:00:00
1783180800000,1790.57,1791.74,1782.77,1786.52,160920.345,2026-07-04 16:00:00
1783184400000,1786.51,1808.58,1778.33,1799.03,312512.34,2026-07-04 17:00:00
1783188000000,1799.02,1805.48,1791.11,1793.17,129524.741,2026-07-04 18:00:00
1783191600000,1793.17,1797.48,1787.77,1792.02,78758.479,2026-07-04 19:00:00
1783195200000,1792.01,1795.2,1782.63,1786.32,87442.319,2026-07-04 20:00:00
1783198800000,1786.32,1793.77,1785.36,1788.48,54971.283,2026-07-04 21:00:00
1783202400000,1788.48,1788.7,1781.28,1783.94,43656.22,2026-07-04 22:00:00
1783206000000,1783.93,1784.95,1770.1,1780.0,133061.401,2026-07-04 23:00:00
1783209600000,1780.0,1780.05,1768.03,1771.97,95591.637,2026-07-05 00:00:00
1783213200000,1771.97,1773.91,1760.12,1765.73,146109.193,2026-07-05 01:00:00
1783216800000,1765.72,1767.23,1756.0,1760.08,132722.642,2026-07-05 02:00:00
1783220400000,1760.08,1763.35,1757.12,1760.8,66530.787,2026-07-05 03:00:00
1783224000000,1760.8,1772.63,1759.22,1766.64,123373.473,2026-07-05 04:00:00
1783227600000,1766.63,1767.01,1759.22,1765.29,73659.985,2026-07-05 05:00:00
1783231200000,1765.28,1767.45,1761.23,1763.98,45151.17,2026-07-05 06:00:00
1783234800000,1763.98,1772.12,1761.0,1769.19,83195.66,2026-07-05 07:00:00
1783238400000,1769.19,1772.52,1765.62,1766.77,54600.41,2026-07-05 08:00:00
1783242000000,1766.77,1766.98,1747.32,1757.35,216361.994,2026-07-05 09:00:00
1783245600000,1757.35,1761.4,1754.16,1760.84,74189.714,2026-07-05 10:00:00
1783249200000,1760.85,1764.65,1757.89,1759.34,67508.895,2026-07-05 11:00:00
1783252800000,1759.33,1768.77,1755.36,1764.03,104604.323,2026-07-05 12:00:00
1783256400000,1764.03,1766.64,1760.39,1765.6,70675.976,2026-07-05 13:00:00
1783260000000,1765.6,1772.63,1764.02,1771.68,104597.625,2026-07-05 14:00:00
1783263600000,1771.68,1781.79,1769.09,1773.99,197892.539,2026-07-05 15:00:00
1783267200000,1773.99,1776.89,1769.6,1772.14,69865.394,2026-07-05 16:00:00
1783270800000,1772.14,1786.11,1772.14,1778.66,148198.64,2026-07-05 17:00:00
1783274400000,1778.67,1786.43,1777.21,1780.56,55811.712,2026-07-05 18:00:00
1783278000000,1780.55,1783.99,1776.93,1780.84,33047.009,2026-07-05 19:00:00
1783281600000,1780.85,1782.99,1775.29,1776.63,36921.992,2026-07-05 20:00:00
1783285200000,1776.63,1792.92,1768.11,1786.0,154090.253,2026-07-05 21:00:00
1783288800000,1786.0,1807.66,1783.24,1789.13,297137.73,2026-07-05 22:00:00
1783292400000,1789.14,1801.88,1781.6,1784.86,164592.012,2026-07-05 23:00:00
1783296000000,1784.85,1793.39,1773.56,1792.55,195179.019,2026-07-06 00:00:00
1783299600000,1792.54,1798.37,1784.4,1785.53,145359.091,2026-07-06 01:00:00
1783303200000,1785.54,1789.77,1778.4,1783.01,116781.424,2026-07-06 02:00:00
1783306800000,1783.0,1784.6,1770.58,1779.04,149217.373,2026-07-06 03:00:00
1783310400000,1779.05,1785.0,1775.43,1777.29,91744.24,2026-07-06 04:00:00
1783314000000,1777.29,1777.66,1763.54,1773.35,179553.611,2026-07-06 05:00:00
1783317600000,1773.36,1774.62,1768.41,1768.8,78021.972,2026-07-06 06:00:00
1783321200000,1768.8,1774.78,1766.11,1771.59,91640.909,2026-07-06 07:00:00
1783324800000,1771.59,1777.8,1769.9,1770.84,49513.74,2026-07-06 08:00:00
