timestamp,open,high,low,close,volume,datetime
1735689600000,93579.1,94500.0,93492.1,93833.1,7449.867,2025-01-01 00:00:00
1735704000000,93833.1,93945.2,93525.0,93689.6,4264.422,2025-01-01 04:00:00
1735718400000,93689.6,93758.0,92899.1,93443.6,9656.033,2025-01-01 08:00:00
1735732800000,93443.6,94554.0,93404.0,94459.2,13150.941,2025-01-01 12:00:00
1735747200000,94459.1,94834.0,93777.0,94629.9,6841.067,2025-01-01 16:00:00
1735761600000,94629.9,95203.7,94534.2,94600.0,6838.462,2025-01-01 20:00:00
1735776000000,94600.0,95549.8,94405.2,95016.6,10653.391,2025-01-02 00:00:00
1735790400000,95016.6,96035.1,95000.0,95838.0,11486.434,2025-01-02 04:00:00
1735804800000,95838.0,96888.0,95630.9,96735.9,13103.639,2025-01-02 08:00:00
1735819200000,96736.0,97440.0,95921.6,96463.2,25747.503,2025-01-02 12:00:00
1735833600000,96463.3,97799.9,96016.1,97327.9,19925.017,2025-01-02 16:00:00
1735848000000,97327.9,97850.0,96681.1,97010.0,7826.854,2025-01-02 20:00:00
1735862400000,97010.0,97368.4,96666.8,97070.2,5820.983,2025-01-03 00:00:00
1735876800000,97070.3,97082.1,96298.1,96334.0,7674.763,2025-01-03 04:00:00
1735891200000,96334.0,96849.0,96121.0,96765.5,8148.69,2025-01-03 08:00:00
1735905600000,96765.6,97677.1,96480.0,97513.6,16879.323,2025-01-03 12:00:00
1735920000000,97513.6,98986.0,97400.0,98597.3,16037.775,2025-01-03 16:00:00
1735934400000,98597.3,98766.1,98076.5,98195.2,5607.476,2025-01-03 20:00:00
1735948800000,98195.3,98317.7,97800.6,98193.9,5578.858,2025-01-04 00:00:00
1735963200000,98193.8,98369.4,97877.0,98275.0,3847.949,2025-01-04 04:00:00
1735977600000,98275.1,98303.9,97556.0,97899.9,6636.542,2025-01-04 08:00:00
1735992000000,97899.9,98173.1,97522.0,97660.2,7680.118,2025-01-04 12:00:00
1736006400000,97660.2,98384.9,97581.5,98173.9,4572.198,2025-01-04 16:00:00
1736020800000,98173.9,98799.9,98143.5,98220.8,4447.646,2025-01-04 20:00:00
1736035200000,98222.0,98408.1,98043.5,98197.7,2593.212,2025-01-05 00:00:00
1736049600000,98197.7,98559.9,98197.7,98258.8,3458.3,2025-01-05 04:00:00
1736064000000,98258.9,98258.9,97583.0,97636.1,7606.237,2025-01-05 08:00:00
1736078400000,97636.1,98291.3,97262.2,98029.9,10155.398,2025-01-05 12:00:00
1736092800000,98029.9,98342.0,97570.3,98087.9,5613.361,2025-01-05 16:00:00
1736107200000,98087.9,98850.0,98024.9,98369.5,6923.071,2025-01-05 20:00:00
1736121600000,98369.6,99400.0,97930.0,99037.9,14981.451,2025-01-06 00:00:00
1736136000000,99038.0,99924.5,99038.0,99317.8,12995.552,2025-01-06 04:00:00
1736150400000,99317.8,99644.8,98700.0,99259.6,9865.189,2025-01-06 08:00:00
1736164800000,99259.6,102490.8,98712.0,102149.8,40517.985,2025-01-06 12:00:00
1736179200000,102149.9,102489.0,101236.6,101806.2,18693.793,2025-01-06 16:00:00
1736193600000,101806.2,102339.1,101574.0,102223.3,7184.521,2025-01-06 20:00:00
1736208000000,102223.2,102817.8,101507.0,101700.0,10955.188,2025-01-07 00:00:00
1736222400000,101700.1,102018.7,101572.2,101687.8,5122.747,2025-01-07 04:00:00
1736236800000,101687.9,102013.8,100501.0,100854.4,14224.1,2025-01-07 08:00:00
1736251200000,100854.5,100992.0,97156.6,97932.1,54916.838,2025-01-07 12:00:00
1736265600000,97932.1,98350.0,96300.0,96464.7,32014.468,2025-01-07 16:00:00
1736280000000,96464.7,97217.3,96167.1,96944.0,13375.518,2025-01-07 20:00:00
1736294400000,96944.0,97260.0,96228.0,96540.5,11491.649,2025-01-08 00:00:00
1736308800000,96540.5,96661.9,95251.4,95657.1,18732.724,2025-01-08 04:00:00
1736323200000,95657.0,96143.1,94532.0,95139.6,17401.7,2025-01-08 08:00:00
1736337600000,95139.7,96079.9,94618.3,95492.3,24521.662,2025-01-08 12:00:00
1736352000000,95492.3,95492.9,92500.0,94246.7,35069.562,2025-01-08 16:00:00
1736366400000,94244.6,95285.7,93592.1,95050.1,8468.4,2025-01-08 20:00:00
1736380800000,95050.0,95396.7,93442.6,94030.4,17934.597,2025-01-09 00:00:00
1736395200000,94030.4,94623.9,93165.0,93238.5,10012.61,2025-01-09 04:00:00
1736409600000,93238.4,93883.3,92734.5,93455.9,15222.618,2025-01-09 08:00:00
1736424000000,93456.0,94586.0,91777.8,94244.1,27545.945,2025-01-09 12:00:00
1736438400000,94242.8,94698.9,91900.2,91907.8,22567.13,2025-01-09 16:00:00
1736452800000,91907.5,92718.0,91201.0,92554.9,17540.976,2025-01-09 20:00:00
1736467200000,92554.8,93743.4,92463.4,93708.4,9454.904,2025-01-10 00:00:00
1736481600000,93708.5,94988.0,93494.9,94498.2,13325.535,2025-01-10 04:00:00
1736496000000,94498.1,95279.7,94380.4,95072.9,10855.765,2025-01-10 08:00:00
1736510400000,95072.9,95121.0,92222.0,93746.2,47812.285,2025-01-10 12:00:00
1736524800000,93746.2,95854.9,93194.7,95320.0,25783.213,2025-01-10 16:00:00
1736539200000,95319.9,95454.5,94580.0,94728.6,7541.819,2025-01-10 20:00:00
1736553600000,94728.5,94755.4,94083.9,94214.2,5540.982,2025-01-11 00:00:00
1736568000000,94214.2,94442.0,93840.8,94257.9,4449.92,2025-01-11 04:00:00
1736582400000,94257.9,94822.3,94023.1,94632.0,5053.254,2025-01-11 08:00:00
1736596800000,94631.9,94668.3,94304.0,94414.1,4442.535,2025-01-11 12:00:00
1736611200000,94414.1,94739.9,93977.1,94246.4,4676.411,2025-01-11 16:00:00
1736625600000,94246.4,95045.0,94196.0,94615.1,4820.474,2025-01-11 20:00:00
1736640000000,94615.1,94717.3,94315.7,94646.3,3300.866,2025-01-12 00:00:00
1736654400000,94646.2,94668.8,94262.1,94337.5,2754.155,2025-01-12 04:00:00
1736668800000,94337.5,94408.8,93701.0,94259.2,6597.061,2025-01-12 08:00:00
1736683200000,94259.2,95482.3,94176.0,95080.7,10609.391,2025-01-12 12:00:00
1736697600000,95082.0,95317.8,94568.5,94663.3,4988.611,2025-01-12 16:00:00
1736712000000,94663.2,94809.3,93790.6,94550.0,7096.735,2025-01-12 20:00:00
1736726400000,94550.0,95970.0,93900.0,94261.4,20465.731,2025-01-13 00:00:00
1736740800000,94261.3,94930.0,93253.5,93592.7,16348.838,2025-01-13 04:00:00
1736755200000,93592.6,93662.5,90846.6,90870.1,32092.963,2025-01-13 08:00:00
1736769600000,90870.1,93088.0,89037.0,92126.0,60844.619,2025-01-13 12:00:00
1736784000000,92126.1,92540.9,91186.0,92311.9,23370.653,2025-01-13 16:00:00
1736798400000,92311.9,94733.0,91905.3,94539.9,17298.571,2025-01-13 20:00:00
1736812800000,94539.9,95302.0,94350.8,94879.9,11847.35,2025-01-14 00:00:00
1736827200000,94880.0,95498.0,94755.0,94875.8,8277.285,2025-01-14 04:00:00
1736841600000,94875.8,97376.0,94875.8,96568.3,29233.129,2025-01-14 08:00:00
1736856000000,96568.3,97299.3,95747.9,96466.0,28805.845,2025-01-14 12:00:00
1736870400000,96466.1,97109.5,95345.4,96548.1,17855.201,2025-01-14 16:00:00
1736884800000,96548.0,96930.6,96140.1,96562.0,5477.951,2025-01-14 20:00:00
1736899200000,96561.9,97566.0,96488.3,97332.2,11257.814,2025-01-15 00:00:00
1736913600000,97332.3,97731.0,96751.1,97311.7,9957.496,2025-01-15 04:00:00
1736928000000,97311.8,97538.0,96540.3,96787.3,8529.276,2025-01-15 08:00:00
1736942400000,96787.2,99786.5,96545.6,98989.6,39156.439,2025-01-15 12:00:00
1736956800000,98989.7,99998.0,98605.3,99850.6,13451.793,2025-01-15 16:00:00
1736971200000,99850.7,100710.2,99455.0,100510.8,14753.468,2025-01-15 20:00:00
1736985600000,100510.9,100888.0,99168.0,99485.0,14988.827,2025-01-16 00:00:00
1737000000000,99485.0,99956.2,99335.5,99812.6,5938.853,2025-01-16 04:00:00
1737014400000,99812.6,99844.1,98618.4,99171.4,14616.102,2025-01-16 08:00:00
1737028800000,99171.4,99528.0,97285.5,99298.1,31169.566,2025-01-16 12:00:00
1737043200000,99298.0,100455.0,99070.0,100420.0,19596.059,2025-01-16 16:00:00
1737057600000,100420.0,100659.9,99373.9,99999.6,9898.725,2025-01-16 20:00:00
1737072000000,99999.7,102200.0,99963.6,101068.4,21539.18,2025-01-17 00:00:00
1737086400000,101068.4,101953.8,100966.3,101450.1,7976.702,2025-01-17 04:00:00
1737100800000,101450.2,102644.5,101450.1,102230.9,13326.144,2025-01-17 08:00:00
1737115200000,102231.0,104228.0,102187.4,104000.0,30923.006,2025-01-17 12:00:00
1737129600000,104000.0,105840.6,103833.3,105824.9,25421.741,2025-01-17 16:00:00
1737144000000,105825.0,105837.5,104100.0,104100.1,12587.147,2025-01-17 20:00:00
1737158400000,104100.1,104678.0,103044.8,103573.6,11981.845,2025-01-18 00:00:00
1737172800000,103573.7,103779.0,102615.6,102840.0,19023.791,2025-01-18 04:00:00
1737187200000,102840.0,103899.0,102285.7,103590.2,13539.136,2025-01-18 08:00:00
1737201600000,103590.2,104995.9,103134.5,104556.0,14207.008,2025-01-18 12:00:00
1737216000000,104556.0,104722.8,103138.3,104411.9,12935.001,2025-01-18 16:00:00
1737230400000,104411.9,104772.6,103786.5,104560.6,5636.735,2025-01-18 20:00:00
1737244800000,104560.6,105482.4,104020.9,104991.0,9638.777,2025-01-19 00:00:00
1737259200000,104991.0,105641.0,104245.2,105180.6,10828.882,2025-01-19 04:00:00
1737273600000,105180.6,105499.8,103400.2,104374.7,20972.458,2025-01-19 08:00:00
1737288000000,104374.8,105750.0,104315.5,104941.2,15494.692,2025-01-19 12:00:00
1737302400000,104941.2,106288.0,104536.7,106262.5,8146.064,2025-01-19 16:00:00
1737316800000,106262.5,106488.0,99666.0,101326.8,53520.61,2025-01-19 20:00:00
1737331200000,101331.8,102358.0,99500.1,101921.8,35962.601,2025-01-20 00:00:00
1737345600000,101921.7,109998.9,101555.0,107215.1,58724.366,2025-01-20 04:00:00
1737360000000,107205.8,109299.1,107198.0,108279.3,19808.274,2025-01-20 08:00:00
1737374400000,108279.4,108750.0,104365.3,104956.9,44027.298,2025-01-20 12:00:00
1737388800000,104957.0,107067.2,100544.2,103683.0,78378.924,2025-01-20 16:00:00
1737403200000,103688.5,104346.7,101736.4,102269.9,14316.753,2025-01-20 20:00:00
1737417600000,102269.9,103281.2,100113.0,102925.1,23856.257,2025-01-21 00:00:00
1737432000000,102925.1,102978.2,101120.0,101990.6,13304.811,2025-01-21 04:00:00
1737446400000,101988.1,103986.5,101732.5,103760.1,14052.715,2025-01-21 08:00:00
1737460800000,103760.1,105364.5,102798.5,103953.8,28968.139,2025-01-21 12:00:00
1737475200000,103953.8,107333.3,103803.9,107050.4,33159.215,2025-01-21 16:00:00
1737489600000,107050.4,107222.0,105423.0,106161.9,11494.78,2025-01-21 20:00:00
1737504000000,106161.8,106438.8,105466.0,105604.0,7798.336,2025-01-22 00:00:00
1737518400000,105603.9,105987.9,105000.0,105087.1,8186.5819,2025-01-22 04:00:00
1737532800000,105087.2,105549.6,104621.7,105120.4,10285.8666,2025-01-22 08:00:00
1737547200000,105120.6,105623.7,103618.1,104184.9,23172.0967,2025-01-22 12:00:00
1737561600000,104184.9,104760.0,103261.7,104625.2,16810.7074,2025-01-22 16:00:00
1737576000000,104625.2,104828.0,103610.0,103718.0,6840.4579,2025-01-22 20:00:00
1737590400000,103717.9,103820.0,102120.0,102454.2,15094.2855,2025-01-23 00:00:00
1737604800000,102454.2,102970.0,101575.0,102699.9,12434.5273,2025-01-23 04:00:00
1737619200000,102700.0,102700.0,101222.0,101946.3,11040.6752,2025-01-23 08:00:00
1737633600000,101946.3,106080.3,101291.8,105276.7,60407.2751,2025-01-23 12:00:00
1737648000000,105276.7,106869.9,103360.1,103754.3,40242.7107,2025-01-23 16:00:00
1737662400000,103754.3,106450.0,102202.6,103925.7,54575.8002,2025-01-23 20:00:00
1737676800000,103925.7,104311.1,102755.7,103895.0,11032.8195,2025-01-24 00:00:00
1737691200000,103895.0,105357.2,103805.6,105042.0,10848.4929,2025-01-24 04:00:00
1737705600000,105042.0,105766.0,104913.7,105412.4,9115.5592,2025-01-24 08:00:00
1737720000000,105412.4,106350.1,104650.0,105867.6,18973.3968,2025-01-24 12:00:00
1737734400000,105867.5,107164.1,105575.4,105772.8,17871.1439,2025-01-24 16:00:00
1737748800000,105772.7,105789.3,104450.0,104868.6,11501.1153,2025-01-24 20:00:00
1737763200000,104868.7,105293.9,104368.0,105220.0,7646.1695,2025-01-25 00:00:00
1737777600000,105219.9,105220.1,104208.9,104388.8,5709.2631,2025-01-25 04:00:00
1737792000000,104388.8,104744.8,104101.9,104675.3,5217.6752,2025-01-25 08:00:00
1737806400000,104675.4,105130.0,104462.5,104889.8,5435.5637,2025-01-25 12:00:00
1737820800000,104889.8,105322.9,104409.1,105048.6,7665.5084,2025-01-25 16:00:00
1737835200000,105048.7,105272.5,104670.5,104759.2,2875.881,2025-01-25 20:00:00
1737849600000,104759.1,105250.0,104508.5,105069.5,3922.1533,2025-01-26 00:00:00
1737864000000,105069.5,105546.6,104937.5,104996.2,3332.9326,2025-01-26 04:00:00
1737878400000,104996.3,105237.0,104423.5,104821.3,5569.1715,2025-01-26 08:00:00
1737892800000,104821.3,105120.7,104700.0,104990.1,3398.4096,2025-01-26 12:00:00
1737907200000,104990.0,105280.7,104906.0,105093.0,2623.081,2025-01-26 16:00:00
1737921600000,105093.0,105221.1,102500.1,102611.6,14037.0606,2025-01-26 20:00:00
1737936000000,102611.6,103288.5,100629.1,101377.3,26599.142,2025-01-27 00:00:00
1737950400000,101377.3,101393.3,97737.7,99026.0,35775.2939,2025-01-27 04:00:00
1737964800000,99026.0,99521.1,98256.7,98750.0,17449.7664,2025-01-27 08:00:00
1737979200000,98750.1,102322.5,98715.9,101108.9,38830.2563,2025-01-27 12:00:00
1737993600000,101108.9,101269.0,98838.0,99697.3,21363.3009,2025-01-27 16:00:00
1738008000000,99697.2,102447.4,99588.6,102075.7,14183.8061,2025-01-27 20:00:00
1738022400000,102075.7,102913.3,101329.1,102640.0,13983.6027,2025-01-28 00:00:00
1738036800000,102640.0,103387.9,102518.2,102807.0,10642.779,2025-01-28 04:00:00
1738051200000,102807.8,103222.0,102400.0,102774.9,7471.0636,2025-01-28 08:00:00
1738065600000,102775.0,103888.5,101805.0,102765.8,20363.441,2025-01-28 12:00:00
1738080000000,102765.9,103117.4,101800.2,102420.6,16914.4808,2025-01-28 16:00:00
1738094400000,102420.6,102544.0,100270.9,101343.0,11815.8664,2025-01-28 20:00:00
1738108800000,101343.0,102332.7,101330.2,102049.2,6954.1154,2025-01-29 00:00:00
1738123200000,102048.5,102875.5,101970.3,102758.9,5483.3506,2025-01-29 04:00:00
1738137600000,102758.9,103057.8,102200.2,102635.2,6607.5813,2025-01-29 08:00:00
1738152000000,102635.1,102821.2,101580.0,101986.6,12652.8456,2025-01-29 12:00:00
1738166400000,101986.6,104110.0,101402.2,103615.6,26749.4345,2025-01-29 16:00:00
1738180800000,103615.5,104826.1,102876.7,103747.5,16059.9284,2025-01-29 20:00:00
1738195200000,103747.5,105345.3,103282.0,105207.2,10269.3999,2025-01-30 00:00:00
1738209600000,105207.2,105653.8,104830.7,105158.1,9200.5553,2025-01-30 04:00:00
1738224000000,105158.1,105587.9,104952.3,105320.0,5991.7447,2025-01-30 08:00:00
1738238400000,105319.9,106460.0,104649.0,105563.6,19598.4749,2025-01-30 12:00:00
1738252800000,105563.6,106000.0,104748.6,105712.3,10351.7334,2025-01-30 16:00:00
1738267200000,105712.2,105817.8,104700.0,104742.3,7098.228,2025-01-30 20:00:00
1738281600000,104742.4,105055.0,103909.3,104338.4,9177.2201,2025-01-31 00:00:00
1738296000000,104338.4,104800.0,103968.4,104185.8,8543.4185,2025-01-31 04:00:00
1738310400000,104185.9,104857.8,103922.0,104724.1,7929.0431,2025-01-31 08:00:00
1738324800000,104724.1,106047.0,104104.0,105460.2,16984.8062,2025-01-31 12:00:00
1738339200000,105460.2,105597.4,102122.7,102300.2,24014.9411,2025-01-31 16:00:00
1738353600000,102300.2,102470.0,101500.0,102433.5,12820.2681,2025-01-31 20:00:00
1738368000000,102433.5,102791.8,102165.1,102243.3,5076.0721,2025-02-01 00:00:00
1738382400000,102243.3,102600.0,102112.0,102175.4,4015.5288,2025-02-01 04:00:00
1738396800000,102175.4,102295.0,101368.0,102029.1,7980.3655,2025-02-01 08:00:00
1738411200000,102029.1,102328.3,101724.4,102080.1,6434.0434,2025-02-01 12:00:00
1738425600000,102080.1,102282.2,101435.0,101673.4,5027.0466,2025-02-01 16:00:00
1738440000000,101673.5,101673.5,100254.1,100633.9,11790.4783,2025-02-01 20:00:00
1738454400000,100633.9,101477.0,99143.1,99208.1,13118.3882,2025-02-02 00:00:00
1738468800000,99208.1,100500.0,99031.8,99625.2,10527.0114,2025-02-02 04:00:00
1738483200000,99625.3,100118.3,98612.9,98872.1,12094.8771,2025-02-02 08:00:00
1738497600000,98872.1,99433.0,98155.2,99343.1,14781.8349,2025-02-02 12:00:00
1738512000000,99343.0,99364.0,96827.7,98269.9,29692.9568,2025-02-02 16:00:00
1738526400000,98269.9,98656.2,96130.5,97701.9,20888.2254,2025-02-02 20:00:00
1738540800000,97702.0,97786.8,91255.0,94048.0,77465.7487,2025-02-03 00:00:00
1738555200000,94048.1,95400.0,92640.1,95305.0,21318.5334,2025-02-03 04:00:00
1738569600000,95305.1,95943.9,94764.5,95109.9,15776.4503,2025-02-03 08:00:00
1738584000000,95110.0,99499.8,94151.3,98838.8,39957.8376,2025-02-03 12:00:00
1738598400000,98838.9,101915.5,98030.7,101915.0,33058.3491,2025-02-03 16:00:00
1738612800000,101915.0,102551.0,100939.4,101358.2,16558.6915,2025-02-03 20:00:00
1738627200000,101358.3,101754.4,100567.0,100640.4,7904.9513,2025-02-04 00:00:00
1738641600000,100640.4,100786.2,98250.0,98451.6,21767.8716,2025-02-04 04:00:00
1738656000000,98451.5,99417.0,97850.0,98961.4,12234.8517,2025-02-04 08:00:00
1738670400000,98961.4,100446.9,98255.0,99351.8,25784.0246,2025-02-04 12:00:00
1738684800000,99351.8,100799.0,98768.0,98863.5,14771.2941,2025-02-04 16:00:00
1738699200000,98862.7,99450.0,96129.0,97759.9,24793.4616,2025-02-04 20:00:00
1738713600000,97760.0,98954.1,97148.4,98045.4,12448.6966,2025-02-05 00:00:00
1738728000000,98045.4,98344.6,97368.5,97863.3,7210.7073,2025-02-05 04:00:00
1738742400000,97863.3,98224.4,97260.5,98205.7,7511.971,2025-02-05 08:00:00
1738756800000,98205.7,99183.5,97760.0,98122.0,14499.1468,2025-02-05 12:00:00
1738771200000,98122.0,98300.0,96485.4,97387.8,13076.8523,2025-02-05 16:00:00
1738785600000,97387.8,97716.9,96138.5,96618.3,8466.442,2025-02-05 20:00:00
1738800000000,96618.3,97500.0,96422.1,97356.2,6741.3256,2025-02-06 00:00:00
1738814400000,97356.2,98464.0,97281.5,98219.9,7416.3702,2025-02-06 04:00:00
1738828800000,98219.9,99146.0,97925.2,98863.9,10803.3505,2025-02-06 08:00:00
1738843200000,98863.9,99043.8,96926.0,97334.0,19910.079,2025-02-06 12:00:00
1738857600000,97334.0,97545.5,95669.8,95991.4,19939.2832,2025-02-06 16:00:00
1738872000000,95991.4,97099.5,95781.1,96555.9,9167.4672,2025-02-06 20:00:00
1738886400000,96555.9,97827.4,96408.9,97460.8,8708.8703,2025-02-07 00:00:00
1738900800000,97460.9,97883.9,96577.9,96748.9,8379.5548,2025-02-07 04:00:00
1738915200000,96748.8,97766.0,96600.6,97750.2,5973.8541,2025-02-07 08:00:00
1738929600000,97750.2,100144.0,97158.0,98307.0,41104.065,2025-02-07 12:00:00
1738944000000,98310.2,98599.0,96880.8,96894.7,18067.5251,2025-02-07 16:00:00
1738958400000,96894.8,96940.0,95550.8,96490.8,12297.2753,2025-02-07 20:00:00
1738972800000,96490.7,96909.8,96323.2,96710.3,5959.2929,2025-02-08 00:00:00
1738987200000,96710.3,96710.3,95777.0,96210.5,6523.603,2025-02-08 04:00:00
1739001600000,96210.5,96309.1,95850.3,96132.2,4008.2928,2025-02-08 08:00:00
1739016000000,96132.2,96517.5,95668.2,95856.0,6626.9202,2025-02-08 12:00:00
1739030400000,95855.9,96764.6,95755.0,96587.7,5975.9384,2025-02-08 16:00:00
1739044800000,96587.8,96713.7,96353.5,96449.5,2179.5436,2025-02-08 20:00:00
1739059200000,96449.5,97318.0,96351.9,97317.9,6095.9552,2025-02-09 00:00:00
1739073600000,97317.9,97333.0,96775.0,97063.5,3409.368,2025-02-09 04:00:00
1739088000000,97063.5,97324.0,96551.4,96569.0,6313.3057,2025-02-09 08:00:00
1739102400000,96570.0,96727.7,95664.6,96489.6,10216.4432,2025-02-09 12:00:00
1739116800000,96489.6,96589.9,95900.0,96060.9,4284.1985,2025-02-09 16:00:00
1739131200000,96060.9,96781.7,94707.4,96465.0,14656.298,2025-02-09 20:00:00
1739145600000,96464.9,97142.4,95250.0,96819.9,15922.0091,2025-02-10 00:00:00
1739160000000,96820.0,97698.5,96637.9,97443.0,11209.7478,2025-02-10 04:00:00
1739174400000,97442.9,97974.4,97360.0,97666.9,9214.415,2025-02-10 08:00:00
1739188800000,97666.8,98378.4,96870.0,97235.2,16771.2897,2025-02-10 12:00:00
1739203200000,97235.1,97643.7,96880.0,97375.8,8967.784,2025-02-10 16:00:00
1739217600000,97375.8,97500.0,97130.0,97417.7,4202.1371,2025-02-10 20:00:00
1739232000000,97417.7,98160.7,97401.8,97610.8,9440.4425,2025-02-11 00:00:00
1739246400000,97610.9,98500.0,97560.5,98276.1,8393.8304,2025-02-11 04:00:00
1739260800000,98276.1,98348.0,97880.4,98136.1,5185.7611,2025-02-11 08:00:00
1739275200000,98136.0,98152.0,96572.0,97022.2,17293.1876,2025-02-11 12:00:00
1739289600000,97022.2,97040.8,94866.9,95023.9,18534.4906,2025-02-11 16:00:00
1739304000000,95023.8,96524.8,94914.5,95783.7,13784.3686,2025-02-11 20:00:00
1739318400000,95783.8,96277.0,95088.0,95307.6,7949.4361,2025-02-12 00:00:00
1739332800000,95307.7,96180.0,95270.8,96076.2,5786.1954,2025-02-12 04:00:00
1739347200000,96076.3,96477.2,95920.0,96115.2,6266.3424,2025-02-12 08:00:00
1739361600000,96115.2,96678.8,94072.1,95806.7,38179.6909,2025-02-12 12:00:00
1739376000000,95806.7,97700.0,95126.6,97207.6,21767.0081,2025-02-12 16:00:00
1739390400000,97207.7,98168.0,96855.0,97885.8,11958.5902,2025-02-12 20:00:00
1739404800000,97885.9,98100.0,97380.0,97508.6,5843.1691,2025-02-13 00:00:00
1739419200000,97508.6,97569.4,95794.4,96074.8,12567.7995,2025-02-13 04:00:00
1739433600000,96074.9,96360.6,95540.2,95935.2,9010.44,2025-02-13 08:00:00
1739448000000,95935.1,96500.0,95321.0,95998.2,18668.6194,2025-02-13 12:00:00
1739462400000,95998.2,96375.6,95215.3,95642.5,11863.9022,2025-02-13 16:00:00
1739476800000,95642.4,96781.5,95604.0,96611.0,6174.2689,2025-02-13 20:00:00
1739491200000,96611.0,97208.6,96353.3,97154.9,7761.6494,2025-02-14 00:00:00
1739505600000,97154.9,97246.0,96572.2,96942.1,5661.371,2025-02-14 04:00:00
1739520000000,96942.0,97218.0,96799.8,96897.4,5294.3196,2025-02-14 08:00:00
1739534400000,96897.4,97597.6,96280.0,96940.0,16477.6895,2025-02-14 12:00:00
1739548800000,96939.9,98847.4,96485.5,97949.9,21163.9669,2025-02-14 16:00:00
1739563200000,97950.0,98272.8,96681.5,97500.0,8199.6569,2025-02-14 20:00:00
1739577600000,97500.0,97995.0,97222.0,97661.3,4127.717,2025-02-15 00:00:00
1739592000000,97661.2,97807.2,97364.7,97364.7,2862.0298,2025-02-15 04:00:00
1739606400000,97364.8,97775.5,97303.0,97632.2,3017.0482,2025-02-15 08:00:00
1739620800000,97632.2,97950.0,97420.5,97639.9,5028.1356,2025-02-15 12:00:00
1739635200000,97640.0,97725.0,97321.1,97555.4,3178.8904,2025-02-15 16:00:00
1739649600000,97555.4,97766.0,97426.6,97590.6,2849.0052,2025-02-15 20:00:00
1739664000000,97590.5,97731.8,97408.0,97555.0,3186.021,2025-02-16 00:00:00
1739678400000,97555.0,97687.6,97212.2,97259.1,3651.4024,2025-02-16 04:00:00
1739692800000,97259.2,97420.0,97064.5,97356.0,4415.9057,2025-02-16 08:00:00
1739707200000,97356.0,97356.1,96687.0,96900.0,7185.3923,2025-02-16 12:00:00
1739721600000,96900.0,97174.5,96575.2,97072.5,3968.5225,2025-02-16 16:00:00
1739736000000,97072.4,97344.0,96050.0,96113.5,6527.7669,2025-02-16 20:00:00
1739750400000,96113.5,96639.0,96032.3,96211.1,6929.8713,2025-02-17 00:00:00
1739764800000,96211.1,96469.0,95773.5,96075.0,7908.4384,2025-02-17 04:00:00
1739779200000,96075.0,96400.0,95950.0,96074.7,6947.4827,2025-02-17 08:00:00
1739793600000,96075.7,97051.9,95550.7,95666.2,12968.5745,2025-02-17 12:00:00
1739808000000,95666.2,95945.9,95154.7,95530.4,11255.7557,2025-02-17 16:00:00
1739822400000,95530.4,96418.9,95486.4,95784.0,5443.7382,2025-02-17 20:00:00
1739836800000,95784.1,96326.0,95559.3,96184.2,6093.9917,2025-02-18 00:00:00
1739851200000,96184.2,96301.0,95253.0,95463.9,9091.7828,2025-02-18 04:00:00
1739865600000,95463.9,95888.0,95021.9,95638.6,8032.3408,2025-02-18 08:00:00
1739880000000,95638.6,96767.4,95200.0,95549.9,16708.9871,2025-02-18 12:00:00
1739894400000,95549.9,95648.0,93365.4,94104.1,24879.5395,2025-02-18 16:00:00
1739908800000,94104.2,95674.4,93732.3,95662.3,11879.1281,2025-02-18 20:00:00
1739923200000,95662.3,95979.7,95058.0,95716.6,7896.8813,2025-02-19 00:00:00
1739937600000,95716.7,95850.0,95050.0,95690.0,7326.008,2025-02-19 04:00:00
1739952000000,95690.0,96477.3,95630.1,96439.2,9591.7902,2025-02-19 08:00:00
1739966400000,96439.2,96724.0,95533.3,95937.3,16998.5833,2025-02-19 12:00:00
1739980800000,95937.2,96511.0,95408.9,96197.5,12110.793,2025-02-19 16:00:00
1739995200000,96193.9,96896.2,96050.0,96641.3,6939.1347,2025-02-19 20:00:00
1740009600000,96641.4,97432.0,96413.8,97064.6,8397.6878,2025-02-20 00:00:00
1740024000000,97064.6,97380.8,96759.0,96870.5,6930.9167,2025-02-20 04:00:00
1740038400000,96870.6,97371.0,96803.0,97199.9,5337.1255,2025-02-20 08:00:00
1740052800000,97199.9,98040.2,96768.1,96912.5,20945.4475,2025-02-20 12:00:00
1740067200000,96912.5,98530.0,96874.0,98412.4,16302.7924,2025-02-20 16:00:00
1740081600000,98412.4,98724.9,98011.0,98299.5,5998.4273,2025-02-20 20:00:00
1740096000000,98299.5,98500.0,98062.0,98159.5,4651.6839,2025-02-21 00:00:00
1740110400000,98159.5,98618.4,98130.0,98180.0,4698.6033,2025-02-21 04:00:00
1740124800000,98180.0,98980.3,98101.9,98615.9,11485.6621,2025-02-21 08:00:00
1740139200000,98616.0,99488.0,97180.9,98129.5,38768.6083,2025-02-21 12:00:00
1740153600000,98129.6,98776.0,95187.5,95242.1,36424.6088,2025-02-21 16:00:00
1740168000000,95242.1,96158.5,94840.6,96138.4,16583.0649,2025-02-21 20:00:00
1740182400000,96138.4,96429.2,95743.3,96271.9,6071.806,2025-02-22 00:00:00
1740196800000,96271.8,96568.0,96244.5,96269.9,4298.9334,2025-02-22 04:00:00
1740211200000,96270.0,96599.9,96115.8,96568.8,5375.0409,2025-02-22 08:00:00
1740225600000,96568.9,97000.0,96488.8,96595.2,7276.7788,2025-02-22 12:00:00
1740240000000,96595.3,96839.4,96358.5,96645.1,5515.8202,2025-02-22 16:00:00
1740254400000,96645.1,96714.8,96464.4,96540.1,2140.3291,2025-02-22 20:00:00
1740268800000,96540.1,96643.0,96368.0,96409.7,2435.1834,2025-02-23 00:00:00
1740283200000,96409.7,96560.0,96140.0,96505.1,4587.6389,2025-02-23 04:00:00
1740297600000,96505.0,96505.1,96081.6,96118.1,3574.3103,2025-02-23 08:00:00
1740312000000,96118.0,96170.6,95401.9,95446.5,9690.8395,2025-02-23 12:00:00
1740326400000,95446.4,95907.2,95260.0,95756.5,5299.1582,2025-02-23 16:00:00
1740340800000,95756.6,96340.2,95539.0,96268.1,4792.477,2025-02-23 20:00:00
1740355200000,96268.2,96532.0,95305.6,95439.3,9804.7749,2025-02-24 00:00:00
1740369600000,95439.3,95963.4,95028.0,95877.0,8544.0509,2025-02-24 04:00:00
1740384000000,95877.1,96180.0,95343.7,95830.0,9956.8387,2025-02-24 08:00:00
1740398400000,95830.1,96100.0,93813.8,94329.1,26605.0076,2025-02-24 12:00:00
1740412800000,94329.0,95192.8,93654.8,93946.3,18255.475,2025-02-24 16:00:00
1740427200000,93949.3,94592.5,91324.4,91550.1,26633.8272,2025-02-24 20:00:00
1740441600000,91550.1,92543.0,90866.1,92159.7,22255.7033,2025-02-25 00:00:00
1740456000000,92159.7,92318.2,88181.2,89310.1,38507.7977,2025-02-25 04:00:00
1740470400000,89310.1,89999.0,86866.9,89250.0,45932.3501,2025-02-25 08:00:00
1740484800000,89250.0,89567.8,86042.0,87238.9,49059.8765,2025-02-25 12:00:00
1740499200000,87239.0,88076.0,86157.3,87950.0,32737.7378,2025-02-25 16:00:00
1740513600000,87949.9,89462.8,87626.0,88676.4,19647.0862,2025-02-25 20:00:00
1740528000000,88676.4,89400.0,88143.0,88886.1,10162.3839,2025-02-26 00:00:00
1740542400000,88886.0,89250.0,88388.0,88718.5,8117.6133,2025-02-26 04:00:00
1740556800000,88718.6,89308.9,88127.0,88608.3,11116.9196,2025-02-26 08:00:00
1740571200000,88608.4,88677.6,85400.1,87561.9,49270.3356,2025-02-26 12:00:00
1740585600000,87561.9,87809.6,83355.9,83860.0,60481.0457,2025-02-26 16:00:00
1740600000000,83860.1,85408.7,82228.0,84245.5,39562.7983,2025-02-26 20:00:00
1740614400000,84245.5,85465.9,84026.2,85210.9,16919.4721,2025-02-27 00:00:00
1740628800000,85210.8,86729.9,84686.0,86261.9,15500.9334,2025-02-27 04:00:00
1740643200000,86261.9,87097.0,85854.9,86685.7,13879.3471,2025-02-27 08:00:00
1740657600000,86685.8,86780.0,84652.6,85514.1,31141.1063,2025-02-27 12:00:00
1740672000000,85514.1,85710.0,83618.9,84126.1,22367.2333,2025-02-27 16:00:00
1740686400000,84126.0,84921.0,82706.8,84701.5,19617.1678,2025-02-27 20:00:00
1740700800000,84701.6,84893.0,79500.0,80451.8,67071.6301,2025-02-28 00:00:00
1740715200000,80451.8,80985.3,78831.1,79204.0,48763.8941,2025-02-28 04:00:00
1740729600000,79204.1,80842.1,78234.0,80515.9,36796.143,2025-02-28 08:00:00
1740744000000,80515.9,84427.4,80049.4,83989.0,47227.5814,2025-02-28 12:00:00
1740758400000,83988.8,85130.0,83175.0,84432.8,30324.0927,2025-02-28 16:00:00
1740772800000,84432.8,84788.0,83580.0,84352.5,9805.1536,2025-02-28 20:00:00
1740787200000,84352.5,85686.3,83806.4,85316.3,15539.2975,2025-03-01 00:00:00
1740801600000,85316.3,86555.0,84729.0,84744.1,17877.9268,2025-03-01 04:00:00
1740816000000,84744.0,85499.0,84360.2,84626.9,11754.7505,2025-03-01 08:00:00
1740830400000,84626.9,84945.4,84311.0,84787.1,8818.631,2025-03-01 12:00:00
1740844800000,84787.0,85615.6,84682.3,85480.9,7347.327,2025-03-01 16:00:00
1740859200000,85480.8,86299.7,85273.0,86056.9,6267.3632,2025-03-01 20:00:00
1740873600000,86056.9,86495.6,85605.7,85858.1,8783.3139,2025-03-02 00:00:00
1740888000000,85858.0,86643.2,85534.7,86224.2,7824.8769,2025-03-02 04:00:00
1740902400000,86224.2,86256.0,85660.0,86089.2,6425.5551,2025-03-02 08:00:00
1740916800000,86089.2,88688.0,85042.8,87432.5,34765.6168,2025-03-02 12:00:00
1740931200000,87432.6,95050.0,87300.0,93519.3,88563.5615,2025-03-02 16:00:00
1740945600000,93519.3,94874.3,93515.0,94283.1,16794.858,2025-03-02 20:00:00
1740960000000,94282.9,94439.9,92438.0,92717.8,16912.0921,2025-03-03 00:00:00
1740974400000,92717.9,93350.0,91179.0,92380.0,19008.9405,2025-03-03 04:00:00
1740988800000,92382.9,92932.0,91147.3,92736.6,16585.6523,2025-03-03 08:00:00
1741003200000,92736.6,93719.1,89118.0,90036.8,54849.1019,2025-03-03 12:00:00
1741017600000,90036.8,91038.5,85509.5,85591.7,49163.1405,2025-03-03 16:00:00
1741032000000,85586.8,87030.1,85112.0,86227.8,25351.9391,2025-03-03 20:00:00
1741046400000,86227.8,86799.2,82467.7,83983.8,38020.1241,2025-03-04 00:00:00
1741060800000,83983.8,84601.0,83138.4,83196.4,14628.424,2025-03-04 04:00:00
1741075200000,83196.4,84364.8,83027.8,83926.2,13122.0944,2025-03-04 08:00:00
1741089600000,83926.3,84994.8,81488.0,82977.9,56557.3741,2025-03-04 12:00:00
1741104000000,82977.9,88500.0,82002.9,88200.1,44991.3079,2025-03-04 16:00:00
1741118400000,88200.1,88955.0,86563.3,87280.8,22441.332,2025-03-04 20:00:00
1741132800000,87280.7,87903.2,86355.7,86855.9,13430.3423,2025-03-05 00:00:00
1741147200000,86855.9,87732.8,86735.0,87618.0,7799.0454,2025-03-05 04:00:00
1741161600000,87618.0,90655.1,87588.6,89807.5,24717.2192,2025-03-05 08:00:00
1741176000000,89807.5,90944.9,87920.1,88342.1,43647.6499,2025-03-05 12:00:00
1741190400000,88342.0,90482.4,87588.0,89744.0,29196.7176,2025-03-05 16:00:00
1741204800000,89743.9,91068.6,89680.0,90610.9,9623.9409,2025-03-05 20:00:00
1741219200000,90611.0,92069.7,89980.0,91622.9,18756.4644,2025-03-06 00:00:00
1741233600000,91622.9,92845.3,91275.4,91360.1,16290.4504,2025-03-06 04:00:00
1741248000000,91360.0,91686.0,90612.3,91347.9,15638.1359,2025-03-06 08:00:00
1741262400000,91348.0,91467.9,89107.2,90825.9,37771.9046,2025-03-06 12:00:00
1741276800000,90826.0,91074.5,87833.0,88529.1,32303.2946,2025-03-06 16:00:00
1741291200000,88529.1,90784.8,88455.7,89933.7,17009.2135,2025-03-06 20:00:00
1741305600000,89933.7,91304.7,84628.0,86989.4,60025.5664,2025-03-07 00:00:00
1741320000000,86989.4,88626.0,86834.0,88362.3,11814.9886,2025-03-07 04:00:00
1741334400000,88362.4,89730.0,87977.9,88979.9,12735.0949,2025-03-07 08:00:00
1741348800000,88979.8,91129.7,88020.0,88470.7,52012.8928,2025-03-07 12:00:00
1741363200000,88470.6,89087.3,86513.2,87832.0,45818.6532,2025-03-07 16:00:00
1741377600000,87832.0,88533.0,85558.0,86784.9,30411.4983,2025-03-07 20:00:00
1741392000000,86784.9,86907.4,85210.0,85908.0,11206.88,2025-03-08 00:00:00
1741406400000,85908.1,86673.7,85650.8,86188.8,8104.6668,2025-03-08 04:00:00
1741420800000,86188.7,86472.6,85746.1,85962.1,7495.5885,2025-03-08 08:00:00
1741435200000,85962.1,86636.0,85801.1,86401.8,7710.3683,2025-03-08 12:00:00
1741449600000,86401.9,86521.0,85660.3,86242.0,7895.1265,2025-03-08 16:00:00
1741464000000,86241.9,86511.4,85836.2,86239.3,4435.1632,2025-03-08 20:00:00
1741478400000,86239.4,86520.0,85952.4,86117.5,4132.1235,2025-03-09 00:00:00
1741492800000,86117.5,86175.2,85792.5,86016.9,4366.3933,2025-03-09 04:00:00
1741507200000,86016.9,86120.0,84609.8,85018.0,13516.1254,2025-03-09 08:00:00
1741521600000,85018.0,85063.9,82733.0,83062.2,27008.164,2025-03-09 12:00:00
1741536000000,83062.2,83771.0,82210.9,82631.8,25319.2387,2025-03-09 16:00:00
1741550400000,82631.8,83575.5,79940.0,80734.3,25818.4218,2025-03-09 20:00:00
1741564800000,80734.3,82742.2,80023.2,82042.1,22294.9529,2025-03-10 00:00:00
1741579200000,82042.1,82799.0,81976.0,82316.1,8395.5032,2025-03-10 04:00:00
1741593600000,82316.1,84084.5,81143.8,83580.0,33015.3434,2025-03-10 08:00:00
1741608000000,83579.9,83776.0,79142.6,80038.0,53766.1611,2025-03-10 12:00:00
1741622400000,80038.1,80250.0,77450.0,79071.9,47364.6471,2025-03-10 16:00:00
1741636800000,79075.1,79886.5,78410.6,78596.8,15304.5295,2025-03-10 20:00:00
1741651200000,78596.8,79945.9,76600.0,79518.4,36373.2228,2025-03-11 00:00:00
1741665600000,79518.4,80626.1,79438.0,80428.2,14684.4731,2025-03-11 04:00:00
1741680000000,80428.2,82107.3,80325.9,81720.2,19121.6715,2025-03-11 08:00:00
1741694400000,81720.1,82284.5,79058.0,81218.1,63570.598,2025-03-11 12:00:00
1741708800000,81218.2,83632.2,80635.5,83103.3,32472.1337,2025-03-11 16:00:00
1741723200000,83107.6,83327.5,82556.8,82944.2,8114.8039,2025-03-11 20:00:00
1741737600000,82944.1,83786.0,82104.0,82130.1,15086.026,2025-03-12 00:00:00
1741752000000,82130.2,82546.8,81286.2,82434.9,16092.8559,2025-03-12 04:00:00
1741766400000,82435.0,83082.2,82012.8,83007.0,16838.7525,2025-03-12 08:00:00
1741780800000,83007.0,84547.4,80600.0,81729.6,52823.5329,2025-03-12 12:00:00
1741795200000,81729.6,83158.0,81616.0,82918.5,20664.5677,2025-03-12 16:00:00
1741809600000,82919.1,83895.6,82706.0,83692.1,7176.3464,2025-03-12 20:00:00
1741824000000,83692.0,84345.0,83310.0,83578.8,11520.6305,2025-03-13 00:00:00
1741838400000,83578.8,83708.2,82857.0,83166.8,12726.5477,2025-03-13 04:00:00
1741852800000,83166.9,83535.2,82376.4,82971.9,16031.4131,2025-03-13 08:00:00
1741867200000,82970.3,83888.0,80959.4,81045.2,37035.0145,2025-03-13 12:00:00
1741881600000,81045.2,81268.5,79934.5,80214.0,25275.6315,2025-03-13 16:00:00
1741896000000,80212.6,81486.7,80196.1,81121.9,7970.9801,2025-03-13 20:00:00
1741910400000,81121.9,82274.4,80816.0,81899.8,11766.9958,2025-03-14 00:00:00
1741924800000,81899.9,82472.7,81778.9,82161.6,9111.1058,2025-03-14 04:00:00
1741939200000,82161.7,83365.0,82159.9,83255.0,14475.7604,2025-03-14 08:00:00
1741953600000,83255.0,85317.1,82636.8,84744.1,42915.9973,2025-03-14 12:00:00
1741968000000,84744.0,84976.1,83957.4,84559.8,18740.9407,2025-03-14 16:00:00
1741982400000,84557.9,84559.8,83720.0,83988.0,7733.033,2025-03-14 20:00:00
1741996800000,83988.0,84677.4,83974.0,84485.6,7077.7916,2025-03-15 00:00:00
1742011200000,84485.5,84550.0,83810.0,83833.3,6588.0187,2025-03-15 04:00:00
1742025600000,83833.4,84200.0,83610.7,84105.2,8698.7152,2025-03-15 08:00:00
1742040000000,84105.1,84476.6,84002.5,84327.5,7817.686,2025-03-15 12:00:00
1742054400000,84327.5,84500.0,84108.7,84305.5,5215.2238,2025-03-15 16:00:00
1742068800000,84305.4,84465.7,84241.6,84344.0,3275.0139,2025-03-15 20:00:00
1742083200000,84344.1,84399.0,83750.0,84336.2,6697.3594,2025-03-16 00:00:00
1742097600000,84336.2,84421.0,83960.0,84273.3,5742.6901,2025-03-16 04:00:00
1742112000000,84273.4,84335.0,82360.6,82409.8,17670.7215,2025-03-16 08:00:00
1742126400000,82410.7,83492.0,82398.7,83312.1,17569.2618,2025-03-16 12:00:00
1742140800000,83312.1,85167.9,82540.1,83106.2,25880.4816,2025-03-16 16:00:00
1742155200000,83106.2,83465.3,81980.8,82576.0,11140.9922,2025-03-16 20:00:00
1742169600000,82576.1,83731.4,82521.1,83672.0,10144.8932,2025-03-17 00:00:00
1742184000000,83672.1,83876.8,82666.1,83560.1,11524.2411,2025-03-17 04:00:00
1742198400000,83560.0,83781.7,83207.7,83504.6,8415.6221,2025-03-17 08:00:00
1742212800000,83504.5,84034.4,82444.0,83531.1,31205.3759,2025-03-17 12:00:00
1742227200000,83531.0,84768.6,83055.6,84475.8,18180.1666,2025-03-17 16:00:00
1742241600000,84475.9,84499.3,83741.9,83994.1,7249.3475,2025-03-17 20:00:00
1742256000000,83994.0,84017.7,82942.5,83146.8,11880.3747,2025-03-18 00:00:00
1742270400000,83146.7,83288.5,82234.9,83155.2,16932.0399,2025-03-18 04:00:00
1742284800000,83155.1,83454.0,82506.0,82590.0,10012.8629,2025-03-18 08:00:00
1742299200000,82590.1,82830.0,81124.9,81600.1,28982.1688,2025-03-18 12:00:00
1742313600000,81600.1,82473.9,81230.5,82308.1,15134.6204,2025-03-18 16:00:00
1742328000000,82308.1,82811.7,81862.3,82707.3,6638.361,2025-03-18 20:00:00
1742342400000,82707.4,83240.0,82530.0,83032.0,10347.4945,2025-03-19 00:00:00
1742356800000,83032.0,83355.0,82790.0,83198.4,7414.9582,2025-03-19 04:00:00
1742371200000,83198.5,84134.3,83178.5,83877.9,13919.1144,2025-03-19 08:00:00
1742385600000,83877.9,84899.0,83499.9,84737.9,22571.2738,2025-03-19 12:00:00
1742400000000,84738.0,85959.0,83552.0,85437.4,41749.6484,2025-03-19 16:00:00
1742414400000,85430.2,87058.8,85210.0,86847.4,15654.9243,2025-03-19 20:00:00
1742428800000,86847.5,87467.2,85620.0,85894.3,18249.764,2025-03-20 00:00:00
1742443200000,85894.4,86030.9,85377.3,85812.4,8946.5647,2025-03-20 04:00:00
1742457600000,85812.4,86341.4,84735.0,85493.6,16676.0032,2025-03-20 08:00:00
1742472000000,85493.6,86547.0,84561.0,84677.5,27183.3437,2025-03-20 12:00:00
1742486400000,84677.5,84915.8,83638.1,84164.2,24250.1399,2025-03-20 16:00:00
1742500800000,84164.1,84600.0,83925.2,84223.5,7318.4057,2025-03-20 20:00:00
1742515200000,84223.4,84850.0,84168.0,84447.7,7356.9751,2025-03-21 00:00:00
1742529600000,84447.6,84800.0,83722.7,83944.8,9700.0786,2025-03-21 04:00:00
1742544000000,83944.1,84350.0,83725.9,84051.5,9044.7672,2025-03-21 08:00:00
1742558400000,84051.4,84399.1,83171.0,83571.9,24865.311,2025-03-21 12:00:00
1742572800000,83571.9,84432.0,83370.0,83956.2,11670.9616,2025-03-21 16:00:00
1742587200000,83956.2,84579.9,83802.2,84087.4,4578.2583,2025-03-21 20:00:00
1742601600000,84087.3,84321.8,83962.4,84257.9,3944.5304,2025-03-22 00:00:00
1742616000000,84257.9,84430.0,84158.4,84277.9,3551.7818,2025-03-22 04:00:00
1742630400000,84278.0,84548.0,84115.1,84230.5,5323.6428,2025-03-22 08:00:00
1742644800000,84230.5,84299.8,83968.1,84109.9,3748.5774,2025-03-22 12:00:00
1742659200000,84109.9,84330.6,84062.3,84176.3,2870.1531,2025-03-22 16:00:00
1742673600000,84176.3,84212.5,83650.1,83850.5,3867.6206,2025-03-22 20:00:00
1742688000000,83850.4,84302.5,83802.2,84233.9,3718.239,2025-03-23 00:00:00
1742702400000,84233.9,84327.5,84060.9,84268.2,3567.9074,2025-03-23 04:00:00
1742716800000,84268.2,85085.4,84228.8,84691.9,9244.0597,2025-03-23 08:00:00
1742731200000,84692.0,85271.2,84569.2,85195.9,11506.1345,2025-03-23 12:00:00
1742745600000,85196.0,85428.0,84801.1,85019.6,8290.6098,2025-03-23 16:00:00
1742760000000,85019.5,86147.7,84910.0,86081.2,8272.247,2025-03-23 20:00:00
1742774400000,86081.2,86645.1,85529.4,86533.6,15291.7986,2025-03-24 00:00:00
1742788800000,86533.6,87297.6,86533.5,86879.3,15580.9803,2025-03-24 04:00:00
1742803200000,86879.2,87900.0,86862.9,87677.6,15414.2789,2025-03-24 08:00:00
1742817600000,87677.6,88794.6,87132.8,88322.2,25337.5427,2025-03-24 12:00:00
1742832000000,88322.1,88557.0,87677.0,88215.0,13919.9157,2025-03-24 16:00:00
1742846400000,88214.9,88480.4,87044.6,87506.9,12966.5844,2025-03-24 20:00:00
1742860800000,87506.8,87688.0,86323.6,86526.0,12827.0711,2025-03-25 00:00:00
1742875200000,86526.0,86895.8,86306.5,86461.4,10887.2469,2025-03-25 04:00:00
1742889600000,86461.3,87489.0,86420.0,87368.0,11472.2616,2025-03-25 08:00:00
1742904000000,87368.0,88269.2,86919.0,87770.2,23572.7374,2025-03-25 12:00:00
1742918400000,87770.2,88343.0,87578.4,88116.0,12461.7851,2025-03-25 16:00:00
1742932800000,88116.1,88555.0,87138.2,87420.8,13330.5982,2025-03-25 20:00:00
1742947200000,87420.8,87939.9,87022.0,87154.0,9969.0374,2025-03-26 00:00:00
1742961600000,87154.0,88296.0,87043.8,88134.5,12731.9003,2025-03-26 04:00:00
1742976000000,88134.5,88276.8,87826.0,87954.2,8587.0627,2025-03-26 08:00:00
1742990400000,87954.2,88022.6,86435.0,86738.5,30839.2374,2025-03-26 12:00:00
1743004800000,86738.1,87057.7,85837.3,86550.6,17350.7504,2025-03-26 16:00:00
1743019200000,86550.6,87398.0,86503.2,86919.0,11907.4051,2025-03-26 20:00:00
1743033600000,86918.9,87749.5,86800.0,87665.5,8839.7688,2025-03-27 00:00:00
1743048000000,87665.5,87682.0,87250.0,87404.6,6008.6467,2025-03-27 04:00:00
1743062400000,87404.5,87600.0,86781.9,86949.9,9058.7124,2025-03-27 08:00:00
1743076800000,86949.9,87579.0,85800.0,86961.7,39053.4347,2025-03-27 12:00:00
1743091200000,86961.6,87421.3,86773.8,87059.1,10753.4527,2025-03-27 16:00:00
1743105600000,87059.1,87747.4,86920.9,87218.3,6068.2004,2025-03-27 20:00:00
1743120000000,87218.4,87508.7,86743.9,86789.0,9043.3506,2025-03-28 00:00:00
1743134400000,86789.0,86834.3,85167.0,85216.4,28713.9617,2025-03-28 04:00:00
1743148800000,85216.4,85443.8,84800.1,85250.1,16591.3164,2025-03-28 08:00:00
1743163200000,85250.0,85642.8,83950.1,84044.2,32766.4657,2025-03-28 12:00:00
1743177600000,84044.2,84217.5,83562.9,83798.4,16056.3201,2025-03-28 16:00:00
1743192000000,83798.4,84533.3,83688.0,84429.1,8026.2576,2025-03-28 20:00:00
1743206400000,84429.1,84623.2,83700.0,84160.0,8406.6734,2025-03-29 00:00:00
1743220800000,84160.0,84278.7,83659.3,83738.1,6512.237,2025-03-29 04:00:00
1743235200000,83738.1,83957.9,82010.0,82294.0,23595.8817,2025-03-29 08:00:00
1743249600000,82294.0,82874.3,82138.1,82415.1,11115.7175,2025-03-29 12:00:00
1743264000000,82415.1,82780.5,81626.1,82777.5,16903.5645,2025-03-29 16:00:00
1743278400000,82777.5,82800.0,82266.2,82650.6,4564.2398,2025-03-29 20:00:00
1743292800000,82650.6,83513.4,82500.0,83077.1,11627.3152,2025-03-30 00:00:00
1743307200000,83077.2,83332.5,82853.1,83083.6,7226.0503,2025-03-30 04:00:00
1743321600000,83083.6,83545.3,82957.0,83126.0,9427.3562,2025-03-30 08:00:00
1743336000000,83126.0,83281.5,82503.8,82736.0,11696.9217,2025-03-30 12:00:00
1743350400000,82736.0,82908.4,82044.0,82546.2,9270.7075,2025-03-30 16:00:00
1743364800000,82546.2,82762.4,81558.3,82403.4,10497.5015,2025-03-30 20:00:00
1743379200000,82403.5,82465.4,81260.9,81540.3,14179.6359,2025-03-31 00:00:00
1743393600000,81540.3,82306.0,81405.3,81949.9,8747.7345,2025-03-31 04:00:00
1743408000000,81949.8,82287.3,81288.8,82215.2,13969.4,2025-03-31 08:00:00
1743422400000,82215.1,83943.6,81656.0,83427.3,38434.861,2025-03-31 12:00:00
1743436800000,83427.3,83700.0,82385.0,82460.0,13695.8223,2025-03-31 16:00:00
1743451200000,82460.0,82887.6,82268.0,82556.6,8150.8474,2025-03-31 20:00:00
1743465600000,82556.6,83250.0,82433.0,82956.5,8305.1492,2025-04-01 00:00:00
1743480000000,82956.5,83610.4,82880.0,83457.4,8488.1158,2025-04-01 04:00:00
1743494400000,83457.4,84517.5,83436.0,83932.9,19471.9136,2025-04-01 08:00:00
1743508800000,83932.9,85515.4,82550.0,85295.6,41882.3099,2025-04-01 12:00:00
1743523200000,85295.7,85504.4,84719.1,84966.1,15621.0432,2025-04-01 16:00:00
1743537600000,84966.0,85587.7,84777.6,85162.6,6679.3881,2025-04-01 20:00:00
1743552000000,85162.6,85266.0,84504.0,84555.0,9917.951,2025-04-02 00:00:00
1743566400000,84555.1,84732.4,83888.0,84433.9,13249.8522,2025-04-02 04:00:00
1743580800000,84433.9,85466.0,84266.5,84573.7,14404.2949,2025-04-02 08:00:00
1743595200000,84573.7,87357.0,84449.2,86772.1,51776.8363,2025-04-02 12:00:00
1743609600000,86772.0,87375.2,86182.0,86910.1,22772.2849,2025-04-02 16:00:00
1743624000000,86910.0,88547.4,82325.4,82513.5,70485.7402,2025-04-02 20:00:00
1743638400000,82513.5,83933.5,82164.1,83477.1,21051.8081,2025-04-03 00:00:00
1743652800000,83477.1,83740.3,83006.8,83459.8,10408.8235,2025-04-03 04:00:00
1743667200000,83459.8,83800.0,83050.0,83101.1,10374.8569,2025-04-03 08:00:00
1743681600000,83101.0,83158.4,81168.2,82047.9,42744.8637,2025-04-03 12:00:00
1743696000000,82048.0,82468.8,81540.0,82022.9,16832.9234,2025-04-03 16:00:00
1743710400000,82026.2,83333.0,81802.1,83223.5,9764.8333,2025-04-03 20:00:00
1743724800000,83224.5,83412.9,82580.5,82832.2,9902.1511,2025-04-04 00:00:00
1743739200000,82832.3,84050.0,82612.1,84001.3,12725.4775,2025-04-04 04:00:00
1743753600000,84001.4,84750.0,81668.8,82676.3,40919.6794,2025-04-04 08:00:00
1743768000000,82676.3,83720.2,81850.0,82867.3,55376.3462,2025-04-04 12:00:00
1743782400000,82867.3,84627.9,82725.9,84007.9,30722.5379,2025-04-04 16:00:00
1743796800000,84007.8,84474.9,83476.5,83900.0,7491.8139,2025-04-04 20:00:00
1743811200000,83900.0,84280.8,83400.0,83640.1,6890.9324,2025-04-05 00:00:00
1743825600000,83640.0,83876.8,83348.9,83532.7,5545.1399,2025-04-05 04:00:00
1743840000000,83532.7,83916.0,83369.0,83478.0,6277.8354,2025-04-05 08:00:00
1743854400000,83478.0,83572.0,82376.1,82620.0,15602.5685,2025-04-05 12:00:00
1743868800000,82620.0,83154.8,82604.1,82867.4,5724.5486,2025-04-05 16:00:00
1743883200000,82867.5,83685.7,82829.4,83536.7,5970.3083,2025-04-05 20:00:00
1743897600000,83536.7,83800.0,83156.0,83346.8,6736.8419,2025-04-06 00:00:00
1743912000000,83346.8,83542.4,83029.1,83030.0,6534.4183,2025-04-06 04:00:00
1743926400000,83030.1,83178.2,82673.9,82857.7,8052.0896,2025-04-06 08:00:00
1743940800000,82857.7,82990.1,82214.6,82545.0,14181.5424,2025-04-06 12:00:00
1743955200000,82545.1,82561.1,78669.9,79611.3,50128.7072,2025-04-06 16:00:00
1743969600000,79611.3,79886.0,77141.8,78419.9,46266.3407,2025-04-06 20:00:00
1743984000000,78420.0,79333.0,77355.0,77693.0,32949.2859,2025-04-07 00:00:00
1743998400000,77693.0,77982.1,74505.2,75119.5,58596.3306,2025-04-07 04:00:00
1744012800000,75119.6,77575.4,75090.0,76690.0,40906.4688,2025-04-07 08:00:00
1744027200000,76690.1,81233.5,75783.9,78480.1,127246.573,2025-04-07 12:00:00
1744041600000,78480.0,79380.9,77298.9,78123.0,43415.9548,2025-04-07 16:00:00
1744056000000,78123.5,80210.0,78092.4,79180.1,14008.4276,2025-04-07 20:00:00
1744070400000,79180.2,80866.7,78787.2,79900.0,21376.2663,2025-04-08 00:00:00
1744084800000,79900.0,80413.8,79212.0,79494.2,14203.9445,2025-04-08 04:00:00
1744099200000,79494.1,80078.7,78805.5,79988.0,16210.5055,2025-04-08 08:00:00
1744113600000,79987.9,80393.4,78162.0,78500.0,43287.9161,2025-04-08 12:00:00
1744128000000,78500.0,78529.7,76370.0,76868.0,46477.5002,2025-04-08 16:00:00
1744142400000,76868.1,77293.6,76245.9,76332.0,14727.7987,2025-04-08 20:00:00
1744156800000,76331.9,76889.5,74612.2,75073.3,37262.293,2025-04-09 00:00:00
1744171200000,75073.0,77935.0,75000.0,77678.4,34391.446,2025-04-09 04:00:00
1744185600000,77678.4,77860.0,75753.9,76244.0,31889.7985,2025-04-09 08:00:00
1744200000000,76244.1,78332.6,76019.0,77272.0,45178.2902,2025-04-09 12:00:00
1744214400000,77272.0,82999.9,77146.8,82330.1,90779.6541,2025-04-09 16:00:00
1744228800000,82332.4,83600.7,82004.3,82634.8,20640.7124,2025-04-09 20:00:00
1744243200000,82634.8,82758.8,81470.1,81780.0,16056.0727,2025-04-10 00:00:00
1744257600000,81779.9,82349.7,81300.0,81599.8,14699.9424,2025-04-10 04:00:00
1744272000000,81599.9,82128.0,81350.0,81878.1,13645.2211,2025-04-10 08:00:00
1744286400000,81878.0,82600.0,78602.7,78768.1,64767.6801,2025-04-10 12:00:00
1744300800000,78768.0,80063.9,78460.8,79639.9,35966.3418,2025-04-10 16:00:00
1744315200000,79635.4,80031.6,79385.8,79606.0,9081.0136,2025-04-10 20:00:00
1744329600000,79606.0,80922.9,78960.0,80847.5,19596.7631,2025-04-11 00:00:00
1744344000000,80847.5,81460.0,80510.0,81258.0,17524.3404,2025-04-11 04:00:00
1744358400000,81258.0,82978.0,80780.0,82153.2,34092.3211,2025-04-11 08:00:00
1744372800000,82153.1,83350.0,81343.2,82532.5,42943.4989,2025-04-11 12:00:00
1744387200000,82532.5,84248.9,82014.6,83856.2,26041.5265,2025-04-11 16:00:00
1744401600000,83856.1,84361.4,83080.2,83422.0,9113.9679,2025-04-11 20:00:00
1744416000000,83422.0,83582.9,82770.3,82971.9,8882.6107,2025-04-12 00:00:00
1744430400000,82972.0,83831.4,82850.0,83714.7,11244.7082,2025-04-12 04:00:00
1744444800000,83714.7,84042.7,83304.0,83528.1,10008.2157,2025-04-12 08:00:00
1744459200000,83528.1,85419.9,83479.5,85005.4,29242.6378,2025-04-12 12:00:00
1744473600000,85005.4,85271.2,84428.3,84948.4,10363.586,2025-04-12 16:00:00
1744488000000,84948.5,85917.7,84880.7,85272.7,9041.5799,2025-04-12 20:00:00
1744502400000,85272.8,86147.9,84668.3,85416.1,15790.1778,2025-04-13 00:00:00
1744516800000,85416.1,85428.8,84384.3,84409.9,12393.1885,2025-04-13 04:00:00
1744531200000,84409.9,84957.2,84163.5,84522.5,12812.0347,2025-04-13 08:00:00
1744545600000,84522.4,84705.5,83460.0,83861.8,21302.4887,2025-04-13 12:00:00
1744560000000,83861.8,85062.6,83019.0,83993.1,30417.6782,2025-04-13 16:00:00
1744574400000,83993.1,84447.2,83040.5,83765.0,15999.8158,2025-04-13 20:00:00
1744588800000,83765.0,85554.9,83684.4,84574.6,23840.6817,2025-04-14 00:00:00
1744603200000,84574.5,85118.0,84220.0,84590.0,10896.6814,2025-04-14 04:00:00
1744617600000,84590.1,84974.9,84260.0,84929.9,11629.3072,2025-04-14 08:00:00
1744632000000,84929.9,85819.7,83695.8,84100.7,40674.2702,2025-04-14 12:00:00
1744646400000,84100.7,85210.0,83850.4,84908.4,15751.3121,2025-04-14 16:00:00
1744660800000,84908.5,84974.9,84411.4,84579.9,5540.7877,2025-04-14 20:00:00
1744675200000,84580.0,85430.0,84333.4,85392.3,11858.2779,2025-04-15 00:00:00
1744689600000,85392.3,85897.9,85163.0,85743.1,13522.3593,2025-04-15 04:00:00
1744704000000,85743.0,86061.6,85332.1,85590.1,15785.8886,2025-04-15 08:00:00
1744718400000,85590.1,86478.0,84625.0,84922.7,34556.9531,2025-04-15 12:00:00
1744732800000,84922.6,85146.4,83888.0,83974.7,14323.2525,2025-04-15 16:00:00
1744747200000,83974.7,84236.2,83588.1,83649.6,9133.7617,2025-04-15 20:00:00
1744761600000,83649.6,83949.8,83101.4,83690.1,13658.3159,2025-04-16 00:00:00
1744776000000,83690.0,83820.0,83217.5,83363.1,10372.627,2025-04-16 04:00:00
1744790400000,83363.2,84134.9,83124.9,84044.4,15164.0581,2025-04-16 08:00:00
1744804800000,84044.8,85286.1,83481.5,84854.6,24612.3706,2025-04-16 12:00:00
1744819200000,84854.6,85588.0,83266.2,84335.5,31039.6831,2025-04-16 16:00:00
1744833600000,84335.5,84683.9,84031.3,84034.1,6481.1273,2025-04-16 20:00:00
1744848000000,84034.1,84496.0,83790.0,83992.7,9013.1365,2025-04-17 00:00:00
1744862400000,83992.8,85063.5,83891.4,84681.7,12122.1275,2025-04-17 04:00:00
1744876800000,84681.7,84771.6,84183.2,84580.0,8058.3462,2025-04-17 08:00:00
1744891200000,84580.0,84874.0,83703.0,84541.9,21843.6703,2025-04-17 12:00:00
1744905600000,84542.0,85488.0,84404.9,84840.9,21230.7241,2025-04-17 16:00:00
1744920000000,84840.7,85141.0,84727.5,84949.9,4709.7286,2025-04-17 20:00:00
1744934400000,84949.9,85149.1,84728.0,84834.2,4985.0172,2025-04-18 00:00:00
1744948800000,84834.1,84853.2,84416.0,84670.2,6768.658,2025-04-18 04:00:00
1744963200000,84670.1,84778.5,84481.3,84679.0,4458.068,2025-04-18 08:00:00
1744977600000,84679.0,84770.0,84314.5,84372.8,7509.076,2025-04-18 12:00:00
1744992000000,84372.8,84657.9,84270.2,84579.0,4997.957,2025-04-18 16:00:00
1745006400000,84578.9,84710.7,84340.0,84467.8,3120.5692,2025-04-18 20:00:00
1745020800000,84467.8,84988.7,84370.0,84884.5,5969.1607,2025-04-19 00:00:00
1745035200000,84884.4,85274.6,84879.7,85223.6,9565.3791,2025-04-19 04:00:00
1745049600000,85223.5,85456.4,85100.0,85230.9,8506.4589,2025-04-19 08:00:00
1745064000000,85230.8,85700.0,85066.0,85186.6,8309.1639,2025-04-19 12:00:00
1745078400000,85186.7,85350.2,84710.0,85106.9,9240.2769,2025-04-19 16:00:00
1745092800000,85106.9,85390.0,85020.0,85091.6,2429.2952,2025-04-19 20:00:00
1745107200000,85091.6,85338.1,85049.5,85163.0,3128.1263,2025-04-20 00:00:00
1745121600000,85163.0,85250.0,84668.7,84780.7,8014.9217,2025-04-20 04:00:00
1745136000000,84780.7,84799.4,83935.4,84133.1,12093.2208,2025-04-20 08:00:00
1745150400000,84133.2,84677.0,84100.0,84352.2,9608.1163,2025-04-20 12:00:00
1745164800000,84352.1,84670.0,84280.0,84650.0,4078.9426,2025-04-20 16:00:00
1745179200000,84650.1,85309.3,84618.0,85193.1,11601.5185,2025-04-20 20:00:00
1745193600000,85193.1,87679.7,85151.5,87216.8,36770.1352,2025-04-21 00:00:00
1745208000000,87216.7,87756.0,87060.0,87452.3,10006.5711,2025-04-21 04:00:00
1745222400000,87452.3,87799.9,86650.0,86970.1,13861.1489,2025-04-21 08:00:00
1745236800000,86970.1,88474.3,86790.1,88039.2,36927.9686,2025-04-21 12:00:00
1745251200000,88039.2,88253.0,86377.0,87400.1,28021.9152,2025-04-21 16:00:00
1745265600000,87400.1,87628.0,86813.3,87505.0,7732.7337,2025-04-21 20:00:00
1745280000000,87505.1,88888.0,87050.0,88162.6,25710.9224,2025-04-22 00:00:00
1745294400000,88162.7,88512.3,87964.0,88487.9,11464.5652,2025-04-22 04:00:00
1745308800000,88487.8,88699.9,88234.6,88621.1,9272.5917,2025-04-22 08:00:00
1745323200000,88621.1,91458.7,88478.8,90931.8,60113.1665,2025-04-22 12:00:00
1745337600000,90931.8,91720.9,90626.8,91405.6,21341.0454,2025-04-22 16:00:00
1745352000000,91405.7,94180.0,91042.2,93461.2,36238.1034,2025-04-22 20:00:00
1745366400000,93462.0,93929.7,92608.6,93183.8,17403.105,2025-04-23 00:00:00
1745380800000,93183.8,94350.0,93022.4,94144.9,17332.9674,2025-04-23 04:00:00
1745395200000,94144.9,94555.0,93340.0,93484.0,17703.8483,2025-04-23 08:00:00
1745409600000,93484.0,94800.0,91945.4,93188.5,45123.5651,2025-04-23 12:00:00
1745424000000,93188.4,94235.9,92913.0,93477.7,16725.8733,2025-04-23 16:00:00
1745438400000,93477.6,93928.7,93230.7,93683.6,6484.9032,2025-04-23 20:00:00
1745452800000,93683.6,93778.0,92600.0,92659.3,11397.0628,2025-04-24 00:00:00
1745467200000,92659.3,92888.0,92048.8,92185.4,14699.7704,2025-04-24 04:00:00
1745481600000,92185.4,92647.9,91640.1,92599.9,18836.2005,2025-04-24 08:00:00
1745496000000,92600.0,93433.0,92414.7,93171.0,18570.668,2025-04-24 12:00:00
1745510400000,93171.1,93676.5,92649.1,93538.8,12870.9131,2025-04-24 16:00:00
1745524800000,93538.2,93982.6,93000.1,93960.1,9989.6479,2025-04-24 20:00:00
1745539200000,93960.1,94410.0,92801.0,93275.0,18431.1163,2025-04-25 00:00:00
1745553600000,93274.9,93868.1,92970.0,93758.6,12558.0594,2025-04-25 04:00:00
1745568000000,93758.6,94625.4,93507.8,94591.3,12789.7042,2025-04-25 08:00:00
1745582400000,94591.2,95737.2,93881.5,95020.6,39746.0093,2025-04-25 12:00:00
1745596800000,95020.7,95528.1,94333.5,95239.5,15204.0797,2025-04-25 16:00:00
1745611200000,95239.5,95295.3,94410.0,94601.9,5970.9825,2025-04-25 20:00:00
1745625600000,94601.9,95171.4,94514.1,94701.4,6784.4593,2025-04-26 00:00:00
1745640000000,94701.5,94806.1,94323.8,94516.4,6374.756,2025-04-26 04:00:00
1745654400000,94516.3,94700.0,93942.7,94114.2,10183.6849,2025-04-26 08:00:00
1745668800000,94114.1,94371.9,93825.0,94330.1,8666.451,2025-04-26 12:00:00
1745683200000,94330.1,94349.2,93990.1,94258.4,4156.7402,2025-04-26 16:00:00
1745697600000,94258.3,94855.5,94035.5,94582.0,6453.5453,2025-04-26 20:00:00
1745712000000,94582.0,95276.3,94004.3,94119.4,11706.0062,2025-04-27 00:00:00
1745726400000,94119.3,94258.6,93611.0,94035.6,7889.4137,2025-04-27 04:00:00
1745740800000,94035.7,94299.9,93835.1,93881.4,5283.7433,2025-04-27 08:00:00
1745755200000,93881.4,94137.2,93538.4,93847.5,9501.4764,2025-04-27 12:00:00
1745769600000,93847.5,94397.9,93685.3,94390.0,5960.3327,2025-04-27 16:00:00
1745784000000,94390.0,94500.0,93588.9,93708.0,7376.7894,2025-04-27 20:00:00
1745798400000,93708.0,93941.5,92732.5,93804.9,20918.0101,2025-04-28 00:00:00
1745812800000,93804.9,94751.5,93804.9,94642.2,11903.8917,2025-04-28 04:00:00
1745827200000,94642.2,95488.0,94284.1,95273.8,33387.9192,2025-04-28 08:00:00
1745841600000,95273.8,95577.6,93529.4,93800.0,32158.3512,2025-04-28 12:00:00
1745856000000,93799.9,94879.6,93406.0,94743.8,13979.8893,2025-04-28 16:00:00
1745870400000,94743.8,95146.0,94253.3,94960.0,8574.3398,2025-04-28 20:00:00
1745884800000,94959.9,95420.5,94386.9,94617.0,14222.7867,2025-04-29 00:00:00
1745899200000,94617.0,94926.2,94161.7,94873.5,10431.1329,2025-04-29 04:00:00
1745913600000,94873.4,95247.7,94688.1,95092.0,9338.032,2025-04-29 08:00:00
1745928000000,95092.0,95262.3,94439.8,94791.2,15283.8969,2025-04-29 12:00:00
1745942400000,94791.3,95442.2,94595.5,95259.3,16518.0591,2025-04-29 16:00:00
1745956800000,95259.4,95380.5,93668.5,94196.0,20028.2571,2025-04-29 20:00:00
1745971200000,94196.0,95080.0,94061.5,95000.0,11753.1052,2025-04-30 00:00:00
1745985600000,95000.0,95146.9,94456.4,94587.3,8616.022,2025-04-30 04:00:00
1746000000000,94587.2,95200.0,94480.0,95145.9,11031.9219,2025-04-30 08:00:00
1746014400000,95145.8,95186.8,92864.0,93955.0,41132.8595,2025-04-30 12:00:00
1746028800000,93955.0,94525.2,93464.0,94122.6,12665.7552,2025-04-30 16:00:00
1746043200000,94122.6,94738.0,93873.7,94112.2,13263.6969,2025-04-30 20:00:00
1746057600000,94112.3,94966.0,94068.6,94728.0,12185.4995,2025-05-01 00:00:00
1746072000000,94728.0,95162.8,94658.8,94960.9,9500.9804,2025-05-01 04:00:00
1746086400000,94960.9,96364.8,94851.9,96132.1,26211.4971,2025-05-01 08:00:00
1746100800000,96132.1,97398.0,95762.5,96806.1,37625.9373,2025-05-01 12:00:00
1746115200000,96806.0,97319.3,96364.1,96490.0,14377.2726,2025-05-01 16:00:00
1746129600000,96489.9,96858.4,96137.6,96443.3,8735.2188,2025-05-01 20:00:00
1746144000000,96443.2,97188.0,96426.2,97055.9,10584.5688,2025-05-02 00:00:00
1746158400000,97055.9,97250.0,96307.6,96323.0,11834.3972,2025-05-02 04:00:00
1746172800000,96323.1,97050.8,96320.1,96873.0,9710.6757,2025-05-02 08:00:00
1746187200000,96873.0,97861.2,96600.0,97269.9,25657.805,2025-05-02 12:00:00
1746201600000,97269.8,97742.2,96700.1,96859.5,12920.7461,2025-05-02 16:00:00
1746216000000,96859.5,97085.0,96509.8,96837.0,5014.8679,2025-05-02 20:00:00
1746230400000,96836.9,96880.0,96256.0,96280.2,8314.3901,2025-05-03 00:00:00
1746244800000,96280.2,96550.1,96070.0,96294.7,7549.4772,2025-05-03 04:00:00
1746259200000,96294.8,96400.0,95811.0,95900.0,8916.0726,2025-05-03 08:00:00
1746273600000,95900.1,96472.1,95850.0,96359.7,7747.8991,2025-05-03 12:00:00
1746288000000,96359.8,96374.9,95815.0,96323.4,6572.9561,2025-05-03 16:00:00
1746302400000,96323.5,96400.0,95666.4,95800.0,6666.521,2025-05-03 20:00:00
1746316800000,95800.0,96265.0,95526.4,95688.4,9894.6081,2025-05-04 00:00:00
1746331200000,95688.4,96105.9,95650.0,95848.6,4798.6055,2025-05-04 04:00:00
1746345600000,95848.7,95898.6,95233.5,95380.3,9058.1488,2025-05-04 08:00:00
1746360000000,95380.3,95631.0,95181.5,95415.3,6790.3878,2025-05-04 12:00:00
1746374400000,95415.2,95598.5,95200.0,95542.1,4413.9347,2025-05-04 16:00:00
1746388800000,95542.0,95720.0,94102.3,94232.0,14131.666,2025-05-04 20:00:00
1746403200000,94232.1,94750.0,93430.4,94009.9,19248.3004,2025-05-05 00:00:00
1746417600000,94009.9,94786.5,93971.1,94705.9,9045.0106,2025-05-05 04:00:00
1746432000000,94705.8,94740.0,93850.1,93998.1,9405.6044,2025-05-05 08:00:00
1746446400000,93998.1,94500.0,93560.0,93734.0,18694.5967,2025-05-05 12:00:00
1746460800000,93733.9,94865.4,93717.0,94300.0,12185.7779,2025-05-05 16:00:00
1746475200000,94299.9,95150.0,93810.2,94694.1,10054.194,2025-05-05 20:00:00
1746489600000,94694.1,94886.0,93981.0,94410.4,9707.7,2025-05-06 00:00:00
1746504000000,94410.3,94599.0,94251.3,94344.1,5041.7633,2025-05-06 04:00:00
1746518400000,94344.1,94353.3,93674.0,93773.0,9603.3954,2025-05-06 08:00:00
1746532800000,93772.9,94683.5,93338.0,94505.1,22038.7668,2025-05-06 12:00:00
1746547200000,94505.7,95106.9,94171.5,94909.2,10499.4631,2025-05-06 16:00:00
1746561600000,94909.3,96866.0,94379.4,96782.0,21921.1339,2025-05-06 20:00:00
1746576000000,96782.0,97720.0,96171.9,96464.4,25875.7403,2025-05-07 00:00:00
1746590400000,96464.4,96958.0,96274.6,96932.0,8295.7677,2025-05-07 04:00:00
1746604800000,96931.9,97066.0,96777.0,96996.7,6862.6791,2025-05-07 08:00:00
1746619200000,96996.7,97444.3,96669.0,96896.0,15781.8017,2025-05-07 12:00:00
1746633600000,96896.1,96917.6,95737.8,96133.1,23457.5888,2025-05-07 16:00:00
1746648000000,96133.1,97349.5,96026.7,96984.0,11199.3501,2025-05-07 20:00:00
1746662400000,96983.9,99200.0,96805.0,99102.6,30573.2549,2025-05-08 00:00:00
1746676800000,99104.0,99389.0,98698.8,99211.9,17646.3718,2025-05-08 04:00:00
1746691200000,99211.8,99875.4,99162.1,99369.1,16396.758,2025-05-08 08:00:00
1746705600000,99369.2,101499.0,99053.7,100730.0,39486.3124,2025-05-08 12:00:00
1746720000000,100730.0,101666.0,100528.8,101261.2,18601.9077,2025-05-08 16:00:00
1746734400000,101261.2,104318.9,101230.6,103234.1,30518.7126,2025-05-08 20:00:00
1746748800000,103234.0,103234.1,102279.4,102418.1,12061.4774,2025-05-09 00:00:00
1746763200000,102418.2,104359.8,102346.4,103610.2,16942.6322,2025-05-09 04:00:00
1746777600000,103610.2,103919.0,102388.0,102909.0,23511.0871,2025-05-09 08:00:00
1746792000000,102909.0,103732.0,102359.0,102848.5,19605.1518,2025-05-09 12:00:00
1746806400000,102848.6,103329.9,102241.7,103138.0,11020.8084,2025-05-09 16:00:00
1746820800000,103137.9,103363.1,102701.0,102946.2,4337.9633,2025-05-09 20:00:00
1746835200000,102946.2,103228.3,102777.6,103176.6,5757.1067,2025-05-10 00:00:00
1746849600000,103176.6,104096.4,102977.5,103730.1,10941.9667,2025-05-10 04:00:00
1746864000000,103730.1,104080.5,103332.8,103400.0,10601.325,2025-05-10 08:00:00
1746878400000,103399.9,103801.7,103051.0,103084.2,6919.4277,2025-05-10 12:00:00
1746892800000,103084.2,103594.2,102967.1,103160.3,7707.8269,2025-05-10 16:00:00
1746907200000,103160.3,104962.6,103024.3,104787.8,12457.3216,2025-05-10 20:00:00
1746921600000,104787.3,104937.5,103383.4,103948.0,13705.2945,2025-05-11 00:00:00
1746936000000,103948.0,104349.8,103294.2,103347.2,8958.254,2025-05-11 04:00:00
1746950400000,103347.1,104736.9,103340.0,104604.1,10459.4546,2025-05-11 08:00:00
1746964800000,104604.1,104855.0,103738.6,104088.1,14271.4576,2025-05-11 12:00:00
1746979200000,104088.1,104780.0,103691.9,104375.1,9528.5071,2025-05-11 16:00:00
1746993600000,104375.2,104543.7,103500.0,104066.0,6812.2657,2025-05-11 20:00:00
1747008000000,104065.9,105137.1,103677.1,104059.9,14910.1439,2025-05-12 00:00:00
1747022400000,104059.9,105834.5,103712.1,104431.5,24189.9485,2025-05-12 04:00:00
1747036800000,104431.5,104694.5,103566.0,103714.9,13227.1877,2025-05-12 08:00:00
1747051200000,103714.8,104628.1,102309.9,102480.1,32354.4109,2025-05-12 12:00:00
1747065600000,102480.1,103043.5,100700.0,101817.1,27283.8607,2025-05-12 16:00:00
1747080000000,101816.3,103095.3,101728.2,102740.0,8902.523,2025-05-12 20:00:00
1747094400000,102740.1,102749.6,101368.5,101678.7,13645.0011,2025-05-13 00:00:00
1747108800000,101678.6,102908.0,101575.0,102624.0,9681.0508,2025-05-13 04:00:00
1747123200000,102624.0,103792.8,102474.1,103683.4,12678.0404,2025-05-13 08:00:00
1747137600000,103683.3,103934.5,102762.1,103654.2,23550.1301,2025-05-13 12:00:00
1747152000000,103654.2,104975.2,103503.2,104751.6,16328.6455,2025-05-13 16:00:00
1747166400000,104751.5,104905.6,103832.7,104088.1,6365.5368,2025-05-13 20:00:00
1747180800000,104088.1,104090.1,103411.0,103549.9,8314.7886,2025-05-14 00:00:00
1747195200000,103549.8,103948.0,103329.6,103657.7,7695.8439,2025-05-14 04:00:00
1747209600000,103657.8,104135.4,102789.0,103909.7,15709.2033,2025-05-14 08:00:00
1747224000000,103909.6,104329.2,102805.5,103476.1,17351.8523,2025-05-14 12:00:00
1747238400000,103476.1,103691.9,102555.0,103279.1,11922.1867,2025-05-14 16:00:00
1747252800000,103279.1,103627.6,103249.6,103450.2,3618.4584,2025-05-14 20:00:00
1747267200000,103450.3,103818.0,102678.0,102712.1,9243.7351,2025-05-15 00:00:00
1747281600000,102712.0,102939.6,101682.6,101746.2,11813.4843,2025-05-15 04:00:00
1747296000000,101746.2,102405.5,101464.4,102324.4,12055.8371,2025-05-15 08:00:00
1747310400000,102324.3,103255.0,101324.0,103209.3,25444.8127,2025-05-15 12:00:00
1747324800000,103209.3,104172.9,102503.9,103110.0,19860.9631,2025-05-15 16:00:00
1747339200000,103110.1,103975.4,102660.2,103723.9,10987.2371,2025-05-15 20:00:00
1747353600000,103723.8,104438.5,103438.7,103997.2,11884.2179,2025-05-16 00:00:00
1747368000000,103997.2,104164.0,103650.3,103672.7,7370.9869,2025-05-16 04:00:00
1747382400000,103672.6,103867.6,103066.0,103621.4,10608.96,2025-05-16 08:00:00
1747396800000,103621.5,104247.0,103288.0,104131.6,13531.9851,2025-05-16 12:00:00
1747411200000,104131.7,104541.6,103530.0,103960.0,13559.9394,2025-05-16 16:00:00
1747425600000,103960.0,103977.1,103352.7,103411.5,4920.0024,2025-05-16 20:00:00
1747440000000,103411.5,103544.4,102559.8,103466.3,11008.9064,2025-05-17 00:00:00
1747454400000,103466.3,103665.8,103239.8,103394.5,5459.7756,2025-05-17 04:00:00
1747468800000,103394.5,103515.2,102707.2,102946.2,9053.2646,2025-05-17 08:00:00
1747483200000,102946.3,103154.2,102590.9,102888.1,7252.1445,2025-05-17 12:00:00
1747497600000,102888.1,103322.2,102712.6,103109.0,6258.0607,2025-05-17 16:00:00
1747512000000,103109.0,103446.9,102852.0,103093.0,3666.1199,2025-05-17 20:00:00
1747526400000,103093.0,103374.5,103060.0,103245.4,3382.2219,2025-05-18 00:00:00
1747540800000,103245.4,103949.9,103245.4,103890.0,6459.1644,2025-05-18 04:00:00
1747555200000,103890.0,104063.2,103757.4,103760.0,5750.9567,2025-05-18 08:00:00
1747569600000,103760.1,105666.0,103660.0,105480.5,19517.1168,2025-05-18 12:00:00
1747584000000,105480.6,105970.0,103804.0,103835.7,24786.3232,2025-05-18 16:00:00
1747598400000,103835.7,106654.0,103214.4,106435.0,25504.0257,2025-05-18 20:00:00
1747612800000,106435.0,107149.2,103505.5,103565.9,27874.5539,2025-05-19 00:00:00
1747627200000,103565.9,103720.0,102025.0,103166.7,28769.2574,2025-05-19 04:00:00
1747641600000,103166.7,103387.7,102730.7,102907.3,10304.2136,2025-05-19 08:00:00
1747656000000,102907.3,104931.5,102100.0,104750.5,25521.6136,2025-05-19 12:00:00
1747670400000,104750.5,105548.0,104456.0,105468.6,24732.4893,2025-05-19 16:00:00
1747684800000,105468.3,105800.0,104969.8,105534.5,7685.8988,2025-05-19 20:00:00
1747699200000,105534.5,106853.0,105484.0,105729.3,22984.2188,2025-05-20 00:00:00
1747713600000,105729.3,106384.3,104880.7,104990.2,14134.4037,2025-05-20 04:00:00
1747728000000,104990.2,105375.1,104809.3,105160.6,10068.5078,2025-05-20 08:00:00
1747742400000,105160.6,105348.1,104137.9,105291.6,17766.5475,2025-05-20 12:00:00
1747756800000,105291.6,107233.5,105033.4,106983.8,25016.203,2025-05-20 16:00:00
1747771200000,106983.8,107286.3,105888.0,106788.5,17517.2677,2025-05-20 20:00:00
1747785600000,106788.4,107173.7,106127.3,106790.3,12540.0792,2025-05-21 00:00:00
1747800000000,106790.4,107998.3,106413.3,106466.1,25160.8633,2025-05-21 04:00:00
1747814400000,106466.1,106750.0,106038.5,106493.3,12688.3075,2025-05-21 08:00:00
1747828800000,106493.4,109444.0,106271.7,108930.0,41632.206,2025-05-21 12:00:00
1747843200000,108929.9,109839.1,106062.2,108560.0,62786.3725,2025-05-21 16:00:00
1747857600000,108560.0,110817.8,107686.6,109609.1,25982.3075,2025-05-21 20:00:00
1747872000000,109609.2,111873.3,109143.5,111741.5,29391.492,2025-05-22 00:00:00
1747886400000,111741.5,111760.0,110450.0,111019.7,17669.7963,2025-05-22 04:00:00
1747900800000,111019.7,111343.0,110246.0,110961.5,14158.6276,2025-05-22 08:00:00
1747915200000,110961.6,111582.0,110500.9,111254.5,24649.3294,2025-05-22 12:00:00
1747929600000,111254.9,111987.0,110857.6,111137.8,16381.9144,2025-05-22 16:00:00
1747944000000,111138.0,111677.0,110689.9,111645.9,7393.2748,2025-05-22 20:00:00
1747958400000,111646.0,111746.1,110960.0,111054.0,10224.6962,2025-05-23 00:00:00
1747972800000,111054.1,111140.3,110369.1,110702.9,12046.4018,2025-05-23 04:00:00
1747987200000,110702.9,111332.1,108823.7,109053.3,21545.4098,2025-05-23 08:00:00
1748001600000,109053.3,109950.0,107265.7,108899.9,49178.2444,2025-05-23 12:00:00
1748016000000,108899.8,109762.6,107958.5,108658.0,21634.8309,2025-05-23 16:00:00
1748030400000,108657.3,108681.8,106729.0,107272.3,15386.4874,2025-05-23 20:00:00
1748044800000,107272.3,108330.2,106844.7,108330.1,12174.6836,2025-05-24 00:00:00
1748059200000,108330.1,108535.2,107522.0,107551.7,9368.0215,2025-05-24 04:00:00
1748073600000,107551.7,109450.0,107540.9,109148.9,13682.4857,2025-05-24 08:00:00
1748088000000,109149.0,109222.0,108505.0,108889.0,9191.1163,2025-05-24 12:00:00
1748102400000,108888.9,109184.7,108640.0,108910.7,4154.0418,2025-05-24 16:00:00
1748116800000,108910.7,109094.2,107429.9,107724.0,11415.479,2025-05-24 20:00:00
1748131200000,107724.0,108209.9,107149.0,108039.3,13531.2843,2025-05-25 00:00:00
1748145600000,108039.3,108248.5,107403.2,107634.3,6113.4533,2025-05-25 04:00:00
1748160000000,107634.3,107650.0,106666.0,107223.0,16438.1529,2025-05-25 08:00:00
1748174400000,107223.0,107699.9,106533.3,106935.5,18315.4449,2025-05-25 12:00:00
1748188800000,106935.4,107921.7,106601.9,107674.0,7742.7295,2025-05-25 16:00:00
1748203200000,107674.0,109285.9,107123.2,108962.2,16074.3522,2025-05-25 20:00:00
1748217600000,108962.1,109819.5,108639.4,109586.0,14325.0162,2025-05-26 00:00:00
1748232000000,109586.0,110189.7,109309.1,110045.0,11239.5072,2025-05-26 04:00:00
1748246400000,110044.9,110139.3,109523.5,109749.4,8029.2199,2025-05-26 08:00:00
1748260800000,109749.4,110380.0,109430.5,109950.5,17522.0698,2025-05-26 12:00:00
1748275200000,109950.5,110392.7,108803.5,109085.7,18605.8365,2025-05-26 16:00:00
1748289600000,109085.7,109874.3,108902.7,109391.9,7619.1452,2025-05-26 20:00:00
1748304000000,109391.9,109637.9,107469.3,108851.5,28823.0028,2025-05-27 00:00:00
1748318400000,108851.5,109587.4,108452.1,109485.0,15961.9086,2025-05-27 04:00:00
1748332800000,109485.0,109836.3,109365.0,109546.3,8814.0889,2025-05-27 08:00:00
1748347200000,109546.2,110722.0,108610.5,110104.0,39166.4242,2025-05-27 12:00:00
1748361600000,110103.9,110475.5,109512.8,109838.1,12085.7334,2025-05-27 16:00:00
1748376000000,109838.2,109856.0,108555.6,108895.5,9576.6791,2025-05-27 20:00:00
1748390400000,108895.6,109250.0,108362.0,108815.6,10593.5517,2025-05-28 00:00:00
1748404800000,108815.5,109036.0,108580.0,108763.1,5647.0859,2025-05-28 04:00:00
1748419200000,108763.1,109086.2,108185.9,108810.0,11057.6074,2025-05-28 08:00:00
1748433600000,108810.1,109003.6,106966.0,107067.0,29219.9422,2025-05-28 12:00:00
1748448000000,107067.0,107793.4,106858.1,106888.1,14496.8206,2025-05-28 16:00:00
1748462400000,106888.1,107988.8,106728.4,107720.7,9910.6378,2025-05-28 20:00:00
1748476800000,107720.7,108454.8,107378.3,107990.0,13552.1144,2025-05-29 00:00:00
1748491200000,107990.0,108056.9,106888.6,107838.8,10445.483,2025-05-29 04:00:00
1748505600000,107838.8,108869.7,107617.8,108745.9,17644.5094,2025-05-29 08:00:00
1748520000000,108746.0,108773.6,106410.4,106992.3,39591.2645,2025-05-29 12:00:00
1748534400000,106992.3,107146.8,105600.0,105693.0,29487.067,2025-05-29 16:00:00
1748548800000,105692.9,106430.0,105258.0,105548.4,10571.9426,2025-05-29 20:00:00
1748563200000,105548.3,106190.8,104542.5,105975.0,20739.2876,2025-05-30 00:00:00
1748577600000,105975.1,106277.2,104692.2,105005.0,16072.1522,2025-05-30 04:00:00
1748592000000,105005.0,105931.0,104567.0,105832.1,16862.6566,2025-05-30 08:00:00
1748606400000,105832.1,105950.0,104985.0,105499.9,18831.5806,2025-05-30 12:00:00
1748620800000,105499.9,105536.6,103666.7,104602.2,25390.1904,2025-05-30 16:00:00
1748635200000,104602.2,104842.5,103557.0,103959.0,10242.7212,2025-05-30 20:00:00
1748649600000,103959.0,104273.3,103022.1,103632.6,16267.8774,2025-05-31 00:00:00
1748664000000,103632.7,103877.0,103445.0,103703.3,4941.6589,2025-05-31 04:00:00
1748678400000,103703.4,103771.3,103231.6,103461.0,4776.4415,2025-05-31 08:00:00
1748692800000,103461.1,104799.7,103446.1,104503.1,12950.3236,2025-05-31 12:00:00
1748707200000,104503.0,104750.0,104226.7,104659.9,4800.2018,2025-05-31 16:00:00
1748721600000,104660.0,104861.4,104405.4,104550.0,4488.1557,2025-05-31 20:00:00
1748736000000,104550.0,104608.1,103877.0,104324.1,7407.0532,2025-06-01 00:00:00
1748750400000,104324.1,104686.6,104136.2,104244.6,4769.2842,2025-06-01 04:00:00
1748764800000,104244.7,104431.7,103710.0,104028.4,7465.6014,2025-06-01 08:00:00
1748779200000,104028.4,104750.0,103712.0,104654.9,8166.1019,2025-06-01 12:00:00
1748793600000,104654.9,105260.0,104288.0,105078.1,11023.765,2025-06-01 16:00:00
1748808000000,105078.1,105823.1,104833.6,105586.0,7485.6656,2025-06-01 20:00:00
1748822400000,105586.1,105695.9,104522.7,104780.1,8412.003,2025-06-02 00:00:00
1748836800000,104780.1,105400.0,104557.0,105347.0,7333.0598,2025-06-02 04:00:00
1748851200000,105346.9,105880.9,103892.0,104008.5,16896.1512,2025-06-02 08:00:00
1748865600000,104007.5,104637.4,103615.0,104384.9,22020.6989,2025-06-02 12:00:00
1748880000000,104384.9,104694.0,103977.8,104378.7,6775.1064,2025-06-02 16:00:00
1748894400000,104375.9,105900.0,104375.9,105814.4,11526.329,2025-06-02 20:00:00
1748908800000,105814.5,106480.0,105295.0,105452.0,13680.9639,2025-06-03 00:00:00
1748923200000,105451.9,105490.4,105070.2,105145.9,6526.1007,2025-06-03 04:00:00
1748937600000,105146.0,105317.6,104823.0,105241.8,6599.1725,2025-06-03 08:00:00
1748952000000,105241.7,106755.3,104963.3,106562.3,22002.7291,2025-06-03 12:00:00
1748966400000,106562.2,106629.0,105521.8,106173.5,14053.3262,2025-06-03 16:00:00
1748980800000,106173.5,106198.7,105206.0,105339.5,8381.3587,2025-06-03 20:00:00
1748995200000,105339.5,105800.0,105075.2,105484.0,7185.106,2025-06-04 00:00:00
1749009600000,105483.9,105579.2,105211.0,105264.8,5008.9516,2025-06-04 04:00:00
1749024000000,105264.8,105950.0,105039.5,105054.2,9958.7287,2025-06-04 08:00:00
1749038400000,105054.2,105487.2,104113.6,105243.6,23644.9676,2025-06-04 12:00:00
1749052800000,105243.6,105426.5,104825.8,104867.6,6723.5437,2025-06-04 16:00:00
1749067200000,104866.5,105025.9,104358.0,104643.5,5597.9975,2025-06-04 20:00:00
1749081600000,104643.5,105207.8,104598.0,105000.1,5994.0201,2025-06-05 00:00:00
1749096000000,105000.0,105183.0,104337.5,104478.7,8043.9691,2025-06-05 04:00:00
1749110400000,104478.6,104870.0,104381.5,104770.1,5891.1688,2025-06-05 08:00:00
1749124800000,104770.1,105864.8,103845.4,104480.0,36730.9973,2025-06-05 12:00:00
1749139200000,104480.0,104547.6,101500.2,101876.3,37142.7527,2025-06-05 16:00:00
1749153600000,101872.2,102138.1,100333.0,101457.8,29448.5834,2025-06-05 20:00:00
1749168000000,101457.8,102465.4,101048.8,102440.1,10785.7247,2025-06-06 00:00:00
1749182400000,102440.1,103427.9,102318.5,103102.1,13963.8508,2025-06-06 04:00:00
1749196800000,103102.2,103948.3,103102.1,103870.3,11938.5802,2025-06-06 08:00:00
1749211200000,103870.2,105288.0,103442.2,105037.8,28343.305,2025-06-06 12:00:00
1749225600000,105037.8,105237.4,104011.0,104183.3,13234.9564,2025-06-06 16:00:00
1749240000000,104183.3,104583.1,104120.0,104234.8,4537.0992,2025-06-06 20:00:00
1749254400000,104234.9,104876.5,103825.2,104818.0,7953.2312,2025-06-07 00:00:00
1749268800000,104818.0,105276.9,104578.0,104820.5,7552.1938,2025-06-07 04:00:00
1749283200000,104820.5,105215.6,104630.9,105086.5,5703.0751,2025-06-07 08:00:00
1749297600000,105086.4,105749.6,105079.2,105502.1,9809.647,2025-06-07 12:00:00
1749312000000,105502.1,105875.2,105214.7,105680.0,6463.0659,2025-06-07 16:00:00
1749326400000,105680.0,105875.2,105469.9,105502.9,3313.3898,2025-06-07 20:00:00
1749340800000,105502.9,105741.9,105348.0,105431.5,3835.5984,2025-06-08 00:00:00
1749355200000,105431.5,105600.6,105358.6,105388.0,3006.4292,2025-06-08 04:00:00
1749369600000,105388.0,105677.9,104919.3,105624.8,8970.2708,2025-06-08 08:00:00
1749384000000,105624.9,106111.0,105450.0,105929.9,10439.0952,2025-06-08 12:00:00
1749398400000,105930.0,106321.0,105891.3,106247.2,6305.4569,2025-06-08 16:00:00
1749412800000,106247.2,106450.0,105518.0,105680.0,6582.7167,2025-06-08 20:00:00
1749427200000,105680.0,105932.7,105238.0,105608.8,7636.7911,2025-06-09 00:00:00
1749441600000,105608.8,105666.7,105271.6,105513.1,4511.6777,2025-06-09 04:00:00
1749456000000,105513.1,107770.1,105425.9,107700.0,26577.6134,2025-06-09 08:00:00
1749470400000,107700.0,107999.0,106784.7,107580.1,22952.8319,2025-06-09 12:00:00
1749484800000,107580.0,108765.2,107580.0,108517.3,14871.1438,2025-06-09 16:00:00
1749499200000,108517.3,110649.5,108391.6,110220.0,22008.3937,2025-06-09 20:00:00
1749513600000,110220.0,110265.0,109325.0,109526.0,10532.9819,2025-06-10 00:00:00
1749528000000,109526.0,109688.0,109052.1,109173.9,8308.4751,2025-06-10 04:00:00
1749542400000,109173.9,109816.0,109002.4,109500.0,10206.0624,2025-06-10 08:00:00
1749556800000,109499.9,109879.4,108274.1,108974.8,19934.395,2025-06-10 12:00:00
1749571200000,108974.8,110364.1,108468.3,109470.0,11894.1578,2025-06-10 16:00:00
1749585600000,109470.0,110265.2,109180.2,110237.4,8099.1826,2025-06-10 20:00:00
1749600000000,110237.4,110250.0,109503.2,109670.2,5821.566,2025-06-11 00:00:00
1749614400000,109670.2,109698.9,109313.7,109397.6,4509.3744,2025-06-11 04:00:00
1749628800000,109397.5,109620.0,109138.0,109196.7,5274.9975,2025-06-11 08:00:00
1749643200000,109196.7,110360.0,108955.4,109692.0,21978.6069,2025-06-11 12:00:00
1749657600000,109691.9,109776.9,108350.1,108694.4,14267.7747,2025-06-11 16:00:00
1749672000000,108694.4,109193.8,107964.8,108596.4,10887.0164,2025-06-11 20:00:00
1749686400000,108596.4,108777.0,107659.0,107826.7,10243.6722,2025-06-12 00:00:00
1749700800000,107826.7,107943.2,107297.6,107577.6,8785.4437,2025-06-12 04:00:00
1749715200000,107577.6,107796.4,106823.0,106868.2,10233.5661,2025-06-12 08:00:00
1749729600000,106868.2,107755.4,106533.0,106960.0,21193.072,2025-06-12 12:00:00
1749744000000,106960.0,108395.0,106628.0,106753.5,19370.9669,2025-06-12 16:00:00
1749758400000,106753.5,106920.0,105600.1,105611.0,17762.7701,2025-06-12 20:00:00
1749772800000,105611.1,105650.0,102652.4,104234.3,47197.8188,2025-06-13 00:00:00
1749787200000,104234.3,104900.0,103734.0,104825.1,14633.9978,2025-06-13 04:00:00
1749801600000,104825.2,105441.1,104364.0,104983.6,13774.8713,2025-06-13 08:00:00
1749816000000,104983.7,105725.6,104067.5,105390.5,21093.5267,2025-06-13 12:00:00
1749830400000,105390.5,105920.0,104615.0,105060.0,14514.675,2025-06-13 16:00:00
1749844800000,105060.1,106138.1,104964.2,106009.0,5923.6864,2025-06-13 20:00:00
1749859200000,106009.1,106168.0,105154.6,105189.1,6995.8268,2025-06-14 00:00:00
1749873600000,105189.2,105369.0,104734.3,105029.0,5458.4711,2025-06-14 04:00:00
1749888000000,105028.9,105098.0,104788.3,105028.3,4206.9965,2025-06-14 08:00:00
1749902400000,105027.5,105077.0,104540.7,104798.8,5389.0078,2025-06-14 12:00:00
1749916800000,104798.8,105009.0,104311.0,104609.4,8189.6819,2025-06-14 16:00:00
1749931200000,104609.6,105452.7,104255.0,105363.4,6952.6041,2025-06-14 20:00:00
1749945600000,105363.4,105630.0,105214.2,105427.5,4328.8138,2025-06-15 00:00:00
1749960000000,105427.6,106082.0,105134.2,105388.3,7626.1584,2025-06-15 04:00:00
1749974400000,105388.3,105456.1,104823.0,104933.5,5438.6381,2025-06-15 08:00:00
1749988800000,104933.6,105788.0,104905.7,105520.0,7762.7908,2025-06-15 12:00:00
1750003200000,105519.9,105730.0,105000.7,105239.8,4486.2338,2025-06-15 16:00:00
1750017600000,105239.8,105570.3,104425.6,105540.0,6752.1389,2025-06-15 20:00:00
1750032000000,105540.1,105926.0,104927.2,105862.4,9164.4279,2025-06-16 00:00:00
1750046400000,105862.3,107234.0,105814.3,107020.3,13656.1692,2025-06-16 04:00:00
1750060800000,107020.3,107192.0,106544.9,106846.7,8001.0018,2025-06-16 08:00:00
1750075200000,106846.7,107736.0,106456.7,107382.5,15733.6174,2025-06-16 12:00:00
1750089600000,107382.4,108847.7,107263.0,108596.6,14970.8001,2025-06-16 16:00:00
1750104000000,108596.6,108973.3,106666.0,106764.6,15723.3809,2025-06-16 20:00:00
1750118400000,106764.6,107721.0,106087.8,107552.1,18570.0617,2025-06-17 00:00:00
1750132800000,107552.0,107658.0,106400.0,106725.4,9018.3325,2025-06-17 04:00:00
1750147200000,106725.4,106796.8,105468.9,105606.1,14031.0395,2025-06-17 08:00:00
1750161600000,105606.1,105876.4,104069.3,104194.1,26959.6031,2025-06-17 12:00:00
1750176000000,104194.1,105286.2,103300.0,104621.1,26468.3744,2025-06-17 16:00:00
1750190400000,104621.0,104849.6,104128.0,104516.5,8707.5078,2025-06-17 20:00:00
1750204800000,104516.5,105187.0,104319.9,105122.5,7232.0732,2025-06-18 00:00:00
1750219200000,105122.5,105498.9,104650.0,104933.0,8831.8961,2025-06-18 04:00:00
1750233600000,104932.9,105279.9,104130.7,104799.2,11948.3919,2025-06-18 08:00:00
1750248000000,104799.3,105279.1,103750.1,104737.1,25776.0914,2025-06-18 12:00:00
1750262400000,104737.1,104789.2,103418.6,103779.3,20837.6115,2025-06-18 16:00:00
1750276800000,103779.4,105086.0,103600.0,104834.2,9061.605,2025-06-18 20:00:00
1750291200000,104834.2,105180.2,104402.3,105031.7,7043.8997,2025-06-19 00:00:00
1750305600000,105031.8,105170.0,104576.0,104594.3,6369.0493,2025-06-19 04:00:00
1750320000000,104594.4,105028.0,104589.1,104732.5,4577.7163,2025-06-19 08:00:00
1750334400000,104732.4,104870.0,104032.9,104064.2,9496.12,2025-06-19 12:00:00
1750348800000,104064.1,104788.0,103883.0,104200.0,8368.7802,2025-06-19 16:00:00
1750363200000,104200.1,104876.3,104085.2,104600.1,4501.0792,2025-06-19 20:00:00
1750377600000,104600.1,104777.5,104335.8,104550.0,4375.0167,2025-06-20 00:00:00
1750392000000,104550.0,105760.9,104189.2,105760.9,11718.9689,2025-06-20 04:00:00
1750406400000,105760.9,106480.1,105715.2,105932.4,15924.6476,2025-06-20 08:00:00
1750420800000,105932.5,106109.0,103823.0,104177.0,27739.3741,2025-06-20 12:00:00
1750435200000,104177.0,104240.0,102282.4,103251.2,27347.275,2025-06-20 16:00:00
1750449600000,103251.2,103775.0,102923.0,103250.1,7434.8478,2025-06-20 20:00:00
1750464000000,103250.1,103642.1,103066.9,103432.1,4711.9157,2025-06-21 00:00:00
1750478400000,103432.0,103550.0,103271.0,103417.4,3123.6963,2025-06-21 04:00:00
1750492800000,103417.4,103954.7,103406.4,103843.4,6898.6249,2025-06-21 08:00:00
1750507200000,103842.6,103914.6,103229.2,103525.5,8864.7708,2025-06-21 12:00:00
1750521600000,103525.5,103617.5,102162.3,102217.6,9804.2524,2025-06-21 16:00:00
1750536000000,102217.6,102858.5,100805.0,102070.0,23430.3599,2025-06-21 20:00:00
1750550400000,102069.9,103372.7,101774.9,102334.6,22043.2554,2025-06-22 00:00:00
1750564800000,102334.6,102907.9,102213.6,102387.9,7662.0281,2025-06-22 04:00:00
1750579200000,102387.9,102783.4,102040.0,102694.9,7348.8912,2025-06-22 08:00:00
1750593600000,102695.0,102788.0,98821.9,98846.5,55169.7535,2025-06-22 12:00:00
1750608000000,98846.4,100329.8,98619.7,98828.9,20873.8152,2025-06-22 16:00:00
1750622400000,98828.9,100986.0,98133.0,100898.2,23780.4463,2025-06-22 20:00:00
1750636800000,100898.2,101561.4,100426.7,101110.4,13150.9307,2025-06-23 00:00:00
1750651200000,101110.9,102097.0,100923.1,101879.9,11536.2763,2025-06-23 04:00:00
1750665600000,101879.9,102037.1,101066.7,101257.8,10686.4962,2025-06-23 08:00:00
1750680000000,101257.8,102580.0,100743.2,101373.9,27506.8774,2025-06-23 12:00:00
1750694400000,101373.9,103279.9,99569.3,103101.1,43912.6252,2025-06-23 16:00:00
1750708800000,103101.1,106043.9,102823.7,105288.1,29216.2345,2025-06-23 20:00:00
1750723200000,105288.0,105458.0,104645.8,104876.6,11284.4258,2025-06-24 00:00:00
1750737600000,104876.6,105775.9,104660.0,104889.8,13324.4556,2025-06-24 04:00:00
1750752000000,104889.7,105530.6,104575.0,105135.5,11154.8614,2025-06-24 08:00:00
1750766400000,105135.6,105688.9,104755.0,105179.6,17251.7021,2025-06-24 12:00:00
1750780800000,105179.6,106249.9,105106.2,105586.5,15874.9397,2025-06-24 16:00:00
1750795200000,105586.1,106087.5,105384.6,106040.5,5044.2529,2025-06-24 20:00:00
1750809600000,106040.6,106768.0,105754.8,106190.0,13334.1296,2025-06-25 00:00:00
1750824000000,106190.1,106659.3,105933.0,106555.0,6749.8177,2025-06-25 04:00:00
1750838400000,106555.0,107188.0,106280.3,107130.3,14149.703,2025-06-25 08:00:00
1750852800000,107130.3,108090.2,106711.8,106983.1,31259.0481,2025-06-25 12:00:00
1750867200000,106983.1,107849.5,106821.3,107695.4,10244.2392,2025-06-25 16:00:00
1750881600000,107695.3,107957.0,107027.1,107278.0,6051.7788,2025-06-25 20:00:00
1750896000000,107278.1,108238.3,107032.0,107814.0,11116.3731,2025-06-26 00:00:00
1750910400000,107814.0,108040.8,107464.1,107759.9,5921.6836,2025-06-26 04:00:00
1750924800000,107760.0,108118.0,107051.3,107276.0,9454.3573,2025-06-26 08:00:00
1750939200000,107276.0,107726.6,106485.3,107259.5,19403.7481,2025-06-26 12:00:00
1750953600000,107259.5,107636.4,106950.0,107473.1,6886.1416,2025-06-26 16:00:00
1750968000000,107473.0,107965.0,106801.0,106915.3,6967.0308,2025-06-26 20:00:00
1750982400000,106915.3,107460.0,106363.5,107420.0,8597.6208,2025-06-27 00:00:00
1750996800000,107419.9,107700.8,106800.0,106823.7,7642.0924,2025-06-27 04:00:00
1751011200000,106823.8,107111.1,106634.0,106937.1,8479.8585,2025-06-27 08:00:00
1751025600000,106937.1,107358.0,106314.5,107255.3,16379.565,2025-06-27 12:00:00
1751040000000,107255.4,107680.0,106400.0,106742.7,13159.9245,2025-06-27 16:00:00
1751054400000,106742.7,107222.0,106730.3,107002.4,3933.7977,2025-06-27 20:00:00
1751068800000,107002.6,107287.5,106737.3,107229.7,4876.7792,2025-06-28 00:00:00
1751083200000,107229.7,107456.0,107120.0,107429.0,3208.9751,2025-06-28 04:00:00
1751097600000,107429.0,107442.4,107187.7,107323.0,2965.3376,2025-06-28 08:00:00
1751112000000,107323.0,107519.1,107025.0,107395.9,3662.0747,2025-06-28 12:00:00
1751126400000,107396.0,107492.5,107167.0,107167.0,3043.2277,2025-06-28 16:00:00
1751140800000,107167.1,107321.8,107100.4,107234.6,1637.5302,2025-06-28 20:00:00
1751155200000,107234.6,107450.0,107104.8,107162.3,3171.2242,2025-06-29 00:00:00
1751169600000,107162.2,107352.9,107162.0,107352.9,1634.2027,2025-06-29 04:00:00
1751184000000,107353.3,108482.9,107342.5,108428.1,11672.8728,2025-06-29 08:00:00
1751198400000,108428.2,108487.8,107589.4,107694.5,7613.5449,2025-06-29 12:00:00
1751212800000,107694.5,107747.5,107234.5,107335.6,6256.5677,2025-06-29 16:00:00
1751227200000,107335.5,108388.0,107181.0,108308.8,8184.8799,2025-06-29 20:00:00
1751241600000,108308.8,108764.8,108189.1,108459.9,10198.8502,2025-06-30 00:00:00
1751256000000,108459.9,108492.9,107422.0,107569.5,9446.325,2025-06-30 04:00:00
1751270400000,107569.4,107922.0,107314.8,107595.0,7992.4658,2025-06-30 08:00:00
1751284800000,107595.0,107831.9,106676.7,107521.0,18585.6994,2025-06-30 12:00:00
1751299200000,107521.1,107758.8,107051.7,107676.1,8069.2051,2025-06-30 16:00:00
1751313600000,107676.1,107710.9,106850.0,107081.9,5056.768,2025-06-30 20:00:00
1751328000000,107081.9,107489.1,106960.0,107152.2,5451.0741,2025-07-01 00:00:00
1751342400000,107152.2,107170.0,106559.1,107130.0,8535.1222,2025-07-01 04:00:00
1751356800000,107129.9,107130.0,106240.4,106569.0,8496.8525,2025-07-01 08:00:00
1751371200000,106569.0,107138.0,105576.4,105909.9,21101.7902,2025-07-01 12:00:00
1751385600000,105909.9,106238.3,105319.9,105335.8,9145.0667,2025-07-01 16:00:00
1751400000000,105335.9,106061.5,105188.0,105645.6,6731.733,2025-07-01 20:00:00
1751414400000,105645.6,106169.6,105050.1,106140.0,7546.4903,2025-07-02 00:00:00
1751428800000,106140.0,107132.0,106070.7,107020.0,11946.2956,2025-07-02 04:00:00
1751443200000,107020.1,107792.3,107020.1,107439.0,15000.5369,2025-07-02 08:00:00
1751457600000,107439.0,108726.7,107138.9,108699.9,21207.5637,2025-07-02 12:00:00
1751472000000,108699.8,109728.1,108615.0,109630.0,24010.9855,2025-07-02 16:00:00
1751486400000,109627.5,109627.5,108656.7,108797.8,6402.3882,2025-07-02 20:00:00
1751500800000,108797.9,109083.3,108481.8,108595.1,6875.6142,2025-07-03 00:00:00
1751515200000,108595.0,109510.4,108506.4,109237.3,9973.4408,2025-07-03 04:00:00
1751529600000,109237.4,110275.9,109237.4,109550.0,13989.1802,2025-07-03 08:00:00
1751544000000,109550.0,110500.0,108710.1,109083.9,29830.209,2025-07-03 12:00:00
1751558400000,109084.0,109873.2,108960.6,109746.9,8757.6136,2025-07-03 16:00:00
1751572800000,109747.0,109965.0,109477.7,109548.8,4319.3932,2025-07-03 20:00:00
1751587200000,109548.9,109738.2,109054.0,109179.3,6185.8758,2025-07-04 00:00:00
1751601600000,109179.3,109276.8,108637.2,108646.7,8439.4753,2025-07-04 04:00:00
1751616000000,108646.6,109065.8,108463.0,108843.4,7888.1264,2025-07-04 08:00:00
1751630400000,108843.5,108933.0,107455.0,107544.5,22324.0637,2025-07-04 12:00:00
1751644800000,107544.5,107896.7,107208.3,107433.6,10976.966,2025-07-04 16:00:00
1751659200000,107433.6,108235.0,107391.9,107941.9,5781.5657,2025-07-04 20:00:00
1751673600000,107942.0,108211.5,107692.1,108101.6,5298.6907,2025-07-05 00:00:00
1751688000000,108101.7,108350.0,107933.4,107999.0,4373.2471,2025-07-05 04:00:00
1751702400000,107999.0,108178.5,107802.4,108055.6,3161.6942,2025-07-05 08:00:00
1751716800000,108055.5,108178.0,107912.0,108013.0,2783.4406,2025-07-05 12:00:00
1751731200000,108013.0,108120.6,107810.0,108088.0,3501.9158,2025-07-05 16:00:00
1751745600000,108088.0,108169.6,107935.1,108147.8,2024.6723,2025-07-05 20:00:00
1751760000000,108147.8,108200.0,107950.1,107984.5,2637.2557,2025-07-06 00:00:00
1751774400000,107984.4,108179.0,107901.0,107993.9,2587.0234,2025-07-06 04:00:00
1751788800000,107993.9,108099.3,107740.2,108029.9,3755.6571,2025-07-06 08:00:00
1751803200000,108029.9,109099.9,107987.3,108865.1,13764.6719,2025-07-06 12:00:00
1751817600000,108865.0,108920.5,108230.0,108499.9,5978.9074,2025-07-06 16:00:00
1751832000000,108500.0,109677.9,108492.0,109142.0,10325.3689,2025-07-06 20:00:00
1751846400000,109142.1,109665.9,108620.9,109358.8,8299.6529,2025-07-07 00:00:00
1751860800000,109358.8,109421.7,108606.0,109013.8,5908.4319,2025-07-07 04:00:00
1751875200000,109013.8,109057.5,108512.3,108599.0,5292.4955,2025-07-07 08:00:00
1751889600000,108598.9,108610.8,107901.0,108239.9,16614.8782,2025-07-07 12:00:00
1751904000000,108240.0,108444.0,107450.0,107994.4,12316.0578,2025-07-07 16:00:00
1751918400000,107994.3,108263.9,107724.0,108209.9,4139.7332,2025-07-07 20:00:00
1751932800000,108210.0,108468.7,107363.6,107856.7,9105.4559,2025-07-08 00:00:00
1751947200000,107856.7,108448.0,107688.1,108438.0,5562.1905,2025-07-08 04:00:00
1751961600000,108438.0,108949.4,108174.3,108698.6,9015.7584,2025-07-08 08:00:00
1751976000000,108698.6,109179.7,108157.0,108220.0,13560.8739,2025-07-08 12:00:00
1751990400000,108219.9,109111.0,108040.1,108714.9,10239.4977,2025-07-08 16:00:00
1752004800000,108714.9,108932.0,108551.0,108878.4,2968.5968,2025-07-08 20:00:00
1752019200000,108878.3,109090.8,108283.6,108320.0,6051.1559,2025-07-09 00:00:00
1752033600000,108320.0,108888.8,108280.0,108663.9,6012.356,2025-07-09 04:00:00
1752048000000,108663.9,109083.0,108502.4,109005.9,5386.7952,2025-07-09 08:00:00
1752062400000,109005.9,109737.3,108447.9,109009.9,20649.6062,2025-07-09 12:00:00
1752076800000,109010.0,112023.7,108970.8,111710.9,25680.8167,2025-07-09 16:00:00
1752091200000,111710.9,111922.9,110503.9,111198.6,16405.9194,2025-07-09 20:00:00
1752105600000,111198.6,111539.9,110830.7,111019.9,7081.1176,2025-07-10 00:00:00
1752120000000,111019.8,111388.8,110900.0,111176.9,5511.6403,2025-07-10 04:00:00
1752134400000,111176.9,111355.0,110819.3,110984.5,6037.7294,2025-07-10 08:00:00
1752148800000,110984.5,111353.0,110415.8,111349.7,15201.7736,2025-07-10 12:00:00
1752163200000,111349.7,113773.6,111274.7,113226.1,33170.7661,2025-07-10 16:00:00
1752177600000,113226.1,117766.8,113202.4,115993.0,34281.8348,2025-07-10 20:00:00
1752192000000,115993.0,116963.9,115210.3,116855.9,13634.4787,2025-07-11 00:00:00
1752206400000,116856.0,118420.0,116455.0,117545.6,23537.4792,2025-07-11 04:00:00
1752220800000,117545.6,118880.0,117545.6,117820.2,14716.716,2025-07-11 08:00:00
1752235200000,117820.2,118252.4,116738.0,116915.4,21468.2479,2025-07-11 12:00:00
1752249600000,116915.3,118120.0,116618.4,118069.9,13451.1516,2025-07-11 16:00:00
1752264000000,118069.9,118069.9,117110.0,117509.0,6799.5008,2025-07-11 20:00:00
1752278400000,117509.0,117808.0,117124.8,117760.0,4958.6997,2025-07-12 00:00:00
1752292800000,117759.9,118037.1,117485.0,117707.0,5313.5697,2025-07-12 04:00:00
1752307200000,117707.0,118182.3,117580.7,117787.5,6155.5768,2025-07-12 08:00:00
1752321600000,117787.4,117833.0,116901.5,117085.5,10612.3611,2025-07-12 12:00:00
1752336000000,117085.5,117600.0,117025.7,117530.7,5263.1942,2025-07-12 16:00:00
1752350400000,117530.7,117530.7,116955.7,117398.7,3268.6337,2025-07-12 20:00:00
1752364800000,117398.8,117777.0,117182.5,117704.0,4051.8458,2025-07-13 00:00:00
1752379200000,117703.9,118033.3,117634.0,117961.6,4014.5003,2025-07-13 04:00:00
1752393600000,117961.6,118100.0,117660.3,118051.0,3567.5114,2025-07-13 08:00:00
1752408000000,118051.0,119488.0,117954.9,118632.2,19411.9,2025-07-13 12:00:00
1752422400000,118632.2,119485.0,118315.0,118921.8,7222.4077,2025-07-13 16:00:00
1752436800000,118921.9,119363.9,118196.0,119050.0,7738.8224,2025-07-13 20:00:00
1752451200000,119050.0,121787.2,118874.1,120802.0,23041.2755,2025-07-14 00:00:00
1752465600000,120801.9,123293.3,120581.0,122775.9,26460.179,2025-07-14 04:00:00
1752480000000,122775.9,122804.9,121400.0,121516.0,13771.314,2025-07-14 08:00:00
1752494400000,121516.0,122132.9,119641.8,119913.7,24544.5998,2025-07-14 12:00:00
1752508800000,119913.7,120555.0,119264.0,119967.2,15694.1602,2025-07-14 16:00:00
1752523200000,119967.1,120477.0,119538.0,119840.1,5045.4014,2025-07-14 20:00:00
1752537600000,119840.0,119960.0,116866.6,117242.3,26231.3838,2025-07-15 00:00:00
1752552000000,117242.3,117794.7,116304.6,116834.9,21557.3544,2025-07-15 04:00:00
1752566400000,116835.0,117294.6,116312.0,117191.3,11460.8578,2025-07-15 08:00:00
1752580800000,117191.4,118501.0,115750.0,116458.0,35974.8141,2025-07-15 12:00:00
1752595200000,116458.0,117764.5,116065.6,116456.9,18204.3321,2025-07-15 16:00:00
1752609600000,116456.9,117991.9,116222.2,117759.9,8513.8661,2025-07-15 20:00:00
1752624000000,117759.9,118243.9,117041.1,117509.3,9066.1766,2025-07-16 00:00:00
1752638400000,117509.3,118326.1,117290.4,118216.8,7846.6795,2025-07-16 04:00:00
1752652800000,118216.8,119329.6,118145.1,118781.0,11318.6811,2025-07-16 08:00:00
1752667200000,118781.1,119829.0,118164.3,119101.9,26375.4715,2025-07-16 12:00:00
1752681600000,119101.8,119985.6,118448.3,119257.0,15460.5455,2025-07-16 16:00:00
1752696000000,119257.0,120127.6,118428.7,118660.9,9782.2393,2025-07-16 20:00:00
1752710400000,118660.9,119200.0,117688.8,118128.1,11960.8261,2025-07-17 00:00:00
1752724800000,118128.0,118797.3,117850.0,118339.1,8953.6098,2025-07-17 04:00:00
1752739200000,118339.0,119280.9,118001.0,118008.5,11608.522,2025-07-17 08:00:00
1752753600000,118008.5,119170.7,117462.0,118928.9,17628.541,2025-07-17 12:00:00
1752768000000,118929.0,120000.0,118371.5,119019.5,13090.1961,2025-07-17 16:00:00
1752782400000,119019.5,121033.0,118450.0,119215.0,19964.7872,2025-07-17 20:00:00
1752796800000,119215.0,120843.5,119038.0,120259.5,10944.5227,2025-07-18 00:00:00
1752811200000,120259.5,120888.0,119361.3,119420.0,11628.8369,2025-07-18 04:00:00
1752825600000,119419.9,119540.4,118433.0,119224.1,12397.0448,2025-07-18 08:00:00
1752840000000,119224.1,119563.0,117325.3,117888.7,23083.9897,2025-07-18 12:00:00
1752854400000,117888.8,118108.5,117150.0,117411.8,10589.7192,2025-07-18 16:00:00
1752868800000,117411.9,118088.2,116855.4,117987.6,9356.5488,2025-07-18 20:00:00
1752883200000,117987.6,118444.0,117681.0,118393.6,5023.7376,2025-07-19 00:00:00
1752897600000,118393.5,118425.0,118109.0,118228.3,3817.8289,2025-07-19 04:00:00
1752912000000,118228.2,118548.4,117988.6,118378.0,4491.9005,2025-07-19 08:00:00
1752926400000,118378.0,118385.3,117631.2,118084.7,7610.3034,2025-07-19 12:00:00
1752940800000,118084.7,118190.6,117617.9,118040.6,4093.1968,2025-07-19 16:00:00
1752955200000,118040.7,118171.3,117300.0,117870.0,4458.9839,2025-07-19 20:00:00
1752969600000,117870.0,118188.0,117666.7,118000.1,4793.5142,2025-07-20 00:00:00
1752984000000,118000.1,118254.1,117802.0,118060.0,3808.2335,2025-07-20 04:00:00
1752998400000,118060.0,118328.9,117873.0,117938.8,4914.957,2025-07-20 08:00:00
1753012800000,117938.8,118871.1,117777.0,118752.0,8824.2526,2025-07-20 12:00:00
1753027200000,118752.0,118940.0,117990.0,118210.0,6270.5809,2025-07-20 16:00:00
1753041600000,118210.1,118318.0,116490.0,117305.7,11687.2407,2025-07-20 20:00:00
1753056000000,117304.9,118665.1,116538.0,118439.6,10724.6611,2025-07-21 00:00:00
1753070400000,118439.6,119777.0,118215.7,119454.0,10144.2442,2025-07-21 04:00:00
1753084800000,119454.7,119594.0,118123.6,118138.1,8780.7286,2025-07-21 08:00:00
1753099200000,118138.2,119320.0,117830.3,118405.5,17176.6805,2025-07-21 12:00:00
1753113600000,118405.4,118489.8,116670.8,116817.2,15144.8069,2025-07-21 16:00:00
1753128000000,116817.1,117698.2,116681.2,117411.9,6050.5867,2025-07-21 20:00:00
1753142400000,117412.0,118019.2,116138.5,117274.3,15848.4673,2025-07-22 00:00:00
1753156800000,117274.3,118662.9,116580.8,118067.3,12979.6937,2025-07-22 04:00:00
1753171200000,118067.3,119279.8,117555.9,119230.0,11938.4872,2025-07-22 08:00:00
1753185600000,119230.1,119666.0,117619.0,119000.0,22673.1821,2025-07-22 12:00:00
1753200000000,119000.0,120400.0,118470.0,119337.7,15122.3245,2025-07-22 16:00:00
1753214400000,119337.7,120320.0,119260.0,120044.0,6532.2499,2025-07-22 20:00:00
1753228800000,120044.0,120200.0,118553.5,118659.9,8904.5004,2025-07-23 00:00:00
1753243200000,118660.0,119049.0,118323.0,118399.1,8746.11,2025-07-23 04:00:00
1753257600000,118399.1,118678.0,117860.8,118553.0,9758.4015,2025-07-23 08:00:00
1753272000000,118553.1,118775.1,117328.9,118613.0,18701.2715,2025-07-23 12:00:00
1753286400000,118613.0,118613.0,117356.4,118426.0,11140.0678,2025-07-23 16:00:00
1753300800000,118426.0,118788.9,117400.0,118788.8,7684.7388,2025-07-23 20:00:00
1753315200000,118788.7,119325.0,118513.9,118550.1,8318.2635,2025-07-24 00:00:00
1753329600000,118550.0,118629.9,117104.3,118436.8,16598.1095,2025-07-24 04:00:00
1753344000000,118436.8,118862.6,118002.0,118653.7,10196.6481,2025-07-24 08:00:00
1753358400000,118653.7,119568.0,117849.5,119170.4,17381.6586,2025-07-24 12:00:00
1753372800000,119170.4,119488.0,118401.0,118999.8,9393.9833,2025-07-24 16:00:00
1753387200000,118999.9,119055.8,118212.8,118365.3,4685.7832,2025-07-24 20:00:00
1753401600000,118365.9,118482.7,115338.5,115430.2,34429.3673,2025-07-25 00:00:00
1753416000000,115430.2,116128.0,114700.1,115313.1,27011.2006,2025-07-25 04:00:00
1753430400000,115313.1,116801.0,115044.7,116544.9,18570.6099,2025-07-25 08:00:00
1753444800000,116545.0,116663.8,114905.0,115734.2,24125.6101,2025-07-25 12:00:00
1753459200000,115734.1,117099.8,115465.6,116708.2,11948.6805,2025-07-25 16:00:00
1753473600000,116708.3,117660.1,116590.5,117629.2,7830.2311,2025-07-25 20:00:00
1753488000000,117629.3,117787.6,117168.0,117506.0,6140.3482,2025-07-26 00:00:00
1753502400000,117506.1,117576.0,117325.1,117343.0,3208.4296,2025-07-26 04:00:00
1753516800000,117342.9,118272.7,117342.9,117780.0,7673.9601,2025-07-26 08:00:00
1753531200000,117780.0,118252.4,117722.7,118142.7,5965.8534,2025-07-26 12:00:00
1753545600000,118142.7,118317.1,117946.9,118229.9,2363.0031,2025-07-26 16:00:00
1753560000000,118230.0,118287.9,117862.5,117908.0,3017.8945,2025-07-26 20:00:00
1753574400000,117908.0,118420.0,117811.2,118199.1,3925.2242,2025-07-27 00:00:00
1753588800000,118199.0,118496.7,118091.3,118136.9,2664.6206,2025-07-27 04:00:00
1753603200000,118136.9,118320.6,117875.7,118081.5,3708.9901,2025-07-27 08:00:00
1753617600000,118081.5,118668.9,117888.0,118627.6,7183.6757,2025-07-27 12:00:00
1753632000000,118627.6,119645.4,118627.6,119012.1,13630.0664,2025-07-27 16:00:00
1753646400000,119012.1,119838.0,118763.5,119472.0,6019.4016,2025-07-27 20:00:00
1753660800000,119472.0,119868.0,119004.0,119336.8,6368.5799,2025-07-28 00:00:00
1753675200000,119336.9,119742.0,118777.0,118920.5,7655.9138,2025-07-28 04:00:00
1753689600000,118920.5,119144.9,118510.4,118858.9,6138.0701,2025-07-28 08:00:00
1753704000000,118858.9,119129.3,117921.3,118191.1,16176.5354,2025-07-28 12:00:00
1753718400000,118191.0,118409.4,117444.0,118090.7,9111.2068,2025-07-28 16:00:00
1753732800000,118090.7,118361.0,117518.6,118099.1,4630.2854,2025-07-28 20:00:00
1753747200000,118099.1,118810.6,117450.0,118789.8,8679.2649,2025-07-29 00:00:00
1753761600000,118789.8,119328.4,118435.0,118917.7,6965.9388,2025-07-29 04:00:00
1753776000000,118917.6,119075.9,118184.9,118612.9,6344.2114,2025-07-29 08:00:00
1753790400000,118613.0,119093.6,117258.0,117381.1,14704.7033,2025-07-29 12:00:00
1753804800000,117381.2,118051.0,116945.3,117527.9,11576.2174,2025-07-29 16:00:00
1753819200000,117527.8,117998.1,117100.0,117940.8,5831.7626,2025-07-29 20:00:00
1753833600000,117940.9,118261.0,117409.7,118155.4,6280.9272,2025-07-30 00:00:00
1753848000000,118155.5,118417.9,117667.7,118125.0,5344.3434,2025-07-30 04:00:00
1753862400000,118125.0,118485.1,117350.0,117574.7,6673.3224,2025-07-30 08:00:00
1753876800000,117574.7,118800.0,117352.8,118003.1,13787.404,2025-07-30 12:00:00
1753891200000,118003.1,118046.6,115722.2,116890.5,20143.4567,2025-07-30 16:00:00
1753905600000,116890.0,117886.4,116842.1,117794.8,6629.6588,2025-07-30 20:00:00
1753920000000,117794.8,118600.0,117751.5,118460.4,8226.8211,2025-07-31 00:00:00
1753934400000,118460.7,118929.1,118244.9,118674.5,6083.2385,2025-07-31 04:00:00
1753948800000,118674.6,118770.0,118280.0,118368.5,5278.1306,2025-07-31 08:00:00
1753963200000,118368.5,118693.8,117804.0,118289.0,13850.6603,2025-07-31 12:00:00
1753977600000,118289.0,118860.7,116714.7,116739.5,15168.7639,2025-07-31 16:00:00
1753992000000,116739.4,116946.9,115423.9,115706.6,15316.9631,2025-07-31 20:00:00
1754006400000,115706.5,116007.0,114234.6,115594.7,21379.4554,2025-08-01 00:00:00
1754020800000,115594.7,115861.0,114582.0,115016.0,10899.1637,2025-08-01 04:00:00
1754035200000,115016.0,115294.9,114058.0,115244.1,14000.1028,2025-08-01 08:00:00
1754049600000,115244.0,115961.5,113847.2,115312.6,26880.0187,2025-08-01 12:00:00
1754064000000,115312.6,115675.4,113166.0,113270.9,21209.265,2025-08-01 16:00:00
1754078400000,113271.0,114040.7,112676.6,113250.0,14403.7038,2025-08-01 20:00:00
1754092800000,113250.0,113860.0,113140.3,113854.2,6228.0035,2025-08-02 00:00:00
1754107200000,113854.3,114009.4,113419.0,113918.9,6594.6836,2025-08-02 04:00:00
1754121600000,113918.9,113986.7,113377.1,113733.2,5552.6835,2025-08-02 08:00:00
1754136000000,113733.3,113747.8,112763.1,112801.9,8231.7422,2025-08-02 12:00:00
1754150400000,112801.8,113379.0,111950.0,112184.1,16616.7439,2025-08-02 16:00:00
1754164800000,112184.1,113020.9,112026.8,112502.1,7156.7226,2025-08-02 20:00:00
1754179200000,112502.0,113671.0,111850.0,113549.4,11870.0095,2025-08-03 00:00:00
1754193600000,113549.4,113666.0,113291.3,113654.5,3459.6133,2025-08-03 04:00:00
1754208000000,113654.5,114211.0,113490.1,113804.0,5182.3815,2025-08-03 08:00:00
1754222400000,113804.0,114046.6,113531.0,113892.4,5181.2501,2025-08-03 12:00:00
1754236800000,113892.5,114728.5,113719.7,114252.9,5583.4011,2025-08-03 16:00:00
1754251200000,114252.8,114568.9,114013.0,114152.5,3861.0793,2025-08-03 20:00:00
1754265600000,114152.6,114981.2,114068.1,114531.9,7549.4069,2025-08-04 00:00:00
1754280000000,114531.9,114743.2,114105.0,114607.2,5062.538,2025-08-04 04:00:00
1754294400000,114607.3,114729.4,114147.4,114465.1,4945.5392,2025-08-04 08:00:00
1754308800000,114465.1,115428.0,114055.1,114768.0,14208.8356,2025-08-04 12:00:00
1754323200000,114767.9,115688.0,114683.3,114731.7,8264.2492,2025-08-04 16:00:00
1754337600000,114730.6,115306.1,114593.0,115001.0,4283.0595,2025-08-04 20:00:00
1754352000000,115001.0,115083.4,114216.5,114216.5,5969.3411,2025-08-05 00:00:00
1754366400000,114216.5,114477.2,113658.8,113934.2,8060.1314,2025-08-05 04:00:00
1754380800000,113934.2,115067.8,113888.0,114769.2,8517.2272,2025-08-05 08:00:00
1754395200000,114769.3,114860.7,112600.0,112883.8,22577.3337,2025-08-05 12:00:00
1754409600000,112883.7,113742.9,112766.0,113576.5,6890.7687,2025-08-05 16:00:00
1754424000000,113576.5,114178.0,113234.0,114075.8,5441.5753,2025-08-05 20:00:00
1754438400000,114075.7,114085.4,113350.0,113472.0,5416.8887,2025-08-06 00:00:00
1754452800000,113472.0,114377.4,113306.1,114176.6,6204.3061,2025-08-06 04:00:00
1754467200000,114176.6,114400.0,113674.5,114190.8,5197.9306,2025-08-06 08:00:00
1754481600000,114190.8,115500.0,113523.0,115371.6,16254.6964,2025-08-06 12:00:00
1754496000000,115371.6,115656.0,114904.0,115198.9,7691.6763,2025-08-06 16:00:00
1754510400000,115198.9,115214.9,114712.3,114944.0,3698.9859,2025-08-06 20:00:00
1754524800000,114944.1,115150.0,114355.0,114502.2,5180.4099,2025-08-07 00:00:00
1754539200000,114502.2,114839.0,114233.1,114747.9,4455.7274,2025-08-07 04:00:00
1754553600000,114747.9,116777.0,114747.9,116478.9,15870.3587,2025-08-07 08:00:00
1754568000000,116479.0,116748.0,115969.6,116636.2,10266.8653,2025-08-07 12:00:00
1754582400000,116636.2,117498.0,115571.0,117413.2,11457.8108,2025-08-07 16:00:00
1754596800000,117413.2,117585.1,116954.2,117428.8,6370.8235,2025-08-07 20:00:00
1754611200000,117428.8,117624.5,116655.8,116704.5,8074.5843,2025-08-08 00:00:00
1754625600000,116704.5,116928.6,116337.0,116777.7,6032.0525,2025-08-08 04:00:00
1754640000000,116777.8,116897.6,116257.8,116855.2,5523.7614,2025-08-08 08:00:00
1754654400000,116855.2,117225.2,115839.1,116153.2,12040.5276,2025-08-08 12:00:00
1754668800000,116153.2,116851.0,115940.2,116383.9,7423.7692,2025-08-08 16:00:00
1754683200000,116383.9,116927.9,116271.6,116620.8,3491.5315,2025-08-08 20:00:00
1754697600000,116620.8,116702.4,116311.0,116346.8,3047.0385,2025-08-09 00:00:00
1754712000000,116346.8,116969.9,116320.8,116700.5,7071.0122,2025-08-09 04:00:00
1754726400000,116700.6,117914.0,116700.1,117090.0,11269.026,2025-08-09 08:00:00
1754740800000,117090.0,117221.6,116658.7,116846.0,6102.9304,2025-08-09 12:00:00
1754755200000,116846.0,116905.5,116469.0,116514.2,3914.4514,2025-08-09 16:00:00
1754769600000,116514.2,116987.5,116358.0,116450.1,4849.9206,2025-08-09 20:00:00
1754784000000,116450.1,118535.3,116438.3,118518.6,15847.1268,2025-08-10 00:00:00
1754798400000,118518.6,118754.8,117415.3,117819.4,12682.4028,2025-08-10 04:00:00
1754812800000,117819.5,118508.0,117608.2,118334.6,8130.3165,2025-08-10 08:00:00
1754827200000,118334.6,119127.1,118228.2,118785.5,10242.9722,2025-08-10 12:00:00
1754841600000,118785.5,118929.3,118416.0,118633.1,3713.4921,2025-08-10 16:00:00
1754856000000,118633.1,119330.8,118055.1,119306.0,9024.3335,2025-08-10 20:00:00
1754870400000,119306.0,122168.9,118968.0,121706.0,23958.0693,2025-08-11 00:00:00
1754884800000,121706.0,122348.0,121453.0,121545.8,11355.9277,2025-08-11 04:00:00
1754899200000,121545.9,121838.0,120271.0,120563.0,13164.3351,2025-08-11 08:00:00
1754913600000,120563.0,120678.2,119378.0,120288.1,19764.6637,2025-08-11 12:00:00
1754928000000,120288.0,120781.0,118533.3,119057.1,12269.3171,2025-08-11 16:00:00
1754942400000,119057.2,119165.2,118000.1,118659.8,8733.2835,2025-08-11 20:00:00
1754956800000,118659.7,119288.0,118578.7,118848.4,6735.3902,2025-08-12 00:00:00
1754971200000,118848.5,119166.7,118405.0,118980.6,7634.514,2025-08-12 04:00:00
1754985600000,118980.6,119043.4,118176.3,118477.7,7704.6981,2025-08-12 08:00:00
1755000000000,118477.6,119929.5,118240.0,119893.9,21424.0877,2025-08-12 12:00:00
1755014400000,119893.9,120164.7,119160.0,119618.0,10148.0073,2025-08-12 16:00:00
1755028800000,119618.0,120299.8,119458.0,120108.0,7181.6108,2025-08-12 20:00:00
1755043200000,120108.1,120181.3,119043.2,119468.6,9456.296,2025-08-13 00:00:00
1755057600000,119468.7,119839.9,118907.9,119570.0,7880.2552,2025-08-13 04:00:00
1755072000000,119570.1,120747.4,119434.6,120573.4,11720.0435,2025-08-13 08:00:00
1755086400000,120573.5,122249.9,120113.8,120941.7,29767.323,2025-08-13 12:00:00
1755100800000,120941.6,122867.6,120941.6,122776.6,13152.5456,2025-08-13 16:00:00
1755115200000,122772.2,123754.4,122329.0,123361.7,13194.1097,2025-08-13 20:00:00
1755129600000,123361.7,124590.0,123299.3,123431.3,12526.3095,2025-08-14 00:00:00
1755144000000,123431.3,123520.0,121354.4,121787.1,17822.5738,2025-08-14 04:00:00
1755158400000,121787.0,122074.3,120723.6,121013.2,11047.8392,2025-08-14 08:00:00
1755172800000,121013.2,121194.0,117412.9,118213.8,47931.834,2025-08-14 12:00:00
1755187200000,118213.9,118508.4,117130.6,117910.7,14794.3698,2025-08-14 16:00:00
1755201600000,117910.6,118478.0,117273.5,118260.1,6973.9373,2025-08-14 20:00:00
1755216000000,118260.0,119061.2,117990.4,118949.9,7681.3892,2025-08-15 00:00:00
1755230400000,118950.0,119219.9,118611.8,118963.2,7730.4588,2025-08-15 04:00:00
1755244800000,118963.2,119154.6,118584.1,118984.0,5186.3611,2025-08-15 08:00:00
1755259200000,118984.0,119109.5,116760.4,117221.6,21161.099,2025-08-15 12:00:00
1755273600000,117221.7,117859.6,116750.0,116887.9,10596.1541,2025-08-15 16:00:00
1755288000000,116887.9,117700.0,116817.0,117285.1,5043.7899,2025-08-15 20:00:00
1755302400000,117285.1,117848.9,117168.5,117386.6,4790.3497,2025-08-16 00:00:00
1755316800000,117386.5,117830.0,117228.8,117554.7,5569.2229,2025-08-16 04:00:00
1755331200000,117554.7,117663.7,117103.6,117345.2,5401.3871,2025-08-16 08:00:00
1755345600000,117345.2,117774.2,117285.7,117620.8,4108.3326,2025-08-16 12:00:00
1755360000000,117620.9,117767.0,117563.6,117610.1,1843.8665,2025-08-16 16:00:00
1755374400000,117610.1,117667.8,117169.0,117325.6,3022.831,2025-08-16 20:00:00
1755388800000,117325.7,117705.8,117123.0,117622.7,3736.5104,2025-08-17 00:00:00
1755403200000,117622.8,118180.0,117622.7,117953.2,4439.5954,2025-08-17 04:00:00
1755417600000,117953.2,118456.7,117864.7,118255.9,4419.5807,2025-08-17 08:00:00
1755432000000,118256.0,118538.7,118016.8,118203.6,4303.8025,2025-08-17 12:00:00
1755446400000,118203.5,118285.4,117225.4,117525.4,6529.9239,2025-08-17 16:00:00
1755460800000,117525.5,117935.6,117300.0,117346.9,3846.7829,2025-08-17 20:00:00
1755475200000,117346.8,117488.0,114933.6,115257.4,19825.6542,2025-08-18 00:00:00
1755489600000,115257.3,115654.4,114825.0,115169.8,10091.8347,2025-08-18 04:00:00
1755504000000,115169.8,115355.0,114603.2,114914.2,8844.387,2025-08-18 08:00:00
1755518400000,114914.2,116138.9,114760.1,116083.5,12625.0701,2025-08-18 12:00:00
1755532800000,116083.5,116755.5,115769.6,116263.6,8814.2801,2025-08-18 16:00:00
1755547200000,116263.6,116967.0,115925.0,116185.7,6913.0776,2025-08-18 20:00:00
1755561600000,116185.6,116685.9,114755.0,114779.4,10439.5864,2025-08-19 00:00:00
1755576000000,114779.3,115441.9,114313.7,114952.1,9606.2919,2025-08-19 04:00:00
1755590400000,114952.1,115613.3,114755.0,115464.0,6143.2296,2025-08-19 08:00:00
1755604800000,115464.1,115832.9,113453.2,113733.9,18926.8729,2025-08-19 12:00:00
1755619200000,113734.0,113839.0,112695.7,113067.3,14151.2901,2025-08-19 16:00:00
1755633600000,113067.3,113515.3,112656.3,112826.1,6398.0585,2025-08-19 20:00:00
1755648000000,112826.0,113621.4,112507.7,113494.7,8701.4154,2025-08-20 00:00:00
1755662400000,113494.7,113822.0,113367.1,113456.0,4764.0297,2025-08-20 04:00:00
1755676800000,113456.0,114000.0,113015.8,113631.4,7920.7246,2025-08-20 08:00:00
1755691200000,113631.4,114300.0,112307.0,113297.6,20285.8819,2025-08-20 12:00:00
1755705600000,113297.5,114417.0,113203.8,114236.4,12857.6736,2025-08-20 16:00:00
1755720000000,114236.4,114578.3,113954.5,114230.0,4736.3076,2025-08-20 20:00:00
1755734400000,114230.0,114792.7,113850.9,113911.1,7827.7423,2025-08-21 00:00:00
1755748800000,113911.2,114000.0,113514.9,113844.1,4826.378,2025-08-21 04:00:00
1755763200000,113844.2,113962.3,112927.4,113096.2,7722.7536,2025-08-21 08:00:00
1755777600000,113096.1,113947.2,112555.0,112750.0,12647.1842,2025-08-21 12:00:00
1755792000000,112750.1,112941.1,111955.0,112154.1,10451.5297,2025-08-21 16:00:00
1755806400000,112154.0,112837.0,112016.0,112476.7,5297.0192,2025-08-21 20:00:00
1755820800000,112476.7,113510.0,112294.7,112914.9,7999.4937,2025-08-22 00:00:00
1755835200000,112914.9,113368.2,112683.0,113055.1,6472.1042,2025-08-22 04:00:00
1755849600000,113055.0,113277.8,112118.0,112270.1,6179.417,2025-08-22 08:00:00
1755864000000,112270.2,117276.6,111623.2,116333.3,47242.6118,2025-08-22 12:00:00
1755878400000,116333.3,117388.0,116088.0,116638.0,15711.7851,2025-08-22 16:00:00
1755892800000,116638.0,117138.8,116535.9,116915.9,5650.8283,2025-08-22 20:00:00
1755907200000,116916.0,117013.5,115447.7,115550.4,10611.8687,2025-08-23 00:00:00
1755921600000,115550.3,116026.6,115533.0,115788.8,5308.6738,2025-08-23 04:00:00
1755936000000,115788.8,115858.0,115177.7,115266.2,4774.7215,2025-08-23 08:00:00
1755950400000,115266.2,115451.2,114459.5,114780.7,13042.5389,2025-08-23 12:00:00
1755964800000,114780.6,115161.9,114652.0,115100.0,3715.6601,2025-08-23 16:00:00
1755979200000,115100.0,115386.1,114969.7,115386.0,2747.4968,2025-08-23 20:00:00
1755993600000,115386.1,115648.0,114907.4,115020.1,5584.3946,2025-08-24 00:00:00
1756008000000,115020.0,115264.7,114836.3,114858.4,2804.7548,2025-08-24 04:00:00
1756022400000,114858.3,115054.4,114588.0,114719.4,4145.5787,2025-08-24 08:00:00
1756036800000,114719.4,114870.0,114321.7,114391.6,6369.6672,2025-08-24 12:00:00
1756051200000,114391.7,114900.0,110346.3,112560.4,29046.1933,2025-08-24 16:00:00
1756065600000,112560.4,113660.0,111603.2,113443.2,12847.3032,2025-08-24 20:00:00
1756080000000,113443.3,113611.2,112110.0,112862.0,10024.8488,2025-08-25 00:00:00
1756094400000,112862.0,113024.1,111225.9,111466.0,11416.1897,2025-08-25 04:00:00
1756108800000,111466.0,111831.2,110905.0,111199.6,10956.577,2025-08-25 08:00:00
1756123200000,111199.6,112542.1,110547.0,112172.2,19019.7494,2025-08-25 12:00:00
1756137600000,112172.3,112924.6,110619.0,110684.0,10829.6386,2025-08-25 16:00:00
1756152000000,110684.0,111057.0,109232.8,110074.0,20249.8066,2025-08-25 20:00:00
1756166400000,110074.0,110080.0,108636.8,109835.4,14569.9987,2025-08-26 00:00:00
1756180800000,109835.5,110498.6,109708.2,110238.9,5985.5425,2025-08-26 04:00:00
1756195200000,110239.0,110410.2,109500.1,109844.0,5587.3725,2025-08-26 08:00:00
1756209600000,109843.9,110789.0,109339.9,109633.4,17523.7183,2025-08-26 12:00:00
1756224000000,109633.4,111136.1,109410.1,111070.8,8992.2797,2025-08-26 16:00:00
1756238400000,111070.0,112311.3,110871.2,111711.3,8591.3617,2025-08-26 20:00:00
1756252800000,111711.3,111784.0,110878.7,111380.0,6662.4584,2025-08-27 00:00:00
1756267200000,111380.1,111686.0,110594.1,110698.8,5438.2415,2025-08-27 04:00:00
1756281600000,110698.7,111332.4,110318.9,111263.7,5558.3722,2025-08-27 08:00:00
1756296000000,111263.7,112580.6,110963.9,111964.4,14402.9402,2025-08-27 12:00:00
1756310400000,111964.4,112564.0,111489.6,112033.5,7142.7294,2025-08-27 16:00:00
1756324800000,112033.5,112420.0,110832.6,111203.2,11137.4124,2025-08-27 20:00:00
1756339200000,111203.3,111998.1,110820.0,111968.4,5381.3535,2025-08-28 00:00:00
1756353600000,111968.4,113340.0,111910.2,113101.2,11629.1187,2025-08-28 04:00:00
1756368000000,113101.3,113323.5,112800.0,112895.7,4818.3595,2025-08-28 08:00:00
1756382400000,112895.7,113442.6,112356.5,112642.4,12736.1978,2025-08-28 12:00:00
1756396800000,112642.4,113172.9,111861.0,111866.3,7770.5397,2025-08-28 16:00:00
1756411200000,111867.4,112544.1,111833.3,112520.0,3522.9575,2025-08-28 20:00:00
1756425600000,112520.1,112617.6,111251.6,111651.5,6909.1464,2025-08-29 00:00:00
1756440000000,111651.6,111800.0,109850.0,109975.7,13379.9377,2025-08-29 04:00:00
1756454400000,109975.7,110231.2,109339.4,110036.9,10014.4974,2025-08-29 08:00:00
1756468800000,110036.9,111475.7,108055.0,108333.7,27179.378,2025-08-29 12:00:00
1756483200000,108333.8,108788.3,107859.8,108164.0,8392.1779,2025-08-29 16:00:00
1756497600000,108164.0,108509.6,107405.7,108335.7,7678.1038,2025-08-29 20:00:00
1756512000000,108335.8,108390.6,107276.5,108386.3,7880.0314,2025-08-30 00:00:00
1756526400000,108386.4,108628.9,108085.2,108466.1,4987.5799,2025-08-30 04:00:00
1756540800000,108466.1,108739.1,108311.3,108639.4,4018.4209,2025-08-30 08:00:00
1756555200000,108639.3,108885.0,108145.1,108824.1,6151.0982,2025-08-30 12:00:00
1756569600000,108824.1,108865.0,108573.3,108787.1,2901.9762,2025-08-30 16:00:00
1756584000000,108787.2,108799.8,108423.0,108758.1,2191.7922,2025-08-30 20:00:00
1756598400000,108758.1,109436.2,108758.0,109177.6,5635.1625,2025-08-31 00:00:00
1756612800000,109177.6,109188.1,108470.0,108659.2,4599.9974,2025-08-31 04:00:00
1756627200000,108659.2,109057.5,108250.0,108338.7,5445.3689,2025-08-31 08:00:00
1756641600000,108338.7,108800.0,108128.9,108756.5,5488.5,2025-08-31 12:00:00
1756656000000,108756.5,109180.0,108483.3,108877.9,4850.2147,2025-08-31 16:00:00
1756670400000,108877.9,109197.9,108000.8,108199.7,5885.1771,2025-08-31 20:00:00
1756684800000,108199.7,108448.3,107355.0,107613.0,11401.1068,2025-09-01 00:00:00
1756699200000,107612.9,109387.0,107210.7,109387.0,12700.3748,2025-09-01 04:00:00
1756713600000,109386.9,109917.7,108133.1,108736.6,17404.5461,2025-09-01 08:00:00
1756728000000,108736.6,109476.6,108513.6,108742.3,9158.7089,2025-09-01 12:00:00
1756742400000,108742.2,109291.7,108335.6,109179.7,6199.4456,2025-09-01 16:00:00
1756756800000,109179.8,109396.0,107371.0,109182.5,13126.2024,2025-09-01 20:00:00
1756771200000,109182.6,110591.6,108841.6,110293.9,13516.8025,2025-09-02 00:00:00
1756785600000,110294.0,110574.0,109950.0,110199.9,7907.6047,2025-09-02 04:00:00
1756800000000,110200.0,110694.3,109533.0,109708.7,9837.0267,2025-09-02 08:00:00
1756814400000,109708.7,111747.7,108319.0,110794.2,36008.7317,2025-09-02 12:00:00
1756828800000,110794.2,111090.2,110143.0,110747.4,8702.4962,2025-09-02 16:00:00
1756843200000,110747.4,111490.6,110654.4,111185.5,5611.1762,2025-09-02 20:00:00
1756857600000,111185.6,111750.0,110826.7,110982.7,7766.4269,2025-09-03 00:00:00
1756872000000,110982.7,111098.7,110480.0,111038.9,5899.528,2025-09-03 04:00:00
1756886400000,111039.0,111675.0,110833.4,111390.7,6225.4158,2025-09-03 08:00:00
1756900800000,111390.7,112465.0,110968.4,112174.1,18949.6415,2025-09-03 12:00:00
1756915200000,112174.0,112554.1,111630.0,112144.2,7746.0532,2025-09-03 16:00:00
1756929600000,112144.5,112217.6,111568.6,111655.0,3203.8884,2025-09-03 20:00:00
1756944000000,111654.9,112134.1,111100.0,111120.1,7373.893,2025-09-04 00:00:00
1756958400000,111120.1,111298.0,110238.2,110416.2,9563.5371,2025-09-04 04:00:00
1756972800000,110416.2,111100.0,110367.3,110756.4,6331.5813,2025-09-04 08:00:00
1756987200000,110756.5,111107.6,109280.0,109460.6,17439.929,2025-09-04 12:00:00
1757001600000,109460.6,110139.8,109304.7,109737.6,6836.76,2025-09-04 16:00:00
1757016000000,109739.3,111719.9,109690.0,110674.0,9505.588,2025-09-04 20:00:00
1757030400000,110674.0,111440.0,110373.2,111271.1,7842.3098,2025-09-05 00:00:00
1757044800000,111271.1,112988.9,111085.0,112906.9,15015.0943,2025-09-05 04:00:00
1757059200000,112906.9,112963.2,112100.0,112316.2,9172.9862,2025-09-05 08:00:00
1757073600000,112316.2,113350.0,110236.1,110673.1,38844.4697,2025-09-05 12:00:00
1757088000000,110673.0,111558.7,110155.0,111537.6,10591.6006,2025-09-05 16:00:00
1757102400000,111537.6,111654.3,110301.7,110627.4,9571.094,2025-09-05 20:00:00
1757116800000,110627.4,111258.0,110525.0,111039.1,4118.0114,2025-09-06 00:00:00
1757131200000,111039.1,111039.1,110650.0,110780.7,3282.1387,2025-09-06 04:00:00
1757145600000,110780.8,110924.7,110638.2,110736.0,3883.3571,2025-09-06 08:00:00
1757160000000,110736.1,110957.1,110311.6,110344.9,4239.7617,2025-09-06 12:00:00
1757174400000,110344.8,110368.0,109920.0,110006.0,6294.003,2025-09-06 16:00:00
1757188800000,110006.0,110238.0,109995.9,110139.3,1923.8007,2025-09-06 20:00:00
1757203200000,110139.4,110688.0,110126.0,110598.3,3951.8325,2025-09-07 00:00:00
1757217600000,110598.2,110873.9,110421.2,110710.1,4539.9589,2025-09-07 04:00:00
1757232000000,110710.1,111321.0,110666.1,111240.0,7229.8687,2025-09-07 08:00:00
1757246400000,111240.5,111368.0,111000.0,111298.0,4386.3726,2025-09-07 12:00:00
1757260800000,111298.0,111345.0,110831.2,111211.7,3852.3051,2025-09-07 16:00:00
1757275200000,111211.8,111563.0,110953.7,111079.0,3949.2499,2025-09-07 20:00:00
1757289600000,111078.7,111333.2,110555.5,110988.0,7951.6672,2025-09-08 00:00:00
1757304000000,110988.0,111560.1,110846.9,111224.7,5555.4087,2025-09-08 04:00:00
1757318400000,111224.7,112222.0,111193.7,112033.8,10830.3857,2025-09-08 08:00:00
1757332800000,112033.8,112888.0,111850.8,112600.0,14185.8113,2025-09-08 12:00:00
1757347200000,112599.9,112635.2,111949.0,112072.4,6187.1759,2025-09-08 16:00:00
1757361600000,112072.5,112476.0,111867.3,112023.1,3685.0289,2025-09-08 20:00:00
1757376000000,112023.2,112068.0,111088.0,111656.1,9326.8184,2025-09-09 00:00:00
1757390400000,111656.1,113243.7,111582.8,112963.0,16517.3019,2025-09-09 04:00:00
1757404800000,112963.0,113138.6,112373.6,112408.6,6006.4912,2025-09-09 08:00:00
1757419200000,112408.6,112915.1,110724.1,110818.7,21069.3453,2025-09-09 12:00:00
1757433600000,110818.8,111350.0,110732.1,111258.0,7381.9785,2025-09-09 16:00:00
1757448000000,111258.1,111688.0,111040.0,111500.0,4701.758,2025-09-09 20:00:00
1757462400000,111500.0,111555.0,110888.0,111505.7,6993.496,2025-09-10 00:00:00
1757476800000,111505.7,112544.0,111318.2,112493.3,9297.2117,2025-09-10 04:00:00
1757491200000,112493.4,112800.0,112070.0,112296.5,10354.5017,2025-09-10 08:00:00
1757505600000,112296.5,114285.0,112296.4,113817.0,29680.935,2025-09-10 12:00:00
1757520000000,113817.0,114043.1,113105.0,113509.0,10108.7227,2025-09-10 16:00:00
1757534400000,113508.9,113973.0,113447.0,113899.9,5238.6142,2025-09-10 20:00:00
1757548800000,113900.0,114395.0,113605.6,114347.1,6521.9514,2025-09-11 00:00:00
1757563200000,114347.1,114427.9,113886.7,114040.0,7552.8561,2025-09-11 04:00:00
1757577600000,114040.0,114150.0,113727.0,113950.1,6760.9847,2025-09-11 08:00:00
1757592000000,113950.1,114717.5,113333.3,114124.2,28780.8175,2025-09-11 12:00:00
1757606400000,114124.2,114571.4,114040.7,114371.0,6135.1855,2025-09-11 16:00:00
1757620800000,114371.1,115449.4,114193.1,115437.9,7458.4275,2025-09-11 20:00:00
1757635200000,115437.9,116280.3,115000.0,115143.0,15508.3864,2025-09-12 00:00:00
1757649600000,115143.1,115620.9,115040.7,115060.0,6630.4658,2025-09-12 04:00:00
1757664000000,115060.0,115239.1,114850.0,114892.8,6240.7515,2025-09-12 08:00:00
1757678400000,114892.8,115425.5,114700.0,115076.9,10532.6585,2025-09-12 12:00:00
1757692800000,115077.0,116625.9,114969.7,116575.0,12902.6281,2025-09-12 16:00:00
1757707200000,116575.0,116575.0,115670.8,115971.5,6611.9137,2025-09-12 20:00:00
1757721600000,115971.5,116229.0,115552.9,115945.1,5233.2598,2025-09-13 00:00:00
1757736000000,115945.1,115945.1,115630.5,115769.3,3379.5045,2025-09-13 04:00:00
1757750400000,115769.4,116171.9,115763.9,115949.6,3139.7368,2025-09-13 08:00:00
1757764800000,115949.6,116036.6,115567.0,115732.0,4783.135,2025-09-13 12:00:00
1757779200000,115732.1,115784.5,115077.0,115762.2,6258.415,2025-09-13 16:00:00
1757793600000,115762.2,115960.0,115754.5,115888.5,2328.523,2025-09-13 20:00:00
1757808000000,115888.5,116096.0,115609.4,115639.9,3425.851,2025-09-14 00:00:00
1757822400000,115639.9,115899.4,115425.5,115750.9,2405.5078,2025-09-14 04:00:00
1757836800000,115751.0,116130.3,115710.0,115776.5,3690.152,2025-09-14 08:00:00
1757851200000,115776.5,115843.1,115140.2,115208.5,6815.1209,2025-09-14 12:00:00
1757865600000,115208.5,115620.0,115180.0,115610.6,3392.8653,2025-09-14 16:00:00
1757880000000,115610.6,116055.0,115094.0,115226.4,6308.1499,2025-09-14 20:00:00
1757894400000,115226.4,115527.0,114773.3,115382.0,8073.9457,2025-09-15 00:00:00
1757908800000,115382.1,116760.8,115340.0,115778.4,15287.9222,2025-09-15 04:00:00
1757923200000,115778.4,115778.4,114563.2,115000.0,14899.5408,2025-09-15 08:00:00
1757937600000,115000.0,115036.0,114305.4,114782.6,12376.5402,2025-09-15 12:00:00
1757952000000,114782.7,115512.7,114550.0,115236.5,7314.9173,2025-09-15 16:00:00
1757966400000,115236.5,115561.2,115138.5,115314.7,3691.688,2025-09-15 20:00:00
1757980800000,115314.8,115482.0,114900.0,115240.9,4740.7319,2025-09-16 00:00:00
1757995200000,115240.9,115979.0,114867.3,115788.0,9195.8309,2025-09-16 04:00:00
1758009600000,115788.0,115950.0,115158.0,115240.1,5335.4345,2025-09-16 08:00:00
1758024000000,115240.1,115900.1,114679.5,115900.1,14029.3692,2025-09-16 12:00:00
1758038400000,115900.0,116855.3,115575.0,116763.9,13140.2416,2025-09-16 16:00:00
1758052800000,116764.0,116926.0,116553.0,116747.5,4528.8866,2025-09-16 20:00:00
1758067200000,116747.6,117050.2,116300.1,116314.2,5874.0502,2025-09-17 00:00:00
1758081600000,116314.2,117235.0,116105.3,117110.3,8845.303,2025-09-17 04:00:00
1758096000000,117110.3,117146.8,116210.0,116219.4,7756.0804,2025-09-17 08:00:00
1758110400000,116219.4,116498.3,115393.0,115814.7,12786.8542,2025-09-17 12:00:00
1758124800000,115814.8,116274.5,114668.2,115586.0,28889.2355,2025-09-17 16:00:00
1758139200000,115585.2,116950.2,115256.2,116404.0,10396.6104,2025-09-17 20:00:00
1758153600000,116403.9,117856.0,116044.0,117547.0,13348.4151,2025-09-18 00:00:00
1758168000000,117546.9,117733.6,116854.1,117043.8,8101.2035,2025-09-18 04:00:00
1758182400000,117043.9,117382.2,116970.9,117029.9,4845.3187,2025-09-18 08:00:00
1758196800000,117029.9,117800.0,116925.8,117542.1,10992.8934,2025-09-18 12:00:00
1758211200000,117542.1,117877.1,117138.0,117406.3,6717.4682,2025-09-18 16:00:00
1758225600000,117406.3,117600.0,116600.0,117020.1,6285.4851,2025-09-18 20:00:00
1758240000000,117020.1,117416.5,116821.1,116922.1,4748.462,2025-09-19 00:00:00
1758254400000,116922.0,117058.8,116555.0,116853.7,5706.3349,2025-09-19 04:00:00
1758268800000,116853.7,117068.8,116264.7,116358.2,6743.2467,2025-09-19 08:00:00
1758283200000,116358.2,116500.0,115411.0,115815.8,13368.138,2025-09-19 12:00:00
1758297600000,115815.7,116076.0,115046.0,115066.0,8206.775,2025-09-19 16:00:00
1758312000000,115066.0,115612.7,115014.8,115571.1,3557.7893,2025-09-19 20:00:00
1758326400000,115571.1,115666.0,115365.0,115400.0,2346.8983,2025-09-20 00:00:00
1758340800000,115399.9,115913.0,115365.3,115892.1,3382.7529,2025-09-20 04:00:00
1758355200000,115892.1,115895.2,115602.9,115836.7,2321.2579,2025-09-20 08:00:00
1758369600000,115836.8,116065.4,115745.2,115932.0,3682.2484,2025-09-20 12:00:00
1758384000000,115931.9,116038.6,115622.8,115622.8,2926.1626,2025-09-20 16:00:00
1758398400000,115622.9,115868.9,115539.5,115623.2,1734.1023,2025-09-20 20:00:00
1758412800000,115623.3,115670.1,115398.0,115614.0,2705.4321,2025-09-21 00:00:00
1758427200000,115614.0,115774.7,115440.0,115774.6,2272.1762,2025-09-21 04:00:00
1758441600000,115774.7,115779.3,115276.0,115562.0,2680.747,2025-09-21 08:00:00
1758456000000,115562.0,115706.2,115425.0,115470.7,2155.5957,2025-09-21 12:00:00
1758470400000,115470.7,115628.0,115150.7,115434.2,3158.5744,2025-09-21 16:00:00
1758484800000,115434.3,115500.0,115102.0,115172.1,2387.6765,2025-09-21 20:00:00
1758499200000,115172.1,115332.0,114069.7,114595.8,17622.5243,2025-09-22 00:00:00
1758513600000,114595.8,114605.0,111337.9,112459.3,31469.9094,2025-09-22 04:00:00
1758528000000,112459.2,112915.9,112119.0,112808.4,7641.2631,2025-09-22 08:00:00
1758542400000,112808.5,113389.0,112333.4,112770.4,9846.5701,2025-09-22 12:00:00
1758556800000,112770.4,112842.5,111859.9,112069.4,7694.6208,2025-09-22 16:00:00
1758571200000,112069.5,112944.0,111927.3,112609.9,4881.7725,2025-09-22 20:00:00
1758585600000,112610.0,112788.0,111380.1,112285.8,9576.4245,2025-09-23 00:00:00
1758600000000,112285.8,113064.4,111800.0,113036.4,7817.8269,2025-09-23 04:00:00
1758614400000,113036.5,113216.0,112619.0,112919.2,5612.5905,2025-09-23 08:00:00
1758628800000,112919.2,113240.0,112425.0,112823.1,8412.3398,2025-09-23 12:00:00
1758643200000,112823.1,112916.7,111490.0,111610.3,10809.7919,2025-09-23 16:00:00
1758657600000,111610.3,112187.8,111400.0,111941.6,4314.2895,2025-09-23 20:00:00
1758672000000,111941.6,112452.5,111626.9,111639.1,7558.516,2025-09-24 00:00:00
1758686400000,111639.1,112729.9,110895.6,112545.2,12039.506,2025-09-24 04:00:00
1758700800000,112545.2,113110.5,112345.5,112964.5,5874.0528,2025-09-24 08:00:00
1758715200000,112964.6,113850.0,112752.9,113290.7,14663.6309,2025-09-24 12:00:00
1758729600000,113290.7,113887.0,113080.0,113357.3,6875.7561,2025-09-24 16:00:00
1758744000000,113357.3,113580.0,113150.0,113253.6,3692.19,2025-09-24 20:00:00
1758758400000,113253.6,113481.6,112152.4,112492.8,12228.5868,2025-09-25 00:00:00
1758772800000,112492.8,112589.9,111360.2,111713.6,13220.3675,2025-09-25 04:00:00
1758787200000,111713.7,112213.4,111214.1,111311.8,7308.4442,2025-09-25 08:00:00
1758801600000,111311.8,111686.6,110566.0,111533.0,20174.9283,2025-09-25 12:00:00
1758816000000,111532.9,111623.7,108566.1,109326.8,23499.1915,2025-09-25 16:00:00
1758830400000,109326.8,109625.4,108688.0,108939.6,7413.9751,2025-09-25 20:00:00
1758844800000,108939.6,109760.0,108756.6,109527.8,7079.2647,2025-09-26 00:00:00
1758859200000,109527.9,109579.4,108829.7,109238.6,8766.7125,2025-09-26 04:00:00
1758873600000,109238.6,109649.9,108567.8,109090.2,10435.7903,2025-09-26 08:00:00
1758888000000,109090.2,109739.7,108705.0,108979.6,15590.0266,2025-09-26 12:00:00
1758902400000,108979.5,110233.0,108967.3,109115.6,11651.5552,2025-09-26 16:00:00
1758916800000,109115.6,109627.8,109031.8,109584.0,3627.101,2025-09-26 20:00:00
1758931200000,109584.0,109692.0,109264.0,109493.5,3776.9946,2025-09-27 00:00:00
1758945600000,109493.6,109668.0,109288.0,109361.7,2365.0609,2025-09-27 04:00:00
1758960000000,109361.8,109452.8,109013.5,109276.4,4282.7061,2025-09-27 08:00:00
1758974400000,109276.4,109448.9,109124.6,109324.6,3729.7946,2025-09-27 12:00:00
1758988800000,109324.5,109383.9,109169.9,109353.8,2977.0537,2025-09-27 16:00:00
1759003200000,109353.8,109636.0,109301.4,109581.8,2817.9662,2025-09-27 20:00:00
1759017600000,109581.8,109733.4,109271.2,109393.2,3421.3939,2025-09-28 00:00:00
1759032000000,109393.3,109497.0,109200.1,109457.0,2767.481,2025-09-28 04:00:00
1759046400000,109456.9,109531.2,109183.8,109337.1,3821.7729,2025-09-28 08:00:00
1759060800000,109337.2,109980.1,109150.0,109973.6,6284.2283,2025-09-28 12:00:00
1759075200000,109973.6,110355.8,109938.7,110284.4,5670.9973,2025-09-28 16:00:00
1759089600000,110284.5,112313.7,110226.2,112121.1,12194.4754,2025-09-28 20:00:00
1759104000000,112121.0,112254.0,111537.1,111830.1,8041.4239,2025-09-29 00:00:00
1759118400000,111830.1,111861.9,111500.4,111819.8,5261.5277,2025-09-29 04:00:00
1759132800000,111819.9,112389.8,111819.8,112053.0,7142.4798,2025-09-29 08:00:00
1759147200000,112053.1,114180.0,111854.3,113768.9,24224.1941,2025-09-29 12:00:00
1759161600000,113768.9,114360.0,113420.3,114206.4,9673.8712,2025-09-29 16:00:00
1759176000000,114206.4,114355.0,113959.6,114246.0,4493.3843,2025-09-29 20:00:00
1759190400000,114246.0,114786.2,113980.0,114328.0,9338.8088,2025-09-30 00:00:00
1759204800000,114328.0,114328.0,113537.9,113669.6,7437.1117,2025-09-30 04:00:00
1759219200000,113669.6,113714.0,112607.4,113000.4,11416.5094,2025-09-30 08:00:00
1759233600000,113000.3,113617.8,112795.8,113061.8,11923.699,2025-09-30 12:00:00
1759248000000,113061.8,114514.3,112751.4,114302.8,10509.6193,2025-09-30 16:00:00
1759262400000,114302.9,114705.9,113722.0,113998.7,8025.4525,2025-09-30 20:00:00
1759276800000,113998.7,114500.0,113911.2,114142.9,6824.0111,2025-10-01 00:00:00
1759291200000,114142.9,114690.5,114104.0,114485.9,7792.3301,2025-10-01 04:00:00
1759305600000,114485.9,116754.3,114428.6,116728.6,23576.5281,2025-10-01 08:00:00
1759320000000,116728.6,117617.3,116310.2,117363.8,17423.0912,2025-10-01 12:00:00
1759334400000,117363.9,118180.0,116689.3,117382.4,17260.9541,2025-10-01 16:00:00
1759348800000,117382.4,118666.0,117119.1,118560.5,10282.2339,2025-10-01 20:00:00
1759363200000,118560.4,119437.0,118347.2,118691.0,15036.7202,2025-10-02 00:00:00
1759377600000,118691.1,118905.5,118248.0,118444.0,6935.3553,2025-10-02 04:00:00
1759392000000,118444.0,118908.2,118322.0,118733.7,4428.4131,2025-10-02 08:00:00
1759406400000,118733.8,119880.7,118477.0,119880.7,21650.8313,2025-10-02 12:00:00
1759420800000,119880.7,120996.0,119331.0,120776.5,17477.5814,2025-10-02 16:00:00
1759435200000,120776.4,120860.0,120012.0,120477.9,6635.6082,2025-10-02 20:00:00
1759449600000,120477.9,120502.3,119778.1,120194.0,7300.7138,2025-10-03 00:00:00
1759464000000,120194.0,120298.5,119596.9,119628.1,5797.2681,2025-10-03 04:00:00
1759478400000,119628.0,120494.2,119214.0,120307.9,8712.999,2025-10-03 08:00:00
1759492800000,120308.0,122330.0,119818.0,122215.0,18831.3274,2025-10-03 12:00:00
1759507200000,122215.1,123863.7,121404.2,122597.0,39629.27,2025-10-03 16:00:00
1759521600000,122596.4,122673.8,121950.0,122189.0,4708.7295,2025-10-03 20:00:00
1759536000000,122189.0,122308.1,121640.6,122212.0,7196.4237,2025-10-04 00:00:00
1759550400000,122212.0,122759.0,122183.0,122272.6,5994.6118,2025-10-04 04:00:00
1759564800000,122272.7,122513.3,121922.0,121925.1,4461.8502,2025-10-04 08:00:00
1759579200000,121925.1,122475.0,121647.2,121753.6,6674.3132,2025-10-04 12:00:00
1759593600000,121753.6,121936.1,121476.6,121936.1,4639.6618,2025-10-04 16:00:00
1759608000000,121936.0,122387.3,121840.6,122352.5,3004.3641,2025-10-04 20:00:00
1759622400000,122352.6,124342.0,122091.7,123737.8,16049.8858,2025-10-05 00:00:00
1759636800000,123737.9,125800.0,123688.6,124703.1,19926.2905,2025-10-05 04:00:00
1759651200000,124703.1,124847.7,122450.0,123405.5,20262.2647,2025-10-05 08:00:00
1759665600000,123405.5,123405.5,122625.0,122758.5,6022.2047,2025-10-05 12:00:00
1759680000000,122758.4,123456.0,122238.3,122558.7,10621.5625,2025-10-05 16:00:00
1759694400000,122558.6,123550.0,122431.0,123434.4,4309.8173,2025-10-05 20:00:00
1759708800000,123434.4,124327.7,123038.0,123766.5,12691.0182,2025-10-06 00:00:00
1759723200000,123765.5,124125.5,123208.9,123347.6,7786.6648,2025-10-06 04:00:00
1759737600000,123347.6,124513.5,123347.5,124177.0,9612.3008,2025-10-06 08:00:00
1759752000000,124177.1,125384.2,124140.0,124956.5,18937.5523,2025-10-06 12:00:00
1759766400000,124956.5,126173.6,124757.2,125343.0,13896.8664,2025-10-06 16:00:00
1759780800000,125343.0,125488.6,124400.0,124622.6,7039.1723,2025-10-06 20:00:00
1759795200000,124622.6,125046.2,124021.5,124268.4,8981.284,2025-10-07 00:00:00
1759809600000,124268.4,124609.0,123505.0,123634.7,9043.7772,2025-10-07 04:00:00
1759824000000,123634.7,124468.1,123263.4,124392.3,7984.9168,2025-10-07 08:00:00
1759838400000,124392.2,125097.6,121126.2,121804.4,34051.044,2025-10-07 12:00:00
1759852800000,121804.4,122065.0,120561.6,121592.4,20616.719,2025-10-07 16:00:00
1759867200000,121592.4,122222.0,121208.2,121281.8,7454.1676,2025-10-07 20:00:00
1759881600000,121281.9,122184.1,121165.7,121333.0,8860.1921,2025-10-08 00:00:00
1759896000000,121333.4,121875.3,121021.8,121559.6,7907.0224,2025-10-08 04:00:00
1759910400000,121559.7,123145.2,121482.1,122816.6,11878.7341,2025-10-08 08:00:00
1759924800000,122816.5,123300.0,121616.0,122135.9,16388.0261,2025-10-08 12:00:00
1759939200000,122135.9,124179.2,122051.6,123372.1,19604.2976,2025-10-08 16:00:00
1759953600000,123372.0,123666.7,122735.6,123235.7,4725.4114,2025-10-08 20:00:00
1759968000000,123235.8,123288.0,121405.4,121976.9,11178.8754,2025-10-09 00:00:00
1759982400000,121977.0,122207.4,121655.0,121842.3,6295.3701,2025-10-09 04:00:00
1759996800000,121842.3,122803.0,121100.0,122695.8,15170.6838,2025-10-09 08:00:00
1760011200000,122695.8,123747.1,120601.9,121082.0,33972.7812,2025-10-09 12:00:00
1760025600000,121082.1,121423.5,119578.0,120914.0,21244.1114,2025-10-09 16:00:00
1760040000000,120914.1,121734.0,120801.9,121604.6,5855.0083,2025-10-09 20:00:00
1760054400000,121604.6,121873.3,120870.0,121000.0,8266.6618,2025-10-10 00:00:00
1760068800000,121000.0,121721.0,120821.0,120895.9,7519.7121,2025-10-10 04:00:00
1760083200000,120895.9,121729.0,120877.6,121500.0,5956.3621,2025-10-10 08:00:00
1760097600000,121500.1,122465.5,118425.5,118970.9,37288.6778,2025-10-10 12:00:00
1760112000000,118971.0,119400.0,115888.0,116595.9,33952.9831,2025-10-10 16:00:00
1760126400000,116595.8,117131.7,101482.7,112776.1,110056.9201,2025-10-10 20:00:00
1760140800000,112776.1,113318.5,111011.0,112268.3,23147.9407,2025-10-11 00:00:00
1760155200000,112268.3,112934.2,110076.0,110417.1,16593.8107,2025-10-11 04:00:00
1760169600000,110417.1,112330.0,110150.9,112260.0,12447.3235,2025-10-11 08:00:00
1760184000000,112260.0,112480.0,111740.7,111750.0,8131.2993,2025-10-11 12:00:00
1760198400000,111750.0,112167.2,110817.9,111158.0,7694.235,2025-10-11 16:00:00
1760212800000,111158.1,111342.7,109521.4,110614.0,11083.3329,2025-10-11 20:00:00
1760227200000,110613.9,111360.4,109550.0,110654.2,14553.8682,2025-10-12 00:00:00
1760241600000,110654.1,112075.8,110566.8,111478.9,8130.9094,2025-10-12 04:00:00
1760256000000,111478.9,112064.7,111074.9,111778.9,7306.3667,2025-10-12 08:00:00
1760270400000,111778.9,113707.4,111131.4,113168.9,25454.6429,2025-10-12 12:00:00
1760284800000,113168.8,114685.8,113168.8,114286.6,17166.8898,2025-10-12 16:00:00
1760299200000,114286.7,115744.3,114174.9,114911.4,14296.4213,2025-10-12 20:00:00
1760313600000,114911.4,115920.3,114578.3,114779.1,10086.5785,2025-10-13 00:00:00
1760328000000,114779.1,115516.4,114368.4,115340.0,9763.0556,2025-10-13 04:00:00
1760342400000,115339.9,115379.4,113560.1,114134.9,10971.5568,2025-10-13 08:00:00
1760356800000,114134.8,115510.9,113735.8,114268.0,18406.9051,2025-10-13 12:00:00
1760371200000,114268.1,115829.0,114170.0,115741.3,12041.7452,2025-10-13 16:00:00
1760385600000,115741.3,115819.6,114944.7,115115.1,5689.9703,2025-10-13 20:00:00
1760400000000,115115.2,115369.2,113213.1,113448.8,11742.484,2025-10-14 00:00:00
1760414400000,113448.8,113630.0,111306.0,111669.6,23713.8233,2025-10-14 04:00:00
1760428800000,111669.6,112096.9,110000.1,111261.0,19112.0103,2025-10-14 08:00:00
1760443200000,111261.0,112846.0,109802.0,112827.7,26079.4978,2025-10-14 12:00:00
1760457600000,112827.6,113480.2,111629.4,112553.8,21218.3537,2025-10-14 16:00:00
1760472000000,112553.8,113530.0,112175.2,112982.0,6292.1484,2025-10-14 20:00:00
1760486400000,112982.0,113575.5,111763.6,111989.6,11448.5784,2025-10-15 00:00:00
1760500800000,111989.6,112654.0,111684.0,112520.8,8216.345,2025-10-15 04:00:00
1760515200000,112520.9,113461.0,111627.7,111859.0,12965.5241,2025-10-15 08:00:00
1760529600000,111859.0,112200.0,110329.8,110745.0,22339.5629,2025-10-15 12:00:00
1760544000000,110745.0,111489.2,110098.8,111204.1,11220.199,2025-10-15 16:00:00
1760558400000,111204.1,111497.0,110425.0,110714.3,9203.5665,2025-10-15 20:00:00
1760572800000,110714.2,111817.4,110311.0,111283.5,8524.3243,2025-10-16 00:00:00
1760587200000,111283.5,111711.0,110505.0,110511.8,11799.2989,2025-10-16 04:00:00
1760601600000,110511.8,111684.0,109500.0,111361.6,17139.721,2025-10-16 08:00:00
1760616000000,111361.7,111950.0,108285.1,108489.8,28221.2986,2025-10-16 12:00:00
1760630400000,108489.8,109212.1,107517.6,108145.6,25250.349,2025-10-16 16:00:00
1760644800000,108144.0,108452.5,107333.3,108140.1,7149.6639,2025-10-16 20:00:00
1760659200000,108140.1,109169.5,107883.1,109117.4,8124.1938,2025-10-17 00:00:00
1760673600000,109117.4,109184.1,105472.6,105575.3,23051.2618,2025-10-17 04:00:00
1760688000000,105575.3,106554.9,103450.0,105632.8,38878.5408,2025-10-17 08:00:00
1760702400000,105632.8,106772.5,104451.7,106730.1,25924.7756,2025-10-17 12:00:00
1760716800000,106730.1,107515.0,106010.1,106406.0,14410.8217,2025-10-17 16:00:00
1760731200000,106406.1,107386.4,106296.2,106375.9,5875.6554,2025-10-17 20:00:00
1760745600000,106375.9,107246.0,106261.9,107030.2,6421.4541,2025-10-18 00:00:00
1760760000000,107030.3,107460.0,106400.0,106645.0,8204.8674,2025-10-18 04:00:00
1760774400000,106644.9,107171.4,106565.7,107147.3,4818.8079,2025-10-18 08:00:00
1760788800000,107147.4,107250.0,106670.9,106884.5,4416.2063,2025-10-18 12:00:00
1760803200000,106884.5,107040.1,106400.0,107005.9,3970.6479,2025-10-18 16:00:00
1760817600000,107005.8,107282.6,106788.4,107118.7,2976.3052,2025-10-18 20:00:00
1760832000000,107118.7,107315.0,106683.6,107214.8,4410.7699,2025-10-19 00:00:00
1760846400000,107214.9,107244.4,106491.0,106736.7,4567.8735,2025-10-19 04:00:00
1760860800000,106736.7,108188.0,106077.0,107725.9,20751.6194,2025-10-19 08:00:00
1760875200000,107725.9,108562.6,107312.1,108420.0,10904.0495,2025-10-19 12:00:00
1760889600000,108419.9,109398.4,108180.0,108855.6,9474.2051,2025-10-19 16:00:00
1760904000000,108855.6,109316.1,108415.3,108588.5,4811.6424,2025-10-19 20:00:00
1760918400000,108588.5,110395.6,107383.0,110089.9,16034.1638,2025-10-20 00:00:00
1760932800000,110089.9,111366.2,109903.8,111148.0,14677.5099,2025-10-20 04:00:00
1760947200000,111148.1,111643.1,110566.4,110975.7,9563.6193,2025-10-20 08:00:00
1760961600000,110975.8,111694.0,110550.0,111092.5,13592.8464,2025-10-20 12:00:00
1760976000000,111092.4,111271.9,109803.1,110750.0,18235.8618,2025-10-20 16:00:00
1760990400000,110749.9,111289.5,110351.9,110487.8,5904.7976,2025-10-20 20:00:00
1761004800000,110487.8,110488.0,109015.2,109015.2,10429.333,2025-10-21 00:00:00
1761019200000,109015.2,109015.3,107408.3,108020.0,20867.6602,2025-10-21 04:00:00
1761033600000,108020.0,108778.7,107427.0,108520.3,12104.9514,2025-10-21 08:00:00
1761048000000,108520.4,113541.7,107821.8,113384.5,40019.628,2025-10-21 12:00:00
1761062400000,113384.5,113988.0,111310.0,111756.4,24284.2993,2025-10-21 16:00:00
1761076800000,111756.4,111776.0,107905.7,108243.0,24588.8047,2025-10-21 20:00:00
1761091200000,108243.1,108654.7,107758.2,108154.0,13230.4533,2025-10-22 00:00:00
1761105600000,108153.9,108576.8,107551.3,108277.8,10681.5891,2025-10-22 04:00:00
1761120000000,108277.8,108303.3,106600.0,107500.1,15437.8585,2025-10-22 08:00:00
1761134400000,107500.0,109144.0,107387.5,108364.9,30023.2318,2025-10-22 12:00:00
1761148800000,108364.9,108766.0,107411.0,107820.3,13661.6854,2025-10-22 16:00:00
1761163200000,107820.1,108023.3,106606.3,107530.5,11812.3599,2025-10-22 20:00:00
1761177600000,107530.5,108670.7,107456.0,108309.9,8106.6204,2025-10-23 00:00:00
1761192000000,108310.0,110271.1,108298.3,109230.0,13932.2663,2025-10-23 04:00:00
1761206400000,109229.9,109865.3,109027.1,109221.0,7782.2739,2025-10-23 08:00:00
1761220800000,109220.9,110071.4,108624.0,109841.0,15503.0544,2025-10-23 12:00:00
1761235200000,109840.9,111235.3,109571.0,110143.0,15244.6315,2025-10-23 16:00:00
1761249600000,110143.0,110143.7,109270.1,110009.7,6348.5836,2025-10-23 20:00:00
1761264000000,110009.8,110785.2,109928.0,110398.2,6664.1146,2025-10-24 00:00:00
1761278400000,110398.2,111501.8,110289.2,111006.0,10820.6584,2025-10-24 04:00:00
1761292800000,111006.0,111475.4,110534.2,111023.9,8730.9166,2025-10-24 08:00:00
1761307200000,111023.9,112178.3,109641.7,110003.6,24273.7872,2025-10-24 12:00:00
1761321600000,110003.6,110888.0,109750.0,110560.1,6070.4105,2025-10-24 16:00:00
1761336000000,110560.0,111078.0,110421.9,110961.5,3921.5826,2025-10-24 20:00:00
1761350400000,110961.5,111199.9,110603.3,110969.3,3744.6278,2025-10-25 00:00:00
1761364800000,110969.3,111779.6,110969.3,111462.9,5567.4455,2025-10-25 04:00:00
1761379200000,111462.9,111797.7,111332.9,111522.7,5122.8284,2025-10-25 08:00:00
1761393600000,111522.7,111906.7,111266.7,111332.6,5128.3757,2025-10-25 12:00:00
1761408000000,111332.5,111689.0,111113.8,111565.2,4108.5182,2025-10-25 16:00:00
1761422400000,111565.2,111638.7,111277.1,111583.7,2055.3848,2025-10-25 20:00:00
1761436800000,111583.6,111888.0,111200.0,111214.9,4024.653,2025-10-26 00:00:00
1761451200000,111214.9,111688.0,111205.0,111680.0,2840.8034,2025-10-26 04:00:00
1761465600000,111680.0,113445.2,111643.1,113247.9,15414.2009,2025-10-26 08:00:00
1761480000000,113247.9,114078.9,113219.9,113654.5,13270.7536,2025-10-26 12:00:00
1761494400000,113654.6,113746.0,113221.1,113533.4,4381.5497,2025-10-26 16:00:00
1761508800000,113533.4,115759.3,112835.0,114508.4,13998.9355,2025-10-26 20:00:00
1761523200000,114508.4,115419.8,114326.3,114938.7,7875.7514,2025-10-27 00:00:00
1761537600000,114938.7,116400.3,114900.8,115513.7,14843.9743,2025-10-27 04:00:00
1761552000000,115513.7,115569.0,114780.2,115309.3,9014.8962,2025-10-27 08:00:00
1761566400000,115309.9,115400.0,114425.3,114905.8,13022.7714,2025-10-27 12:00:00
1761580800000,114905.7,115735.2,114733.2,114893.8,7531.6822,2025-10-27 16:00:00
1761595200000,114893.8,114893.8,113803.1,114060.3,7740.5948,2025-10-27 20:00:00
1761609600000,114060.3,114499.9,113508.1,113870.0,7937.1702,2025-10-28 00:00:00
1761624000000,113870.0,114320.0,113410.2,114126.2,7136.3783,2025-10-28 04:00:00
1761638400000,114126.2,114627.4,114057.6,114283.4,5737.4917,2025-10-28 08:00:00
1761652800000,114283.4,116055.5,114079.2,114592.4,21415.4146,2025-10-28 12:00:00
1761667200000,114592.3,115550.0,113500.0,113627.6,13813.562,2025-10-28 16:00:00
1761681600000,113627.6,113650.2,112138.0,112848.6,13762.648,2025-10-28 20:00:00
1761696000000,112848.6,112921.4,112012.3,112453.9,12503.8805,2025-10-29 00:00:00
1761710400000,112453.9,113553.5,112430.8,113500.0,10748.2387,2025-10-29 04:00:00
1761724800000,113500.0,113558.5,112669.2,113089.0,9226.1608,2025-10-29 08:00:00
1761739200000,113089.0,113599.9,111318.4,111459.5,23249.8446,2025-10-29 12:00:00
1761753600000,111459.6,112000.0,109100.0,110594.7,38431.8723,2025-10-29 16:00:00
1761768000000,110594.8,111749.7,109688.0,109973.0,9021.171,2025-10-29 20:00:00
1761782400000,109973.0,110961.0,109681.1,110693.8,7644.918,2025-10-30 00:00:00
1761796800000,110693.8,111555.0,107839.1,111316.0,32422.4934,2025-10-30 04:00:00
1761811200000,111316.1,111377.0,109622.2,109673.0,11471.0923,2025-10-30 08:00:00
1761825600000,109673.1,109747.4,107266.0,107656.6,31715.2418,2025-10-30 12:00:00
1761840000000,107656.6,108164.1,106212.9,106485.1,18016.8949,2025-10-30 16:00:00
1761854400000,106485.0,108294.6,106253.4,108261.0,10269.0455,2025-10-30 20:00:00
1761868800000,108261.0,109983.7,108216.0,109163.7,15829.7857,2025-10-31 00:00:00
1761883200000,109163.8,110198.7,109037.7,109401.3,11031.327,2025-10-31 04:00:00
1761897600000,109401.3,110516.0,109129.6,110388.3,11096.7604,2025-10-31 08:00:00
1761912000000,110388.4,111111.1,109294.6,110122.5,19976.1063,2025-10-31 12:00:00
1761926400000,110122.5,110240.0,108565.9,109787.7,13161.696,2025-10-31 16:00:00
1761940800000,109787.7,109787.7,109261.5,109547.3,3320.3671,2025-10-31 20:00:00
1761955200000,109547.3,110250.0,109329.2,110174.0,4699.955,2025-11-01 00:00:00
1761969600000,110173.9,110499.0,109888.0,110009.9,3724.8148,2025-11-01 04:00:00
1761984000000,110010.0,110212.3,109778.5,110094.4,3098.9347,2025-11-01 08:00:00
1761998400000,110094.4,110301.3,109653.1,110240.0,3724.359,2025-11-01 12:00:00
1762012800000,110240.0,110486.0,110127.8,110247.8,2935.3382,2025-11-01 16:00:00
1762027200000,110247.8,110473.9,109800.0,110050.2,2251.1313,2025-11-01 20:00:00
1762041600000,110050.2,110225.8,109833.7,109993.7,2494.7532,2025-11-02 00:00:00
1762056000000,109993.7,110999.0,109970.0,110841.5,6227.414,2025-11-02 04:00:00
1762070400000,110841.6,111199.7,110305.8,111151.1,6274.5789,2025-11-02 08:00:00
1762084800000,111151.1,111199.0,110020.1,110062.0,7273.9898,2025-11-02 12:00:00
1762099200000,110062.0,110295.6,109655.0,110133.9,5205.8512,2025-11-02 16:00:00
1762113600000,110133.9,110696.5,109400.0,110498.9,4934.2736,2025-11-02 20:00:00
1762128000000,110498.9,110737.3,107842.7,107889.0,14956.7291,2025-11-03 00:00:00
1762142400000,107889.0,108028.0,106897.4,107420.1,13126.4795,2025-11-03 04:00:00
1762156800000,107420.0,107869.9,106690.2,107745.0,9343.4878,2025-11-03 08:00:00
1762171200000,107745.0,108275.8,105428.8,105701.5,23069.2973,2025-11-03 12:00:00
1762185600000,105701.6,107700.0,105250.0,107021.4,15488.615,2025-11-03 16:00:00
1762200000000,107021.5,107105.6,105748.2,106533.6,7246.237,2025-11-03 20:00:00
1762214400000,106533.6,107244.0,105792.8,107100.1,9930.5807,2025-11-04 00:00:00
1762228800000,107100.2,107250.1,104131.0,104444.3,20327.2308,2025-11-04 04:00:00
1762243200000,104444.3,104680.0,103565.8,104536.9,15177.4921,2025-11-04 08:00:00
1762257600000,104536.8,104814.0,102849.8,103155.6,23876.4086,2025-11-04 12:00:00
1762272000000,103155.6,103465.1,99907.3,100497.0,36423.2164,2025-11-04 16:00:00
1762286400000,100497.1,101849.6,98888.1,101436.4,25956.9047,2025-11-04 20:00:00
1762300800000,101436.4,102218.5,98920.9,102085.7,23427.7903,2025-11-05 00:00:00
1762315200000,102085.8,102316.0,101434.5,101961.0,9590.0124,2025-11-05 04:00:00
1762329600000,101960.9,102173.3,101137.2,102028.9,9275.5495,2025-11-05 08:00:00
1762344000000,102028.9,103763.3,101877.7,103679.9,20307.7069,2025-11-05 12:00:00
1762358400000,103679.9,104500.0,103031.0,103950.0,11176.4632,2025-11-05 16:00:00
1762372800000,103950.0,104499.7,103237.1,103830.4,6975.7056,2025-11-05 20:00:00
1762387200000,103830.4,103916.7,102663.0,103602.5,10683.8836,2025-11-06 00:00:00
1762401600000,103602.5,104168.3,102860.5,103149.6,8384.2867,2025-11-06 04:00:00
1762416000000,103149.5,103412.7,102600.1,103198.9,7438.3254,2025-11-06 08:00:00
1762430400000,103199.0,103590.0,101558.0,101960.2,22064.9791,2025-11-06 12:00:00
1762444800000,101960.2,102356.8,100250.0,101331.8,23173.1766,2025-11-06 16:00:00
1762459200000,101331.8,101600.0,100490.1,101306.0,6909.7948,2025-11-06 20:00:00
1762473600000,101306.1,102300.0,100689.2,101864.0,12233.0966,2025-11-07 00:00:00
1762488000000,101864.1,102486.5,101520.1,101964.6,8785.0079,2025-11-07 04:00:00
1762502400000,101964.6,102008.0,99740.0,100358.0,15201.8908,2025-11-07 08:00:00
1762516800000,100358.0,101217.0,99200.0,100753.1,22235.9331,2025-11-07 12:00:00
1762531200000,100750.1,103351.0,100473.9,103342.0,16284.7916,2025-11-07 16:00:00
1762545600000,103342.0,104044.0,102902.6,103286.2,8279.7083,2025-11-07 20:00:00
1762560000000,103286.3,103367.0,102455.0,102540.0,7942.9843,2025-11-08 00:00:00
1762574400000,102540.1,102794.2,101857.8,102316.0,7499.5491,2025-11-08 04:00:00
1762588800000,102316.1,102637.9,101664.8,101800.0,6332.2815,2025-11-08 08:00:00
1762603200000,101799.9,102155.0,101415.0,101685.1,6851.0682,2025-11-08 12:00:00
1762617600000,101685.1,102180.0,101453.3,101933.5,4842.3287,2025-11-08 16:00:00
1762632000000,101933.5,102449.1,101906.2,102268.9,2567.0531,2025-11-08 20:00:00
1762646400000,102269.0,102308.4,101320.0,101622.0,5110.858,2025-11-09 00:00:00
1762660800000,101621.9,102092.9,101588.4,101896.0,4025.6255,2025-11-09 04:00:00
1762675200000,101896.0,102291.0,101450.1,102205.9,6385.2038,2025-11-09 08:00:00
1762689600000,102205.9,104200.0,102012.0,103694.9,16497.8865,2025-11-09 12:00:00
1762704000000,103694.9,104771.1,103280.8,104763.9,10192.4065,2025-11-09 16:00:00
1762718400000,104763.9,105444.0,104000.0,104659.2,9192.6309,2025-11-09 20:00:00
1762732800000,104659.2,106626.3,104218.2,105975.2,17335.7714,2025-11-10 00:00:00
1762747200000,105975.3,106495.4,105800.0,106433.6,6354.271,2025-11-10 04:00:00
1762761600000,106433.6,106566.6,105781.3,106128.9,7228.2957,2025-11-10 08:00:00
1762776000000,106129.0,106555.0,104630.0,105034.9,16139.4444,2025-11-10 12:00:00
1762790400000,105034.9,106057.8,104747.5,105769.5,8686.3627,2025-11-10 16:00:00
1762804800000,105769.4,106251.9,105217.0,105960.0,5520.0262,2025-11-10 20:00:00
1762819200000,105960.0,107499.8,105455.0,106410.5,15519.94,2025-11-11 00:00:00
1762833600000,106410.5,106496.9,104700.0,104750.9,11396.5917,2025-11-11 04:00:00
1762848000000,104750.8,105454.5,104729.6,105246.2,5824.0065,2025-11-11 08:00:00
1762862400000,105246.3,105441.4,103150.0,103418.8,20370.5254,2025-11-11 12:00:00
1762876800000,103418.9,103709.0,102783.9,103082.4,10584.6516,2025-11-11 16:00:00
1762891200000,103082.3,103183.5,102444.0,103017.9,8050.6105,2025-11-11 20:00:00
1762905600000,103018.0,103399.7,102639.4,103273.3,6489.0475,2025-11-12 00:00:00
1762920000000,103273.2,103611.9,102976.1,103072.3,5014.067,2025-11-12 04:00:00
1762934400000,103072.3,105167.0,103072.3,104982.8,16475.7666,2025-11-12 08:00:00
1762948800000,104982.8,105293.2,101902.5,102123.2,23311.9856,2025-11-12 12:00:00
1762963200000,102123.2,102246.2,100688.7,101240.9,19448.5914,2025-11-12 16:00:00
1762977600000,101240.9,101947.8,101080.0,101607.9,5805.849,2025-11-12 20:00:00
1762992000000,101608.0,102571.7,100862.5,102080.1,12857.6949,2025-11-13 00:00:00
1763006400000,102080.1,104000.0,101620.0,103422.5,16935.3121,2025-11-13 04:00:00
1763020800000,103422.5,103760.8,102491.9,102892.5,10367.0861,2025-11-13 08:00:00
1763035200000,102892.5,103465.1,101120.9,101322.0,27153.7638,2025-11-13 12:00:00
1763049600000,101322.1,101484.5,98084.0,98629.5,33572.9502,2025-11-13 16:00:00
1763064000000,98629.4,100450.0,97930.0,99639.2,16274.8113,2025-11-13 20:00:00
1763078400000,99639.2,99825.4,98664.5,99112.1,14313.2438,2025-11-14 00:00:00
1763092800000,99112.1,99148.2,95859.1,97086.4,36362.3887,2025-11-14 04:00:00
1763107200000,97086.3,97500.0,95666.0,96142.1,13987.1476,2025-11-14 08:00:00
1763121600000,96142.0,97280.0,94500.1,96751.9,36261.7876,2025-11-14 12:00:00
1763136000000,96751.9,97368.0,94754.1,95739.0,19598.4595,2025-11-14 16:00:00
1763150400000,95739.0,95915.4,93929.7,94533.0,17614.6941,2025-11-14 20:00:00
1763164800000,94533.0,96769.1,94507.5,96365.1,12375.2901,2025-11-15 00:00:00
1763179200000,96365.0,96546.2,95846.9,96291.0,7819.6058,2025-11-15 04:00:00
1763193600000,96290.9,96333.3,95585.0,95648.6,7141.5064,2025-11-15 08:00:00
1763208000000,95648.6,96430.0,95521.0,96212.4,6781.438,2025-11-15 12:00:00
1763222400000,96212.5,96363.6,95678.0,95961.5,5962.0122,2025-11-15 16:00:00
1763236800000,95961.5,95979.8,95065.6,95557.1,5947.7193,2025-11-15 20:00:00
1763251200000,95557.1,95938.6,94803.2,95769.9,7433.0512,2025-11-16 00:00:00
1763265600000,95769.9,96144.0,95600.0,96051.8,4685.0738,2025-11-16 04:00:00
1763280000000,96051.9,96587.3,95466.1,95591.6,9249.0908,2025-11-16 08:00:00
1763294400000,95591.5,95875.7,94322.0,94540.2,11275.3965,2025-11-16 12:00:00
1763308800000,94540.2,95532.0,93710.5,93992.2,21053.9411,2025-11-16 16:00:00
1763323200000,93992.1,94707.7,92918.3,94224.4,18342.3141,2025-11-16 20:00:00
1763337600000,94224.4,95521.3,93733.3,95460.0,12857.4446,2025-11-17 00:00:00
1763352000000,95459.9,95842.3,94850.1,95599.1,9352.44,2025-11-17 04:00:00
1763366400000,95599.1,95978.9,95259.4,95526.0,7844.3931,2025-11-17 08:00:00
1763380800000,95525.9,96000.0,93540.0,93913.4,35058.2632,2025-11-17 12:00:00
1763395200000,93915.3,94382.5,91555.0,91651.3,29567.3132,2025-11-17 16:00:00
1763409600000,91651.2,92350.0,91255.1,92170.1,13821.8155,2025-11-17 20:00:00
1763424000000,92170.1,92315.3,89677.0,90807.4,28932.57,2025-11-18 00:00:00
1763438400000,90807.3,90834.1,89250.5,90455.0,22030.0498,2025-11-18 04:00:00
1763452800000,90455.1,91568.4,90452.9,91467.1,15362.0394,2025-11-18 08:00:00
1763467200000,91467.0,93000.0,90880.0,92861.4,29790.5872,2025-11-18 12:00:00
1763481600000,92861.3,93784.8,92530.0,93137.3,17356.2777,2025-11-18 16:00:00
1763496000000,93137.3,93373.3,92419.1,92922.5,7133.1808,2025-11-18 20:00:00
1763510400000,92922.4,92942.9,91633.0,91839.2,11816.6833,2025-11-19 00:00:00
1763524800000,91839.3,91980.3,89960.0,91809.0,22314.8343,2025-11-19 04:00:00
1763539200000,91809.0,91912.9,91031.0,91352.6,9755.0787,2025-11-19 08:00:00
1763553600000,91352.6,92343.5,89819.2,89895.6,23075.9058,2025-11-19 12:00:00
1763568000000,89895.5,90189.0,88567.0,88848.6,27731.048,2025-11-19 16:00:00
1763582400000,88848.7,91568.8,88556.1,91520.6,20280.2208,2025-11-19 20:00:00
1763596800000,91520.6,92777.0,91146.9,92417.0,16180.9421,2025-11-20 00:00:00
1763611200000,92416.9,93130.0,91641.3,92288.3,15220.6818,2025-11-20 04:00:00
1763625600000,92288.4,92400.0,91410.0,91886.4,12150.5649,2025-11-20 08:00:00
1763640000000,91886.5,92548.0,89773.3,89817.1,29642.9148,2025-11-20 12:00:00
1763654400000,89817.0,89864.2,86054.0,86878.9,56588.0044,2025-11-20 16:00:00
1763668800000,86878.8,88214.4,86260.6,86595.1,17304.36,2025-11-20 20:00:00
1763683200000,86595.1,87466.0,85300.0,85790.2,25356.038,2025-11-21 00:00:00
1763697600000,85790.2,86317.8,81222.0,84000.1,46799.2842,2025-11-21 04:00:00
1763712000000,84000.0,84664.7,81609.8,82285.0,41951.3706,2025-11-21 08:00:00
1763726400000,82284.9,85445.7,80602.4,82904.7,61032.8924,2025-11-21 12:00:00
1763740800000,82904.7,85536.2,82289.6,84171.8,35775.7398,2025-11-21 16:00:00
1763755200000,84171.7,85367.7,83422.6,85086.5,13273.248,2025-11-21 20:00:00
1763769600000,85086.6,85590.4,84173.3,84405.5,10518.2082,2025-11-22 00:00:00
1763784000000,84405.5,84770.0,83802.6,84548.0,8336.604,2025-11-22 04:00:00
1763798400000,84547.9,84549.9,83465.9,84059.2,11047.3522,2025-11-22 08:00:00
1763812800000,84059.2,84711.2,83580.0,84235.4,9279.1183,2025-11-22 12:00:00
1763827200000,84235.4,84877.9,84170.0,84561.0,4817.9687,2025-11-22 16:00:00
1763841600000,84561.1,85230.8,84187.8,84700.0,5782.2958,2025-11-22 20:00:00
1763856000000,84700.0,86313.5,84635.4,86257.9,12797.8527,2025-11-23 00:00:00
1763870400000,86258.0,86823.5,85364.4,85740.6,11712.7897,2025-11-23 04:00:00
1763884800000,85740.7,86442.1,85729.2,86299.1,10106.3876,2025-11-23 08:00:00
1763899200000,86299.0,87226.2,86230.4,87033.2,13173.5727,2025-11-23 12:00:00
1763913600000,87033.2,87666.0,86456.9,87288.1,10889.113,2025-11-23 16:00:00
1763928000000,87288.1,88099.9,86686.5,86803.9,10206.4955,2025-11-23 20:00:00
1763942400000,86803.9,88029.1,85907.0,87404.6,19987.0692,2025-11-24 00:00:00
1763956800000,87404.7,87799.8,86400.0,87002.9,13222.103,2025-11-24 04:00:00
1763971200000,87002.9,87002.9,85648.9,86235.3,15425.2492,2025-11-24 08:00:00
1763985600000,86235.2,86714.2,85217.9,86562.9,24656.345,2025-11-24 12:00:00
1764000000000,86562.8,88797.1,86562.2,88291.9,23847.1987,2025-11-24 16:00:00
1764014400000,88292.0,89183.2,88208.0,88241.8,10274.5815,2025-11-24 20:00:00
1764028800000,88241.9,88248.4,87413.0,87763.3,11451.043,2025-11-25 00:00:00
1764043200000,87763.3,88467.2,87255.0,87359.0,10711.9043,2025-11-25 04:00:00
1764057600000,87358.9,87578.8,86640.0,87308.1,12984.0252,2025-11-25 08:00:00
1764072000000,87308.1,87727.7,86057.4,86943.9,22866.6253,2025-11-25 12:00:00
1764086400000,86944.0,88098.4,86131.0,86825.1,16059.732,2025-11-25 16:00:00
1764100800000,86825.2,87870.0,86535.4,87312.0,10005.4505,2025-11-25 20:00:00
1764115200000,87311.9,88190.7,87009.9,87080.0,10441.039,2025-11-26 00:00:00
1764129600000,87080.0,87938.9,86852.4,87899.9,8299.7294,2025-11-26 04:00:00
1764144000000,87900.0,87910.4,86620.0,87041.1,10237.0411,2025-11-26 08:00:00
1764158400000,87041.2,87646.0,86266.0,86939.1,17774.8224,2025-11-26 12:00:00
1764172800000,86939.0,90373.0,86923.7,89913.7,25910.2661,2025-11-26 16:00:00
1764187200000,89913.7,90664.4,89467.1,90425.8,11369.3946,2025-11-26 20:00:00
1764201600000,90425.8,91830.0,90020.1,91033.2,19240.27,2025-11-27 00:00:00
1764216000000,91033.2,91513.6,90830.4,91348.0,8374.3099,2025-11-27 04:00:00
1764230400000,91348.1,91908.5,91163.1,91320.1,10467.6028,2025-11-27 08:00:00
1764244800000,91320.2,91412.1,90415.1,90912.0,13598.2062,2025-11-27 12:00:00
1764259200000,90912.0,91791.0,90804.5,91485.1,9231.0487,2025-11-27 16:00:00
1764273600000,91485.1,91558.1,91054.7,91287.2,4247.5246,2025-11-27 20:00:00
1764288000000,91287.2,91380.7,90612.6,91162.1,9011.7191,2025-11-28 00:00:00
1764302400000,91162.1,91666.0,90800.0,90850.1,10293.3938,2025-11-28 04:00:00
1764316800000,90850.1,91976.4,90850.0,91377.4,14076.5147,2025-11-28 08:00:00
1764331200000,91377.4,93133.9,91332.7,92310.9,32182.6039,2025-11-28 12:00:00
1764345600000,92310.9,92332.0,90173.6,91099.4,20535.2753,2025-11-28 16:00:00
1764360000000,91099.3,91199.6,90632.1,90850.0,5087.693,2025-11-28 20:00:00
1764374400000,90850.1,91081.8,90500.0,90639.7,5745.9131,2025-11-29 00:00:00
1764388800000,90639.7,90887.4,90260.3,90520.3,6254.8099,2025-11-29 04:00:00
1764403200000,90520.3,90706.5,90333.0,90624.9,4239.2492,2025-11-29 08:00:00
1764417600000,90624.9,91079.1,90480.1,91025.6,5716.2309,2025-11-29 12:00:00
1764432000000,91025.6,91130.5,90113.7,90602.8,7930.2886,2025-11-29 16:00:00
1764446400000,90602.7,91022.9,90367.2,90762.8,4515.3545,2025-11-29 20:00:00
1764460800000,90762.8,91006.7,90418.0,90880.0,4370.3291,2025-11-30 00:00:00
1764475200000,90880.0,91010.0,90627.6,90929.0,3787.6473,2025-11-30 04:00:00
1764489600000,90928.9,91605.4,90877.7,91000.8,9706.2161,2025-11-30 08:00:00
1764504000000,91001.0,91935.8,90960.0,91395.1,10148.131,2025-11-30 12:00:00
1764518400000,91395.1,91816.2,91100.0,91409.5,5829.9274,2025-11-30 16:00:00
1764532800000,91409.6,91577.0,90300.0,90316.5,8236.2357,2025-11-30 20:00:00
1764547200000,90316.6,90385.5,86130.9,86322.0,42198.77,2025-12-01 00:00:00
1764561600000,86322.0,86537.9,85560.1,86495.4,16248.6475,2025-12-01 04:00:00
1764576000000,86495.4,86900.0,86084.7,86099.1,10685.563,2025-12-01 08:00:00
1764590400000,86099.1,86633.9,83777.0,84636.8,43748.0501,2025-12-01 12:00:00
1764604800000,84636.9,85531.8,84000.0,84974.8,22327.3682,2025-12-01 16:00:00
1764619200000,84974.8,86825.9,84959.1,86245.0,16237.6937,2025-12-01 20:00:00
1764633600000,86245.0,87327.2,86137.0,86922.1,13077.9086,2025-12-02 00:00:00
1764648000000,86922.1,87221.0,86758.2,86962.2,7147.5638,2025-12-02 04:00:00
1764662400000,86962.3,87583.3,86307.7,87333.0,14612.4499,2025-12-02 08:00:00
1764676800000,87333.0,91174.6,87000.0,90800.1,42276.3251,2025-12-02 12:00:00
1764691200000,90800.0,92282.8,90167.8,91859.1,24262.7748,2025-12-02 16:00:00
1764705600000,91859.0,91962.6,90662.7,91246.6,13951.4292,2025-12-02 20:00:00
1764720000000,91246.5,93064.0,90963.8,92584.9,16027.5185,2025-12-03 00:00:00
1764734400000,92585.0,93927.3,92576.5,92972.0,20340.1251,2025-12-03 04:00:00
1764748800000,92971.9,93333.0,92596.5,92958.6,11350.4613,2025-12-03 08:00:00
1764763200000,92958.5,93668.2,91619.9,92336.6,32605.2103,2025-12-03 12:00:00
1764777600000,92336.6,93466.3,91737.9,92984.7,15415.9822,2025-12-03 16:00:00
1764792000000,92984.7,94151.9,92780.7,93377.4,11507.1539,2025-12-03 20:00:00
1764806400000,93377.4,94047.9,92625.7,93489.5,14408.2482,2025-12-04 00:00:00
1764820800000,93489.5,93540.8,92735.0,93349.9,7895.4071,2025-12-04 04:00:00
1764835200000,93350.0,93575.9,92670.5,92900.0,8568.9326,2025-12-04 08:00:00
1764849600000,92900.0,93231.6,91752.0,92925.0,20749.8235,2025-12-04 12:00:00
1764864000000,92925.1,93135.0,90815.3,91928.2,20905.8291,2025-12-04 16:00:00
1764878400000,91928.2,92670.0,91634.1,92036.3,7037.565,2025-12-04 20:00:00
1764892800000,92036.3,92652.5,91894.1,92109.3,6566.3171,2025-12-05 00:00:00
1764907200000,92109.3,92452.1,91735.1,92220.0,7572.3437,2025-12-05 04:00:00
1764921600000,92219.9,92220.0,90942.0,91309.9,11703.7631,2025-12-05 08:00:00
1764936000000,91309.8,91433.4,89828.9,90406.6,25037.0646,2025-12-05 12:00:00
1764950400000,90406.6,90451.4,87936.1,89587.1,33443.2948,2025-12-05 16:00:00
1764964800000,89587.1,89693.3,88860.3,89284.0,5736.6799,2025-12-05 20:00:00
1764979200000,89283.9,89753.8,89000.0,89627.2,5666.7904,2025-12-06 00:00:00
1764993600000,89627.2,89713.0,89411.0,89540.4,3991.115,2025-12-06 04:00:00
1765008000000,89540.5,89691.0,89166.8,89586.2,5878.1765,2025-12-06 08:00:00
1765022400000,89586.2,90279.7,89428.2,89718.6,8505.5749,2025-12-06 12:00:00
1765036800000,89718.5,89941.7,89200.0,89360.4,4951.1813,2025-12-06 16:00:00
1765051200000,89360.4,89574.9,88860.0,89186.8,4469.0554,2025-12-06 20:00:00
1765065600000,89186.9,89704.7,89124.0,89670.7,4168.5808,2025-12-07 00:00:00
1765080000000,89670.7,89750.0,89152.4,89340.0,4918.1864,2025-12-07 04:00:00
1765094400000,89340.0,89500.8,89011.4,89115.1,4768.2444,2025-12-07 08:00:00
1765108800000,89115.0,89687.4,87670.0,89504.4,22913.6706,2025-12-07 12:00:00
1765123200000,89504.4,91728.5,89061.7,91388.0,18731.8044,2025-12-07 16:00:00
1765137600000,91388.0,91482.1,88848.2,90335.6,15006.9989,2025-12-07 20:00:00
1765152000000,90335.6,91650.0,89814.0,91032.6,11483.224,2025-12-08 00:00:00
1765166400000,91032.6,91862.0,90980.0,91523.0,7580.829,2025-12-08 04:00:00
1765180800000,91523.0,92255.0,91441.0,91923.8,7896.5549,2025-12-08 08:00:00
1765195200000,91923.8,92094.7,89560.1,89910.3,25000.7889,2025-12-08 12:00:00
1765209600000,89910.4,90474.0,89625.9,90076.3,12656.2664,2025-12-08 16:00:00
1765224000000,90076.7,91338.2,90076.7,90604.7,8995.6318,2025-12-08 20:00:00
1765238400000,90604.8,90818.1,89766.0,90365.4,7555.5903,2025-12-09 00:00:00
1765252800000,90365.4,90482.6,89447.4,90449.9,10716.6188,2025-12-09 04:00:00
1765267200000,90450.0,90583.6,89845.3,90338.9,6855.8215,2025-12-09 08:00:00
1765281600000,90338.9,92863.8,89951.0,92675.4,23904.8217,2025-12-09 12:00:00
1765296000000,92675.3,94569.9,92655.6,93761.9,27081.4187,2025-12-09 16:00:00
1765310400000,93761.8,93817.0,92194.8,92627.9,12916.3599,2025-12-09 20:00:00
1765324800000,92627.9,92736.6,91904.6,92371.4,9387.6946,2025-12-10 00:00:00
1765339200000,92371.4,92767.1,92338.0,92748.7,5248.4011,2025-12-10 04:00:00
1765353600000,92748.6,93236.7,91723.0,92084.3,13765.7627,2025-12-10 08:00:00
1765368000000,92084.4,92188.0,91507.2,92014.1,9931.2349,2025-12-10 12:00:00
1765382400000,92014.1,93250.0,91628.0,92911.9,24845.2256,2025-12-10 16:00:00
1765396800000,92911.9,94444.0,91813.2,91979.7,21365.5252,2025-12-10 20:00:00
1765411200000,91979.8,92054.3,89336.2,89831.1,20043.056,2025-12-11 00:00:00
1765425600000,89831.1,90450.0,89639.6,90232.3,7906.7774,2025-12-11 04:00:00
1765440000000,90232.2,90483.0,89920.4,90194.1,5634.7008,2025-12-11 08:00:00
1765454400000,90194.1,90620.0,89210.7,89825.6,16761.914,2025-12-11 12:00:00
1765468800000,89825.7,91498.0,89284.2,90787.9,17327.5242,2025-12-11 16:00:00
1765483200000,90788.0,93540.8,90739.1,92479.9,22770.0405,2025-12-11 20:00:00
1765497600000,92480.0,92719.9,91200.8,92232.3,13761.1955,2025-12-12 00:00:00
1765512000000,92232.2,92679.9,92027.6,92380.5,5784.3781,2025-12-12 04:00:00
1765526400000,92380.5,92607.2,92035.7,92383.0,5794.6082,2025-12-12 08:00:00
1765540800000,92382.9,92640.6,89711.5,89871.2,25172.1633,2025-12-12 12:00:00
1765555200000,89871.3,90622.9,89409.9,90146.5,20635.159,2025-12-12 16:00:00
1765569600000,90146.6,90352.8,89838.4,90219.7,4859.4028,2025-12-12 20:00:00
1765584000000,90219.7,90426.8,90065.8,90291.5,3429.9012,2025-12-13 00:00:00
1765598400000,90291.6,90373.2,90211.0,90287.7,2701.0554,2025-12-13 04:00:00
1765612800000,90287.7,90600.0,90254.1,90309.4,5205.1719,2025-12-13 08:00:00
1765627200000,90309.3,90447.0,89880.3,90059.8,5869.1037,2025-12-13 12:00:00
1765641600000,90059.7,90238.5,89940.1,90147.6,2825.6404,2025-12-13 16:00:00
1765656000000,90147.7,90244.6,89715.5,90204.1,2984.3326,2025-12-13 20:00:00
1765670400000,90204.1,90450.0,90082.1,90234.3,3755.2095,2025-12-14 00:00:00
1765684800000,90234.2,90307.5,90008.2,90212.4,3140.7368,2025-12-14 04:00:00
1765699200000,90212.4,90263.0,88503.3,89302.2,12845.6227,2025-12-14 08:00:00
1765713600000,89302.2,89618.0,88822.5,88982.2,8375.2203,2025-12-14 12:00:00
1765728000000,88982.2,89369.0,88401.6,88592.6,7988.5248,2025-12-14 16:00:00
1765742400000,88592.6,88770.3,87523.3,88114.6,10685.6055,2025-12-14 20:00:00
1765756800000,88114.5,89979.1,88020.0,89236.0,13989.253,2025-12-15 00:00:00
1765771200000,89235.9,89884.0,89226.8,89712.5,6134.5342,2025-12-15 04:00:00
1765785600000,89712.5,89946.3,89536.2,89608.1,5947.523,2025-12-15 08:00:00
1765800000000,89608.1,89842.6,86580.1,86984.5,32580.1572,2025-12-15 12:00:00
1765814400000,86984.4,87169.7,85088.3,86096.4,23888.7738,2025-12-15 16:00:00
1765828800000,86096.3,86431.3,85469.9,86390.9,8175.824,2025-12-15 20:00:00
1765843200000,86391.0,86476.6,85333.0,85829.1,9176.8455,2025-12-16 00:00:00
1765857600000,85829.2,86580.9,85223.2,85966.7,9865.8918,2025-12-16 04:00:00
1765872000000,85966.6,87300.0,85882.0,87209.8,10210.9791,2025-12-16 08:00:00
1765886400000,87209.8,88146.6,86045.3,87941.5,28017.0363,2025-12-16 12:00:00
1765900800000,87941.5,88026.7,87014.2,87542.3,12535.6462,2025-12-16 16:00:00
1765915200000,87542.3,87900.0,87300.0,87825.7,4097.6382,2025-12-16 20:00:00
1765929600000,87825.8,87917.5,87106.6,87175.1,6266.2783,2025-12-17 00:00:00
1765944000000,87175.1,87347.4,86137.8,87003.7,10845.4322,2025-12-17 04:00:00
1765958400000,87003.6,87098.2,86186.0,86932.9,8627.1339,2025-12-17 08:00:00
1765972800000,86932.9,90350.0,86766.2,87192.8,46374.5729,2025-12-17 12:00:00
1765987200000,87192.9,87776.3,85282.1,85976.7,26067.9335,2025-12-17 16:00:00
1766001600000,85976.7,86398.7,85616.6,86201.5,7028.4301,2025-12-17 20:00:00
1766016000000,86201.6,86836.9,85816.6,86578.0,8139.3155,2025-12-18 00:00:00
1766030400000,86578.0,86860.3,86335.9,86790.6,5784.126,2025-12-18 04:00:00
1766044800000,86790.6,87417.9,86637.3,87237.1,8161.0703,2025-12-18 08:00:00
1766059200000,87237.1,89468.8,87081.5,88479.7,39475.3374,2025-12-18 12:00:00
1766073600000,88479.6,88500.0,84407.7,84433.1,39219.1359,2025-12-18 16:00:00
1766088000000,84433.0,85818.0,84401.9,85458.2,13441.6859,2025-12-18 20:00:00
1766102400000,85458.3,87535.7,85047.9,86855.9,17392.1885,2025-12-19 00:00:00
1766116800000,86855.8,88366.0,86625.9,87909.9,14357.404,2025-12-19 04:00:00
1766131200000,87909.9,88334.2,87691.7,88156.6,8502.8924,2025-12-19 08:00:00
1766145600000,88156.7,89539.0,87437.3,87920.0,27025.0994,2025-12-19 12:00:00
1766160000000,87920.0,88878.4,86808.0,87801.9,20370.3675,2025-12-19 16:00:00
1766174400000,87802.0,88389.2,87560.0,88104.0,6032.2666,2025-12-19 20:00:00
1766188800000,88104.0,88288.1,87926.3,88162.7,3078.0314,2025-12-20 00:00:00
1766203200000,88162.7,88538.0,88074.4,88229.9,3648.6174,2025-12-20 04:00:00
1766217600000,88229.9,88394.0,88064.7,88238.8,2817.9695,2025-12-20 08:00:00
1766232000000,88238.9,88300.0,87746.6,88130.9,4997.3235,2025-12-20 12:00:00
1766246400000,88131.0,88384.8,88068.4,88188.4,2155.7807,2025-12-20 16:00:00
1766260800000,88188.4,88427.3,88103.0,88322.0,1679.2739,2025-12-20 20:00:00
1766275200000,88322.0,88400.0,87833.4,88057.4,3812.3652,2025-12-21 00:00:00
1766289600000,88057.5,88167.2,88017.5,88140.3,1917.7819,2025-12-21 04:00:00
1766304000000,88140.2,89058.6,88107.2,88568.0,8414.906,2025-12-21 08:00:00
1766318400000,88568.0,88894.6,87553.0,88028.0,13265.5372,2025-12-21 12:00:00
1766332800000,88027.9,88570.0,87900.0,88449.2,5395.5016,2025-12-21 16:00:00
1766347200000,88449.2,88796.9,88053.8,88624.1,4020.2958,2025-12-21 20:00:00
1766361600000,88624.1,89615.4,87824.6,88725.6,16066.7896,2025-12-22 00:00:00
1766376000000,88725.5,89167.9,88668.9,89124.1,5991.5803,2025-12-22 04:00:00
1766390400000,89124.1,90099.5,89046.2,89908.0,14061.5628,2025-12-22 08:00:00
1766404800000,89908.0,90574.0,89121.7,89677.7,21432.1541,2025-12-22 12:00:00
1766419200000,89677.8,90084.8,87919.4,88005.9,14969.2439,2025-12-22 16:00:00
1766433600000,88005.8,88788.0,87868.6,88576.2,8684.8618,2025-12-22 20:00:00
1766448000000,88576.2,88910.9,87735.7,88128.3,9132.2234,2025-12-23 00:00:00
1766462400000,88128.3,88333.0,86950.0,87531.7,12460.9315,2025-12-23 04:00:00
1766476800000,87531.7,87846.5,87254.2,87800.0,5807.4955,2025-12-23 08:00:00
1766491200000,87799.9,87920.9,86532.7,87400.0,17692.7869,2025-12-23 12:00:00
1766505600000,87399.9,88237.0,87117.1,87704.9,16911.2068,2025-12-23 16:00:00
1766520000000,87704.9,88333.0,87135.2,87442.2,6803.1583,2025-12-23 20:00:00
1766534400000,87442.2,87798.2,86800.2,87306.6,7068.3385,2025-12-24 00:00:00
1766548800000,87306.6,87426.5,86729.2,86871.5,5364.6071,2025-12-24 04:00:00
1766563200000,86871.4,87314.6,86673.0,87153.9,5702.3372,2025-12-24 08:00:00
1766577600000,87153.8,87446.2,86350.0,87014.6,12635.1588,2025-12-24 12:00:00
1766592000000,87014.5,87673.1,86870.2,87528.8,8062.5685,2025-12-24 16:00:00
1766606400000,87528.9,88034.4,87488.1,87630.1,5764.8392,2025-12-24 20:00:00
1766620800000,87630.1,87939.8,87475.1,87804.4,3522.475,2025-12-25 00:00:00
1766635200000,87804.5,87820.5,87612.8,87786.4,2262.0343,2025-12-25 04:00:00
1766649600000,87786.5,87852.5,87200.0,87477.8,5988.1822,2025-12-25 08:00:00
1766664000000,87477.9,88576.3,87356.9,88334.3,9505.2122,2025-12-25 12:00:00
1766678400000,88334.4,88443.2,87951.0,88108.9,5078.9941,2025-12-25 16:00:00
1766692800000,88109.0,88132.0,86901.1,87180.4,9360.482,2025-12-25 20:00:00
1766707200000,87180.4,89436.9,86848.3,88793.5,18279.2537,2025-12-26 00:00:00
1766721600000,88793.5,89533.0,88314.4,88446.6,11061.5312,2025-12-26 04:00:00
1766736000000,88446.5,88888.0,88388.0,88491.5,5523.2308,2025-12-26 08:00:00
1766750400000,88491.5,89021.0,86601.1,87094.8,22690.8994,2025-12-26 12:00:00
1766764800000,87094.8,87534.4,86762.6,87450.1,8101.8716,2025-12-26 16:00:00
1766779200000,87450.1,87756.0,87281.6,87328.0,4025.4632,2025-12-26 20:00:00
1766793600000,87327.9,87496.3,87210.0,87473.5,2135.285,2025-12-27 00:00:00
1766808000000,87473.4,87666.0,87366.8,87493.0,2997.3771,2025-12-27 04:00:00
1766822400000,87493.0,87639.9,87322.5,87436.6,2773.9075,2025-12-27 08:00:00
1766836800000,87436.7,87551.2,87274.4,87519.7,2296.4717,2025-12-27 12:00:00
1766851200000,87519.7,87546.8,87385.1,87529.5,1585.1211,2025-12-27 16:00:00
1766865600000,87529.7,87954.9,87456.0,87833.6,3725.5632,2025-12-27 20:00:00
1766880000000,87833.5,87921.9,87670.6,87692.9,2604.0995,2025-12-28 00:00:00
1766894400000,87692.9,87800.0,87570.0,87695.0,2407.643,2025-12-28 04:00:00
1766908800000,87695.0,87996.2,87670.4,87847.8,4402.4517,2025-12-28 08:00:00
1766923200000,87847.9,88072.0,87751.4,87793.1,4029.936,2025-12-28 12:00:00
1766937600000,87793.1,87900.0,87444.0,87481.6,4867.3472,2025-12-28 16:00:00
1766952000000,87481.6,88020.5,87374.0,87913.0,4499.5467,2025-12-28 20:00:00
1766966400000,87913.0,90147.1,87775.7,90085.2,20734.1541,2025-12-29 00:00:00
1766980800000,90085.2,90368.0,89468.3,89581.6,11803.7393,2025-12-29 04:00:00
1766995200000,89581.6,89794.0,87522.0,87534.8,20704.688,2025-12-29 08:00:00
1767009600000,87534.9,88147.3,86750.0,87632.6,25515.6285,2025-12-29 12:00:00
1767024000000,87632.5,87965.0,87258.1,87326.3,7192.2115,2025-12-29 16:00:00
1767038400000,87326.4,87564.0,87021.3,87195.3,5004.612,2025-12-29 20:00:00
1767052800000,87195.3,87382.4,86766.3,87323.1,7490.1903,2025-12-30 00:00:00
1767067200000,87323.1,87574.7,87106.0,87444.9,4497.8183,2025-12-30 04:00:00
1767081600000,87445.0,88200.0,87443.6,87862.0,12218.5085,2025-12-30 08:00:00
1767096000000,87862.1,89118.9,87785.0,88967.7,20562.2274,2025-12-30 12:00:00
1767110400000,88967.5,89355.0,87918.3,88189.0,14495.4473,2025-12-30 16:00:00
1767124800000,88189.0,88537.4,87822.3,88450.1,5056.2163,2025-12-30 20:00:00
1767139200000,88450.1,88792.8,88133.0,88416.5,6070.313,2025-12-31 00:00:00
1767153600000,88416.6,88599.9,88290.0,88569.9,3782.5227,2025-12-31 04:00:00
1767168000000,88569.9,89023.0,88342.5,88969.1,7083.7926,2025-12-31 08:00:00
1767182400000,88969.0,89187.9,87720.5,87900.0,17629.2295,2025-12-31 12:00:00
1767196800000,87900.0,88000.0,87333.1,87501.8,12180.993,2025-12-31 16:00:00
1767211200000,87501.8,87844.5,87162.3,87593.1,5084.6566,2025-12-31 20:00:00
1767225600000,87593.0,88040.2,87577.0,87805.9,4142.4469,2026-01-01 00:00:00
1767240000000,87805.9,87812.7,87501.4,87588.8,3492.317,2026-01-01 04:00:00
1767254400000,87588.7,87980.0,87577.5,87970.5,3673.221,2026-01-01 08:00:00
1767268800000,87970.5,88073.3,87749.5,87986.9,4396.8958,2026-01-01 12:00:00
1767283200000,87986.9,88500.0,87821.6,88344.5,5465.988,2026-01-01 16:00:00
1767297600000,88344.7,88880.0,88190.1,88805.0,5517.4229,2026-01-01 20:00:00
1767312000000,88805.0,89090.1,88329.1,88908.9,9400.1151,2026-01-02 00:00:00
1767326400000,88908.9,89055.1,88528.1,88827.3,6712.5844,2026-01-02 04:00:00
1767340800000,88827.3,89925.6,88777.0,89452.5,14161.5685,2026-01-02 08:00:00
1767355200000,89452.5,90148.5,88404.5,89370.0,26862.6074,2026-01-02 12:00:00
1767369600000,89369.9,90935.3,89159.8,89853.2,24008.1622,2026-01-02 16:00:00
1767384000000,89853.3,90358.1,89562.6,89950.4,5164.8204,2026-01-02 20:00:00
1767398400000,89950.4,90366.6,89903.3,90287.2,4390.3906,2026-01-03 00:00:00
1767412800000,90287.1,90448.9,89266.0,89534.6,7991.5612,2026-01-03 04:00:00
1767427200000,89534.5,89940.1,89383.7,89706.2,5454.2764,2026-01-03 08:00:00
1767441600000,89706.1,90199.9,89619.1,89929.4,6196.8593,2026-01-03 12:00:00
1767456000000,89929.4,90175.7,89856.0,90083.5,3134.0021,2026-01-03 16:00:00
1767470400000,90083.4,90707.3,89972.3,90587.9,5124.7698,2026-01-03 20:00:00
1767484800000,90588.0,91588.0,90587.9,91194.6,11154.592,2026-01-04 00:00:00
1767499200000,91194.6,91806.0,91147.3,91479.8,8116.5339,2026-01-04 04:00:00
1767513600000,91479.8,91584.0,91130.3,91259.8,5501.6056,2026-01-04 08:00:00
1767528000000,91259.9,91386.0,90956.0,91294.0,5490.6019,2026-01-04 12:00:00
1767542400000,91294.0,91415.9,90811.1,91099.7,5156.2282,2026-01-04 16:00:00
1767556800000,91099.8,91555.7,91081.1,91488.7,3606.3122,2026-01-04 20:00:00
1767571200000,91488.7,93395.0,91475.1,92844.1,23399.8187,2026-01-05 00:00:00
1767585600000,92844.1,92928.0,92112.3,92479.7,9189.768,2026-01-05 04:00:00
1767600000000,92479.6,93132.0,92286.7,93091.1,8677.6665,2026-01-05 08:00:00
1767614400000,93091.1,93989.9,92370.5,93909.1,22672.3502,2026-01-05 12:00:00
1767628800000,93909.0,94488.0,93195.0,94245.0,17351.5562,2026-01-05 16:00:00
1767643200000,94245.0,94778.8,93750.0,93817.8,10804.0756,2026-01-05 20:00:00
1767657600000,93817.9,94124.0,93472.8,93723.0,7733.1401,2026-01-06 00:00:00
1767672000000,93722.9,93963.0,93088.3,93225.1,7906.5429,2026-01-06 04:00:00
1767686400000,93225.0,93869.8,93134.5,93810.1,6429.1104,2026-01-06 08:00:00
1767700800000,93810.1,94421.9,93292.2,93605.0,20455.3287,2026-01-06 12:00:00
1767715200000,93605.0,93728.1,91221.9,92062.4,29568.7852,2026-01-06 16:00:00
1767729600000,92062.4,93844.5,92062.4,93712.9,15377.5578,2026-01-06 20:00:00
1767744000000,93713.0,93713.0,92210.0,92783.7,11231.9923,2026-01-07 00:00:00
1767758400000,92783.7,92895.5,92465.7,92842.3,4666.1239,2026-01-07 04:00:00
1767772800000,92842.3,92931.1,91555.0,92050.8,12674.6847,2026-01-07 08:00:00
1767787200000,92050.8,92291.1,90900.5,91296.3,20830.7689,2026-01-07 12:00:00
1767801600000,91296.3,91744.0,90614.7,91144.5,14057.693,2026-01-07 16:00:00
1767816000000,91144.4,91457.4,90705.3,91330.4,7050.1763,2026-01-07 20:00:00
1767830400000,91330.5,91650.0,90566.0,90778.9,8573.1743,2026-01-08 00:00:00
1767844800000,90778.8,91150.0,89566.6,90486.7,17760.1105,2026-01-08 04:00:00
1767859200000,90486.6,90722.8,89701.1,90179.9,12007.0796,2026-01-08 08:00:00
1767873600000,90179.9,90777.0,89268.0,90732.3,19792.1503,2026-01-08 12:00:00
1767888000000,90732.2,91427.4,90266.7,90895.7,12788.6432,2026-01-08 16:00:00
1767902400000,90895.8,91466.5,90515.8,91055.7,5838.55,2026-01-08 20:00:00
1767916800000,91055.6,91588.0,90804.4,91191.2,6858.2197,2026-01-09 00:00:00
1767931200000,91191.2,91203.1,90702.4,90706.3,4863.3381,2026-01-09 04:00:00
1767945600000,90706.3,90815.8,89650.4,90406.0,13657.884,2026-01-09 08:00:00
1767960000000,90406.0,91983.0,89786.3,91136.6,26664.792,2026-01-09 12:00:00
1767974400000,91136.5,91737.1,90132.8,90284.2,14088.2952,2026-01-09 16:00:00
1767988800000,90284.2,90686.0,90049.4,90604.6,5231.5802,2026-01-09 20:00:00
1768003200000,90604.7,90740.0,90475.2,90589.5,2541.3483,2026-01-10 00:00:00
1768017600000,90589.6,90650.0,90376.1,90637.8,2345.4592,2026-01-10 04:00:00
1768032000000,90637.8,90791.3,90565.4,90683.5,3199.618,2026-01-10 08:00:00
1768046400000,90683.5,90752.6,90485.5,90611.6,2460.1712,2026-01-10 12:00:00
1768060800000,90611.5,90699.5,90472.0,90587.4,1638.4979,2026-01-10 16:00:00
1768075200000,90587.4,90614.7,90342.1,90471.7,1901.4324,2026-01-10 20:00:00
1768089600000,90471.7,90699.0,90400.0,90698.9,1920.1972,2026-01-11 00:00:00
1768104000000,90699.0,90824.3,90550.0,90675.4,2446.6106,2026-01-11 04:00:00
1768118400000,90675.4,90778.8,90572.0,90709.5,3246.6757,2026-01-11 08:00:00
1768132800000,90709.5,91149.9,90666.0,90830.0,6205.4443,2026-01-11 12:00:00
1768147200000,90830.0,91258.9,90625.1,90653.3,4258.4201,2026-01-11 16:00:00
1768161600000,90653.3,91000.0,90155.1,90962.0,5821.506,2026-01-11 20:00:00
1768176000000,90961.9,92495.0,90642.2,91778.6,18838.9404,2026-01-12 00:00:00
1768190400000,91778.7,92253.8,91353.0,91380.1,9418.6448,2026-01-12 04:00:00
1768204800000,91380.0,91598.0,90320.0,90575.6,15958.0304,2026-01-12 08:00:00
1768219200000,90575.5,91633.0,90064.4,91626.0,17591.2254,2026-01-12 12:00:00
1768233600000,91626.0,92283.0,90960.7,91834.0,19655.2605,2026-01-12 16:00:00
1768248000000,91834.0,92023.0,90882.0,91250.2,6860.2297,2026-01-12 20:00:00
1768262400000,91250.3,91513.2,91008.1,91376.9,5812.1924,2026-01-13 00:00:00
1768276800000,91376.9,92248.0,91309.0,91911.8,10675.4187,2026-01-13 04:00:00
1768291200000,91911.8,92648.0,91886.4,91963.9,10975.6948,2026-01-13 08:00:00
1768305600000,91963.9,93417.6,91725.5,93412.2,24794.4251,2026-01-13 12:00:00
1768320000000,93412.2,94207.2,93017.3,94180.9,17896.0448,2026-01-13 16:00:00
1768334400000,94181.0,96777.0,94014.9,95394.2,31368.8441,2026-01-13 20:00:00
1768348800000,95394.2,95688.0,95100.1,95671.0,9158.7914,2026-01-14 00:00:00
1768363200000,95671.0,95757.0,94505.0,95179.5,12058.4017,2026-01-14 04:00:00
1768377600000,95179.5,95306.0,94712.0,94778.0,7085.2149,2026-01-14 08:00:00
1768392000000,94777.9,97059.0,94640.6,96695.3,26834.3395,2026-01-14 12:00:00
1768406400000,96695.3,97722.6,96176.2,97213.3,26331.8925,2026-01-14 16:00:00
1768420800000,97213.2,97900.0,96707.1,96914.6,9051.4711,2026-01-14 20:00:00
1768435200000,96914.5,96950.0,95717.7,95946.9,11315.5584,2026-01-15 00:00:00
1768449600000,95946.9,96728.0,95916.5,96592.9,7973.8509,2026-01-15 04:00:00
1768464000000,96593.0,97162.1,96240.4,96541.2,7681.728,2026-01-15 08:00:00
1768478400000,96541.2,97109.5,95380.6,96681.0,20587.7497,2026-01-15 12:00:00
1768492800000,96681.0,97031.7,95121.8,95472.9,16982.462,2026-01-15 16:00:00
1768507200000,95473.0,95847.0,95089.0,95570.0,6445.9172,2026-01-15 20:00:00
1768521600000,95570.0,95814.0,95288.9,95306.0,5305.6888,2026-01-16 00:00:00
1768536000000,95306.0,95800.0,95111.0,95625.8,7067.4435,2026-01-16 04:00:00
1768550400000,95625.8,95809.9,95218.9,95392.8,4729.8337,2026-01-16 08:00:00
1768564800000,95392.8,95768.9,94262.0,94549.8,16308.4621,2026-01-16 12:00:00
1768579200000,94549.8,95188.0,94461.9,94959.5,8555.2221,2026-01-16 16:00:00
1768593600000,94959.4,95564.5,94635.0,95500.8,5196.3024,2026-01-16 20:00:00
1768608000000,95500.7,95540.0,95150.1,95330.1,3055.3765,2026-01-17 00:00:00
1768622400000,95330.0,95348.5,94973.0,95049.4,2849.3643,2026-01-17 04:00:00
1768636800000,95049.4,95270.0,94973.0,95269.9,3114.685,2026-01-17 08:00:00
1768651200000,95270.0,95611.5,95147.3,95519.6,4583.2587,2026-01-17 12:00:00
1768665600000,95519.5,95519.6,95172.8,95256.1,3350.1522,2026-01-17 16:00:00
1768680000000,95256.0,95388.6,95003.0,95114.0,2820.6846,2026-01-17 20:00:00
1768694400000,95114.0,95204.0,94829.6,95154.9,3607.0421,2026-01-18 00:00:00
1768708800000,95154.9,95226.1,94979.1,94990.2,2233.7328,2026-01-18 04:00:00
1768723200000,94990.3,95270.8,94979.1,95132.4,2398.2514,2026-01-18 08:00:00
1768737600000,95132.4,95325.0,94863.8,95067.9,4472.3653,2026-01-18 12:00:00
1768752000000,95068.0,95481.5,95020.0,95326.0,3787.4729,2026-01-18 16:00:00
1768766400000,95326.1,95495.0,93555.0,93625.2,11471.0808,2026-01-18 20:00:00
1768780800000,93625.1,93625.2,91816.7,92637.7,26232.755,2026-01-19 00:00:00
1768795200000,92637.7,92805.6,92344.0,92781.0,5482.0952,2026-01-19 04:00:00
1768809600000,92780.9,93305.0,92632.0,93141.3,7374.7677,2026-01-19 08:00:00
1768824000000,93141.3,93188.0,92662.9,93012.3,5814.162,2026-01-19 12:00:00
1768838400000,93012.2,93367.0,92873.5,93058.0,4790.9911,2026-01-19 16:00:00
1768852800000,93057.9,93300.0,92118.0,92588.1,6441.8636,2026-01-19 20:00:00
1768867200000,92588.0,92837.0,92207.1,92403.4,6748.8521,2026-01-20 00:00:00
1768881600000,92403.4,92450.9,90711.1,91131.8,22510.1955,2026-01-20 04:00:00
1768896000000,91131.8,91394.5,90628.1,91181.2,9825.4114,2026-01-20 08:00:00
1768910400000,91181.2,91340.0,89806.4,90638.0,25633.6935,2026-01-20 12:00:00
1768924800000,90638.0,90922.0,89225.0,89680.0,18313.9721,2026-01-20 16:00:00
1768939200000,89679.9,89816.0,87716.1,88387.3,17806.4032,2026-01-20 20:00:00
1768953600000,88387.3,89557.9,88211.0,89378.1,9077.8425,2026-01-21 00:00:00
1768968000000,89378.1,90080.0,89050.0,89171.3,11004.061,2026-01-21 04:00:00
1768982400000,89171.3,89450.0,88650.0,88758.7,8213.028,2026-01-21 08:00:00
1768996800000,88758.7,90541.7,88151.0,90228.8,28774.6516,2026-01-21 12:00:00
1769011200000,90228.8,90428.5,87200.1,90315.0,39785.7305,2026-01-21 16:00:00
1769025600000,90315.1,90348.2,89303.7,89401.0,11060.5775,2026-01-21 20:00:00
1769040000000,89401.0,90312.2,89400.9,89848.7,8254.9859,2026-01-22 00:00:00
1769054400000,89848.7,90176.4,89748.3,89776.9,5313.0452,2026-01-22 04:00:00
1769068800000,89776.9,90115.4,89715.5,89890.4,4986.7189,2026-01-22 08:00:00
1769083200000,89890.4,90296.1,88453.1,88956.0,18856.9128,2026-01-22 12:00:00
1769097600000,88955.9,89888.8,88633.0,89739.9,11912.5585,2026-01-22 16:00:00
1769112000000,89740.0,89911.4,89100.1,89519.1,4771.232,2026-01-22 20:00:00
1769126400000,89519.1,89939.3,89408.4,89894.4,4204.7806,2026-01-23 00:00:00
1769140800000,89894.4,90042.9,89362.7,89477.6,6377.0442,2026-01-23 04:00:00
1769155200000,89477.6,89580.3,88822.7,89169.9,8345.1064,2026-01-23 08:00:00
1769169600000,89170.0,89826.6,88502.4,89703.6,15136.4042,2026-01-23 12:00:00
1769184000000,89703.7,91180.0,89431.0,89943.1,21423.3907,2026-01-23 16:00:00
1769198400000,89943.1,90119.6,89158.8,89556.0,6194.4253,2026-01-23 20:00:00
1769212800000,89556.0,89892.2,89378.2,89731.0,3336.4295,2026-01-24 00:00:00
1769227200000,89731.0,89807.0,89520.6,89575.0,2765.097,2026-01-24 04:00:00
1769241600000,89574.9,89662.5,89544.2,89559.3,1701.1577,2026-01-24 08:00:00
1769256000000,89559.3,89559.5,89112.1,89239.3,5342.7604,2026-01-24 12:00:00
1769270400000,89239.2,89419.0,89113.0,89287.0,3274.9693,2026-01-24 16:00:00
1769284800000,89287.1,89463.9,89168.6,89180.0,1692.1853,2026-01-24 20:00:00
1769299200000,89180.1,89285.2,88800.0,88924.0,4027.104,2026-01-25 00:00:00
1769313600000,88923.9,89057.2,88580.4,88623.1,3850.7432,2026-01-25 04:00:00
1769328000000,88623.2,88729.4,88074.8,88523.3,7693.218,2026-01-25 08:00:00
1769342400000,88523.2,88927.0,88333.0,88415.8,6050.1199,2026-01-25 12:00:00
1769356800000,88415.7,88421.4,86137.8,86464.9,28346.8525,2026-01-25 16:00:00
1769371200000,86464.9,86975.4,86033.5,86628.9,12630.8262,2026-01-25 20:00:00
1769385600000,86628.8,87912.0,86458.7,87228.0,13223.5758,2026-01-26 00:00:00
1769400000000,87228.1,88033.7,87183.9,87963.4,7188.627,2026-01-26 04:00:00
1769414400000,87963.4,88350.0,87550.5,87820.5,6494.8081,2026-01-26 08:00:00
1769428800000,87820.6,88863.7,87281.3,87599.9,16771.3572,2026-01-26 12:00:00
1769443200000,87599.9,88512.6,86962.2,87974.2,14072.5414,2026-01-26 16:00:00
1769457600000,87974.1,88635.5,87503.5,88302.3,6526.8005,2026-01-26 20:00:00
1769472000000,88302.2,88854.4,88148.3,88732.6,5988.0236,2026-01-27 00:00:00
1769486400000,88732.6,88968.0,88232.9,88287.5,5402.2821,2026-01-27 04:00:00
1769500800000,88287.6,88367.8,87702.7,87950.0,6457.9449,2026-01-27 08:00:00
1769515200000,87950.0,88425.9,87520.9,87993.8,11349.9869,2026-01-27 12:00:00
1769529600000,87993.9,88779.7,87257.1,88379.1,19702.3541,2026-01-27 16:00:00
1769544000000,88379.1,89492.3,88327.0,89209.1,11758.5489,2026-01-27 20:00:00
1769558400000,89209.1,89461.7,88936.6,89087.2,5127.8833,2026-01-28 00:00:00
1769572800000,89087.2,89365.8,88779.9,89098.7,4863.3624,2026-01-28 04:00:00
1769587200000,89098.6,90141.4,88820.0,90032.2,10251.8101,2026-01-28 08:00:00
1769601600000,90032.2,90485.6,88854.2,89447.8,18200.4961,2026-01-28 12:00:00
1769616000000,89447.8,90599.3,88963.6,89359.3,17315.4682,2026-01-28 16:00:00
1769630400000,89359.3,89876.1,88830.3,89264.3,6393.2057,2026-01-28 20:00:00
1769644800000,89264.4,89326.8,87650.1,88010.0,14725.959,2026-01-29 00:00:00
1769659200000,88010.0,88379.4,87856.1,88300.9,5579.9932,2026-01-29 04:00:00
1769673600000,88301.0,88463.4,87700.0,87784.3,8925.8449,2026-01-29 08:00:00
1769688000000,87784.3,88138.4,84331.5,84901.5,38412.8027,2026-01-29 12:00:00
1769702400000,84901.5,85592.2,83302.4,83968.1,35929.8867,2026-01-29 16:00:00
1769716800000,83968.2,84695.8,83781.4,84603.8,7941.3904,2026-01-29 20:00:00
1769731200000,84603.8,84690.2,80918.1,82631.8,41511.481,2026-01-30 00:00:00
1769745600000,82631.8,83288.0,82001.0,82755.4,16647.2368,2026-01-30 04:00:00
1769760000000,82755.4,83258.8,82111.0,83098.5,10254.6143,2026-01-30 08:00:00
1769774400000,83098.5,83754.3,82338.4,82858.2,19743.6514,2026-01-30 12:00:00
1769788800000,82858.1,84596.8,81840.2,84205.3,24914.1432,2026-01-30 16:00:00
1769803200000,84205.4,84474.8,83508.7,84212.7,12164.6832,2026-01-30 20:00:00
1769817600000,84212.7,84231.1,83761.6,83975.2,5415.1871,2026-01-31 00:00:00
1769832000000,83975.2,84096.0,83360.3,83512.5,5087.514,2026-01-31 04:00:00
1769846400000,83512.5,83600.0,82536.7,82981.3,13020.1875,2026-01-31 08:00:00
1769860800000,82981.2,83111.9,80770.9,81258.7,26472.7538,2026-01-31 12:00:00
1769875200000,81258.7,82185.0,75658.0,77712.3,80744.6417,2026-01-31 16:00:00
1769889600000,77712.2,79194.2,77043.9,78699.6,17544.9109,2026-01-31 20:00:00
1769904000000,78699.6,79376.0,78226.4,78822.0,10049.8678,2026-02-01 00:00:00
1769918400000,78822.1,79078.8,77895.1,78315.6,9730.2182,2026-02-01 04:00:00
1769932800000,78315.5,79187.9,78111.1,78714.3,10208.5932,2026-02-01 08:00:00
1769947200000,78714.4,78734.9,76732.0,77560.0,22355.0373,2026-02-01 12:00:00
1769961600000,77559.9,78408.6,76959.4,77142.3,12584.9167,2026-02-01 16:00:00
1769976000000,77142.2,77760.0,75671.5,76946.4,24657.8666,2026-02-01 20:00:00
1769990400000,76946.3,78119.5,74569.6,76281.2,36261.9803,2026-02-02 00:00:00
1770004800000,76281.1,76931.7,74869.1,76604.2,29108.4084,2026-02-02 04:00:00
1770019200000,76603.9,77930.7,76576.6,77718.8,15566.4766,2026-02-02 08:00:00
1770033600000,77718.7,79321.8,77511.1,78797.6,29754.658,2026-02-02 12:00:00
1770048000000,78797.5,79244.3,78224.6,78281.3,13438.1005,2026-02-02 16:00:00
1770062400000,78281.2,78936.3,77850.0,78698.6,8440.0295,2026-02-02 20:00:00
1770076800000,78698.6,79171.2,77619.1,78710.0,12561.1828,2026-02-03 00:00:00
1770091200000,78710.0,78963.6,77900.0,78745.2,9762.8006,2026-02-03 04:00:00
1770105600000,78745.2,79055.9,77880.0,78036.5,12738.1122,2026-02-03 08:00:00
1770120000000,78036.4,78413.0,77014.2,78100.1,24255.2472,2026-02-03 12:00:00
1770134400000,78100.0,78110.5,72912.6,74900.1,65899.1333,2026-02-03 16:00:00
1770148800000,74900.0,76917.3,74545.3,75744.5,24596.4245,2026-02-03 20:00:00
1770163200000,75744.5,76935.4,75431.5,76665.9,13486.8351,2026-02-04 00:00:00
1770177600000,76665.8,76796.0,76066.0,76483.6,7300.4686,2026-02-04 04:00:00
1770192000000,76483.5,76571.3,75620.8,75990.0,12110.4341,2026-02-04 08:00:00
1770206400000,75990.1,76240.0,73751.3,74101.9,38475.844,2026-02-04 12:00:00
1770220800000,74102.0,74217.0,72123.4,73889.9,47810.8206,2026-02-04 16:00:00
1770235200000,73889.9,74120.0,71818.8,73130.5,20570.5877,2026-02-04 20:00:00
1770249600000,73130.6,73303.3,71111.0,71194.9,28755.1414,2026-02-05 00:00:00
1770264000000,71194.9,71591.8,70100.0,70717.1,34094.6504,2026-02-05 04:00:00
1770278400000,70717.1,71942.0,69876.0,70291.7,27642.7121,2026-02-05 08:00:00
1770292800000,70291.7,70867.4,66666.0,67456.4,82915.1341,2026-02-05 12:00:00
1770307200000,67456.5,68656.8,65150.1,65240.6,72724.0665,2026-02-05 16:00:00
1770321600000,65240.7,65676.7,62225.5,62873.6,89079.2825,2026-02-05 20:00:00
1770336000000,62873.6,65969.5,59909.0,64146.0,88211.9008,2026-02-06 00:00:00
1770350400000,64146.0,66789.0,63934.5,64809.4,37912.9228,2026-02-06 04:00:00
1770364800000,64810.0,66724.6,64416.9,66587.9,26086.4153,2026-02-06 08:00:00
1770379200000,66587.9,69162.0,66058.5,68585.6,51879.9081,2026-02-06 12:00:00
1770393600000,68585.5,71475.6,68368.5,70677.3,54099.2932,2026-02-06 16:00:00
1770408000000,70677.2,71700.0,69800.0,70528.9,18373.4217,2026-02-06 20:00:00
1770422400000,70529.0,70888.0,69680.3,70878.0,14256.5851,2026-02-07 00:00:00
1770436800000,70878.1,71689.3,67320.1,68077.9,42466.7328,2026-02-07 04:00:00
1770451200000,68078.0,68778.0,67582.0,67953.6,17555.319,2026-02-07 08:00:00
1770465600000,67953.5,69991.8,67894.5,69122.3,27757.7541,2026-02-07 12:00:00
1770480000000,69122.3,69881.3,68500.0,69341.4,19778.532,2026-02-07 16:00:00
1770494400000,69341.3,69707.6,68738.5,69260.0,5837.7935,2026-02-07 20:00:00
1770508800000,69260.1,69673.9,68850.5,69070.0,7162.3826,2026-02-08 00:00:00
1770523200000,69069.9,69687.9,68925.8,69666.8,6926.8108,2026-02-08 04:00:00
1770537600000,69666.8,71177.0,69467.9,70952.8,21121.2711,2026-02-08 08:00:00
1770552000000,70952.8,71520.7,70662.0,71153.0,16198.6042,2026-02-08 12:00:00
1770566400000,71153.0,71491.7,70206.5,71385.9,11587.8293,2026-02-08 16:00:00
1770580800000,71386.0,72276.0,69933.4,70300.1,18115.3544,2026-02-08 20:00:00
1770595200000,70300.1,71411.0,70019.1,71269.5,14622.772,2026-02-09 00:00:00
1770609600000,71269.5,71318.0,70255.5,70391.3,9893.5538,2026-02-09 04:00:00
1770624000000,70391.4,70582.3,68387.7,68900.0,24756.1615,2026-02-09 08:00:00
1770638400000,68899.9,69842.8,68249.2,69520.1,27006.3442,2026-02-09 12:00:00
1770652800000,69520.2,71049.4,69055.0,70919.8,21468.0962,2026-02-09 16:00:00
1770667200000,70919.9,71097.7,69772.0,70115.4,9681.7206,2026-02-09 20:00:00
1770681600000,70115.5,70508.4,69161.6,69481.8,11509.0627,2026-02-10 00:00:00
1770696000000,69481.7,69873.1,68616.6,68892.0,12982.7234,2026-02-10 04:00:00
1770710400000,68891.9,69386.5,68418.6,68490.2,11544.55,2026-02-10 08:00:00
1770724800000,68490.2,69578.9,67866.7,69249.4,29629.2233,2026-02-10 12:00:00
1770739200000,69249.3,69958.0,68577.7,69036.0,15899.815,2026-02-10 16:00:00
1770753600000,69035.9,69106.0,68333.0,68804.2,7230.9383,2026-02-10 20:00:00
1770768000000,68804.3,69265.7,67963.0,68155.9,10151.5523,2026-02-11 00:00:00
1770782400000,68156.0,68294.2,66523.7,67000.0,23094.8902,2026-02-11 04:00:00
1770796800000,67000.1,67097.1,66339.6,67026.2,12717.6723,2026-02-11 08:00:00
1770811200000,67026.2,68800.0,65721.5,66488.9,50705.5351,2026-02-11 12:00:00
1770825600000,66488.9,67826.8,65836.0,67555.5,23271.8119,2026-02-11 16:00:00
1770840000000,67555.5,68340.8,66750.0,67051.5,13090.7251,2026-02-11 20:00:00
1770854400000,67052.7,68043.1,67019.9,67554.9,11044.5496,2026-02-12 00:00:00
1770868800000,67554.8,67659.7,66635.3,67177.1,9859.3081,2026-02-12 04:00:00
1770883200000,67177.1,68269.7,66861.0,68043.6,13346.7057,2026-02-12 08:00:00
1770897600000,68043.0,68390.0,66970.0,67103.2,24478.3089,2026-02-12 12:00:00
1770912000000,67103.2,67200.0,65080.0,65760.3,34436.4898,2026-02-12 16:00:00
1770926400000,65760.2,66463.0,65188.0,66243.0,9143.4994,2026-02-12 20:00:00
1770940800000,66242.9,66777.0,65836.0,66535.0,10258.3595,2026-02-13 00:00:00
1770955200000,66535.0,66651.5,65980.0,66186.9,9735.3987,2026-02-13 04:00:00
1770969600000,66187.0,67216.2,66162.0,67143.9,13909.3619,2026-02-13 08:00:00
1770984000000,67143.9,69280.0,66804.1,68656.5,38940.2409,2026-02-13 12:00:00
1770998400000,68656.4,69450.0,68502.8,68904.9,18043.503,2026-02-13 16:00:00
1771012800000,68905.0,69052.7,68650.0,68814.9,5737.8108,2026-02-13 20:00:00
1771027200000,68814.9,69107.5,68728.1,68940.2,4443.8427,2026-02-14 00:00:00
1771041600000,68940.3,69309.0,68690.1,69180.0,5467.7781,2026-02-14 04:00:00
1771056000000,69179.9,70563.8,69171.4,70468.8,15177.1324,2026-02-14 08:00:00
1771070400000,70468.8,70498.9,69194.0,69754.1,18699.9263,2026-02-14 12:00:00
1771084800000,69754.0,69900.6,69257.1,69844.3,6266.1594,2026-02-14 16:00:00
1771099200000,69844.3,70224.6,69630.5,69790.3,5655.5094,2026-02-14 20:00:00
1771113600000,69791.1,69967.8,69222.2,69920.1,8888.8757,2026-02-15 00:00:00
1771128000000,69920.1,70888.0,69912.9,70776.9,14353.964,2026-02-15 04:00:00
1771142400000,70776.9,70929.0,70098.7,70271.9,9156.8332,2026-02-15 08:00:00
1771156800000,70272.5,70400.0,68721.2,69061.2,22914.6644,2026-02-15 12:00:00
1771171200000,69061.3,69066.3,68036.4,68258.7,17001.5607,2026-02-15 16:00:00
1771185600000,68258.8,69054.0,68100.0,68796.6,6846.2334,2026-02-15 20:00:00
1771200000000,68796.6,69050.8,68122.9,68395.1,6547.8876,2026-02-16 00:00:00
1771214400000,68395.1,68869.0,68200.0,68557.3,7200.5382,2026-02-16 04:00:00
1771228800000,68557.3,69027.3,68300.2,68778.5,8154.3699,2026-02-16 08:00:00
1771243200000,68778.5,70088.9,67237.4,67493.2,34721.9872,2026-02-16 12:00:00
1771257600000,67493.1,68219.8,67464.6,67880.9,9888.3515,2026-02-16 16:00:00
1771272000000,67881.0,68960.6,67789.4,68864.0,9442.1755,2026-02-16 20:00:00
1771286400000,68864.1,69236.2,68347.0,68448.0,8685.0576,2026-02-17 00:00:00
1771300800000,68447.9,68680.5,67856.5,68345.9,7986.0021,2026-02-17 04:00:00
1771315200000,68345.9,68452.9,67652.7,67827.3,7906.3291,2026-02-17 08:00:00
1771329600000,67827.3,68333.0,66566.0,67349.9,28453.802,2026-02-17 12:00:00
1771344000000,67349.9,68213.0,66845.7,67760.0,23359.8375,2026-02-17 16:00:00
1771358400000,67760.1,67939.1,67352.1,67480.6,5803.8416,2026-02-17 20:00:00
1771372800000,67480.7,67681.9,66860.0,67589.0,7850.3596,2026-02-18 00:00:00
1771387200000,67589.1,68194.0,67449.9,68084.1,9320.2712,2026-02-18 04:00:00
1771401600000,68084.2,68437.0,67033.8,67340.9,12545.4518,2026-02-18 08:00:00
1771416000000,67340.9,68325.3,66681.4,67670.0,21699.4211,2026-02-18 12:00:00
1771430400000,67669.9,67687.7,65826.6,66138.2,21873.2298,2026-02-18 16:00:00
1771444800000,66138.2,66518.9,66050.0,66428.1,6238.7803,2026-02-18 20:00:00
1771459200000,66428.1,66970.0,66312.8,66950.4,5896.7431,2026-02-19 00:00:00
1771473600000,66950.4,67290.1,66650.3,67171.7,8206.6666,2026-02-19 04:00:00
1771488000000,67171.6,67171.6,66440.0,66464.3,9626.1355,2026-02-19 08:00:00
1771502400000,66464.4,66725.0,65600.0,66370.8,25479.9411,2026-02-19 12:00:00
1771516800000,66370.9,67180.2,65860.9,67025.6,17409.7082,2026-02-19 16:00:00
1771531200000,67025.6,67141.9,66620.0,66969.9,5264.2652,2026-02-19 20:00:00
1771545600000,66969.9,67469.0,66916.9,67333.2,7771.717,2026-02-20 00:00:00
1771560000000,67333.2,67993.7,67078.1,67800.0,12412.9062,2026-02-20 04:00:00
1771574400000,67800.1,68288.0,67260.4,67299.9,13858.2182,2026-02-20 08:00:00
1771588800000,67300.0,68074.2,66428.1,67553.8,39576.2172,2026-02-20 12:00:00
1771603200000,67553.9,67983.9,66928.8,67613.5,22063.5611,2026-02-20 16:00:00
1771617600000,67613.5,68218.0,67472.3,67986.4,6929.1128,2026-02-20 20:00:00
1771632000000,67986.4,68069.0,67500.0,67647.9,6783.0859,2026-02-21 00:00:00
1771646400000,67647.9,67898.9,67563.6,67825.0,3589.4628,2026-02-21 04:00:00
1771660800000,67824.9,68282.2,67765.2,68061.2,7149.4642,2026-02-21 08:00:00
1771675200000,68061.1,68685.8,67887.9,68575.3,10853.792,2026-02-21 12:00:00
1771689600000,68575.4,68636.1,68060.5,68516.7,7809.7067,2026-02-21 16:00:00
1771704000000,68516.7,68577.5,67800.0,67943.5,6255.6749,2026-02-21 20:00:00
1771718400000,67943.5,68191.9,67760.0,68016.9,7203.648,2026-02-22 00:00:00
1771732800000,68016.9,68156.5,67850.1,67976.9,3890.5505,2026-02-22 04:00:00
1771747200000,67976.9,68222.0,67882.5,68191.6,4245.4488,2026-02-22 08:00:00
1771761600000,68191.7,68209.9,67266.6,67659.7,17485.9979,2026-02-22 12:00:00
1771776000000,67659.6,67696.8,67112.2,67390.1,6903.7665,2026-02-22 16:00:00
1771790400000,67390.0,67730.0,67317.4,67619.7,4538.3421,2026-02-22 20:00:00
1771804800000,67619.6,67664.2,64232.0,64899.2,48293.7173,2026-02-23 00:00:00
1771819200000,64899.2,65985.0,64631.9,65920.1,19935.1979,2026-02-23 04:00:00
1771833600000,65920.1,66578.0,65533.4,66170.6,14329.4756,2026-02-23 08:00:00
1771848000000,66170.6,66480.5,65447.9,65631.1,21951.6573,2026-02-23 12:00:00
1771862400000,65631.1,65711.2,64020.5,64268.7,35721.35,2026-02-23 16:00:00
1771876800000,64268.8,64999.6,63850.0,64624.7,12782.6823,2026-02-23 20:00:00
1771891200000,64624.8,64976.8,63251.7,63562.2,26454.4397,2026-02-24 00:00:00
1771905600000,63562.2,63600.0,62666.0,63160.3,23283.7358,2026-02-24 04:00:00
1771920000000,63160.3,63402.5,62897.8,63194.3,8805.8742,2026-02-24 08:00:00
1771934400000,63194.2,63995.0,62400.0,63938.7,30140.2994,2026-02-24 12:00:00
1771948800000,63938.6,64718.5,63656.4,64396.0,20763.1598,2026-02-24 16:00:00
1771963200000,64396.0,64550.1,63790.7,64028.2,7578.1379,2026-02-24 20:00:00
1771977600000,64028.2,66311.9,63876.0,65368.7,34665.0468,2026-02-25 00:00:00
1771992000000,65368.6,65639.4,64707.0,65000.4,17186.4359,2026-02-25 04:00:00
1772006400000,65000.4,65670.1,64929.4,65395.7,13380.5591,2026-02-25 08:00:00
1772020800000,65395.7,67554.8,65271.0,67368.0,36877.392,2026-02-25 12:00:00
1772035200000,67368.0,69513.9,67364.0,69001.7,38295.3928,2026-02-25 16:00:00
1772049600000,69001.8,70090.9,67578.4,67966.5,25682.7053,2026-02-25 20:00:00
1772064000000,67966.6,68686.0,67706.3,68200.1,13025.793,2026-02-26 00:00:00
1772078400000,68200.1,68829.5,67800.1,67807.7,12149.1119,2026-02-26 04:00:00
1772092800000,67807.8,68688.0,67750.0,68014.9,12238.1719,2026-02-26 08:00:00
1772107200000,68015.0,68264.4,66731.0,67349.9,28144.1721,2026-02-26 12:00:00
1772121600000,67349.9,67888.0,66446.4,67556.2,26090.6901,2026-02-26 16:00:00
1772136000000,67556.2,67797.9,67106.1,67448.4,6506.4247,2026-02-26 20:00:00
1772150400000,67448.5,67681.6,66847.2,67564.8,11267.5096,2026-02-27 00:00:00
1772164800000,67564.8,68200.0,67415.9,67651.3,14026.0329,2026-02-27 04:00:00
1772179200000,67651.3,68123.2,65913.8,66092.1,27455.6226,2026-02-27 08:00:00
1772193600000,66092.0,66328.2,65626.4,66068.0,23911.3267,2026-02-27 12:00:00
1772208000000,66067.9,66100.0,65093.0,65367.2,18420.8185,2026-02-27 16:00:00
1772222400000,65367.2,65928.8,64888.0,65842.1,8278.2321,2026-02-27 20:00:00
1772236800000,65842.1,65988.8,65680.4,65763.7,5349.5421,2026-02-28 00:00:00
1772251200000,65763.6,65793.8,62975.6,63788.1,39672.4529,2026-02-28 04:00:00
1772265600000,63788.1,64275.0,63327.7,63816.2,17262.2932,2026-02-28 08:00:00
1772280000000,63816.2,65328.3,63760.0,64800.0,27345.8709,2026-02-28 12:00:00
1772294400000,64800.0,66665.6,64636.7,66322.2,19307.6377,2026-02-28 16:00:00
1772308800000,66322.2,67726.7,66138.7,66938.2,17762.2498,2026-02-28 20:00:00
1772323200000,66938.2,68181.3,66009.3,67470.0,23024.4117,2026-03-01 00:00:00
1772337600000,67470.0,67579.9,66759.0,67115.3,11521.7017,2026-03-01 04:00:00
1772352000000,67115.3,67268.0,66160.8,66439.4,15358.7899,2026-03-01 08:00:00
1772366400000,66439.4,67347.0,66073.4,66812.8,20022.3352,2026-03-01 12:00:00
1772380800000,66812.8,67092.0,65666.1,65930.7,20394.832,2026-03-01 16:00:00
1772395200000,65930.6,66468.1,65005.2,65739.9,16074.5857,2026-03-01 20:00:00
1772409600000,65739.9,67057.2,65714.4,66792.7,19316.0741,2026-03-02 00:00:00
1772424000000,66792.7,66962.0,65518.1,65984.0,13955.077,2026-03-02 04:00:00
1772438400000,65984.1,66699.0,65625.1,66344.2,14391.2077,2026-03-02 08:00:00
1772452800000,66344.1,69582.6,65209.5,69082.6,54120.5376,2026-03-02 12:00:00
1772467200000,69082.6,70077.4,68529.5,68927.5,31046.2476,2026-03-02 16:00:00
1772481600000,68927.5,69496.1,68538.4,68799.5,12101.4585,2026-03-02 20:00:00
1772496000000,68799.4,69242.1,68194.1,68349.9,11440.0212,2026-03-03 00:00:00
1772510400000,68350.0,68566.3,67757.2,68142.2,12308.452,2026-03-03 04:00:00
1772524800000,68142.1,68287.6,66314.7,67000.3,27214.6029,2026-03-03 08:00:00
1772539200000,67000.2,67933.5,66073.8,67686.9,37891.6306,2026-03-03 12:00:00
1772553600000,67686.4,68952.8,67433.1,68394.9,35544.5827,2026-03-03 16:00:00
1772568000000,68395.0,68825.3,67778.8,68294.3,11359.2183,2026-03-03 20:00:00
1772582400000,68294.4,68877.0,67358.1,67687.1,17227.8753,2026-03-04 00:00:00
1772596800000,67687.2,69600.0,67418.8,69456.9,23120.3475,2026-03-04 04:00:00
1772611200000,69456.8,71877.9,69100.0,71088.4,50562.38,2026-03-04 08:00:00
1772625600000,71088.4,73453.0,70564.1,73352.2,52125.3666,2026-03-04 12:00:00
1772640000000,73352.2,74030.0,72500.1,73587.4,30981.9961,2026-03-04 16:00:00
1772654400000,73587.4,73687.9,72288.2,72644.4,13832.7149,2026-03-04 20:00:00
1772668800000,72644.3,73280.9,72303.5,72467.5,12054.5583,2026-03-05 00:00:00
1772683200000,72467.4,73100.0,71739.1,72029.9,18659.4934,2026-03-05 04:00:00
1772697600000,72029.9,73526.0,71718.7,72889.7,22935.4424,2026-03-05 08:00:00
1772712000000,72889.7,73052.3,71131.0,71622.0,31904.0596,2026-03-05 12:00:00
1772726400000,71621.9,71622.0,70611.1,70885.2,19667.2705,2026-03-05 16:00:00
1772740800000,70885.2,71567.9,70732.6,70851.8,8304.8822,2026-03-05 20:00:00
1772755200000,70851.8,71397.5,70343.0,71049.6,11196.9192,2026-03-06 00:00:00
1772769600000,71049.7,71158.0,70111.0,71025.8,17040.4332,2026-03-06 04:00:00
1772784000000,71025.9,71038.4,70156.8,70185.2,12301.4891,2026-03-06 08:00:00
1772798400000,70185.3,70320.9,68120.4,68452.5,48066.6396,2026-03-06 12:00:00
1772812800000,68452.4,68755.0,67707.2,68091.2,17300.0923,2026-03-06 16:00:00
1772827200000,68091.2,68405.9,67725.6,68076.9,6376.319,2026-03-06 20:00:00
1772841600000,68076.8,68524.8,68017.7,68069.5,6596.4291,2026-03-07 00:00:00
1772856000000,68069.6,68116.1,67406.5,67808.0,10736.0063,2026-03-07 04:00:00
1772870400000,67808.1,68240.0,67676.2,67973.2,7747.0014,2026-03-07 08:00:00
1772884800000,67973.2,68074.1,67576.9,67851.1,6898.5995,2026-03-07 12:00:00
1772899200000,67851.1,67919.3,66880.4,67040.1,8363.4994,2026-03-07 16:00:00
1772913600000,67040.0,67444.9,67022.3,67227.7,4488.1759,2026-03-07 20:00:00
1772928000000,67227.7,67463.1,66800.0,66983.0,8671.0686,2026-03-08 00:00:00
1772942400000,66983.0,67438.5,66510.6,67275.7,9671.5919,2026-03-08 04:00:00
1772956800000,67275.7,68167.6,67121.7,67479.0,15353.6159,2026-03-08 08:00:00
1772971200000,67479.0,67619.6,66784.6,67174.9,13832.6534,2026-03-08 12:00:00
1772985600000,67174.8,67449.2,66694.5,67300.4,7962.5423,2026-03-08 16:00:00
1773000000000,67300.3,67488.0,65566.9,65942.4,21392.1404,2026-03-08 20:00:00
1773014400000,65942.4,67660.0,65781.7,67168.1,19559.9556,2026-03-09 00:00:00
1773028800000,67168.1,68030.0,66833.2,67504.5,17959.2752,2026-03-09 04:00:00
1773043200000,67504.6,68425.6,67286.3,67732.5,19801.0375,2026-03-09 08:00:00
1773057600000,67732.4,69460.0,67722.3,68833.8,32710.3163,2026-03-09 12:00:00
1773072000000,68833.8,69547.6,68210.0,68950.6,19087.8546,2026-03-09 16:00:00
1773086400000,68950.7,69110.9,68331.5,68387.6,6508.8245,2026-03-09 20:00:00
1773100800000,68387.6,70550.0,68350.9,69394.1,25392.9964,2026-03-10 00:00:00
1773115200000,69394.1,70496.2,69394.1,70369.9,15229.3818,2026-03-10 04:00:00
1773129600000,70370.0,71262.3,70331.6,70567.3,21134.9439,2026-03-10 08:00:00
1773144000000,70567.4,71755.2,69250.0,71305.4,44561.2456,2026-03-10 12:00:00
1773158400000,71305.5,71670.0,69650.0,70003.9,22825.5764,2026-03-10 16:00:00
1773172800000,70003.9,70375.9,69415.2,69912.9,9513.9939,2026-03-10 20:00:00
1773187200000,69912.9,70143.5,69450.0,69518.4,9773.9657,2026-03-11 00:00:00
1773201600000,69518.3,70255.9,69360.0,69625.2,13862.0485,2026-03-11 04:00:00
1773216000000,69625.2,69818.8,69100.0,69143.9,13271.2142,2026-03-11 08:00:00
1773230400000,69143.9,71055.3,68944.4,70194.2,46260.3949,2026-03-11 12:00:00
1773244800000,70194.2,71297.7,70119.4,70611.4,21832.6467,2026-03-11 16:00:00
1773259200000,70611.8,70917.9,70080.1,70151.5,7974.9681,2026-03-11 20:00:00
1773273600000,70151.5,70311.0,69172.1,69409.9,14257.9386,2026-03-12 00:00:00
1773288000000,69409.9,69812.8,69156.0,69783.8,9562.0712,2026-03-12 04:00:00
1773302400000,69783.7,70779.2,69531.0,70381.6,19960.4222,2026-03-12 08:00:00
1773316800000,70381.6,70647.6,69304.7,70291.0,33896.1965,2026-03-12 12:00:00
1773331200000,70291.1,70542.7,69722.6,70393.8,16514.5052,2026-03-12 16:00:00
1773345600000,70393.8,70711.7,69975.1,70479.6,7126.3121,2026-03-12 20:00:00
1773360000000,70479.5,71988.0,70345.2,71372.0,24190.4732,2026-03-13 00:00:00
1773374400000,71372.0,71647.6,71125.2,71586.9,9997.5849,2026-03-13 04:00:00
1773388800000,71586.8,72555.9,71360.0,72200.1,25115.6685,2026-03-13 08:00:00
1773403200000,72200.0,73866.7,71701.0,71800.0,51402.9171,2026-03-13 12:00:00
1773417600000,71800.1,72216.8,70777.2,71140.9,31538.7475,2026-03-13 16:00:00
1773432000000,71141.0,71460.5,70517.2,70897.0,9307.3209,2026-03-13 20:00:00
1773446400000,70897.0,71132.0,70400.0,71039.1,8972.2103,2026-03-14 00:00:00
1773460800000,71039.1,71275.2,70250.2,70560.3,11237.7358,2026-03-14 04:00:00
1773475200000,70560.2,70782.9,70330.4,70703.0,6652.2304,2026-03-14 08:00:00
1773489600000,70702.9,70915.6,70450.1,70555.7,7024.7788,2026-03-14 12:00:00
1773504000000,70555.6,70709.6,70455.0,70665.7,2669.9951,2026-03-14 16:00:00
1773518400000,70665.8,71212.1,70605.1,71172.8,4324.4356,2026-03-14 20:00:00
1773532800000,71172.8,71598.7,70810.5,71318.9,9150.4078,2026-03-15 00:00:00
1773547200000,71318.9,71786.2,71286.7,71416.0,7923.9265,2026-03-15 04:00:00
1773561600000,71416.1,71900.0,71416.1,71802.8,7321.6803,2026-03-15 08:00:00
1773576000000,71802.8,71805.5,71223.0,71450.1,9567.0139,2026-03-15 12:00:00
1773590400000,71450.0,71969.5,71237.0,71511.1,8740.2135,2026-03-15 16:00:00
1773604800000,71511.1,73179.6,71390.1,72774.1,18458.0531,2026-03-15 20:00:00
1773619200000,72774.1,74316.5,72213.7,73548.0,22400.5431,2026-03-16 00:00:00
1773633600000,73548.0,74449.7,73352.0,73428.8,20651.1279,2026-03-16 04:00:00
1773648000000,73428.8,73805.9,72828.8,73518.3,14371.6843,2026-03-16 08:00:00
1773662400000,73518.2,74499.9,72950.2,73240.9,31181.545,2026-03-16 12:00:00
1773676800000,73240.8,74388.0,73102.3,73930.0,16327.7074,2026-03-16 16:00:00
1773691200000,73930.0,74880.0,73829.6,74842.3,14288.3976,2026-03-16 20:00:00
1773705600000,74842.2,75983.8,74227.5,74438.8,30651.1638,2026-03-17 00:00:00
1773720000000,74438.8,74650.0,73750.0,74215.8,15659.6562,2026-03-17 04:00:00
1773734400000,74215.9,74420.6,73518.0,73989.6,13563.1566,2026-03-17 08:00:00
1773748800000,73989.5,74850.0,73249.4,73878.0,26561.4556,2026-03-17 12:00:00
1773763200000,73878.0,74773.3,73817.5,74472.1,11027.4906,2026-03-17 16:00:00
1773777600000,74472.0,74771.7,73831.3,73870.6,6501.3271,2026-03-17 20:00:00
1773792000000,73870.6,74644.4,73485.7,74415.0,10200.1317,2026-03-18 00:00:00
1773806400000,74414.9,74459.0,73650.0,73851.9,9315.9303,2026-03-18 04:00:00
1773820800000,73852.0,74248.8,72750.0,72913.4,18222.2936,2026-03-18 08:00:00
1773835200000,72913.5,72948.9,70812.1,71436.4,40984.2156,2026-03-18 12:00:00
1773849600000,71436.4,71964.9,70880.0,71022.4,20772.0803,2026-03-18 16:00:00
1773864000000,71022.4,71390.0,70452.8,71211.6,10446.1924,2026-03-18 20:00:00
1773878400000,71211.6,71582.9,70862.5,71180.0,8535.018,2026-03-19 00:00:00
1773892800000,71180.0,71180.1,69438.0,70149.0,22829.6494,2026-03-19 04:00:00
1773907200000,70149.0,70533.8,69856.5,69920.2,13101.5295,2026-03-19 08:00:00
1773921600000,69920.2,70130.9,68755.0,69375.0,37657.1605,2026-03-19 12:00:00
1773936000000,69375.0,70564.4,69090.7,70230.0,19462.1796,2026-03-19 16:00:00
1773950400000,70230.0,70655.2,69676.4,69884.8,8295.6438,2026-03-19 20:00:00
1773964800000,69884.8,70778.8,69800.0,70693.2,10642.0869,2026-03-20 00:00:00
1773979200000,70693.1,70930.0,70174.1,70821.9,12957.2466,2026-03-20 04:00:00
1773993600000,70821.9,71343.7,70181.6,70445.1,20159.7458,2026-03-20 08:00:00
1774008000000,70445.0,70652.0,69453.8,69840.1,28841.3403,2026-03-20 12:00:00
1774022400000,69840.0,70154.5,69354.6,70146.9,16000.3084,2026-03-20 16:00:00
1774036800000,70146.9,70911.2,69720.0,70476.2,10349.1254,2026-03-20 20:00:00
1774051200000,70476.2,70797.0,70407.1,70637.2,5206.618,2026-03-21 00:00:00
1774065600000,70637.1,70835.0,70580.0,70682.9,4764.6098,2026-03-21 04:00:00
1774080000000,70682.9,70723.7,70416.5,70618.1,4876.2934,2026-03-21 08:00:00
1774094400000,70618.1,71087.7,70426.0,70588.2,8447.658,2026-03-21 12:00:00
1774108800000,70588.3,70623.0,70164.5,70360.9,5843.5204,2026-03-21 16:00:00
1774123200000,70360.8,70472.7,68518.8,68889.3,13975.737,2026-03-21 20:00:00
1774137600000,68889.3,69576.8,68188.0,69304.6,20454.6888,2026-03-22 00:00:00
1774152000000,69304.5,69485.0,68850.0,68883.5,7459.5021,2026-03-22 04:00:00
1774166400000,68883.4,68951.0,68001.0,68182.0,15184.4292,2026-03-22 08:00:00
1774180800000,68182.1,68981.4,68160.2,68810.1,12798.6791,2026-03-22 12:00:00
1774195200000,68810.0,68850.0,68101.3,68166.7,6892.8797,2026-03-22 16:00:00
1774209600000,68166.7,68465.0,67307.6,67830.9,17777.3509,2026-03-22 20:00:00
1774224000000,67830.9,68562.0,67417.0,68049.0,15763.6995,2026-03-23 00:00:00
1774238400000,68049.1,68874.0,67469.7,68303.6,22792.8503,2026-03-23 04:00:00
1774252800000,68303.7,71487.0,67876.3,70099.9,54806.512,2026-03-23 08:00:00
1774267200000,70099.9,71777.0,69656.2,70099.0,41590.6816,2026-03-23 12:00:00
1774281600000,70098.9,71213.0,70095.0,70643.7,17890.2683,2026-03-23 16:00:00
1774296000000,70643.7,70974.5,70366.0,70862.0,5948.3593,2026-03-23 20:00:00
1774310400000,70862.0,71058.4,70235.1,70519.8,9909.0145,2026-03-24 00:00:00
1774324800000,70519.8,71375.0,70093.0,71260.7,15001.4689,2026-03-24 04:00:00
1774339200000,71260.7,71339.7,70814.0,71128.1,13184.4741,2026-03-24 08:00:00
1774353600000,71128.9,71157.3,69460.0,69832.1,33090.8115,2026-03-24 12:00:00
1774368000000,69832.0,69980.7,68868.1,69336.5,22400.4792,2026-03-24 16:00:00
1774382400000,69336.5,70804.9,69251.8,70523.8,16467.0465,2026-03-24 20:00:00
1774396800000,70523.9,71022.6,70362.3,70688.7,11261.7393,2026-03-25 00:00:00
1774411200000,70688.8,71315.0,70673.2,70891.2,12178.1581,2026-03-25 04:00:00
1774425600000,70891.2,71989.0,70752.2,71643.6,20581.2937,2026-03-25 08:00:00
1774440000000,71643.6,71968.0,70550.0,70799.0,27216.2359,2026-03-25 12:00:00
1774454400000,70799.0,71720.8,70650.0,70855.7,17000.1287,2026-03-25 16:00:00
1774468800000,70855.8,71647.1,70606.0,71307.0,8592.6982,2026-03-25 20:00:00
1774483200000,71307.0,71416.7,70650.0,70879.6,10220.9396,2026-03-26 00:00:00
1774497600000,70880.0,70884.6,69751.0,70061.6,15176.569,2026-03-26 04:00:00
1774512000000,70061.5,70120.1,69156.0,69238.1,16977.5606,2026-03-26 08:00:00
1774526400000,69238.1,69843.3,68495.1,69052.1,24706.9165,2026-03-26 12:00:00
1774540800000,69052.0,69142.0,68115.8,68507.0,16339.3977,2026-03-26 16:00:00
1774555200000,68507.0,69456.0,68400.0,68799.5,12277.5865,2026-03-26 20:00:00
1774569600000,68799.5,69164.0,68501.3,68732.8,7155.1506,2026-03-27 00:00:00
1774584000000,68732.8,68930.0,68258.0,68506.6,12988.3736,2026-03-27 04:00:00
1774598400000,68506.7,68605.2,66170.5,66659.9,39263.5251,2026-03-27 08:00:00
1774612800000,66659.9,66742.6,65682.4,66091.4,31021.7911,2026-03-27 12:00:00
1774627200000,66091.5,66267.8,65511.6,66000.8,16962.0147,2026-03-27 16:00:00
1774641600000,66000.9,66404.1,65775.1,66363.1,5794.3452,2026-03-27 20:00:00
1774656000000,66363.0,66487.8,65901.0,66198.2,6670.4478,2026-03-28 00:00:00
1774670400000,66198.2,66542.0,66066.6,66534.8,6558.5805,2026-03-28 04:00:00
1774684800000,66534.8,66541.9,66090.0,66290.1,5616.295,2026-03-28 08:00:00
1774699200000,66290.0,67294.4,66195.1,66984.0,17219.6653,2026-03-28 12:00:00
1774713600000,66984.0,67079.5,66666.7,66879.9,5203.0524,2026-03-28 16:00:00
1774728000000,66879.9,66977.5,66223.0,66340.0,6641.2509,2026-03-28 20:00:00
1774742400000,66340.1,67114.2,66249.0,66872.0,7476.8736,2026-03-29 00:00:00
1774756800000,66872.0,66907.5,66504.8,66631.1,6212.2442,2026-03-29 04:00:00
1774771200000,66631.1,66956.0,66370.3,66777.0,8192.6983,2026-03-29 08:00:00
1774785600000,66777.1,66848.6,66277.2,66500.2,10246.1478,2026-03-29 12:00:00
1774800000000,66500.2,66633.9,66123.0,66319.6,5536.1214,2026-03-29 16:00:00
1774814400000,66319.6,66768.7,64930.8,65980.4,19629.1351,2026-03-29 20:00:00
1774828800000,65980.5,67496.2,65762.0,67146.5,22139.2173,2026-03-30 00:00:00
1774843200000,67146.4,67788.0,67131.6,67598.6,15493.9856,2026-03-30 04:00:00
1774857600000,67598.6,67985.0,67331.0,67642.0,15674.5312,2026-03-30 08:00:00
1774872000000,67642.0,68198.9,67054.2,67601.2,29089.724,2026-03-30 12:00:00
1774886400000,67601.2,67621.8,66210.8,66521.5,19591.2367,2026-03-30 16:00:00
1774900800000,66521.5,66966.9,66377.4,66765.2,9395.3504,2026-03-30 20:00:00
1774915200000,66765.1,68388.9,66510.0,67683.8,20791.6024,2026-03-31 00:00:00
1774929600000,67683.8,67870.2,67064.1,67346.9,11859.7489,2026-03-31 04:00:00
1774944000000,67346.8,67489.3,65946.0,66653.5,28121.498,2026-03-31 08:00:00
1774958400000,66653.5,67770.3,66389.0,66705.0,33150.0108,2026-03-31 12:00:00
1774972800000,66705.0,68575.1,66696.2,67809.4,26544.4869,2026-03-31 16:00:00
1774987200000,67808.4,68382.7,67794.4,68241.2,8039.4897,2026-03-31 20:00:00
1775001600000,68241.1,68333.3,67550.1,68130.4,11219.0954,2026-04-01 00:00:00
1775016000000,68130.3,69315.8,67967.6,68655.2,23220.9565,2026-04-01 04:00:00
1775030400000,68655.2,68834.8,68350.1,68687.9,12651.2878,2026-04-01 08:00:00
1775044800000,68688.0,68932.9,67892.5,68887.6,21867.4115,2026-04-01 12:00:00
1775059200000,68887.6,69170.3,67907.3,68142.7,16468.2698,2026-04-01 16:00:00
1775073600000,68142.7,68521.8,67926.2,68079.1,6347.4339,2026-04-01 20:00:00
1775088000000,68079.0,68626.6,66450.8,66541.5,28666.2192,2026-04-02 00:00:00
1775102400000,66541.5,66898.9,66175.8,66885.0,15452.8988,2026-04-02 04:00:00
1775116800000,66885.0,66885.0,66107.3,66179.5,11092.252,2026-04-02 08:00:00
1775131200000,66179.5,67077.0,65653.0,66818.1,29679.8257,2026-04-02 12:00:00
1775145600000,66818.0,67400.0,66555.2,66949.9,16195.1059,2026-04-02 16:00:00
1775160000000,66950.0,67070.7,66682.7,66864.5,4356.017,2026-04-02 20:00:00
1775174400000,66864.6,66974.0,66250.0,66553.3,8926.218,2026-04-03 00:00:00
1775188800000,66553.1,67239.2,66380.0,67015.2,8436.7153,2026-04-03 04:00:00
1775203200000,67015.2,67279.3,66650.2,66987.2,8343.8355,2026-04-03 08:00:00
1775217600000,66987.2,67350.0,66478.5,66808.0,13386.3456,2026-04-03 12:00:00
1775232000000,66808.1,67036.0,66721.5,66854.0,4274.5918,2026-04-03 16:00:00
1775246400000,66854.1,66954.7,66784.3,66929.0,2048.1782,2026-04-03 20:00:00
1775260800000,66928.9,66937.4,66780.0,66800.3,2201.7381,2026-04-04 00:00:00
1775275200000,66800.3,67013.4,66734.5,66980.0,3501.598,2026-04-04 04:00:00
1775289600000,66980.0,67199.8,66873.9,67129.9,5611.9744,2026-04-04 08:00:00
1775304000000,67129.9,67550.0,66980.0,67346.0,9283.4198,2026-04-04 12:00:00
1775318400000,67346.0,67517.4,67215.0,67262.3,6295.714,2026-04-04 16:00:00
1775332800000,67262.2,67449.5,67150.5,67267.4,3147.7309,2026-04-04 20:00:00
1775347200000,67267.3,67288.1,66880.2,67115.1,4817.7784,2026-04-05 00:00:00
1775361600000,67115.2,67157.6,66572.3,66785.2,8074.1717,2026-04-05 04:00:00
1775376000000,66785.1,67116.7,66779.0,66971.8,4867.8333,2026-04-05 08:00:00
1775390400000,66971.8,67846.1,66650.1,67281.0,15609.4909,2026-04-05 12:00:00
1775404800000,67281.0,67537.5,67146.9,67335.0,5589.0543,2026-04-05 16:00:00
1775419200000,67334.9,69118.0,67300.0,69008.0,20656.1922,2026-04-05 20:00:00
1775433600000,69008.0,69587.9,68748.0,69099.9,20920.8207,2026-04-06 00:00:00
1775448000000,69100.0,69327.7,68736.9,69074.8,10908.176,2026-04-06 04:00:00
1775462400000,69074.8,70276.8,69040.6,69592.5,19881.7129,2026-04-06 08:00:00
1775476800000,69592.4,69935.0,69130.0,69923.0,20169.1839,2026-04-06 12:00:00
1775491200000,69923.0,70322.8,69225.0,69699.8,16733.9886,2026-04-06 16:00:00
1775505600000,69699.8,69947.5,68269.0,68812.9,14041.1619,2026-04-06 20:00:00
1775520000000,68812.9,69100.6,68233.5,68745.2,12230.5842,2026-04-07 00:00:00
1775534400000,68745.1,68958.8,68408.4,68585.4,7101.0525,2026-04-07 04:00:00
1775548800000,68585.3,69217.7,68006.4,68308.1,21054.0635,2026-04-07 08:00:00
1775563200000,68308.1,68613.8,67680.2,68138.7,21462.7851,2026-04-07 12:00:00
1775577600000,68138.6,69058.8,68050.0,68975.6,17165.5933,2026-04-07 16:00:00
1775592000000,68975.6,72773.9,68975.6,71904.6,53782.6401,2026-04-07 20:00:00
1775606400000,71904.7,72101.7,71219.3,71280.1,14801.1367,2026-04-08 00:00:00
1775620800000,71280.0,71935.0,71279.0,71624.2,11756.8176,2026-04-08 04:00:00
1775635200000,71624.2,71965.1,71388.0,71661.3,8799.0481,2026-04-08 08:00:00
1775649600000,71661.4,72876.5,70670.0,71265.3,39951.9292,2026-04-08 12:00:00
1775664000000,71265.3,71929.9,70983.5,71294.0,16175.3073,2026-04-08 16:00:00
1775678400000,71294.0,71718.8,70863.5,71041.7,6851.6568,2026-04-08 20:00:00
1775692800000,71041.8,71170.0,70422.0,70965.7,12118.3822,2026-04-09 00:00:00
1775707200000,70965.7,71086.2,70660.7,70953.8,6867.5499,2026-04-09 04:00:00
1775721600000,70953.8,71548.0,70831.5,71124.5,12422.8464,2026-04-09 08:00:00
1775736000000,71124.5,72333.7,70505.0,72105.7,29757.6046,2026-04-09 12:00:00
1775750400000,72105.6,72518.3,71666.7,72060.7,22831.0276,2026-04-09 16:00:00
1775764800000,72060.7,73146.1,71541.9,71759.0,17571.6723,2026-04-09 20:00:00
1775779200000,71759.1,72355.4,71543.0,71838.2,11592.7363,2026-04-10 00:00:00
1775793600000,71838.3,72258.0,71404.1,71463.5,9624.0595,2026-04-10 04:00:00
1775808000000,71463.5,72222.0,71388.9,72084.8,11001.1727,2026-04-10 08:00:00
1775822400000,72084.7,73288.0,71868.8,72418.3,32894.2605,2026-04-10 12:00:00
1775836800000,72418.2,73248.8,72348.4,73194.0,12040.1673,2026-04-10 16:00:00
1775851200000,73194.5,73452.3,72678.5,72925.8,8062.0436,2026-04-10 20:00:00
1775865600000,72925.7,73073.8,72616.7,72836.9,4943.3399,2026-04-11 00:00:00
1775880000000,72837.0,72925.2,72570.3,72719.7,4807.2261,2026-04-11 04:00:00
1775894400000,72719.8,72898.4,72600.0,72883.8,4759.8735,2026-04-11 08:00:00
1775908800000,72883.7,72956.5,72480.4,72826.6,7317.2404,2026-04-11 12:00:00
1775923200000,72826.5,73799.1,72790.0,73659.6,13070.0029,2026-04-11 16:00:00
1775937600000,73659.6,73670.7,72864.0,73014.7,7113.5433,2026-04-11 20:00:00
1775952000000,73014.7,73107.1,71270.2,71557.7,21911.2387,2026-04-12 00:00:00
1775966400000,71557.6,71750.0,71380.0,71635.9,6551.1206,2026-04-12 04:00:00
1775980800000,71635.9,71772.0,71323.0,71441.4,5796.5824,2026-04-12 08:00:00
1775995200000,71441.3,71477.7,70570.0,70869.5,16384.9757,2026-04-12 12:00:00
1776009600000,70869.5,71189.2,70778.0,71060.7,5560.4557,2026-04-12 16:00:00
1776024000000,71060.7,71425.2,70456.0,70707.9,10946.4644,2026-04-12 20:00:00
1776038400000,70707.9,71273.1,70580.0,70950.1,9570.5446,2026-04-13 00:00:00
1776052800000,70950.2,71120.0,70637.2,70796.5,7175.8575,2026-04-13 04:00:00
1776067200000,70796.5,70966.0,70542.1,70892.6,6818.793,2026-04-13 08:00:00
1776081600000,70892.6,72424.0,70730.3,71831.1,32312.8941,2026-04-13 12:00:00
1776096000000,71831.0,73468.0,71637.8,73287.6,25020.6313,2026-04-13 16:00:00
1776110400000,73287.6,74876.5,72977.8,74385.5,28240.9277,2026-04-13 20:00:00
1776124800000,74385.4,74567.6,73935.5,74418.4,10246.102,2026-04-14 00:00:00
1776139200000,74418.5,74920.4,74127.2,74518.0,8254.4391,2026-04-14 04:00:00
1776153600000,74518.1,74870.0,74276.7,74350.1,8586.8202,2026-04-14 08:00:00
1776168000000,74350.0,76000.0,74250.0,75280.4,38774.7449,2026-04-14 12:00:00
1776182400000,75280.4,75668.3,73777.0,74175.0,22568.4646,2026-04-14 16:00:00
1776196800000,74175.0,74391.2,73743.9,74100.1,8062.6712,2026-04-14 20:00:00
1776211200000,74100.0,74749.0,74079.6,74296.3,9708.6899,2026-04-15 00:00:00
1776225600000,74296.3,74400.0,73443.0,73706.9,12621.232,2026-04-15 04:00:00
1776240000000,73706.9,74243.2,73644.0,74163.1,10723.8935,2026-04-15 08:00:00
1776254400000,74163.1,74479.8,73542.0,73802.4,18831.9751,2026-04-15 12:00:00
1776268800000,73802.3,75250.0,73721.8,74963.0,13599.9305,2026-04-15 16:00:00
1776283200000,74962.2,75391.9,74469.1,74773.4,12131.992,2026-04-15 20:00:00
1776297600000,74773.4,75220.4,74400.5,74844.6,8635.7084,2026-04-16 00:00:00
1776312000000,74844.6,75129.6,74600.0,74673.4,7159.8677,2026-04-16 04:00:00
1776326400000,74673.5,74860.0,74240.0,74532.3,11415.9891,2026-04-16 08:00:00
1776340800000,74532.4,74990.0,73220.2,74660.0,31253.5772,2026-04-16 12:00:00
1776355200000,74660.1,75388.0,73866.5,75317.0,16849.9219,2026-04-16 16:00:00
1776369600000,75317.0,75522.3,74747.0,75106.7,7930.0825,2026-04-16 20:00:00
1776384000000,75106.7,75114.3,74495.2,74577.3,6880.9635,2026-04-17 00:00:00
1776398400000,74577.2,75064.7,74510.3,75043.8,8143.0013,2026-04-17 04:00:00
1776412800000,75043.7,76348.0,74961.4,75544.1,28959.8704,2026-04-17 08:00:00
1776427200000,75544.1,78036.1,75483.0,77740.1,59254.4032,2026-04-17 12:00:00
1776441600000,77740.1,78323.0,76920.6,77354.6,22788.0974,2026-04-17 16:00:00
1776456000000,77354.6,77598.4,76856.1,77033.1,6865.748,2026-04-17 20:00:00
1776470400000,77033.0,77392.4,76922.0,76975.2,6152.7762,2026-04-18 00:00:00
1776484800000,76975.1,77250.0,76824.4,76969.3,5401.5556,2026-04-18 04:00:00
1776499200000,76969.3,77016.0,75733.3,76008.5,19685.8154,2026-04-18 08:00:00
1776513600000,76008.5,76345.2,75760.0,76121.9,9358.1238,2026-04-18 12:00:00
1776528000000,76121.8,76172.0,75370.0,75609.8,11519.0213,2026-04-18 16:00:00
1776542400000,75609.8,75861.1,75547.7,75649.6,3414.9367,2026-04-18 20:00:00
1776556800000,75649.5,75811.1,75310.4,75473.4,7031.2301,2026-04-19 00:00:00
1776571200000,75473.3,75755.0,74837.4,75210.3,11249.9747,2026-04-19 04:00:00
1776585600000,75210.2,75595.8,74888.0,75560.7,9150.8475,2026-04-19 08:00:00
1776600000000,75560.7,76219.3,75337.2,75806.8,15844.4787,2026-04-19 12:00:00
1776614400000,75806.7,75816.1,74550.0,74935.0,13276.1465,2026-04-19 16:00:00
1776628800000,74935.0,74935.0,73716.3,73767.8,15871.0851,2026-04-19 20:00:00
1776643200000,73768.4,74727.1,73666.0,74600.1,13643.6481,2026-04-20 00:00:00
1776657600000,74600.1,75562.2,74073.6,74799.9,18716.2468,2026-04-20 04:00:00
1776672000000,74799.9,75363.6,74579.0,75154.0,12328.6045,2026-04-20 08:00:00
1776686400000,75154.0,75742.3,74654.2,75669.8,24992.9624,2026-04-20 12:00:00
1776700800000,75669.9,76448.0,75237.9,76248.0,16860.8935,2026-04-20 16:00:00
1776715200000,76247.9,76548.5,75564.8,75803.4,8445.4359,2026-04-20 20:00:00
1776729600000,75803.4,76249.9,75441.0,75684.3,10485.3797,2026-04-21 00:00:00
1776744000000,75684.4,76275.0,75565.9,76051.4,8523.8108,2026-04-21 04:00:00
1776758400000,76051.5,76924.5,76025.0,76406.7,16879.4478,2026-04-21 08:00:00
1776772800000,76406.6,76567.2,75300.0,75795.6,25144.008,2026-04-21 12:00:00
1776787200000,75795.6,76166.0,74766.1,74985.7,19804.9894,2026-04-21 16:00:00
1776801600000,74985.7,76400.0,74943.6,76302.1,11876.4186,2026-04-21 20:00:00
1776816000000,76302.2,77717.8,76111.0,77493.7,23515.5849,2026-04-22 00:00:00
1776830400000,77493.8,78420.2,77323.4,77977.8,21563.3685,2026-04-22 04:00:00
1776844800000,77977.9,78361.2,77899.2,78262.6,8916.4382,2026-04-22 08:00:00
1776859200000,78262.6,79375.3,78062.5,79233.1,32127.5402,2026-04-22 12:00:00
1776873600000,79233.1,79443.4,78592.0,78798.4,15156.344,2026-04-22 16:00:00
1776888000000,78798.5,78887.8,78112.0,78147.0,8075.9432,2026-04-22 20:00:00
1776902400000,78147.1,78545.9,77425.9,77704.3,19029.3206,2026-04-23 00:00:00
1776916800000,77704.2,78299.3,77636.4,78004.0,9822.1864,2026-04-23 04:00:00
1776931200000,78004.0,78142.0,77130.6,77659.3,15648.0973,2026-04-23 08:00:00
1776945600000,77659.3,78620.0,77350.0,78331.3,23291.8985,2026-04-23 12:00:00
1776960000000,78331.2,78470.0,76911.1,77674.2,24394.4091,2026-04-23 16:00:00
1776974400000,77674.1,78299.7,77601.9,78209.7,6250.6024,2026-04-23 20:00:00
1776988800000,78209.8,78546.9,77521.0,77702.2,15198.9581,2026-04-24 00:00:00
1777003200000,77702.3,77997.8,77400.7,77623.0,10314.7065,2026-04-24 04:00:00
1777017600000,77623.1,78347.1,77328.5,78191.3,15376.0269,2026-04-24 08:00:00
1777032000000,78191.3,78440.0,77524.4,78006.8,19034.9677,2026-04-24 12:00:00
1777046400000,78006.8,78033.9,77309.6,77600.0,11206.3432,2026-04-24 16:00:00
1777060800000,77599.9,77726.3,77202.2,77386.8,7260.5135,2026-04-24 20:00:00
1777075200000,77386.7,77674.7,77258.9,77625.7,4354.7163,2026-04-25 00:00:00
1777089600000,77625.7,77655.1,77409.7,77454.2,2910.1554,2026-04-25 04:00:00
1777104000000,77454.3,77839.6,77439.1,77655.8,5738.2237,2026-04-25 08:00:00
1777118400000,77655.8,77715.4,77256.1,77290.0,5954.7622,2026-04-25 12:00:00
1777132800000,77289.9,77413.3,77034.5,77292.0,7282.7618,2026-04-25 16:00:00
1777147200000,77292.0,77616.0,77263.0,77587.9,3472.2838,2026-04-25 20:00:00
1777161600000,77588.0,77600.0,77289.8,77359.6,3714.2449,2026-04-26 00:00:00
1777176000000,77359.5,78174.7,77336.9,78072.8,9950.5971,2026-04-26 04:00:00
1777190400000,78072.8,78185.1,77888.0,78052.7,4998.1358,2026-04-26 08:00:00
1777204800000,78052.7,78138.9,77705.2,78005.2,7001.0981,2026-04-26 12:00:00
1777219200000,78005.3,78470.5,77803.0,78179.9,12048.0414,2026-04-26 16:00:00
1777233600000,78180.0,78958.9,77767.0,78621.5,25930.197,2026-04-26 20:00:00
1777248000000,78621.6,79489.9,78340.0,79055.9,17007.3789,2026-04-27 00:00:00
1777262400000,79055.9,79122.7,77410.0,77558.2,22008.0528,2026-04-27 04:00:00
1777276800000,77558.2,77936.3,77502.2,77795.5,7908.2024,2026-04-27 08:00:00
1777291200000,77795.5,78233.0,76518.0,76758.1,30616.2645,2026-04-27 12:00:00
1777305600000,76758.1,76904.6,76400.0,76835.4,14638.2372,2026-04-27 16:00:00
1777320000000,76835.3,77410.0,76720.0,77327.6,7732.6657,2026-04-27 20:00:00
1777334400000,77327.6,77444.0,76611.0,76770.3,10055.6904,2026-04-28 00:00:00
1777348800000,76770.4,77120.9,76355.1,76828.0,10123.7486,2026-04-28 04:00:00
1777363200000,76828.0,76947.1,76088.0,76199.9,9950.0234,2026-04-28 08:00:00
1777377600000,76200.0,76389.0,75624.7,76026.3,19255.0002,2026-04-28 12:00:00
1777392000000,76026.4,76359.0,75854.3,76295.9,8684.2305,2026-04-28 16:00:00
1777406400000,76295.8,76449.9,76143.8,76301.9,4246.8018,2026-04-28 20:00:00
1777420800000,76301.9,77086.7,76132.7,76946.4,10843.7057,2026-04-29 00:00:00
1777435200000,76946.5,77416.7,76837.6,77017.9,14960.1693,2026-04-29 04:00:00
1777449600000,77017.9,77882.3,76922.0,77543.6,14556.8376,2026-04-29 08:00:00
1777464000000,77543.6,77553.0,75669.0,75892.4,25114.1436,2026-04-29 12:00:00
1777478400000,75892.4,76225.6,74893.3,75510.6,27066.2123,2026-04-29 16:00:00
1777492800000,75510.5,76063.9,75452.4,75755.0,10028.4434,2026-04-29 20:00:00
1777507200000,75755.0,76432.3,75454.2,75886.0,12258.7438,2026-04-30 00:00:00
1777521600000,75886.1,76142.9,75276.9,76123.1,9535.7473,2026-04-30 04:00:00
1777536000000,76123.2,76315.8,75850.0,76026.4,10062.4275,2026-04-30 08:00:00
1777550400000,76026.4,76621.0,76001.0,76416.3,20397.795,2026-04-30 12:00:00
1777564800000,76416.3,76465.0,76063.0,76357.4,8944.4069,2026-04-30 16:00:00
1777579200000,76357.3,76544.0,76169.0,76312.8,6098.6085,2026-04-30 20:00:00
1777593600000,76312.9,77426.9,76275.4,77087.3,14486.604,2026-05-01 00:00:00
1777608000000,77087.4,77166.0,76827.6,77104.0,8784.5223,2026-05-01 04:00:00
1777622400000,77103.9,77562.4,77014.1,77419.6,11269.6441,2026-05-01 08:00:00
1777636800000,77419.7,78888.0,77353.5,78400.0,36049.7541,2026-05-01 12:00:00
1777651200000,78400.0,78643.9,78090.1,78322.2,9683.2156,2026-05-01 16:00:00
1777665600000,78322.2,78398.4,77715.0,78195.4,6772.5352,2026-05-01 20:00:00
1777680000000,78195.4,78495.3,78116.2,78374.0,4228.758,2026-05-02 00:00:00
1777694400000,78374.1,78412.8,78006.3,78186.5,5069.7831,2026-05-02 04:00:00
1777708800000,78186.5,78370.9,78062.3,78115.4,3653.2433,2026-05-02 08:00:00
1777723200000,78115.4,78460.7,78074.1,78448.0,4254.9951,2026-05-02 12:00:00
1777737600000,78448.1,78569.9,78266.9,78448.9,3179.3589,2026-05-02 16:00:00
1777752000000,78448.9,79172.9,78370.6,78656.0,6734.6352,2026-05-02 20:00:00
1777766400000,78655.9,78728.0,78050.2,78163.8,7273.408,2026-05-03 00:00:00
1777780800000,78163.7,78406.8,78011.7,78317.6,4856.0926,2026-05-03 04:00:00
1777795200000,78317.6,78833.0,78300.1,78620.5,6262.9504,2026-05-03 08:00:00
1777809600000,78620.5,78863.8,78540.9,78632.2,5850.5089,2026-05-03 12:00:00
1777824000000,78632.2,78821.0,78524.0,78733.9,3273.7604,2026-05-03 16:00:00
1777838400000,78733.8,79428.4,78444.4,78531.0,13216.8764,2026-05-03 20:00:00
1777852800000,78531.1,80465.4,78225.0,80284.6,33846.9758,2026-05-04 00:00:00
1777867200000,80284.7,80597.4,79450.1,79665.3,15864.3313,2026-05-04 04:00:00
1777881600000,79665.2,79894.9,78146.8,78756.9,28382.15,2026-05-04 08:00:00
1777896000000,78756.8,80513.0,78423.5,79990.6,37584.536,2026-05-04 12:00:00
1777910400000,79990.6,80746.5,79571.6,80006.1,18072.0486,2026-05-04 16:00:00
1777924800000,80006.0,80360.0,79706.5,79821.4,5906.3671,2026-05-04 20:00:00
1777939200000,79821.3,81076.5,79756.8,80848.7,14217.4311,2026-05-05 00:00:00
1777953600000,80848.6,81309.9,80686.9,80821.9,13408.3174,2026-05-05 04:00:00
1777968000000,80821.8,81080.5,80483.4,80979.9,10038.7872,2026-05-05 08:00:00
1777982400000,80980.0,81688.0,80889.4,81484.3,24910.9668,2026-05-05 12:00:00
1777996800000,81484.4,81645.8,81000.0,81557.2,10090.7748,2026-05-05 16:00:00
1778011200000,81557.2,81792.4,80738.6,80875.3,13511.4952,2026-05-05 20:00:00
1778025600000,80875.3,81721.8,80653.9,81535.9,11957.1637,2026-05-06 00:00:00
1778040000000,81536.0,81614.4,81010.4,81333.8,9152.1322,2026-05-06 04:00:00
1778054400000,81333.7,82800.0,81281.0,82489.9,27940.1738,2026-05-06 08:00:00
1778068800000,82490.0,82518.8,81090.5,81658.3,30997.2879,2026-05-06 12:00:00
1778083200000,81658.3,81853.8,81157.6,81422.2,7718.8401,2026-05-06 16:00:00
1778097600000,81422.1,81668.0,80944.6,81395.7,6911.2998,2026-05-06 20:00:00
1778112000000,81395.7,81448.3,80786.1,80808.0,11508.3681,2026-05-07 00:00:00
1778126400000,80808.0,81683.9,80666.1,81482.1,12143.0782,2026-05-07 04:00:00
1778140800000,81482.2,81556.0,80525.5,80836.6,12918.8203,2026-05-07 08:00:00
1778155200000,80836.5,81155.0,79640.7,79862.2,27062.6898,2026-05-07 12:00:00
1778169600000,79862.1,80235.0,79421.0,80109.9,13812.2437,2026-05-07 16:00:00
1778184000000,80110.0,80352.1,79540.6,79979.2,6839.2657,2026-05-07 20:00:00
1778198400000,79979.2,80111.9,79118.7,79535.0,10865.1545,2026-05-08 00:00:00
1778212800000,79535.0,79750.0,79205.9,79636.3,7668.5064,2026-05-08 04:00:00
1778227200000,79636.3,80305.5,79621.2,80193.2,12397.3993,2026-05-08 08:00:00
1778241600000,80193.2,80520.0,79500.0,80118.5,23392.8771,2026-05-08 12:00:00
1778256000000,80118.6,80272.7,79706.5,80141.6,10598.1871,2026-05-08 16:00:00
1778270400000,80141.7,80367.2,80038.9,80152.4,3665.6385,2026-05-08 20:00:00
1778284800000,80152.5,80541.8,80089.7,80346.1,4263.6652,2026-05-09 00:00:00
1778299200000,80346.2,80649.9,80090.0,80190.0,6875.5332,2026-05-09 04:00:00
1778313600000,80190.1,80415.8,80120.1,80303.4,4206.2265,2026-05-09 08:00:00
1778328000000,80303.5,80569.1,80182.5,80484.7,5665.218,2026-05-09 12:00:00
1778342400000,80484.8,81047.8,80439.4,80900.0,10660.7939,2026-05-09 16:00:00
1778356800000,80900.0,80908.9,80583.8,80631.6,2729.5114,2026-05-09 20:00:00
1778371200000,80631.6,80847.0,80534.5,80731.5,3742.7797,2026-05-10 00:00:00
1778385600000,80731.4,80808.0,80620.0,80700.1,2454.841,2026-05-10 04:00:00
1778400000000,80700.1,80936.3,80650.1,80781.6,4850.5494,2026-05-10 08:00:00
1778414400000,80781.7,81435.4,80732.2,81374.5,8149.6887,2026-05-10 12:00:00
1778428800000,81374.6,81550.0,81104.0,81393.1,8103.2819,2026-05-10 16:00:00
1778443200000,81393.2,82464.1,80228.0,82182.8,28314.7105,2026-05-10 20:00:00
1778457600000,82182.9,82364.3,80500.0,80700.7,20250.3953,2026-05-11 00:00:00
1778472000000,80700.8,81021.7,80612.7,80706.3,6282.7542,2026-05-11 04:00:00
1778486400000,80706.3,81157.1,80577.5,81152.9,6907.4537,2026-05-11 08:00:00
1778500800000,81153.0,81434.8,80404.5,81405.4,18635.3793,2026-05-11 12:00:00
1778515200000,81405.5,82100.0,81303.1,81916.1,17220.9912,2026-05-11 16:00:00
1778529600000,81916.1,82032.2,81537.5,81696.6,4948.1035,2026-05-11 20:00:00
1778544000000,81696.6,81751.1,80666.0,81020.4,12921.3271,2026-05-12 00:00:00
1778558400000,81020.5,81287.3,80770.7,80809.9,9269.783,2026-05-12 04:00:00
1778572800000,80810.0,80924.9,80457.8,80733.3,10130.966,2026-05-12 08:00:00
1778587200000,80733.3,80962.0,80135.0,80286.8,24829.6069,2026-05-12 12:00:00
1778601600000,80286.9,80829.8,79779.0,80788.5,15953.599,2026-05-12 16:00:00
1778616000000,80788.5,80843.1,80387.8,80460.2,4347.625,2026-05-12 20:00:00
1778630400000,80460.2,81274.3,80363.5,81211.9,9833.0719,2026-05-13 00:00:00
1778644800000,81212.0,81250.0,80851.0,80983.3,6871.0448,2026-05-13 04:00:00
1778659200000,80983.3,81320.1,80462.0,80468.3,13408.6466,2026-05-13 08:00:00
1778673600000,80468.3,80565.7,78764.1,78800.1,36122.3802,2026-05-13 12:00:00
1778688000000,78800.1,79768.0,78721.5,79607.7,15912.6387,2026-05-13 16:00:00
1778702400000,79607.7,79728.4,79170.8,79288.2,5370.1131,2026-05-13 20:00:00
1778716800000,79288.2,79658.2,78863.0,79008.1,11896.6951,2026-05-14 00:00:00
1778731200000,79008.2,79970.0,78940.0,79708.2,11292.4003,2026-05-14 04:00:00
1778745600000,79708.2,79908.0,79190.1,79225.0,9921.9239,2026-05-14 08:00:00
1778760000000,79225.0,81286.8,79199.2,81241.8,35766.6118,2026-05-14 12:00:00
1778774400000,81241.9,82001.0,81015.6,81380.8,30202.0147,2026-05-14 16:00:00
1778788800000,81380.9,81550.0,81012.0,81060.0,6532.6066,2026-05-14 20:00:00
1778803200000,81059.9,81630.5,80691.6,81021.1,16456.5364,2026-05-15 00:00:00
1778817600000,81021.2,81067.7,80251.5,80787.2,17644.0291,2026-05-15 04:00:00
1778832000000,80787.2,80799.9,80333.0,80592.0,9458.5628,2026-05-15 08:00:00
1778846400000,80591.9,80609.6,78588.2,79117.2,41961.0351,2026-05-15 12:00:00
1778860800000,79117.1,79530.0,79017.5,79101.3,9530.353,2026-05-15 16:00:00
1778875200000,79101.4,79184.1,78856.5,79082.4,3333.214,2026-05-15 20:00:00
1778889600000,79082.4,79197.4,78978.2,79053.5,3674.7942,2026-05-16 00:00:00
1778904000000,79053.6,79100.0,78002.0,78333.4,14465.8577,2026-05-16 04:00:00
1778918400000,78333.4,78499.9,77600.0,78055.2,16670.9368,2026-05-16 08:00:00
1778932800000,78055.3,78324.3,77807.2,78200.0,7815.6341,2026-05-16 12:00:00
1778947200000,78200.1,78337.4,78078.1,78226.7,4045.2353,2026-05-16 16:00:00
1778961600000,78226.8,78288.7,78089.3,78106.9,2801.6237,2026-05-16 20:00:00
1778976000000,78106.9,78208.0,77672.4,77991.6,7937.3534,2026-05-17 00:00:00
1778990400000,77991.6,78285.4,77964.0,78149.0,4540.9615,2026-05-17 04:00:00
1779004800000,78148.9,78571.4,77996.8,78369.0,7576.6585,2026-05-17 08:00:00
1779019200000,78369.0,78520.3,77777.0,78003.6,7685.1094,2026-05-17 12:00:00
1779033600000,78003.6,78432.8,77811.5,78369.1,5346.8031,2026-05-17 16:00:00
1779048000000,78369.0,78449.0,76633.3,77415.0,19229.0631,2026-05-17 20:00:00
1779062400000,77415.0,77444.8,76666.0,76896.9,16490.1802,2026-05-18 00:00:00
1779076800000,76896.9,77055.7,76535.8,77036.9,11946.3761,2026-05-18 04:00:00
1779091200000,77036.9,77373.7,76634.8,77253.6,9768.0149,2026-05-18 08:00:00
1779105600000,77253.7,77772.6,76018.0,76384.0,39045.5753,2026-05-18 12:00:00
1779120000000,76384.0,76980.0,76111.0,76907.5,16844.6943,2026-05-18 16:00:00
1779134400000,76907.6,77194.9,76766.3,76962.2,8152.9782,2026-05-18 20:00:00
1779148800000,76962.2,77379.9,76432.0,76753.8,10647.5495,2026-05-19 00:00:00
1779163200000,76753.8,77242.3,76604.4,77194.1,7915.8346,2026-05-19 04:00:00
1779177600000,77194.1,77288.0,76601.0,76678.6,11657.8111,2026-05-19 08:00:00
1779192000000,76678.7,77026.2,76116.0,76498.2,19861.5535,2026-05-19 12:00:00
1779206400000,76498.3,77043.5,76381.4,76785.0,9247.4789,2026-05-19 16:00:00
1779220800000,76785.4,77011.5,76612.8,76800.0,4584.9926,2026-05-19 20:00:00
1779235200000,76799.9,76891.7,76469.0,76688.1,7726.0995,2026-05-20 00:00:00
1779249600000,76688.1,77450.0,76650.0,77246.0,11383.464,2026-05-20 04:00:00
1779264000000,77246.0,77627.5,77161.8,77346.1,9721.9652,2026-05-20 08:00:00
1779278400000,77346.0,77830.7,76858.2,77424.6,24632.8926,2026-05-20 12:00:00
1779292800000,77424.6,77690.0,76981.5,77635.2,10980.4449,2026-05-20 16:00:00
1779307200000,77635.1,77730.0,77180.1,77512.3,6253.6672,2026-05-20 20:00:00
1779321600000,77512.4,78161.5,77476.1,78033.1,11645.92,2026-05-21 00:00:00
1779336000000,78033.2,78130.6,77457.4,77848.5,9932.7571,2026-05-21 04:00:00
1779350400000,77848.5,78155.0,77116.7,77168.6,15387.9389,2026-05-21 08:00:00
1779364800000,77168.7,77379.8,76688.2,77223.7,19634.9687,2026-05-21 12:00:00
1779379200000,77223.7,78056.0,76970.6,77653.4,19684.7934,2026-05-21 16:00:00
1779393600000,77653.4,77776.0,77487.2,77583.0,3877.7303,2026-05-21 20:00:00
1779408000000,77583.1,77776.0,77288.0,77739.9,5923.3672,2026-05-22 00:00:00
1779422400000,77739.9,77866.6,77220.0,77369.8,7774.1394,2026-05-22 04:00:00
1779436800000,77369.8,77511.1,77140.0,77399.9,6408.6648,2026-05-22 08:00:00
1779451200000,77399.9,77549.9,76531.3,76765.0,19610.9356,2026-05-22 12:00:00
1779465600000,76765.1,77091.3,75620.0,75830.4,20904.8276,2026-05-22 16:00:00
1779480000000,75830.4,76055.0,75300.0,75508.7,11170.351,2026-05-22 20:00:00
1779494400000,75508.7,75644.2,75180.0,75605.0,9990.0486,2026-05-23 00:00:00
1779508800000,75605.1,75612.6,74200.0,74576.3,19102.2889,2026-05-23 04:00:00
1779523200000,74576.3,74850.0,74301.1,74753.9,12264.1707,2026-05-23 08:00:00
1779537600000,74753.9,75652.4,74621.7,75482.7,17648.3436,2026-05-23 12:00:00
1779552000000,75482.7,75999.4,75326.3,75949.8,9615.5639,2026-05-23 16:00:00
1779566400000,75949.8,77378.8,75909.1,76709.2,25154.7832,2026-05-23 20:00:00
1779580800000,76709.2,76976.7,76588.7,76704.2,6271.4463,2026-05-24 00:00:00
1779595200000,76704.2,77040.0,76608.0,76770.1,5366.3769,2026-05-24 04:00:00
1779609600000,76770.1,77528.5,76700.0,77279.9,9741.9618,2026-05-24 08:00:00
1779624000000,77280.0,77298.6,76150.0,76340.3,15059.8352,2026-05-24 12:00:00
1779638400000,76340.4,76784.4,76340.3,76738.0,6045.0422,2026-05-24 16:00:00
1779652800000,76737.9,77198.0,76050.2,77029.9,12183.7065,2026-05-24 20:00:00
1779667200000,77030.0,77450.0,76845.7,76986.3,9956.5046,2026-05-25 00:00:00
1779681600000,76986.3,77654.9,76945.4,77374.9,10697.4328,2026-05-25 04:00:00
1779696000000,77375.0,77733.0,77224.8,77319.1,8138.8446,2026-05-25 08:00:00
1779710400000,77319.2,77876.5,77238.3,77591.7,11159.1995,2026-05-25 12:00:00
1779724800000,77591.6,77784.5,77309.2,77404.2,5747.8045,2026-05-25 16:00:00
1779739200000,77404.0,77475.0,77006.0,77283.3,5678.2764,2026-05-25 20:00:00
1779753600000,77283.4,77315.0,76430.0,76626.1,12926.3863,2026-05-26 00:00:00
1779768000000,76626.1,77035.0,76560.0,76684.0,8418.3881,2026-05-26 04:00:00
1779782400000,76684.0,77594.1,76533.6,77155.3,12846.8196,2026-05-26 08:00:00
1779796800000,77155.3,78066.7,76230.0,76474.5,40111.2682,2026-05-26 12:00:00
1779811200000,76474.5,76689.6,75730.8,76022.4,19496.7369,2026-05-26 16:00:00
1779825600000,76022.4,76144.9,75626.0,75898.2,6549.8692,2026-05-26 20:00:00
1779840000000,75898.2,76080.0,75561.3,75630.4,7761.7677,2026-05-27 00:00:00
1779854400000,75630.4,75932.5,75267.6,75921.3,11543.5553,2026-05-27 04:00:00
1779868800000,75921.3,76024.0,75673.7,75741.3,8697.8206,2026-05-27 08:00:00
1779883200000,75741.3,76157.1,74710.0,75297.0,28600.6557,2026-05-27 12:00:00
1779897600000,75297.0,75375.0,74621.1,75040.7,11004.6666,2026-05-27 16:00:00
1779912000000,75040.7,75385.2,74210.0,74414.1,14554.3073,2026-05-27 20:00:00
1779926400000,74414.0,74559.9,73031.3,73228.1,27414.0303,2026-05-28 00:00:00
1779940800000,73228.0,73468.0,72678.1,73457.4,21606.0382,2026-05-28 04:00:00
1779955200000,73457.4,73592.7,73172.6,73474.1,8004.5141,2026-05-28 08:00:00
1779969600000,73474.0,73550.0,72554.0,72898.2,27855.1002,2026-05-28 12:00:00
1779984000000,72898.3,73726.2,72714.7,73388.7,13648.6412,2026-05-28 16:00:00
1779998400000,73388.7,73923.9,73207.7,73586.0,8218.6828,2026-05-28 20:00:00
1780012800000,73586.1,73837.0,73160.2,73275.1,7911.471,2026-05-29 00:00:00
1780027200000,73275.1,73899.0,73181.0,73480.1,10241.1674,2026-05-29 04:00:00
1780041600000,73480.1,73877.5,73303.7,73440.0,8882.9953,2026-05-29 08:00:00
1780056000000,73440.0,74159.0,72436.9,73764.6,36425.0969,2026-05-29 12:00:00
1780070400000,73764.7,74299.0,73132.8,73487.2,22286.4742,2026-05-29 16:00:00
1780084800000,73487.1,73822.8,73280.6,73431.4,5411.6089,2026-05-29 20:00:00
1780099200000,73431.4,73758.5,73377.2,73492.0,4510.1599,2026-05-30 00:00:00
1780113600000,73492.0,73680.0,73155.1,73519.7,7158.6261,2026-05-30 04:00:00
1780128000000,73519.7,73649.9,73463.6,73564.0,2654.5641,2026-05-30 08:00:00
1780142400000,73564.1,74069.3,73551.9,73889.6,8149.3505,2026-05-30 12:00:00
1780156800000,73889.7,74119.8,73768.3,73976.1,4045.0273,2026-05-30 16:00:00
1780171200000,73976.2,74019.1,73742.7,73850.0,2680.3903,2026-05-30 20:00:00
1780185600000,73850.1,74244.7,73814.1,74110.1,5889.1247,2026-05-31 00:00:00
1780200000000,74110.1,74180.0,73796.0,73830.0,3502.1719,2026-05-31 04:00:00
1780214400000,73829.9,73986.8,73668.0,73910.6,4323.0147,2026-05-31 08:00:00
1780228800000,73910.7,73999.0,73467.1,73622.6,8348.9366,2026-05-31 12:00:00
1780243200000,73622.6,73704.1,73353.0,73527.5,5446.6792,2026-05-31 16:00:00
1780257600000,73527.6,74168.0,73456.1,73649.1,6953.6834,2026-05-31 20:00:00
1780272000000,73649.2,74061.0,73166.9,73722.2,11920.8543,2026-06-01 00:00:00
1780286400000,73722.3,73800.0,72665.0,72777.0,12716.3916,2026-06-01 04:00:00
1780300800000,72777.0,73078.6,72235.7,72453.9,15878.5283,2026-06-01 08:00:00
1780315200000,72453.9,72576.6,71023.1,71108.0,48103.674,2026-06-01 12:00:00
1780329600000,71107.9,71779.7,70668.0,71574.5,23798.6067,2026-06-01 16:00:00
1780344000000,71574.5,71679.2,70812.1,71389.7,10296.2988,2026-06-01 20:00:00
1780358400000,71389.7,71391.8,70039.9,70930.1,20889.7406,2026-06-02 00:00:00
1780372800000,70930.1,71031.0,69690.2,70087.0,26630.9921,2026-06-02 04:00:00
1780387200000,70086.9,70153.5,69288.0,69435.1,20697.1373,2026-06-02 08:00:00
1780401600000,69435.2,69532.9,67055.0,67281.0,67963.0491,2026-06-02 12:00:00
1780416000000,67281.1,68132.3,66351.2,67284.4,39756.1341,2026-06-02 16:00:00
1780430400000,67284.5,67907.0,66155.1,66722.6,28899.8645,2026-06-02 20:00:00
1780444800000,66722.7,67182.9,65398.3,65823.7,27042.6509,2026-06-03 00:00:00
1780459200000,65823.6,67477.5,65790.5,67187.5,28631.8636,2026-06-03 04:00:00
1780473600000,67185.6,67450.0,66620.8,67039.8,16050.9689,2026-06-03 08:00:00
1780488000000,67039.9,67224.5,66050.0,66057.6,27638.526,2026-06-03 12:00:00
1780502400000,66057.6,66353.7,65215.3,65436.6,29635.6316,2026-06-03 16:00:00
1780516800000,65436.6,65826.8,64056.0,64117.3,33492.7152,2026-06-03 20:00:00
1780531200000,64117.2,64500.0,61339.5,64330.4,89850.9272,2026-06-04 00:00:00
1780545600000,64330.4,64737.3,63438.5,63564.9,33275.065,2026-06-04 04:00:00
1780560000000,63564.8,63879.2,62157.0,62516.7,45231.2538,2026-06-04 08:00:00
1780574400000,62516.7,64455.0,62352.0,63863.9,49862.2796,2026-06-04 12:00:00
1780588800000,63863.9,64137.8,62910.0,63600.7,27191.7193,2026-06-04 16:00:00
1780603200000,63600.7,63887.0,63070.7,63847.8,14063.9468,2026-06-04 20:00:00
1780617600000,63847.7,63958.1,62300.0,62706.4,23263.6014,2026-06-05 00:00:00
1780632000000,62706.4,63664.8,61075.1,63067.4,60942.8345,2026-06-05 04:00:00
1780646400000,63067.3,63262.2,61922.6,61935.0,24762.5242,2026-06-05 08:00:00
1780660800000,61935.0,62427.9,60011.0,60394.3,71654.9805,2026-06-05 12:00:00
1780675200000,60394.4,61542.3,59078.4,60267.2,65957.9134,2026-06-05 16:00:00
1780689600000,60267.2,61999.2,59906.4,61025.2,35820.4336,2026-06-05 20:00:00
1780704000000,61025.1,61493.0,60480.6,60654.1,14146.1051,2026-06-06 00:00:00
1780718400000,60654.2,61265.5,59447.5,60971.6,35733.8568,2026-06-06 04:00:00
1780732800000,60971.5,61476.8,60152.6,60774.9,19639.5621,2026-06-06 08:00:00
1780747200000,60774.9,61178.7,60356.5,60750.0,13580.908,2026-06-06 12:00:00
1780761600000,60750.1,60944.1,60373.6,60565.2,8481.2969,2026-06-06 16:00:00
1780776000000,60565.2,60974.5,60393.6,60849.2,6770.7131,2026-06-06 20:00:00
1780790400000,60849.3,61741.7,60707.6,61661.2,16578.7398,2026-06-07 00:00:00
1780804800000,61661.2,62387.9,61440.0,62372.1,20253.1933,2026-06-07 04:00:00
1780819200000,62372.0,62937.0,62219.8,62598.6,24482.8,2026-06-07 08:00:00
1780833600000,62598.5,62618.7,61520.1,62065.0,27402.6981,2026-06-07 12:00:00
1780848000000,62065.0,62299.0,61147.0,61300.0,16711.6735,2026-06-07 16:00:00
1780862400000,61299.9,64407.5,61192.0,63308.0,39226.952,2026-06-07 20:00:00
1780876800000,63308.0,63838.0,62681.6,63099.9,20025.8288,2026-06-08 00:00:00
1780891200000,63099.9,63324.9,62376.1,63254.5,17875.9041,2026-06-08 04:00:00
1780905600000,63254.5,63852.4,62950.1,63444.9,21218.0579,2026-06-08 08:00:00
1780920000000,63444.9,64202.4,62653.1,63744.0,35729.4196,2026-06-08 12:00:00
1780934400000,63744.1,64026.3,63246.7,63341.7,11302.6574,2026-06-08 16:00:00
1780948800000,63341.7,63840.5,62939.0,63061.9,10083.9346,2026-06-08 20:00:00
1780963200000,63061.8,63154.9,62380.0,62839.4,16781.0882,2026-06-09 00:00:00
1780977600000,62839.4,63493.5,62718.4,63169.3,13694.2377,2026-06-09 04:00:00
1780992000000,63169.4,63187.2,62461.8,62678.8,13978.4001,2026-06-09 08:00:00
1781006400000,62678.8,62880.3,61002.0,61102.7,43820.7747,2026-06-09 12:00:00
1781020800000,61102.8,62077.0,60728.4,62066.0,26972.3175,2026-06-09 16:00:00
1781035200000,62066.0,62242.0,61521.7,61698.2,9856.6741,2026-06-09 20:00:00
1781049600000,61698.2,61953.0,61200.2,61516.2,11368.2245,2026-06-10 00:00:00
1781064000000,61516.3,61764.2,61045.7,61654.8,10455.5594,2026-06-10 04:00:00
1781078400000,61654.9,61708.7,60638.3,61003.1,21820.6679,2026-06-10 08:00:00
1781092800000,61003.2,62840.4,60921.5,62598.8,40410.0675,2026-06-10 12:00:00
1781107200000,62598.8,62615.3,61573.7,61915.0,17373.0025,2026-06-10 16:00:00
1781121600000,61914.9,61924.9,61060.3,61475.3,12532.3637,2026-06-10 20:00:00
1781136000000,61475.3,62823.4,61475.3,62650.0,15861.8568,2026-06-11 00:00:00
1781150400000,62650.1,62998.9,62502.5,62683.7,13433.1096,2026-06-11 04:00:00
1781164800000,62683.6,63239.1,62678.0,63075.0,12586.6711,2026-06-11 08:00:00
1781179200000,63075.1,63212.1,62456.0,62724.0,24566.0161,2026-06-11 12:00:00
1781193600000,62724.0,63900.0,62310.0,63570.0,27493.3125,2026-06-11 16:00:00
1781208000000,63570.0,63684.4,63232.5,63596.9,6808.0185,2026-06-11 20:00:00
1781222400000,63597.0,63764.3,63262.4,63491.4,7755.9673,2026-06-12 00:00:00
1781236800000,63491.5,63834.9,62814.4,63063.0,14945.2602,2026-06-12 04:00:00
1781251200000,63063.0,63950.0,63063.0,63721.5,14407.8743,2026-06-12 08:00:00
1781265600000,63721.5,64378.8,63000.0,63564.2,30119.5072,2026-06-12 12:00:00
1781280000000,63564.2,64089.0,63477.0,63552.8,11771.6995,2026-06-12 16:00:00
1781294400000,63553.1,63668.4,63345.6,63541.9,5032.4211,2026-06-12 20:00:00
1781308800000,63541.9,63817.2,63390.0,63497.6,6005.2551,2026-06-13 00:00:00
1781323200000,63497.6,63859.0,63452.5,63812.5,4804.0775,2026-06-13 04:00:00
1781337600000,63812.6,63937.1,63680.0,63934.8,5127.3894,2026-06-13 08:00:00
1781352000000,63934.8,64312.4,63881.1,64262.5,9349.9785,2026-06-13 12:00:00
1781366400000,64262.5,64315.8,63850.2,64262.5,9065.2426,2026-06-13 16:00:00
1781380800000,64262.6,64745.0,64185.3,64417.1,8531.2742,2026-06-13 20:00:00
1781395200000,64417.2,64685.6,64338.8,64507.8,5232.7072,2026-06-14 00:00:00
1781409600000,64507.8,64518.5,64179.6,64402.5,5868.0536,2026-06-14 04:00:00
1781424000000,64402.6,64635.9,64282.2,64509.9,5172.0838,2026-06-14 08:00:00
1781438400000,64509.9,64525.6,63822.0,63984.9,11536.3172,2026-06-14 12:00:00
1781452800000,63984.9,64179.8,63644.8,63768.6,7536.196,2026-06-14 16:00:00
1781467200000,63768.6,65764.4,63760.0,65697.7,27601.1379,2026-06-14 20:00:00
1781481600000,65697.8,65996.9,65310.6,65883.7,15021.3587,2026-06-15 00:00:00
1781496000000,65883.7,65980.0,65566.5,65648.5,11169.5126,2026-06-15 04:00:00
1781510400000,65648.5,66370.0,65471.0,66197.9,17661.8261,2026-06-15 08:00:00
1781524800000,66198.0,67283.9,66070.0,67252.8,34373.0087,2026-06-15 12:00:00
1781539200000,67252.7,67253.3,66313.2,66580.0,16737.0682,2026-06-15 16:00:00
1781553600000,66579.9,66654.4,66065.0,66292.8,7612.739,2026-06-15 20:00:00
1781568000000,66292.7,66433.5,65612.9,66120.1,14570.2501,2026-06-16 00:00:00
1781582400000,66120.1,66567.0,65764.9,66333.6,12582.7013,2026-06-16 04:00:00
1781596800000,66333.6,66976.4,66305.3,66458.1,14811.9107,2026-06-16 08:00:00
1781611200000,66458.1,66790.0,65324.3,65834.7,25769.344,2026-06-16 12:00:00
1781625600000,65834.8,66246.8,65520.8,65650.1,9836.1509,2026-06-16 16:00:00
1781640000000,65650.0,65921.2,65554.5,65648.7,4784.8846,2026-06-16 20:00:00
1781654400000,65648.7,66100.0,65408.9,65820.0,7817.8158,2026-06-17 00:00:00
1781668800000,65820.0,66021.2,65213.6,65505.0,10721.5082,2026-06-17 04:00:00
1781683200000,65505.0,65543.6,64514.6,64777.0,20088.6369,2026-06-17 08:00:00
1781697600000,64777.0,65833.1,64555.0,65720.0,23877.5792,2026-06-17 12:00:00
1781712000000,65719.9,66426.6,64007.0,64278.2,45875.0714,2026-06-17 16:00:00
1781726400000,64278.2,64498.0,63880.0,64471.4,10584.9816,2026-06-17 20:00:00
1781740800000,64471.3,64775.4,64234.4,64250.1,8572.4515,2026-06-18 00:00:00
1781755200000,64250.2,64480.0,63666.0,64474.1,16309.7378,2026-06-18 04:00:00
1781769600000,64474.1,64650.0,63846.3,63941.0,13308.4546,2026-06-18 08:00:00
1781784000000,63941.0,64416.4,62253.6,62332.2,37148.4711,2026-06-18 12:00:00
1781798400000,62332.2,62979.0,62222.2,62922.2,20744.6272,2026-06-18 16:00:00
1781812800000,62922.3,63249.9,62695.5,62920.8,7276.9042,2026-06-18 20:00:00
1781827200000,62920.8,63084.7,62350.5,62746.4,9795.8427,2026-06-19 00:00:00
1781841600000,62746.5,62893.3,62380.3,62598.2,9692.8315,2026-06-19 04:00:00
1781856000000,62598.3,62751.4,62281.6,62599.5,10099.41,2026-06-19 08:00:00
1781870400000,62599.5,63387.5,62320.0,63187.6,18682.8232,2026-06-19 12:00:00
1781884800000,63187.7,63361.3,62827.7,62999.9,9638.7816,2026-06-19 16:00:00
1781899200000,63000.0,63645.7,62931.0,63510.5,5827.4637,2026-06-19 20:00:00
1781913600000,63510.4,63752.0,63289.1,63448.6,6477.9084,2026-06-20 00:00:00
1781928000000,63448.7,63886.0,63361.6,63622.6,7672.9395,2026-06-20 04:00:00
1781942400000,63622.7,63769.4,63341.4,63646.6,8413.9513,2026-06-20 08:00:00
1781956800000,63646.7,64355.5,63150.0,64129.7,21754.8435,2026-06-20 12:00:00
1781971200000,64129.8,64140.4,63701.7,63909.5,6226.8934,2026-06-20 16:00:00
1781985600000,63909.5,64328.6,63822.7,64261.7,4352.3749,2026-06-20 20:00:00
1782000000000,64261.6,64447.0,64179.5,64391.5,5512.7236,2026-06-21 00:00:00
1782014400000,64391.5,64560.0,64127.3,64165.1,6337.9764,2026-06-21 04:00:00
1782028800000,64165.1,64448.4,63864.0,64144.6,11866.4107,2026-06-21 08:00:00
1782043200000,64144.5,64332.5,63908.9,64191.6,8386.3281,2026-06-21 12:00:00
1782057600000,64191.7,64270.0,63911.0,64169.1,4572.2558,2026-06-21 16:00:00
1782072000000,64169.2,64237.7,63228.0,63278.9,13238.2353,2026-06-21 20:00:00
1782086400000,63278.9,64813.0,63278.8,63940.1,24448.504,2026-06-22 00:00:00
1782100800000,63940.1,64382.8,63833.3,64179.3,9488.5425,2026-06-22 04:00:00
1782115200000,64179.3,64745.8,64005.6,64625.0,11113.6986,2026-06-22 08:00:00
1782129600000,64625.0,65616.4,64551.7,64803.5,31704.9827,2026-06-22 12:00:00
1782144000000,64803.5,64831.8,64244.0,64451.4,14225.7402,2026-06-22 16:00:00
1782158400000,64451.4,64640.3,63766.0,63994.0,11159.4224,2026-06-22 20:00:00
1782172800000,63993.9,64250.0,63803.1,64040.0,8351.1152,2026-06-23 00:00:00
1782187200000,64039.9,64067.8,62523.1,62846.3,27657.425,2026-06-23 04:00:00
1782201600000,62846.2,62910.4,61883.8,62476.0,25561.0824,2026-06-23 08:00:00
1782216000000,62476.1,62828.1,61928.6,62459.9,22665.5065,2026-06-23 12:00:00
1782230400000,62459.9,62794.3,62075.0,62367.4,11931.1881,2026-06-23 16:00:00
1782244800000,62367.5,62774.8,62350.0,62701.4,5246.165,2026-06-23 20:00:00
1782259200000,62701.5,63097.9,62433.0,62706.5,13907.9318,2026-06-24 00:00:00
1782273600000,62706.6,63050.0,62499.9,62627.0,8825.3977,2026-06-24 04:00:00
1782288000000,62627.0,63221.0,62260.0,62887.5,14606.5628,2026-06-24 08:00:00
1782302400000,62887.4,62944.2,60230.9,60252.7,61875.3307,2026-06-24 12:00:00
1782316800000,60252.7,60675.5,59050.3,59921.2,58577.3316,2026-06-24 16:00:00
1782331200000,59920.8,61243.9,59815.2,61050.0,26475.4843,2026-06-24 20:00:00
1782345600000,61050.1,61137.0,60650.0,60851.9,9207.7224,2026-06-25 00:00:00
1782360000000,60852.0,61929.5,60752.9,61877.6,20981.702,2026-06-25 04:00:00
1782374400000,61877.6,61888.0,61029.3,61258.9,15904.0269,2026-06-25 08:00:00
1782388800000,61259.0,61757.4,58031.5,59528.4,103656.1713,2026-06-25 12:00:00
1782403200000,59528.3,60031.0,59083.6,59295.5,20757.6033,2026-06-25 16:00:00
1782417600000,59295.5,60267.7,59292.3,59767.2,11701.3336,2026-06-25 20:00:00
1782432000000,59767.3,60114.0,58300.0,60010.1,34027.8333,2026-06-26 00:00:00
1782446400000,60010.1,60759.9,59668.4,60486.1,26941.2052,2026-06-26 04:00:00
1782460800000,60486.2,60540.0,59200.6,59390.4,22164.6641,2026-06-26 08:00:00
1782475200000,59390.3,60478.9,58468.0,60297.4,56022.5646,2026-06-26 12:00:00
1782489600000,60297.4,60573.2,59527.0,59730.0,19320.2886,2026-06-26 16:00:00
1782504000000,59730.1,60090.5,59529.4,60072.1,7109.048,2026-06-26 20:00:00
1782518400000,60072.1,60399.8,59853.5,60277.4,7643.202,2026-06-27 00:00:00
1782532800000,60277.5,60543.0,60089.0,60516.1,7963.2666,2026-06-27 04:00:00
1782547200000,60516.1,60516.2,60161.6,60333.5,5770.7582,2026-06-27 08:00:00
1782561600000,60333.5,60925.7,60226.8,60816.0,10922.4285,2026-06-27 12:00:00
1782576000000,60816.1,60832.5,60025.0,60153.3,11047.0134,2026-06-27 16:00:00
1782590400000,60153.2,60456.7,59821.4,59996.6,8279.5923,2026-06-27 20:00:00
1782604800000,59996.7,60315.3,59950.0,60170.3,5276.1004,2026-06-28 00:00:00
1782619200000,60170.3,60235.3,59719.3,60192.0,8340.6184,2026-06-28 04:00:00
1782633600000,60192.0,60520.0,60034.1,60316.1,7947.8366,2026-06-28 08:00:00
1782648000000,60316.1,60426.3,59768.1,59865.4,8653.5873,2026-06-28 12:00:00
1782662400000,59865.4,59920.0,59219.5,59450.1,13377.6252,2026-06-28 16:00:00
1782676800000,59450.0,59888.0,58852.5,59548.9,16162.759,2026-06-28 20:00:00
1782691200000,59548.9,60209.9,58858.6,60023.8,23866.4629,2026-06-29 00:00:00
1782705600000,60023.7,60329.4,59366.0,59990.1,13632.508,2026-06-29 04:00:00
1782720000000,59990.1,60290.0,59711.1,59929.7,13060.6589,2026-06-29 08:00:00
1782734400000,59929.6,60770.0,58950.0,59788.6,53506.2485,2026-06-29 12:00:00
1782748800000,59788.7,60660.0,59555.0,60401.0,19740.7355,2026-06-29 16:00:00
1782763200000,60401.0,60563.7,60170.0,60231.4,5278.4728,2026-06-29 20:00:00
1782777600000,60231.3,60254.0,59568.0,59592.7,13572.6665,2026-06-30 00:00:00
1782792000000,59592.7,59692.5,59324.3,59492.7,12657.3543,2026-06-30 04:00:00
1782806400000,59492.8,59525.0,59088.0,59162.9,12382.8381,2026-06-30 08:00:00
1782820800000,59162.9,59250.0,58158.1,58359.8,55477.1315,2026-06-30 12:00:00
1782835200000,58359.9,58817.8,58216.5,58789.7,13175.1545,2026-06-30 16:00:00
1782849600000,58789.7,58849.9,58471.5,58604.0,5430.2199,2026-06-30 20:00:00
1782864000000,58604.1,59317.5,57750.0,59168.3,33439.3062,2026-07-01 00:00:00
1782878400000,59168.4,59436.8,58503.4,58743.5,15643.6452,2026-07-01 04:00:00
1782892800000,58743.5,59079.2,58463.5,58587.8,12588.8472,2026-07-01 08:00:00
1782907200000,58587.9,60538.9,58287.1,60123.2,50616.2197,2026-07-01 12:00:00
1782921600000,60123.3,60337.7,59765.1,60005.4,12691.7194,2026-07-01 16:00:00
1782936000000,60005.5,61342.8,59850.0,60003.2,24531.4444,2026-07-01 20:00:00
1782950400000,60003.1,61110.0,59560.0,61036.3,22124.5577,2026-07-02 00:00:00
1782964800000,61036.4,61038.8,60070.0,60119.2,17689.2945,2026-07-02 04:00:00
1782979200000,60119.2,61432.6,60110.0,61324.7,27052.971,2026-07-02 08:00:00
1782993600000,61324.8,62186.6,61131.4,61583.4,42171.4119,2026-07-02 12:00:00
1783008000000,61583.4,61950.0,61100.0,61451.0,17030.0388,2026-07-02 16:00:00
1783022400000,61450.9,61631.6,61319.5,61537.1,5380.9922,2026-07-02 20:00:00
1783036800000,61537.0,61709.8,61215.0,61412.6,9953.68,2026-07-03 00:00:00
1783051200000,61412.5,61849.9,61314.8,61733.3,8860.0881,2026-07-03 04:00:00
1783065600000,61733.4,62087.7,61488.0,61993.8,10805.4508,2026-07-03 08:00:00
1783080000000,61993.9,62377.0,61668.0,61899.9,18189.2215,2026-07-03 12:00:00
1783094400000,61899.9,62288.8,61877.2,62175.1,6842.0295,2026-07-03 16:00:00
1783108800000,62175.0,62933.6,62151.9,62552.9,16376.0182,2026-07-03 20:00:00
1783123200000,62553.0,62918.0,62372.2,62597.0,8391.2794,2026-07-04 00:00:00
1783137600000,62596.9,62724.9,62300.0,62539.4,6489.7638,2026-07-04 04:00:00
1783152000000,62539.5,62657.1,62390.0,62464.2,4338.8526,2026-07-04 08:00:00
1783166400000,62464.2,63067.0,62464.2,62906.6,12000.788,2026-07-04 12:00:00
1783180800000,62906.7,63450.0,62751.0,63266.9,13122.664,2026-07-04 16:00:00
1783195200000,63266.8,63430.0,62909.8,63119.3,5682.1712,2026-07-04 20:00:00
1783209600000,63119.3,63119.4,62570.2,62742.6,8483.2257,2026-07-05 00:00:00
1783224000000,62742.7,63037.1,62620.0,62990.0,6231.7763,2026-07-05 04:00:00
1783238400000,62990.1,63085.0,62410.3,62625.0,8997.5731,2026-07-05 08:00:00
1783252800000,62625.0,62921.2,62533.0,62710.0,6602.7115,2026-07-05 12:00:00
1783267200000,62710.1,62859.1,62573.3,62750.0,4243.1616,2026-07-05 16:00:00
1783281600000,62750.0,63981.7,62581.3,63613.5,17784.4847,2026-07-05 20:00:00
1783296000000,63613.4,63895.0,63109.8,63280.8,12937.9748,2026-07-06 00:00:00
1783310400000,63280.8,63375.0,62915.7,62997.5,6271.5199,2026-07-06 04:00:00
